tree
version=v4
num_class=1
num_tree_per_iteration=1
label_index=0
max_feature_idx=22
objective=regression
feature_names=units_w1 units_w2 units_w4 units_w8 units_w12 trend_1_4 trend_4_12 buyers_w4 repeat_rate_w4 online_share_w4 n_active_articles_w4 avg_price_w4 discount weeks_since_launch is_new ly_units_h week_of_year product_type_name product_group_name garment_group_name index_group_name colour_group_name graphical_appearance_name
feature_infos=[0:4790] [0:9542] [0:15149] [0:28826] [1:39900] [0:4] [0:3] [0:10457] [0:8] [0:1] [0:44] [0.00015254237223416567:0.50677967071533203] [0:0.98999799984879677] [1:100] [0:1] [0:10428] [1:52] -1:29:102:92:9:97:51:100:83:81:80:111:13:31:107:56:86:3:50:94:52:12:21:8:7:87:39:64:46:73:61:93:10:78:45:91:76:24:6:105:47:42:65:41:20:30:74:4:106:43:85:48:36:69:95:15:72:62:71:116:70:99:68:66:77:38:25:75:112:54:98:109:110:67:49:114:5:63:104:11:28:57:35:88:82:96:32:44:115:37:40:108:84:1:117:103:55:119:22:2:59:34:60:14:16:53:79:0:19:58:89:90:113:118:23:27:26:101 -1:6:5:4:0:11:15:14:12:10:17:2:3:7:1:9:16:8 -1:6:0:1:16:7:3:18:10:8:5:19:15:17:20:12:13:14:11:9:4 -1:2:0:1:3:4 -1:1:5:0:47:2:24:19:14:20:17:29:7:16:11:6:42:22:4:23:40:49:8:9:15:48:27:28:35:30:21:43:13:25:12:18:39:45:10:3:26:41:32:34:33:37:31:44:46:36 -1:25:0:7:15:26:4:14:10:22:5:21:9:1:11:13:23:18:8:17:28:6:20:3:16:27:24:19:29:2
tree_sizes=7000 6964 7106 7090 7132 7042 7102 7104 7137 7140 7048 7015 7059 7090 7032 7017 7222 7055 7248 7204 7008 7166 6939 7074 7008 7242 7024 7240 7328 7198 6954 7234 7198 7318 7269 7317 7267 7127 7281 7314 7353 7100 7429 6992 7302 7333 7272 7382 7328 6980 7414 7320 7329 6991 7266 7011 7368 7229 7358 7430 7400 7088 7215 7367 7420 7320 7366 7299 7341 6985 7412 7426 7353 7346 7068 7332 7033 7312 7315 7431 7445 7288 7339 7036 7358 7530 7425 7438 7480 7315 7380 7015 7361 7399

Tree=0
num_leaves=63
num_cat=7
split_feature=5 5 2 5 12 12 2 13 5 5 4 20 5 2 20 9 7 7 12 2 5 19 12 4 5 10 12 13 20 7 12 13 13 10 4 19 2 4 15 9 12 2 2 12 4 13 4 19 9 2 5 12 12 5 5 2 12 5 17 8 12 7
split_gain=425656 61566.2 47376.8 47231.8 38735.4 23193.4 20975.9 12722.2 10194.8 7579.21 7114.25 5870.11 5551.18 5018.89 4786.71 4616.78 3578.64 2748.4 2684.77 2658.08 3016.17 2615.88 2440.38 2320.01 2186.08 2165.81 2158.86 2030.87 1982.95 1960.51 1871.75 1600.75 1517.42 1454.67 1450.46 1361.85 1348.87 1339.82 1328.65 1323.1 1162.56 1154.09 1123 1109.19 1106.83 1022.38 1014.82 1007.04 999.304 992.581 977.919 972.823 944.515 894.803 861.796 853.385 839.121 829.264 824.413 771.156 731.258 701.739
threshold=0.33365695792880262 1.3304427073546548 1.5000000000000002 0.10020920502092052 0.080026671718788203 0.28472902909266679 4.5000000000000009 1.5000000000000002 2.3457471264367817 0.66709292412617238 5.5000000000000009 0 0.66709292412617238 18.500000000000004 1 0.092679275019700566 59.500000000000007 76.500000000000014 0.23408688999421209 8.5000000000000018 1.0000000180025095e-35 2 0.34928494424014428 119.50000000000001 1.0000000180025095e-35 1.5000000000000002 0.34928494424014428 8.5000000000000018 3 53.500000000000007 0.25006250069618258 30.500000000000004 3.5000000000000004 1.5000000000000002 2.5000000000000004 4 55.500000000000007 5.5000000000000009 34.500000000000007 0.26131244881244886 0.43123387704880828 70.500000000000014 255.50000000000003 0.096518646825899293 27.500000000000004 3.5000000000000004 4.5000000000000009 5 0.59003996855659269 2.5000000000000004 0.50025025025025038 0.35047869321266034 0.34506097940134145 1.7079866383237172 1.6670006680026723 4.5000000000000009 0.33658992556633971 2.0016920473773268 6 1.1965347350576272 0.28472902909266679 140.50000000000003
decision_type=2 2 2 2 2 2 2 2 2 2 2 1 2 2 1 10 2 2 2 2 2 9 2 2 2 2 2 2 1 2 2 2 2 2 2 9 2 2 2 10 2 2 2 2 2 2 2 9 10 2 2 2 2 2 2 2 2 2 9 2 2 2
left_child=2 5 10 6 7 9 18 11 22 17 27 13 29 21 57 24 26 50 49 51 52 -3 38 44 -8 32 58 -1 -11 47 48 -14 36 -30 -29 -15 -16 -20 54 -18 -33 -37 45 61 -12 -27 -34 -7 -10 -4 -2 -17 -21 -24 -6 -23 -41 -9 -5 -19 -25 -35
right_child=1 4 3 16 8 12 15 14 30 28 23 -13 31 35 25 19 39 59 37 20 -22 55 53 60 -26 42 -28 34 33 -31 -32 40 46 43 -36 41 -38 -39 -40 56 -42 -43 -44 -45 -46 -47 -48 -49 -50 -51 -52 -53 -54 -55 -56 -57 -58 -59 -60 -61 -62 -63
leaf_value=0.0012518273785895873 -0.021458035335944099 -0.021092612493693978 0.0091527391065451824 -0.024471085496831052 -0.062142594008964908 -0.035383795397665688 0.016420047647631296 -0.062654334037355902 -0.056339139755853591 -0.051503192123139564 -0.0081883222202011816 -0.053487454573752993 -0.064765993654184589 -0.10421633829838259 -0.03612874826696278 0.039099847893032384 -0.061387494847162931 -0.040823975227185172 -0.0078220825003309617 0.061256311883431357 0.013072293864394582 0.048937886052722222 -0.070287587031087229 0.1101607421546798 -0.070724100056502037 -0.027496775669988628 -0.023603846413597307 -0.025399890264625052 -0.045013475895232496 -0.053709966922014768 -0.092556825202085552 -0.050087590757412939 -0.080681487126937096 -0.033885331686736894 -0.016786462679545883 -0.014451043668610282 -0.059730095788908165 0.006193526184784387 -0.054770042989357455 -0.023079711130859326 -0.059103766777969975 -0.059924083028743511 -0.052021844379202771 -0.043545092619010836 0.0088016729134258176 -0.043209043034878249 -0.057002651395925294 -0.045881477206101862 -0.081645458140911398 0.022158617662664519 -0.029951356812852672 0.024971857133530687 0.045213273525064789 -0.07914697174899904 -0.072185541166698258 0.017989348199413037 -0.04075544297478139 -0.077467380762211879 -0.0034187030974185198 -0.031640240531764216 0.02055517891767962 -0.039450827415258495
leaf_weight=9158.1212244033813 60890.800325393677 3291.8484272956848 26834.955588817596 5352.6431062221527 42935.42991065979 37402.149275064468 15678.840849399567 25576.182916402817 4960.9532217979431 46261.822108745575 75894.08896112442 7687.5590028762817 70348.592161655426 637.66254377365112 16946.148723840714 30079.152593135834 3671.569016456604 58214.221457481384 23165.144019126892 23302.757681131363 4851.9865951538086 3878.3682885169983 62816.334975004196 548.12004709243774 753.63058519363403 13116.399744987488 29449.242255210876 159327.32511901855 133500.1764729023 53903.698257923126 72415.751570224762 58125.516515016556 4909.7038640975952 102673.56287550926 70508.112463474274 4586.9076199531555 9417.6980304718018 64713.766278266907 29095.051969766617 18395.821000099182 92913.519952058792 2004.209388256073 27555.854723930359 88551.968612194061 10974.909543991089 49131.070951461792 57737.831176996231 58695.560826301575 18297.999655246735 32438.504281044006 76438.474342346191 20549.352303504944 15219.159011363983 52231.864234209061 42545.368133068085 5256.3695826530457 10572.96112203598 14992.95285820961 37629.650152206421 37635.175640106201 392.34745836257935 126317.72575283051
leaf_count=6581 14961 1315 12787 1280 11530 9703 4780 8571 1833 12382 58799 3684 14739 134 4528 10189 616 9106 10604 6307 883 1847 18180 449 134 2681 7050 138544 30553 8861 29819 13582 2598 20772 57522 1019 1630 28116 6917 2942 22834 333 3718 16500 8255 10392 17295 15505 6101 13112 18999 6959 4140 17519 12132 1592 1724 5976 8976 5450 296 17498
internal_value=-0.0366213 -0.0502397 -0.00355824 0.00888378 -0.0635483 -0.0433306 0.0204082 -0.0486083 -0.0748797 -0.0381582 -0.0173655 -0.0164483 -0.0535042 -0.00197053 -0.0526166 0.0368786 -0.0193689 -0.0307204 0.00804706 0.0411533 0.0502403 0.0173162 -0.0691658 -0.00519483 0.0124216 -0.0490962 -0.0131746 -0.0218372 -0.0416456 -0.0460778 -0.0885927 -0.058536 -0.0546241 -0.0406341 -0.0227574 -0.0350802 -0.0445602 0.00249934 -0.0640001 -0.0331149 -0.0556341 -0.0282925 -0.0436184 -0.0387931 -0.00604133 -0.0398982 -0.058859 -0.0417965 -0.0762489 0.0162713 -0.0261854 0.0333668 0.0549204 -0.0743101 -0.0671415 0.0310631 -0.0295309 -0.0681218 -0.00602948 -0.037218 0.0728792 -0.0369554
internal_weight=2.36336e+06 1.6739e+06 689462 362659 572026 1.10187e+06 257587 246727 325299 730484 326803 27342.9 371389 19655.4 219384 110435 105072 233179 147152 94002.4 43373.9 12426.6 229624 87809.5 16432.5 178815 72431.5 238994 497305 150001 95674.7 221388 89011.4 451043 229835 7228.78 26363.8 87878.9 114576 32640.4 151039 6591.12 89803.3 317543 86869 62247.5 62647.5 96097.7 23259 59273.5 137329 50628.5 38521.9 115048 85480.8 9134.74 28968.8 40569.1 42982.3 95849.4 940.468 228991
internal_count=793834 402789 391045 120599 171344 231445 98011 67313 104031 146221 270446 9924 85224 6240 57389 33392 22588 48516 64619 28478 11330 4754 66278 67799 4914 42842 17306 202647 97705 34069 37753 51155 26051 85323 196066 1486 6158 38720 30579 5282 36416 1352 16791 54770 67054 13073 19893 25208 7934 25899 33960 17148 10447 35699 23662 3439 4666 14547 10256 14556 745 38270
cat_boundaries=0 1 2 3 4 5 6 9
cat_threshold=22 1 548865 1 540672 108554 2149617664 1610656896 2114689
is_linear=0
shrinkage=1


Tree=1
num_leaves=63
num_cat=13
split_feature=5 5 3 5 12 2 12 13 5 5 20 5 3 20 9 7 0 2 19 2 9 0 7 0 13 12 5 6 3 12 13 20 13 1 12 13 13 9 12 12 12 17 7 10 12 19 10 9 20 9 20 0 5 20 19 12 19 4 19 17 12 9
split_gain=382607 55334.2 45757.3 41192.5 34323.5 20903.3 20408.4 12229.7 9047.05 6703.51 5598.96 5028.3 4527.99 4301.36 4299.99 4069.93 3432.36 2718.99 2692.45 2548.87 2410.7 2392.83 2246.12 2215.49 1994.21 1963.48 1891.93 1781.77 1685.51 1667.85 1640.08 1606.01 1595.24 1477.38 1407.54 1386.29 1378.32 1339.36 1195.81 1190.32 1174.88 1155.85 1134.22 1117.8 1079.24 1004.55 995.652 905.847 887.361 876.691 851.531 1036.54 846.182 789.296 778.288 768.47 757.489 740.584 736.366 716.146 708.669 694.247
threshold=0.33365695792880262 1.3304427073546548 3.5000000000000004 0.10020920502092052 0.091015696504623059 4.5000000000000009 0.2616105926054349 1.5000000000000002 2.1827726079694587 0.80044994375703049 0 0.66709292412617238 1.5000000000000002 1 0.17751276622244369 22.500000000000004 2.5000000000000004 2.5000000000000004 2 7.5000000000000009 0.85018427845067035 1.0000000180025095e-35 61.500000000000007 1.0000000180025095e-35 29.500000000000004 0.34928494424014428 0.51076618124270678 0.99976700838769805 42.500000000000007 0.33658992556633971 4.5000000000000009 3 28.500000000000004 3.5000000000000004 0.43123387704880828 3.5000000000000004 5.5000000000000009 0.34492053164792275 0.35047869321266034 0.26684458489896123 0.30010002410457803 4 1.5000000000000002 1.5000000000000002 0.37012339433206032 5 1.5000000000000002 0.91436210847975563 6 0.8670366498585661 7 7.5000000000000009 1.7079866383237172 8 9 0.23408688999421209 10 37.500000000000007 11 12 0.046760640222984602 0.18534132783711202
decision_type=2 2 2 2 2 2 2 2 2 2 1 2 2 1 10 2 2 2 9 2 10 2 2 2 2 2 2 2 2 2 2 1 2 2 2 2 2 10 2 2 2 9 2 2 2 9 2 10 1 10 1 2 2 1 9 2 9 2 9 9 2 10
left_child=2 6 12 5 7 17 9 10 25 22 -3 24 30 49 21 18 29 28 58 55 35 -7 26 33 -8 52 -2 -10 40 -5 -1 -11 -13 -21 -34 54 -14 -18 -19 -29 57 -26 -22 -24 59 -44 -33 -17 -28 -9 -20 -52 -6 -27 -15 -16 -31 -4 -12 -39 -47 -45
right_child=1 4 3 16 8 14 11 13 27 31 15 32 36 20 19 47 37 38 50 23 42 -23 43 -25 41 53 48 39 -30 56 -32 46 34 -35 -36 -37 -38 44 -40 -41 -42 -43 45 61 -46 60 -48 -49 -50 -51 51 -53 -54 -55 -56 -57 -58 -59 -60 -61 -62 -63
leaf_value=0.043298529741917599 0.015209497154490152 -0.022687911470880368 0.039564634847124906 0.031330838807916907 -0.021500689522426911 0.052133629331300738 -0.016292651832525852 -0.022210956211823413 -0.039904852157961447 -0.016709183734160197 0.024532618936975822 -0.026732528358169218 0.050840015764705086 -0.007388844999612113 0.072413938854497345 0.043344719943379129 -0.015795009882759895 0.055557910222642795 0.015300953237937615 0.07835469397220185 -0.040698057743648708 -0.03276372827508317 -0.0083980888338111102 0.049048103923407096 0.00047608068762160401 -0.048320676553782534 -0.0043236469188386818 -0.042432764222263705 0.09855089252440008 0.025552188856095833 0.011752524662893312 -0.0093895403621706147 -0.012138568801480214 0.097018347544512107 -0.021477679445922094 -0.0083297999181318159 0.023886067941674635 0.021915394440015844 0.042336041012627987 -0.057555899740522248 0.030824578928515659 -0.010251381676171012 -0.026381138149429065 -0.011403203902061175 -0.0023733797476842831 -0.010632311862166597 -0.0033139369492708407 -0.014110311578482844 0.0061946374606790351 -0.036511286550440981 0.075473783050906768 0.044131098609241269 -0.030923531618193108 -0.033904343818444836 0.019296481761401117 0.058719158217540424 0.0075955502213326392 0.060098477248711438 -0.020673425911532359 0.0051256740945917773 -0.019402861315399273 0.0025352551052407789
leaf_weight=4209.1638956069946 54965.606786251068 6089.5460805892944 39816.551550865173 34209.141381502151 55420.077283143997 17974.412455558777 55089.276188611984 19477.385327577591 36566.798005819321 32698.160336256027 2554.62220454216 67196.14178609848 4968.7880301475525 4109.7425148487091 19650.229137897491 804.38022232055664 6144.7103815078735 37335.559621810913 1155.9242920875549 27841.951580524445 4736.3086733818054 869.50295448303223 35652.287595272064 4604.954222202301 54495.234328269958 10641.485056400299 25120.38910317421 17620.016917467117 1083.6970925331116 9418.2515475749969 193142.19081449509 95219.554812431335 68962.014000415802 17178.493342876434 97241.417051315308 52929.382464647293 104313.66029119492 15716.747196674347 31599.106652259827 49920.023325681686 52932.106172561646 46560.746909856796 18739.569764375687 9612.7718968391418 13214.536461353302 64558.403247117996 231075.16866517067 4628.4668769836426 99269.700475931168 23849.603403568268 5738.8405539989471 4893.0795152187347 41813.08839225769 99284.698340892792 8126.3634915351868 21496.191709518433 15656.225234985352 4939.623067855835 1379.0991792678833 10690.153206825256 35810.806604385376 126263.0783290863
leaf_count=2486 13761 2973 24598 8431 14309 5492 11329 6492 15570 8674 1035 13929 2413 1007 6757 165 1088 15031 502 7946 2746 156 5923 839 12901 4063 7009 5362 728 2331 171263 21602 15955 4586 23804 11450 70454 2708 12745 18642 32677 11136 5384 1537 2311 15018 39699 888 24779 8962 2490 1320 12250 30309 1681 7401 3858 3184 533 1827 7955 19037
internal_value=-1.42452e-05 -0.0129465 0.0313358 0.0428745 -0.0255763 0.0529749 -0.00638882 -0.0121506 -0.0367726 -0.00134244 0.0195421 -0.0155849 0.016947 -0.0158669 0.0699545 0.0316948 0.0162099 0.0418764 0.0446013 0.0744671 -0.0126073 0.0482147 0.00357219 0.0820987 -0.00863961 -0.0307294 0.00748432 -0.0487974 0.0365569 0.0241508 0.0124256 -0.00614604 -0.0202313 0.0854782 -0.0176027 -0.00482341 0.025112 0.00592332 0.0494978 -0.0536112 0.0358681 -0.00446753 -0.016704 -0.000518487 0.00929183 -0.0157496 -0.00508679 -0.00559718 0.00407062 -0.0300764 0.0565347 0.0609972 -0.0255531 -0.0353078 0.0103435 0.065261 0.0143542 0.0418322 0.00867066 0.0151292 -0.0137604 0.00154908
internal_weight=2.35928e+06 1.67027e+06 689006 382372 570848 277322 1.09942e+06 259582 311266 709877 27244 389545 306634 232338 109616 21154.4 105050 167707 15721.6 90771.8 189011 18843.9 350884 49625.4 156145 207159 179356 104107 98772 59283.6 197351 358993 233400 45020.4 166203 65165.5 109282 45766.1 68934.7 67540 97688.3 101056 123845 171528 39621.4 119109 326295 5432.85 124390 43327 11787.8 10631.9 97233.2 109926 12236.1 41146.4 25074.5 44756.2 3933.72 26406.9 100369 135876
internal_count=793491 402181 391310 144694 171106 122140 231075 70601 100505 142021 9906 89054 246616 60695 33177 6933 22554 88963 5880 27529 45241 5648 72046 13371 35366 60931 45549 39574 61187 14620 173749 69975 53688 12532 39759 14138 72867 7934 27776 24004 60459 24037 31103 26497 6846 28357 61301 1053 31788 15454 4312 3810 26559 34372 2688 14158 6189 27782 1568 4535 22973 20574
cat_boundaries=0 1 2 3 4 8 9 10 11 12 13 14 15 19
cat_threshold=1 1 540673 1 1611662992 17837120 1744961554 1081920 540673 1 8 1 582145 104458 1 555754240 18612224 134877184 33858
is_linear=0
shrinkage=0.05


Tree=2
num_leaves=63
num_cat=6
split_feature=5 5 3 12 0 2 12 13 5 5 20 5 0 3 20 16 1 7 16 2 16 16 10 16 16 12 16 5 16 13 3 6 17 13 16 17 13 2 12 13 0 5 5 16 2 12 7 12 13 2 17 4 2 16 16 13 0 7 17 12 16 16
split_gain=347259 52011.2 46022.5 31220.7 29306.5 20665.3 18958.6 10242.3 8155.86 7660.01 4722.96 4260.98 4195.87 4101.49 4015.52 3991.53 3789.07 2750.12 2467.01 2450.27 2072.48 3470.31 2037.5 2030.54 1989.2 1952.68 1947.22 1862.5 1772.19 1645.56 1533.16 1518.43 1427.95 1426.57 1381.05 2072.78 1344.4 1445.34 1289.59 1284.48 1237.09 1179.41 1173.66 1101.18 1392.05 1089.73 1056.16 1030.17 1028.8 991.329 945.237 872.083 870.861 846.309 2445.47 829.494 818.487 812.562 809.912 793.118 748.821 978.588
threshold=0.30788497663889031 1.3304427073546548 3.5000000000000004 0.093770565266296582 1.0000000180025095e-35 4.5000000000000009 0.34506097940134145 1.5000000000000002 2.1827726079694587 0.66709292412617238 0 0.57176079734219276 16.500000000000004 1.5000000000000002 1 16.500000000000004 2.5000000000000004 113.50000000000001 9.5000000000000018 2.5000000000000004 25.500000000000004 19.500000000000004 1.5000000000000002 16.500000000000004 44.500000000000007 0.099339378339525622 44.500000000000007 0.16707717569786537 9.5000000000000018 24.500000000000004 42.500000000000007 1.3287152444870569 2 5.5000000000000009 25.500000000000004 3 3.5000000000000004 78.500000000000014 0.36673951857169168 5.5000000000000009 133.50000000000003 0.44465329991645786 0.96301994301994309 16.500000000000004 14.500000000000002 0.33202046355051529 41.500000000000007 0.37012339433206032 3.5000000000000004 71.500000000000014 4 4.5000000000000009 8.5000000000000018 25.500000000000004 19.500000000000004 32.500000000000007 42.500000000000007 63.500000000000007 5 0.2616105926054349 48.500000000000007 45.500000000000007
decision_type=2 2 2 2 2 2 2 2 2 2 1 2 2 2 1 2 2 2 2 2 2 2 2 2 2 2 2 2 2 2 2 2 9 2 2 9 2 2 2 2 2 2 2 2 2 2 2 2 2 2 9 2 2 2 2 2 2 2 9 2 2 2
left_child=2 6 13 7 5 19 9 10 20 17 12 24 -3 33 -9 18 23 41 49 30 21 58 36 28 46 42 34 -17 -7 -27 45 53 -20 -1 35 55 37 -16 57 -15 48 -2 -11 -18 -45 -4 -8 -21 -24 -6 -28 -38 -25 54 -10 -13 -14 -29 -5 -33 61 -44
right_child=1 3 4 8 15 16 11 14 31 25 -12 26 56 39 22 27 43 -19 32 47 -22 -23 40 52 -26 29 50 38 -30 -31 -32 59 -34 -35 -36 -37 51 -39 -40 -41 -42 -43 60 44 -46 -47 -48 -49 -50 -51 -52 -53 -54 -55 -56 -57 -58 -59 -60 -61 -62 -63
leaf_value=0.039300353649369825 0.01472523525101342 0.049468331243191221 0.039491720989408403 -0.026220009040716766 0.025685030169736025 0.064039956889336197 -0.0048597533196580557 -0.028672225858256285 -0.044996564038066102 -0.00046877830436124393 -0.015608531495439086 -0.021509728108127346 0.017504064693960344 0.048655033225906932 -0.00077914589893202232 0.042573514515275905 0.069155376317343614 -0.0022331158618991067 0.0065349378923237741 0.052409738052355707 -0.03418154602502433 -0.0089747579776719849 0.0095288103821821735 0.062918089097995136 0.013341609098309691 -0.017453610143853469 -0.024700404278136211 0.032318522784843207 0.037454040806465992 -0.0064071715370450869 0.09415171505452867 -0.041711962432053808 -0.023509581247195689 0.011176001993566798 -0.025955485820343627 -0.026705103250316338 -0.040916308531034208 -0.02717786716425083 0.0095474000423009416 0.022716088194527247 -0.015928691735995534 0.0060177966155266849 -0.006476924555895415 0.079326886551460113 0.10558998384700598 0.02892273237596903 -0.016100482947449472 0.040074739415002232 -0.0062017756196936025 -0.0026794680000715148 -0.0026910779546892851 -0.019299646948209973 0.079241456092734155 -0.046576443611752623 -0.011194868264141119 -0.0088885398117341634 -0.015027165337032331 0.015039661855880893 -0.037693804160732265 -0.056166155984409272 -0.021057715091388589 0.0080327610410000968
leaf_weight=4616.3585667610168 56366.05432009697 11670.154760599136 47794.476005077362 47443.052337646484 11154.348765850067 11523.09054517746 48441.672058105469 44081.070371389389 15995.875628709793 194024.54467487335 7764.3956117630005 17719.222390174866 4058.3218493461609 5000.3765172958374 19817.649202823639 12685.260478019714 14422.560860157013 83741.877955436707 7109.9407360553741 38899.911553382874 107652.00475311279 27261.132109642029 12676.314889907837 27729.557454109192 10513.848423719406 48503.521477460861 6240.9320540428162 21696.642351865768 13759.683084487915 110568.83767318726 1073.7793951034546 12535.811733722687 8895.7865514755249 192210.33091878891 92851.107917785645 39381.647920608521 5039.6692776679993 7021.2102522850037 16194.940867900848 104785.97449684143 27172.51865530014 125424.40230727196 155778.56047201157 18645.602734804153 6936.5272808074951 49843.697948932648 36750.880979537964 30009.826055526733 57708.195548534393 4255.2611470222473 22242.663863658905 62895.787017822266 11617.851215600967 27147.86541223526 8041.5854294300079 49073.922611236572 3691.2030282020569 9916.5417122840881 23059.709259748459 39282.511312961578 7992.1284036636353 12556.350474596024
leaf_count=2923 13436 4525 29553 13954 2632 3710 12841 15655 6799 36530 3716 3820 952 2420 5100 2509 4156 12178 1519 15660 31380 8044 2614 9446 2571 10102 1581 5183 4282 23628 723 3827 1836 170406 21318 8932 2664 1163 3551 70792 3645 29965 30478 5834 1672 30768 6247 12102 12027 699 5485 18710 3245 10760 3282 11789 663 1555 7196 14676 1671 2593
internal_value=-1.08328e-05 -0.012091 0.0304281 -0.0243541 0.0424455 0.0506867 -0.00581765 -0.0117187 -0.0351532 -0.00166625 0.0173463 -0.0160281 0.0305148 0.0161549 -0.0150608 0.0180327 0.0681222 0.0052641 0.00357333 0.0398026 -0.0293953 -0.0241246 -0.0119389 0.0606339 -0.00717664 -0.00514217 -0.0197515 0.0255415 0.0495731 -0.00977548 0.0347509 -0.0466355 -0.0101745 0.0118358 -0.0215015 -0.0176061 -0.0171608 -0.00768597 0.0210215 0.0238979 -0.00686708 0.0087177 -0.00315206 0.080218 0.0864519 0.0340967 -0.00970898 0.0470386 -0.00336859 0.0178527 -0.00752377 -0.0209038 0.0677397 -0.0405252 -0.0336893 -0.0122352 0.00200906 0.0268991 -0.0299824 -0.0526703 -0.00610464 -0.00539458
internal_weight=2.36097e+06 1.69019e+06 670778 572016 364165 272257 1.11817e+06 263596 308420 794956 27184.1 323216 19419.7 306613 236412 91908.7 104635 265532 31415.3 167622 205416 97763.9 192331 64630.2 95706.4 529424 227509 60493.4 25282.8 159072 98712 103004 16005.7 196827 199026 106175 94774.3 26838.9 47808.1 109786 97557 181790 370352 40004.7 25582.1 97638.2 85192.6 68909.7 70384.5 15409.6 28483.6 67935.5 39347.4 51185.3 24037.5 66793.1 7749.52 31613.2 70502.8 51818.3 176327 168335
internal_count=793693 406517 387176 171352 140635 121151 235165 71434 99918 160581 9856 74584 6140 246541 61578 19484 32345 55579 6686 88806 60574 29194 45923 20683 21659 105002 52925 12798 7992 33730 61044 39344 3355 173329 45859 24541 27637 6263 10289 73212 18286 43401 71272 11662 7506 60321 19088 27762 14641 3331 7066 21374 12691 20841 10081 15609 1615 6738 21150 18503 34742 33071
cat_boundaries=0 1 2 6 10 13 17
cat_threshold=22 1 536871808 1572864 1074397184 32834 1610614416 1074793472 1749750786 33362 2166362120 554442752 276840961 1610654352 17825808 1745555584 1097810
is_linear=0
shrinkage=0.05


Tree=3
num_leaves=63
num_cat=7
split_feature=0 2 12 3 3 0 2 13 7 0 2 10 7 0 2 19 16 0 10 0 9 13 15 2 19 0 12 3 3 7 0 0 7 0 12 17 0 16 17 10 9 10 2 19 3 16 16 16 16 16 17 16 9 3 0 0 16 16 2 19 16 16
split_gain=290048 66497.8 40728.4 16754.9 10823.5 10577.3 8627.83 5126.44 9623.82 12041.7 4684.89 3853.37 3705.55 5003.27 2940.88 2922.44 2890.06 2717.24 2781.3 2647.07 2390.56 2183.77 2131.24 2104.05 1930.53 1879.64 1792.07 1787.19 1757.11 1750.66 1879.53 1689.82 1674.44 2117.92 1613.73 1514.11 1687.59 1457.03 1396.03 1275.66 1269.03 1252.12 1184.4 1170.72 1053.96 1033.27 1031.87 1754.75 1031.58 2127.94 976.849 917.893 848.311 817.272 1465.31 805.445 782.124 768.879 750.013 718.476 699.799 986.122
threshold=1.0000000180025095e-35 2.5000000000000004 0.24585441421063334 8.5000000000000018 2.5000000000000004 1.5000000000000002 6.5000000000000009 1.5000000000000002 4.5000000000000009 1.5000000000000002 8.5000000000000018 1.5000000000000002 9.5000000000000018 4.5000000000000009 10.500000000000002 0 16.500000000000004 81.500000000000014 1.5000000000000002 117.50000000000001 0.18534132783711202 5.5000000000000009 93.500000000000014 19.500000000000004 1 19.500000000000004 0.32748793019274874 3.5000000000000004 8.5000000000000018 1.5000000000000002 1.5000000000000002 1.5000000000000002 11.500000000000002 3.5000000000000004 0.077949889886061677 2 44.500000000000007 10.500000000000002 3 3.5000000000000004 0.49983860555196907 2.5000000000000004 22.500000000000004 4 63.500000000000007 44.500000000000007 25.500000000000004 22.500000000000004 43.500000000000007 25.500000000000004 5 45.500000000000007 0.49983860555196907 28.500000000000004 4.5000000000000009 4.5000000000000009 48.500000000000007 48.500000000000007 3.5000000000000004 6 16.500000000000004 10.500000000000002
decision_type=2 2 2 2 2 2 2 2 2 2 2 2 2 2 2 9 2 2 2 2 10 2 2 2 9 2 2 2 2 2 2 2 2 2 2 9 2 2 9 2 10 2 2 9 2 2 2 2 2 2 9 2 10 2 2 2 2 2 2 9 2 2
left_child=1 4 7 27 21 10 26 15 29 14 -5 24 55 23 -10 -2 20 18 -15 22 37 -1 34 -14 -11 32 58 -4 52 -9 -31 -29 -26 -34 43 -17 59 -8 48 -21 -23 -19 -18 -13 -30 -25 47 -45 49 -20 -35 -48 -6 -36 -55 -7 -27 -53 -3 -37 61 -16
right_child=2 6 3 5 28 12 16 8 9 11 -12 19 13 17 60 35 42 41 38 39 -22 40 -24 45 25 56 -28 31 44 30 -32 -33 33 50 53 36 -38 -39 -40 -41 -42 -43 -44 46 -46 -47 51 -49 -50 -51 -52 57 -54 54 -56 -57 -58 -59 -60 -61 -62 -63
leaf_value=0.040075105450655034 -0.029108613354988197 0.046436270505442731 -0.048063337412167353 -0.010505206771397784 0.022997864765351039 -0.028547605693722986 0.061324662393837652 -0.037786981768678653 0.0086976422432421107 -0.023145502459090996 0.013902441520858884 -0.0057453659586102464 -0.014483393603857871 -0.026409290827007981 0.033873275484778698 -0.0017071071575535668 0.075852195801472178 -0.046830165894934911 -0.0083634128596040882 -0.016148764581370149 0.066012939963044401 0.010805556579379915 0.0061475870371916468 -0.0027770001470148438 -0.013833374495247476 -0.012979018152252218 0.040979209579645764 -0.026732840353421106 0.040594985561354047 -0.011433436869042564 -0.02912590623960187 -0.044915327385484989 0.010044643044526088 -0.014390303010098145 -0.016494609880407858 0.056593507555572291 -0.0056170727116481075 0.013090638993317961 -0.021412209748395934 -0.0054376052778721045 0.019663263753183238 -0.026935920625309164 0.10629319958886943 0.0021191211261255153 0.11379176818062001 0.019965396359070166 -0.0051585191771662984 0.018752096766478533 -0.0026909935666287483 -0.021419502856295829 -0.0034505982338853009 0.012355337339396972 0.031877124907294094 0.0072408053058303518 -0.007596932895702721 -0.045992337642477801 -0.028502582151146191 -0.008565630286752255 0.057984204740569568 0.030441685925889358 0.036078127134673309 -0.0013184287070211161
leaf_weight=7426.8668026924133 2984.8213469982147 22917.971080780029 37020.597961425781 43901.080981731415 49253.757894039154 54016.395310163498 2514.6525063514709 13672.821692705154 36015.27308344841 23524.10512638092 35603.637297391891 70872.668140649796 54317.260132074356 89192.293277978897 4528.8942821025848 4838.8877756595612 37262.454533100128 11803.365223407745 63483.129541873932 41938.25447177887 19443.795001268387 203051.23050260544 88329.693715572357 40841.130076408386 47134.268869161606 67815.221127033234 54546.967464923859 32939.67434668541 27447.762390136719 39979.386675357819 24037.264188289642 20885.063948154449 25671.122095584869 25801.89555478096 18556.012094497681 3349.4491577148438 2882.8967351913452 4148.0472140312195 76802.633873939514 82440.980731487274 50493.181746006012 23993.769532203674 3502.0289416313171 100634.30278539658 500.10233211517334 5689.1873278617859 69052.87344956398 18821.713342905045 20543.126318216324 61388.991698026657 97538.898841142654 15896.902794122696 59312.959813594818 19766.320693016052 105154.84768795967 7543.4628241062164 9216.8789529800415 6067.1567497253418 36520.926415920258 12885.910815238953 18309.977512121201 3551.0283193588257
leaf_count=4360 1181 9604 19736 16243 37776 17765 718 7939 11737 5655 9548 14995 14691 18578 1181 2016 10976 1717 12533 5646 5591 184777 15988 9174 14605 11468 21120 14371 16534 16880 9484 7960 6278 5782 5411 1129 517 1080 14767 10297 28823 3247 771 19357 350 1287 13151 3512 4083 11594 21062 3092 31583 4895 19746 2276 1550 1221 13325 4968 4689 888
internal_value=-8.42027e-06 0.0307565 -0.00999737 -0.0196193 0.01932 -0.0165371 0.0558912 -0.00405644 -0.00459667 -0.0032754 0.000425013 -0.00469586 -0.0191834 -0.0176029 0.0179893 0.0174851 0.0701498 -0.0204505 -0.0189507 -0.00250521 0.0571557 0.0133525 -0.000919021 -0.00779906 -0.00940295 -0.00821831 0.0475256 -0.0396063 0.0307277 -0.0215463 -0.018077 -0.0337887 -0.00561942 -0.00302117 -0.00238833 0.0232936 0.0296187 0.0313017 -0.0159569 -0.0090493 0.0125696 -0.0334968 0.0784699 -0.000187663 0.0419088 4.04554e-06 0.001684 0.00473998 -0.0130731 -0.0147821 -0.00574064 -0.00232668 0.0278491 -0.00670361 -0.00524911 -0.030686 -0.0148368 0.00657619 0.0535325 0.0358937 0.0306691 0.0184087
internal_weight=2.35958e+06 578343 1.78124e+06 679965 397486 589119 180857 1.10127e+06 1.07433e+06 996639 79504.7 934234 509615 448055 62405.2 26942 66871 347207 311410 637532 26106.5 260971 513152 100848 296702 273178 113986 90845.3 136515 77689.5 64016.7 53824.7 196146 149012 424823 23957.1 19118.3 6662.7 222218 124379 253544 35797.1 40764.5 281346 27947.9 46530.3 210473 119456 145415 124872 123341 91016.9 108567 143477 124921 61559.9 77032.1 21964.1 59438.9 16235.4 26389.9 8079.92
internal_count=793278 367388 425890 179570 304203 137503 63185 246320 236509 202206 25791 183711 111712 91671 18495 9811 19136 66519 61555 117311 7389 217960 101368 25152 66400 60745 44049 42067 86243 34303 26364 22331 47727 33122 85380 8630 6614 1798 42977 15943 213600 4964 11747 55328 16884 10461 40333 22869 28210 24127 26844 17464 69359 30052 24641 20041 13018 4313 22929 6097 6758 2069
cat_boundaries=0 1 2 6 10 11 15 16
cat_threshold=1589264 1589776 1074823184 585344 2833383427 512 2684356240 1091576832 1753875648 1081944 1598097 3492841472 536931456 134229953 73728 299016
is_linear=0
shrinkage=0.05


Tree=4
num_leaves=63
num_cat=12
split_feature=5 5 3 5 13 5 2 5 13 20 16 16 16 3 0 16 16 16 16 16 4 16 16 17 16 0 17 16 2 19 2 0 16 10 4 17 16 19 13 17 16 11 17 20 2 17 16 16 16 16 19 13 16 0 10 11 16 16 17 10 2 0
split_gain=283561 44586 38280.8 23170.3 17930.4 16571.8 15304.6 5994.72 4650.79 4419.72 3727.15 3444.31 4750.19 3350.49 3171.41 2956.7 2853.35 4684.63 8731.42 3335.39 2742.19 2738.65 4206.6 2618.41 2453.69 2311.65 2137.16 2272.84 2030.9 2026.38 1985.07 1939.31 1645.26 1414.62 1314.01 1301.88 1363.34 1295.33 1225.53 1212.85 1188.37 1256.38 1180.93 1145.31 1597.73 1076.25 1066.9 1279.6 1242.16 1044.05 1000.88 985.753 974.606 960.123 891.357 861.497 834.568 3201.09 1176.93 828.193 816.823 741.216
threshold=0.30788497663889031 1.1379636268822113 3.5000000000000004 0.10020920502092052 4.5000000000000009 1.9990281827016523 4.5000000000000009 0.57176079734219276 1.5000000000000002 0 16.500000000000004 25.500000000000004 19.500000000000004 1.5000000000000002 16.500000000000004 9.5000000000000018 44.500000000000007 25.500000000000004 18.500000000000004 51.500000000000007 6.5000000000000009 25.500000000000004 19.500000000000004 1 16.500000000000004 6.5000000000000009 2 9.5000000000000018 8.5000000000000018 3 2.5000000000000004 1.0000000180025095e-35 9.5000000000000018 2.5000000000000004 186.50000000000003 4 51.500000000000007 5 5.5000000000000009 6 44.500000000000007 0.031106949615333852 7 8 77.500000000000014 9 16.500000000000004 25.500000000000004 44.500000000000007 43.500000000000007 10 7.5000000000000009 21.500000000000004 3.5000000000000004 2.5000000000000004 0.012050847616046668 37.000000000000007 32.500000000000007 11 1.5000000000000002 87.500000000000014 118.50000000000001
decision_type=2 2 2 2 2 2 2 2 2 1 2 2 2 2 2 2 2 2 2 2 2 2 2 9 2 2 9 2 2 9 2 2 2 2 2 9 2 9 2 9 2 2 9 1 2 9 2 2 2 2 9 2 2 2 2 2 2 2 9 2 2 2
left_child=2 7 13 6 8 11 30 25 9 -3 15 12 33 38 29 -8 17 18 26 54 -7 22 -22 56 32 40 59 -28 -12 -11 34 39 60 -6 -4 49 -37 -16 -1 -17 41 -2 -34 -10 50 -20 -27 -48 -49 -13 -45 -15 -24 -26 -18 -29 57 -19 -59 -9 -5 -39
right_child=1 4 3 24 5 20 10 16 43 14 28 35 -14 51 37 31 19 23 45 -21 21 -23 52 -25 53 46 27 55 -30 -31 -32 -33 42 -35 -36 36 -38 61 -40 -41 -42 -43 -44 44 -46 -47 47 48 -50 -51 -52 -53 -54 -55 -56 -57 -58 58 -60 -61 -62 -63
leaf_value=0.036041114352287261 0.00062241194677689182 -0.020828705165237809 0.03098300227184498 0.022198577024214166 -0.021285951110404079 -0.044175441429179618 0.062362933090004673 -0.011043814340354447 -0.022777642062477219 0.011229049291836499 0.059396125705913155 -0.030883289265530994 -0.00081340671976080209 0.040537781186643168 -0.061152556379036507 0.022807906394034877 0.00038425322002714568 -0.014562623558128641 0.013676759371707065 -0.023288944669079274 -0.032636821378189552 -0.037723376104264517 0.0026652812082091173 -0.0077487552647210042 0.026458634530973697 -0.010646613451848155 -0.0087324438371679438 -0.045157085010979037 0.076722053938184376 0.054489627743241842 0.04251601745489203 -0.022148071389672386 0.0049425215465204279 -0.010650885963651172 0.1025369088542286 -0.017258866694274701 -0.041200672812480771 0.0157440874981747 0.010005152244217571 0.048271595578466886 0.016240367195412865 0.01083963373421157 -0.023624612690939149 -0.010400249066220127 -0.014177115000009431 0.0033385243280070458 0.01186669651170035 -0.0075900502456858979 0.0074895198719127937 -0.018726265648943165 0.0073625758092087509 0.020343336266630697 -0.017029340306894465 0.012649610367175905 0.010234960027662512 -0.02172399422143452 -0.011643583700633129 -0.055643814575326571 -0.0297038782600774 -0.0029917551281854835 -0.0063591077259129913 -0.028442861908831604
leaf_weight=4627.744861125946 81212.896908283234 6095.693549156189 97944.973355770111 11442.870822191238 96150.372552156448 56621.404787540436 19678.42201590538 45389.726710557938 10498.999180078506 3800.5664908885956 37675.165065765381 56490.949841976166 57611.273839950562 6419.4500041007996 722.81039667129517 7210.1847989559174 60592.811410665512 64604.566481113434 49296.236717939377 12525.572237730026 53710.813386917114 83214.212379455566 11715.418827533722 122371.1621286869 38220.722115516663 32615.71216917038 58408.696901321411 4450.9049553871155 30740.351111888885 9571.6851367950439 68886.252667427063 1357.3424897193909 8141.6192147731781 46341.267414569855 645.03889274597168 99823.188274383545 6322.364533662796 5917.4210348129272 192270.07558488846 13673.385668992996 25395.763940572739 47794.65407371521 6497.6563856601715 11527.840366601944 27123.946212768555 51482.271929979324 17900.504341602325 46918.727660179138 19262.335166931152 25702.46311044693 25351.318253040314 103087.09158754349 13541.904744386673 18773.201930046082 36978.783380031586 33043.534989595413 36932.030591011047 5587.4087908267975 20795.588193178177 107723.84796571732 3204.7479438781738 1129.3769612312317
leaf_count=2933 21081 2987 60558 2677 25228 29455 6051 11330 3548 1580 12776 13098 13284 3468 152 2104 14184 12974 9989 2667 17646 26008 3929 25354 9097 5391 12464 1025 8052 3711 27753 247 1738 8389 452 23345 1334 1300 170359 4157 6541 12242 1365 3040 4326 10755 2851 7541 3122 6405 6139 69535 4418 3050 6459 7266 7970 1139 4281 20376 510 175
internal_value=2.63741e-05 -0.0108877 0.0275399 0.0384997 -0.0204414 -0.0236961 0.045529 -0.0039851 -0.00101537 0.0166645 0.0599878 -0.0174968 -0.0129289 0.0145166 0.027472 0.0482451 -0.00639966 -0.00775717 -0.0040202 0.000999466 -0.0347015 -0.0313937 -0.0247234 -0.0129797 0.0158662 0.00234013 -0.00904565 -0.0148983 0.067182 0.0422453 0.0360032 0.0357515 0.00410347 -0.0178273 0.0314522 -0.0223498 -0.0186835 0.00207894 0.0106173 0.0395156 0.00635402 0.00440774 -0.00775054 -0.00747917 -0.00496497 0.00839729 -0.0029707 6.91892e-06 -0.00320102 -0.0270787 0.00180924 0.0215275 -0.00789439 0.0219104 0.00411765 -0.0245068 -0.0179817 -0.0205562 -0.0352317 -0.00537845 0.0159504 0.00864703
internal_weight=2.36077e+06 1.69027e+06 670496 364092 708985 607246 277811 981284 101740 27237.6 110335 388442 200103 306404 21141.9 41919.3 710183 600086 349795 110097 218804 162182 78968.1 250291 86280.8 271101 249017 95903.1 68415.5 13372.3 167476 22240.9 29286.9 142492 98590 188339 106146 7769.61 196898 20883.6 154403 129008 14639.3 74502.1 64003.1 100779 116697 84081.6 66181.1 82193.4 36879.2 109507 25257.3 56993.9 97571.6 37494.4 127920 90987.6 26383 153114 14647.6 7046.8
internal_count=793381 406499 386882 140587 199497 172539 122150 207002 26958 9905 33387 91083 46901 246295 6918 12559 148233 124923 73205 23310 81456 52001 25993 51718 18437 58769 52461 20755 20828 5291 88763 6508 6290 33617 61010 44182 24679 1627 173292 6261 39864 33323 3103 17053 13505 20744 18905 13514 10663 19503 9179 73003 8347 12147 20643 8291 26364 18394 5420 31706 3187 1475
cat_boundaries=0 1 5 9 10 14 15 19 23 24 28 29 33
cat_threshold=1 1610613392 1278160 3897176866 1082642 805315280 4390992 1749686450 1100114 549377 1882227328 1245328 3897176419 1081620 540672 2165309768 537160704 411059713 2560 536871808 1581056 1074462720 32850 1 536871832 1073938512 1611354178 1098752 549889 128 1081344 1744965632 1048576
is_linear=0
shrinkage=0.05


Tree=5
num_leaves=63
num_cat=10
split_feature=5 5 2 5 12 12 2 13 5 5 20 16 20 9 7 5 9 0 13 19 2 16 9 16 16 16 12 16 20 12 16 16 16 16 12 7 12 16 17 16 13 16 9 9 16 19 5 13 16 5 9 16 0 5 19 9 8 19 17 16 17 0
split_gain=257501 39525.7 29801.9 28207.4 25009.8 15284.8 12284.7 7314.28 6658.65 5397.42 3745.95 3461.21 3086.47 3085.15 2998.99 2946.26 2638.91 2573.2 2036.21 1986.24 1876.95 1846.86 1810.75 1777.88 1772.49 3078.35 1768.05 1576.51 1480.07 1476.12 1465.79 3093.29 1617.97 1845.35 1455.44 1377.19 1234.17 1180.73 1158.5 1098.31 1091.42 1085.52 3492.55 999.28 994.656 1278.95 985.712 965.465 936.892 929.745 822.642 819.877 817.063 783.444 777.95 772.738 756.474 744.26 708.397 701.959 679.838 673.949
threshold=0.33365695792880262 1.3304427073546548 1.5000000000000002 0.10020920502092052 0.077949889886061677 0.34506097940134145 4.5000000000000009 1.5000000000000002 2.1827726079694587 0.83079247036950976 0 16.500000000000004 1 0.083551483420593389 22.500000000000004 0.70598618970977645 0.99976076555023929 2.5000000000000004 37.500000000000007 2 9.5000000000000018 44.500000000000007 0.85018427845067035 16.500000000000004 25.500000000000004 19.500000000000004 0.18934970627546446 11.500000000000002 3 0.26684458489896123 25.500000000000004 19.500000000000004 44.500000000000007 48.500000000000007 0.33658992556633971 59.500000000000007 0.22987073341164502 44.500000000000007 4 9.5000000000000018 33.500000000000007 9.5000000000000018 0.19645010749305231 0.73341793570219982 25.500000000000004 5 0.54097261127900842 2.5000000000000004 14.500000000000002 0.53354769560557347 0.24980974124809743 18.500000000000004 1.0000000180025095e-35 3.9921875000000004 6 0.91232591788750239 1.0909608025648982 7 8 9.5000000000000018 9 1.0000000180025095e-35
decision_type=2 2 2 2 2 2 2 2 2 2 1 2 1 10 2 2 10 2 2 9 2 2 10 2 2 2 2 2 1 2 2 2 2 2 2 2 2 2 9 2 2 2 10 10 2 9 2 2 2 2 10 2 2 2 9 10 2 9 9 2 9 2
left_child=2 5 16 6 7 9 26 10 24 18 -3 13 -9 27 19 21 36 34 35 -12 -13 40 47 -19 25 54 -4 -8 -11 43 31 41 38 -34 60 46 -1 44 -32 -15 -7 -30 -43 -10 45 -17 -2 -14 53 -20 -28 59 -22 -24 -6 -16 -37 -21 -44 -47 -5 -41
right_child=1 4 3 17 8 15 11 12 29 28 14 20 22 39 55 37 -18 23 49 57 52 -23 48 -25 -26 -27 50 -29 30 -31 32 -33 33 -35 -36 56 -38 -39 -40 61 -42 42 58 -45 -46 51 -48 -49 -50 -51 -52 -53 -54 -55 -56 -57 -58 -59 -60 -61 -62 -63
leaf_value=0.017819828252521611 0.0095444141326276391 -0.019359080211853792 0.0421543957501311 0.032222774401996619 -0.019527549459067851 -0.016458621213054483 0.042977364135190932 -0.024837467703721732 -0.016869773925514073 -0.015606961829689209 -0.021407169889290256 0.057460513107550341 0.016746270667045041 0.061719034165400401 0.038099161775176707 -0.0085799693885368622 0.022532361844648862 -0.0091727756686554463 0.014064257804120656 0.030455837845518797 0.077922450291006168 0.00720950223423205 -0.0040253629826090803 0.011759024904133601 -0.029575855287021988 -0.006814356151860536 0.023296279879588398 -0.00074026063081116629 -0.0010568126582371643 -0.044211881074242267 -0.018542062699739677 0.0084377396718540026 0.0067234160784695246 -0.01298257457190255 0.011440811983893379 -0.010410027588612735 0.0099358490178160785 -0.0079851252317692887 -0.0077499975328762065 0.046097998563013803 -0.0069477033583731267 -0.064391015669628571 -0.002307977133986418 -0.036864347099301885 -0.02459811871809172 -0.020201406298128676 0.00051971684827578429 -0.0044655596025384263 -0.015944667674278486 0.004972201774614016 0.033739484800161923 -0.0075939506301134626 0.051621717136579794 -0.033868850666071461 -0.029999709092412979 -0.014444558072739661 -0.0014614679715279745 0.053546956257129311 -0.013004343449335397 -0.03441326239615964 0.017260499783354664 0.0041130527311318337
leaf_weight=68985.291215896606 46991.527643680573 6032.7877404689789 54166.379539489746 22974.769874334335 29182.502836465836 52479.579261779785 3684.8090832233429 39560.314686059952 8664.4733712673187 34306.089132070541 1349.7717523574829 42730.847602844238 5946.3933413028717 16389.247237682343 822.84360980987549 31489.643975734711 81404.823385715485 15185.123821735382 38816.047319412231 7126.972888469696 22670.171325206757 15710.12060880661 31806.605225801468 30555.978259086609 115858.09650611877 29201.754511594772 26284.713370323181 4681.2328052520752 59773.679507493973 76679.822149991989 39104.880527734756 53663.651670455933 31064.365761995316 19235.850690364838 25202.048201084137 30097.596250534058 177027.0630030632 22537.953310251236 68440.625641822815 16141.362683534622 70940.966862916946 2861.697193145752 29610.893786430359 22438.055435657501 70684.73919916153 30239.232945203781 84959.9119784832 54723.855674743652 81949.948809146881 102018.22267413139 66837.283211231232 8899.6631362438202 3404.8168621063232 2361.5031361579895 46016.116982460022 4644.3593850135803 109675.79353666306 7087.4067416191101 32459.838823318481 12196.201558828354 11480.969443082809 1016.2071528434753
leaf_count=64807 11616 2950 23647 5666 8336 10811 1106 14252 2906 9175 517 14315 1405 5071 169 7333 48079 2674 8369 2745 6030 3820 7824 5254 33240 8537 11731 1241 11526 30539 7221 10242 5994 3812 6212 5062 158048 5625 13078 4950 16765 579 5422 7221 16428 6823 21736 11759 20163 20856 29311 2204 614 1252 13963 890 16742 2527 6575 3003 2825 186
internal_value=-3.95906e-06 -0.0106262 0.0256699 0.0355273 -0.021291 -0.00507705 0.0444307 -0.00914787 -0.0303013 -0.00133489 0.0153573 0.0570147 -0.0122134 0.0456852 0.0253132 -0.0143747 0.0147289 0.0137323 0.00259901 0.036515 0.0639152 -0.00893666 -0.00938643 0.00481004 -0.0253179 -0.0205924 0.0349709 0.0185179 -0.00571511 -0.0404848 -0.00470513 -0.00159961 -0.00821473 -0.000812674 0.0205731 7.01274e-05 0.0121467 -0.0186722 -0.0116767 0.0524596 -0.0109919 -0.00591892 -0.0103947 -0.031295 -0.0202412 -0.0165227 0.00373371 -0.00238631 -0.0130447 0.00747819 0.0307921 -0.0213888 0.0744903 -0.0060889 -0.0259427 -0.00653092 -0.00338843 0.0420018 -0.00790422 -0.0242867 0.0272522 0.0436117
internal_weight=2.36054e+06 1.66971e+06 690823 363406 571454 1.09826e+06 258007 243413 328041 783081 27064.1 110719 216349 41912.9 21031.4 315178 327417 105399 412559 15564.2 68805.8 139131 176788 45741.1 220258 104400 147288 8366.04 370522 107782 336215 178370 157846 50300.2 59657.8 271725 246012 176047 107546 33546.8 123421 124706 64932.4 31102.5 153509 82824.7 131951 60670.2 116118 140834 93122 51335.1 26075 34168.1 75198.6 5467.2 139773 14214.4 62070.7 42435.4 34455.7 17157.6
internal_count=793779 402012 391767 120833 171195 230817 98202 66453 104742 158005 9798 33513 56655 12554 6848 72812 270934 22631 84381 5789 20959 31396 42403 7928 64076 30836 64689 2347 73624 40666 64449 34344 30105 9806 14703 55156 222855 41416 20299 10207 27576 24102 12576 10127 35791 19363 33352 13164 29239 29225 41042 12030 6644 9076 22299 1059 21804 5272 11997 9826 8491 5136
cat_boundaries=0 1 2 3 4 8 9 10 11 15 19
cat_threshold=1 1 540672 1 1610647184 32784 1745498144 32770 231434 235530 75523 9432 0 1208615072 1084482 537929664 17302032 1619722498 35410
is_linear=0
shrinkage=0.05


Tree=6
num_leaves=63
num_cat=11
split_feature=5 5 3 12 0 2 12 13 5 20 5 20 0 16 3 16 5 2 1 7 16 16 5 19 7 19 16 16 16 16 16 17 17 3 13 16 16 6 17 12 13 19 16 12 17 16 16 17 13 7 16 2 16 16 16 12 17 16 12 13 2 5
split_gain=231356 36797.5 31742.8 24782.6 19761.9 14180.6 12260.8 7737.11 6657.42 4237.99 3968.69 3659.16 3227.85 2844.89 2802.49 2626.94 2536.65 2500.65 2357.63 1909.58 1788.85 1644.53 1522.89 1498.53 1426.52 1378.49 1368.04 1873.81 2102.13 4297.38 1609.22 1599.42 1452.62 1312.36 1304.41 1268.25 2231.05 1226.85 1198 1150.93 1102.1 1097.73 1096.17 1091.96 1070.51 1059.3 1025.33 1005.11 983.099 978.355 977.353 1081.92 976.402 959.209 943.043 942.195 908.003 907.515 888.99 884.893 883.987 851.787
threshold=0.30788497663889031 1.1379636268822113 3.5000000000000004 0.18370035426728445 1.0000000180025095e-35 5.5000000000000009 0.33202046355051529 1.5000000000000002 2.0016920473773268 0 0.6155905673977965 1 12.500000000000002 16.500000000000004 1.5000000000000002 48.500000000000007 0.50025025025025038 2.5000000000000004 1.5000000000000002 138.50000000000003 10.500000000000002 44.500000000000007 0.15142106520181517 2 2.5000000000000004 3 51.500000000000007 45.500000000000007 25.500000000000004 18.500000000000004 9.5000000000000018 4 5 35.500000000000007 32.500000000000007 25.500000000000004 19.500000000000004 1.9996014348345956 6 0.35502562006342891 4.5000000000000009 7 25.500000000000004 0.37012339433206032 8 15.500000000000002 44.500000000000007 9 27.500000000000004 47.500000000000007 16.500000000000004 23.500000000000004 9.5000000000000018 49.500000000000007 48.500000000000007 0.038311122144744199 10 49.500000000000007 0.33202046355051529 6.5000000000000009 1.0000000180025095e-35 2.0016920473773268
decision_type=2 2 2 2 2 2 2 2 2 1 2 1 2 2 2 2 2 2 2 2 2 2 2 9 2 9 2 2 2 2 2 9 9 2 2 2 2 2 9 2 2 9 2 2 9 2 2 9 2 2 2 2 2 2 2 2 9 2 2 2 2 2
left_child=2 6 14 7 5 17 10 11 35 61 19 12 23 20 40 24 46 33 45 48 -6 34 -15 -3 -11 -14 27 28 29 30 -12 -32 -30 58 -18 36 47 -10 -22 -19 -1 -26 44 -24 -36 -7 -8 -5 -2 -27 52 -52 -20 -17 -29 -43 -31 -56 -4 -16 -35 -9
right_child=1 3 4 8 13 18 16 9 37 15 26 -13 25 22 59 53 21 39 50 -21 38 -23 43 -25 41 49 -28 54 32 56 31 -33 -34 60 42 -37 -38 -39 -40 -41 -42 55 -44 -45 -46 -47 -48 -49 -50 -51 51 -53 -54 -55 57 -57 -58 -59 -60 -61 -62 -63
leaf_value=0.034879223136631179 0.0054564194025774823 0.014740541673610663 0.032653043527877783 -0.01389120210787103 0.013904410439085383 0.036153073960829001 -0.0057106096333547794 -0.020272420394737405 -0.037005403897796788 -0.023571318557431702 7.1446828623757683e-05 -0.013917093721996759 -0.057322039011160925 0.039342361459856569 0.038412709008726564 -0.033461259713094334 -0.021207849941297815 0.045081038137319257 0.067596672525302423 -0.0019867117997252139 0.0021826497028517512 -0.0032028543126575667 0.02291032828978324 0.057488913604200734 -0.023387788461532152 0.022354635660279197 -0.022295271483437521 0.011119232112308766 -0.013616803030061407 0.015266809536810758 -0.024405725158153535 -0.0065046492204524483 -0.0039658720809912359 0.13304418798667933 -0.0040062650814975901 -0.028231303582886863 -0.007865322563340606 -0.049879987847075577 -0.026393954721173098 0.033726173701331887 0.0088342301704573863 -0.0037874731058784531 -0.01799752532707638 0.00740191247797464 -0.017005432064547774 0.055200553724333058 0.013833923354582717 -0.028001034769365149 0.013724909972660413 -0.014766001616246461 0.067664584640325612 0.10059090842176133 0.045064055090765887 -0.014860897414762203 -0.022648884803321598 -0.0098084217667143633 0.0044989982213557442 0.0029664786908753077 0.023084563742294274 0.01829760745297189 0.049829805404067083 -0.032727570274285599
leaf_weight=4148.210597038269 85631.573684692383 2852.6954965591431 47416.68160533905 16336.249834537506 16784.698387384415 12034.451056003571 60814.617134571075 44494.869794845581 70392.338474273682 15143.551772594452 80472.830947637558 7758.1022396087646 796.4806957244873 9665.3829426765442 5771.5414867401123 14740.897062540054 77060.745055675507 49845.370573997498 9509.5470931529999 55011.705661296844 8723.5420570373535 28249.240694522858 33721.744782209396 7511.4025950431824 10852.816931962967 5848.3757772445679 8477.0590670108795 37238.482795715332 62097.746937990189 35145.193275928497 15402.078772783279 65693.363466262817 104828.31082415581 451 44037.125301122665 105000.1423459053 26310.606048583984 25119.653677463531 6318.5749733448029 40446.285250663757 192938.51644611359 115775.93082666397 58477.103991031647 17110.896591424942 24741.56528711319 18588.983440160751 7541.7936720848083 56643.692469835281 61962.166194200516 2547.522882938385 30631.019562244415 2720.5144114494324 9747.4206411838531 13087.342792987823 4239.9335207939148 148087.28308320045 44251.997828245163 18722.612705469131 49770.123356819153 103785.10294961929 1094.0540590286255 19857.748772382736
leaf_count=2450 19523 1206 29372 4526 3649 3638 13621 14135 26379 7831 16424 3717 179 1875 2952 3053 16144 19527 2798 7834 1834 6995 7179 2991 2973 1390 1729 7392 12035 6880 3320 13102 20796 451 10682 30212 7641 9788 1299 15889 170981 24459 14213 3757 5957 5750 1832 16431 14691 436 9166 591 2733 3110 954 31417 8873 3860 30702 70016 576 7743
internal_value=-3.01354e-05 -0.0098974 0.0248026 -0.0185729 0.0347745 0.0415534 -0.00362015 -0.0105738 -0.0294949 -0.0124118 0.000102322 0.0151337 0.0266519 0.0147841 0.0129465 -0.0100405 -0.0120217 0.033981 0.0587501 0.00596423 0.0026831 -0.0145105 0.0211501 0.0457948 -0.00863198 0.00509527 -0.00238978 -0.00202924 -0.00324458 -0.000257046 -0.00493783 -0.00990859 -0.0075572 0.0284807 -0.0160739 -0.0244001 -0.0203484 -0.0403919 -0.00983826 0.039995 0.00938259 -0.00780838 -0.0129648 0.0176903 -0.00868565 0.0477167 -0.00355408 -0.0248486 0.00892773 0.0110777 0.0651716 0.0703533 0.0561941 -0.0247145 0.00620519 -0.00716635 0.009268 -0.00176407 0.0277532 0.0193576 0.0741904 -0.0241125
internal_weight=2.36048e+06 1.68925e+06 671224 709158 364580 272255 980097 409355 299803 382040 679175 27314.6 19556.5 92324.8 306643 317688 300922 189024 83231.9 202605 31826.8 232566 60498 10364.1 289860 9192.38 476570 468093 407892 240965 161568 81095.4 166926 98731.9 204317 204291 99290.5 95512 15042.1 90291.7 197087 274716 127256 50832.6 68778.7 30623.4 68356.4 72979.9 147594 8395.9 52608.5 33351.5 19257 27828.2 60201 263863 79397.2 22962.5 97186.8 109557 1545.05 64352.6
internal_count=793659 406474 387185 199617 140786 121193 206857 104640 94977 94721 137413 9919 6202 19593 246399 72843 69444 96517 24676 42048 6782 53991 12811 4197 66680 2005 95365 93636 81430 48599 32846 16422 32831 61101 46996 58810 28598 36167 3133 35416 173431 58849 30852 10936 16639 9388 15453 20957 34214 1826 15288 9757 5531 6163 12206 55876 15753 4814 60074 72968 1027 21878
cat_boundaries=0 1 2 3 4 8 12 16 17 21 25 29
cat_threshold=1 22 548865 540672 3238006784 1611951232 276890625 512 1610646160 1081552 3892981794 32770 536880000 1572864 1074462720 33362 540672 1610614416 1074799632 1749749778 32848 1073742464 1048576 1208090624 1097728 536871832 1114176 1611223234 1098752
is_linear=0
shrinkage=0.05


Tree=7
num_leaves=63
num_cat=8
split_feature=0 3 12 4 2 0 3 10 0 2 10 19 2 0 0 9 0 14 3 0 15 12 19 12 12 21 2 16 4 2 16 0 10 0 3 17 12 2 16 16 2 3 3 0 12 14 7 0 12 0 4 2 2 7 17 17 2 0 12 19 17 2
split_gain=193283 46329.7 30342.7 11805 8018.33 6623.44 5133.13 4339.47 4597.12 4117.79 2887.29 2570.12 2553.67 2365.2 2035.91 1914.49 1900 2624.35 5051.71 2736.89 1886.52 1868.53 1854.64 1711.39 1511.49 1483.47 1443.22 1434.3 1433.8 1275.23 1256.3 1186.44 1183.62 1154.81 1095.08 1064.81 1114.35 1062.85 1026.83 2059.72 1021.2 1114.41 972.768 1150.17 926.64 917.665 897.295 1292.96 844.125 838.096 818.511 780.907 758.535 743.637 735.79 714.235 712.816 706.226 697.676 695.448 676.006 658.153
threshold=1.0000000180025095e-35 5.5000000000000009 0.24009603394385534 12.500000000000002 6.5000000000000009 1.5000000000000002 1.5000000000000002 1.5000000000000002 2.5000000000000004 7.5000000000000009 1.5000000000000002 0 8.5000000000000018 64.500000000000014 151.50000000000003 0.18534132783711202 20.500000000000004 1.0000000180025095e-35 9.5000000000000018 1.5000000000000002 226.50000000000003 0.46110240617259923 1 0.0049252208150849528 0.070871699866524376 2 1.5000000000000002 15.500000000000002 4.5000000000000009 12.500000000000002 10.500000000000002 43.500000000000007 4.5000000000000009 1.5000000000000002 18.500000000000004 3 1.0000000180025095e-35 9.5000000000000018 25.500000000000004 43.500000000000007 3.5000000000000004 61.500000000000007 45.500000000000007 8.5000000000000018 0.36673951857169168 1.0000000180025095e-35 7.5000000000000009 3.5000000000000004 0.15277807414075203 4.5000000000000009 6.5000000000000009 17.500000000000004 21.500000000000004 12.500000000000002 4 5 4.5000000000000009 1.5000000000000002 0.070871699866524376 6 7 15.500000000000002
decision_type=2 2 2 2 2 2 2 2 2 2 2 9 2 2 2 10 2 2 2 2 2 2 9 2 2 9 2 2 2 2 2 2 2 2 2 9 2 2 2 2 2 2 2 2 2 2 2 2 2 2 2 2 2 2 9 9 2 2 2 9 9 2
left_child=1 6 7 28 21 9 45 11 12 56 31 -2 -9 22 20 27 17 18 50 37 24 40 38 25 35 59 -8 30 -4 -17 -6 46 58 -30 -21 -10 -37 -20 -12 -40 41 -3 -26 -44 -24 -1 -7 -48 -28 51 -13 -36 57 -38 -25 -18 -5 -14 -16 -19 -31 -11
right_child=2 4 3 5 15 10 26 8 14 61 13 16 52 -15 32 29 55 23 19 34 -22 -23 44 54 42 -27 48 -29 33 60 -32 -33 -34 -35 49 36 53 -39 39 -41 -42 -43 43 -45 -46 -47 47 -49 -50 -51 -52 -53 -54 -55 -56 -57 -58 -59 -60 -61 -62 -63
leaf_value=0.0083354934671851268 -0.01913264290318158 0.035911474003261397 -0.042304141833596175 -0.017489099748807291 0.051423032565304762 -0.028926990975932317 0.016886840557634342 -0.00069840944493559541 -0.0075345832348776322 0.0058951450916726461 -0.0022537815648209975 -0.030821726941588235 0.025024241047225133 -0.024282001435939296 -0.010714498937166649 0.056550299927482867 -0.0084846288430405117 0.011961243014128292 0.0037350606470715844 -0.016791876734962501 0.0081230694235457368 0.028794556687895753 -0.0096195353728932825 -0.012252085531878325 -0.013347790656736011 0.002293896833064313 0.033686403703351908 0.059421372361477431 -0.022869362467360849 0.080106292201479384 0.0065321514645349937 -0.037550120499258148 -0.0032355045287468793 -0.037676768072339065 -0.0045053158835661787 0.023838697774355069 -0.010071422866475298 0.023013956053551721 -0.016454069359499997 0.0022759321242371059 0.046914119951355818 0.10417582391552578 0.0050096751219159165 -0.0059323270204348884 -0.017708555750802723 0.029211386913718454 -0.01070533088416873 -0.021603722643824347 0.022226102590247255 -0.0073519955457043047 -0.016670714150210212 0.0087406741247214315 0.033003956544950454 0.0019525282229926715 0.0018892883393738014 -0.018196418953151616 -0.0049098502636196386 0.0094428845561095355 -0.025072275179991499 0.03789370227058729 0.059934688596535751 0.019329221998110293
leaf_weight=191490.8154335022 39191.85352063179 55972.196180343628 31049.165167808533 23794.970075130463 2568.5977621078491 25150.037313461304 100188.64071846008 22719.388971090317 34870.941518783569 27854.294230699539 56864.564339399338 16660.318192958832 13321.652086734772 43337.85204744339 35046.645877361298 36093.18194937706 43795.864644527435 4130.9947028160095 21654.714896440506 20195.014313697815 56361.614425897598 45522.976336956024 50823.84242939949 11182.339903116226 30746.629250764847 10718.226086854935 24637.401652812958 5185.0115528106689 32613.408006906509 11765.055514335632 3961.9027895927429 10540.094955921173 53063.638815402985 22091.877895116806 25962.860441923141 5601.0148138999939 13613.515898227692 10671.76750087738 52509.237808465958 20372.748018026352 42315.691797971725 603.60358476638794 30785.703870773315 109210.5345184803 116730.25838589668 5412.2215104103088 37302.563044309616 100663.77438688278 46232.794609069824 78976.650646924973 26441.085757493973 19470.204772472382 9156.1903228759766 231718.27983403206 51600.160083532333 33439.439449310303 21382.413215637207 16017.882197856903 11154.266179561615 7048.5071907043457 7078.2511665821075 13553.091470241547
leaf_count=169604 12176 30443 16402 10559 733 8850 75715 7989 7266 8118 12407 8336 3696 6078 4560 11053 7301 1653 7931 6509 9519 21532 10905 2998 8305 4519 10982 1539 14395 2956 1030 1655 6445 8164 7520 1584 4016 2827 10891 4531 15367 389 6839 18991 25569 3705 9868 22103 20910 17120 11056 4495 2033 41732 12894 5833 7317 4395 1457 2683 1754 3231
internal_value=3.01745e-05 0.0251256 -0.00812798 -0.0163674 0.0437998 -0.0138906 0.0144139 -0.00295912 -0.000469366 -0.0010967 -0.0160446 -0.00694013 0.0125949 -0.0133696 -0.00177576 0.0581451 -0.00568835 -0.00391303 -0.00679163 -0.00305229 -0.000507259 0.0371786 -0.0117788 0.0035667 -0.00157271 0.0156021 0.0207498 0.0397885 -0.0337216 0.062059 0.0241939 -0.0212916 -0.00833015 -0.0288497 -0.00599254 0.00065095 0.00178871 0.0101 -0.00728898 -0.0112185 0.0410376 0.0366416 -0.00529483 -0.00352612 -0.0152541 0.00890945 -0.0202408 -0.0186572 0.0262106 -0.0042394 -0.0221412 0.00117128 0.0204401 0.00128528 -0.000631271 -0.012693 -0.0115356 0.0165182 -0.0141814 0.0283324 0.072607 0.0102926
internal_weight=2.36019e+06 579028 1.78116e+06 686634 211066 600880 367962 1.09453e+06 673388 86584.8 514295 421140 61215.1 340639 612173 66652 381948 304713 220033 176931 512908 144414 297301 84680.2 456547 21897.7 171059 11715.5 85754.5 54936.5 6530.5 173656 99264.6 54705.3 144605 285804 250933 32326.5 129747 72882 98891.5 56575.8 170743 139996 167554 196903 163116 137966 70870.2 124410 43101.4 45433.1 38495.7 245332 62782.5 77235.3 45177.4 29339.5 46200.9 11179.5 18843.3 41407.4
internal_count=793433 367712 425721 181043 86796 142082 280916 244678 128827 29225 112857 115851 18113 70381 110714 19065 103675 90541 65794 46402 98252 67731 64303 24747 88733 8855 107607 3302 38961 15763 1763 42476 12462 22559 35644 54598 47332 10758 27829 15422 46199 30832 34135 25830 36474 173309 40821 31971 31892 29135 19392 12015 10124 45748 15892 13134 17876 8091 6017 4336 4710 11349
cat_boundaries=0 1 2 3 7 10 14 15 19
cat_threshold=1589264 239626 2708035 3224371232 675327152 2296382723 74248 1360035920 536915072 2153778883 18883264 3239378960 1887977472 1082946 1281 536880768 17350656 143327744 32850
is_linear=0
shrinkage=0.05


Tree=8
num_leaves=63
num_cat=10
split_feature=5 5 3 5 12 2 12 5 20 5 6 7 9 5 2 7 19 16 16 5 14 12 16 14 12 12 16 3 17 12 9 7 9 20 10 16 16 16 16 16 16 10 5 17 16 16 16 17 16 9 16 12 16 11 17 20 12 19 6 17 9 10
split_gain=188907 29323.5 21584 20832.5 18567.6 13537.6 11487.2 5096.59 4159.66 3728.92 3407.55 3939.9 2991.35 2706.5 2574.88 2424.32 2100.15 2028.82 1928.76 1772.45 2155.83 1739.91 1732.94 1442.6 1417.88 1405.85 1366.99 1363.2 1351.82 1288.15 1288.12 1274.25 1243.1 1175.43 1167.82 1034.51 2207.35 1172.89 1318.45 1015.3 1931.61 971.628 955.313 939.31 932.699 1220.42 1665.33 1134.51 902.726 3088.34 875.179 873.03 866.305 839.002 836.182 835.832 825.933 808.51 808.338 806.065 804.002 788.937
threshold=0.36394297102560175 1.3304427073546548 2.5000000000000004 0.10020920502092052 0.077949889886061677 3.5000000000000004 0.25006250069618258 2.0016920473773268 0 0.83352849336455914 2.9978292329956591 36.500000000000007 0.092679275019700566 0.75010373443983414 7.5000000000000009 64.500000000000014 1 44.500000000000007 15.500000000000002 3.9921875000000004 1.0000000180025095e-35 0.32748793019274874 10.500000000000002 1.0000000180025095e-35 0.42869395672585303 0.30978642184894084 16.500000000000004 40.500000000000007 2 0.32316908787235421 0.59003996855659269 114.50000000000001 0.65963182649418661 3 1.5000000000000002 25.500000000000004 19.500000000000004 44.500000000000007 48.500000000000007 25.500000000000004 19.500000000000004 1.5000000000000002 1.0000000180025095e-35 4 44.500000000000007 25.500000000000004 18.500000000000004 5 9.5000000000000018 0.23100023100023104 31.500000000000004 0.2616105926054349 37.000000000000007 0.042355932528153069 6 7 0.26684458489896123 8 1.7673842965691919 9 0.49983860555196907 2.5000000000000004
decision_type=2 2 2 2 2 2 2 2 1 2 2 2 10 2 2 2 9 2 2 2 2 2 2 2 2 2 2 2 9 2 10 2 10 1 2 2 2 2 2 2 2 2 2 9 2 2 2 9 2 10 2 2 2 2 9 1 2 9 2 9 10 2
left_child=2 6 23 5 8 21 9 24 -3 31 34 16 18 17 -14 25 -12 43 22 -18 -21 27 -7 60 39 57 -17 -4 56 30 -9 41 -13 -11 -10 36 48 59 -39 40 -6 -2 -24 50 45 46 47 -15 -35 -50 -8 -20 -52 -22 -27 -43 -16 -5 -31 -37 -1 -33
right_child=1 4 3 15 7 12 13 29 10 33 11 32 14 44 28 26 19 -19 51 20 53 -23 42 -25 -26 54 -28 -29 -30 58 -32 61 -34 35 -36 37 -38 38 -40 -41 -42 55 -44 -45 -46 -47 -48 -49 49 -51 52 -53 -54 -55 -56 -57 -58 -59 -60 -61 -62 -63
leaf_value=0.0079402945358019675 0.001641256686992737 -0.021624130962008593 0.030232425606325275 0.011712517383679125 -0.019384283697769539 0.03684612841181905 -0.0030369764373921106 -0.012271148098088798 -0.015557298744592527 -0.013559697314997985 -0.0026694632587924731 0.0092177063974374536 0.04329299074550997 -0.011836812104468443 0.071592790309832108 -0.013212796715997245 0.0098370115601013955 0.007870150761843794 0.063878436234868038 -0.036981274145811746 0.052118462283903683 0.021134110507141948 0.00089273329369592581 0.029688759009113927 -0.026871686077962649 0.0134138836531556 0.007028699084363519 0.086804984136782559 0.046289725921572954 -0.03493093437997976 -0.032382148791439129 -0.0057915939607296983 -0.013835408605005414 0.00026188921444314484 -0.0056670186586710546 -0.018144449825119705 0.0082389166563154887 0.0064537931565325406 -0.011060404812046452 -0.022635746603605535 -0.00014972211244579733 0.00045294366468078023 -0.078964396935998826 -0.01384394219678514 -0.0063189163085605061 -0.021170432291786802 -0.00040623976722000993 -0.024474019195325106 -0.058262197248092278 -0.0061299899779442262 -0.020829865063683423 0.034294875835179546 -0.0032571407255179521 0.025655523390507001 -0.0022826292521605849 0.010425927867009136 0.056084279991694158 0.025426098482064247 -0.046142471185116898 -0.007182941782703337 0.015013072350331317 0.002207739696896993
leaf_weight=201884.26089429855 100512.27354693413 45658.038145065308 87113.220859527588 15645.928086042404 44967.381009578705 4469.9155585765839 74057.650368213654 10141.787327766418 54469.538769245148 31466.709991455078 13411.735456228256 7398.0314698219299 67980.132576465607 51349.408471345901 17257.781289577484 12154.76299571991 15448.853999376297 20604.524897813797 3591.1580243110657 967.73348617553711 6840.3305869102478 93512.958381652832 5266.3705627918243 9028.2352676391602 77713.760276079178 27813.645027637482 26578.213328361511 1077.3361735343933 16579.632986545563 48062.698044538498 37074.273426294327 50863.329621315002 27893.385590076447 51946.626922130585 66029.621081113815 21756.534945726395 48619.443620443344 29232.621808052063 16989.679681301117 66835.727831840515 18390.670159101486 26847.362206935883 402.17487621307373 58576.490158081055 25406.917943239212 79638.350935935974 21126.14379119873 27217.577426195145 2992.2657165527344 55811.653805971146 16424.384543895721 8178.3256807327271 12240.424559831619 5334.1787600517273 12209.096520662308 96763.484866380692 17148.73227930069 34783.133770942688 24183.250224351883 73372.630210876465 50166.546913146973 78226.962984085083
leaf_count=183641 25150 17217 50203 3779 13092 1431 16395 3391 17518 8393 4501 1296 24378 11922 4662 1983 4127 4867 1210 519 2293 54334 1530 5743 24978 6696 4198 678 4371 19213 11370 7703 4772 9930 12356 3973 9137 5594 3359 18247 5171 6893 72 12886 6282 18375 5158 6199 600 10558 3531 2784 2797 1934 2918 20934 4726 8283 9069 13745 28632 10904
internal_value=1.41325e-06 -0.00932532 0.0214964 0.0281105 -0.0184798 0.0349053 -0.00445092 -0.0262563 -0.00802264 -0.000563577 -0.00488148 0.00331239 0.0465383 -0.011342 0.0496651 0.0111437 0.0136597 -0.00690383 0.0295574 0.0213128 0.0348172 0.0258861 0.0135709 0.0100516 -0.0215271 0.0156259 0.000676555 0.0309245 0.05816 -0.0344866 -0.0280628 0.00301295 -0.00900273 -0.00436647 -0.0101378 -0.00340391 -0.000642155 -0.00651794 1.60948e-05 -0.0183366 -0.0138012 0.00529214 -0.00478594 -0.00879112 -0.0152851 -0.0165554 -0.0128686 -0.0162195 -0.00454098 -0.00878371 -0.00590776 0.0433262 -0.0133263 0.040527 0.00862844 0.00826077 0.0638464 0.0211791 -0.0386844 -0.00969272 0.00934807 -0.000944127
internal_weight=2.35571e+06 1.64286e+06 712842 451763 570821 322578 1.07204e+06 327370 243451 685402 197793 77294.2 140874 386642 118966 129185 42002.8 181903 21907.9 28591.1 13142.2 181704 10138.5 261079 207908 90451.8 38733 88190.6 50986.1 119462 47216.1 353213 35291.4 332188 120499 300721 159370 141351 46222.3 130194 63358.1 224123 5668.55 161299 204738 179331 99693.1 78567 110751 58803.9 102722 11769.5 28664.8 12174.5 40022.7 123611 34406.5 50429.1 72245.9 95129.2 252051 129090
internal_count=792601 396349 396252 178236 171064 150379 225285 104531 66533 136873 49316 19442 45164 88412 38137 27857 13374 40476 7027 8873 4746 105215 3033 218016 61488 21676 6181 50881 13759 43043 14761 71584 6068 65289 29874 56896 30225 26671 8953 36510 18263 52977 1602 35609 47936 41654 23279 18121 21088 11158 22723 3994 6328 4227 9614 27827 9388 12062 28282 17718 212273 18607
cat_boundaries=0 1 2 6 7 11 15 19 20 21 25
cat_threshold=1 549889 1628452544 21536784 1749745730 1081938 1 1611667088 17837056 1749615831 1081936 1611662992 17827856 1758138496 33362 1610618512 18350096 1615527938 1081938 1 1589905 1610646672 98320 1744973856 32768
is_linear=0
shrinkage=0.05


Tree=9
num_leaves=63
num_cat=8
split_feature=1 12 3 1 1 13 3 1 20 6 4 20 13 1 10 16 10 17 13 4 12 16 16 13 10 1 16 16 16 17 16 10 16 17 16 1 16 16 16 17 4 16 9 1 16 16 16 16 16 16 16 16 20 1 16 17 16 16 16 12 1 12
split_gain=39871.5 14812.8 9501.63 10475.9 4891.56 4157.1 3488.03 3484.2 4701.58 3467.56 2934.7 2663.5 2531.84 2220.76 2514.67 1950.33 1878.65 1652.6 1618.9 1583.49 1574.87 1379 2716.35 1168.36 1160.23 1240.68 1073.59 1305.06 1235.22 958.003 957.042 893.025 872.122 1031.97 951.881 870.994 837.535 1049.4 860.365 836.86 827.146 810.625 805.693 797.024 773.728 1084.16 978.977 835.467 747.194 733.4 1410.97 919.118 724.59 851.607 685.208 679.556 679.352 656.684 1201.24 647.596 624.44 618.96
threshold=2.5000000000000004 0.25604271705122295 8.5000000000000018 1.0000000180025095e-35 1.0000000180025095e-35 7.5000000000000009 2.5000000000000004 77.500000000000014 0 1.6552428826458707 4.5000000000000009 1 27.500000000000004 8.5000000000000018 1.5000000000000002 15.500000000000002 2.5000000000000004 2 1.5000000000000002 177.50000000000003 0.18934970627546446 25.500000000000004 42.500000000000007 2.5000000000000004 1.5000000000000002 7.5000000000000009 51.500000000000007 49.500000000000007 48.500000000000007 3 10.500000000000002 1.5000000000000002 25.500000000000004 4 18.500000000000004 1.5000000000000002 18.500000000000004 10.500000000000002 12.500000000000002 5 1.5000000000000002 19.500000000000004 0.9310923883146589 1.5000000000000002 42.500000000000007 51.500000000000007 31.500000000000004 37.000000000000007 49.500000000000007 25.500000000000004 18.500000000000004 45.500000000000007 6 86.500000000000014 14.500000000000002 7 16.500000000000004 16.500000000000004 9.5000000000000018 0.43123387704880828 30.500000000000004 0.30105869642799277
decision_type=2 2 2 2 2 2 2 2 1 2 2 1 2 2 2 2 2 9 2 2 2 2 2 2 2 2 2 2 2 9 2 2 2 9 2 2 2 2 2 9 2 2 10 2 2 2 2 2 2 2 2 2 1 2 2 9 2 2 2 2 2 2
left_child=2 7 3 6 15 11 40 8 24 12 -7 -5 44 18 29 30 55 21 -10 -17 -6 36 -23 -16 -2 -26 27 28 52 -15 -4 -20 34 -34 54 -12 37 -14 -39 49 -1 -21 -27 -22 46 48 57 -48 -46 50 -25 -51 53 -11 -18 -9 -56 58 -3 -19 -31 -8
right_child=1 9 4 5 20 10 61 16 13 26 35 -13 17 14 23 19 32 59 31 41 43 22 -24 39 25 42 -28 -29 -30 60 -32 -33 33 -35 -36 -37 -38 38 -40 -41 -42 -43 -44 -45 45 -47 47 -49 -50 51 -52 -53 -54 -55 56 -57 -58 -59 -60 -61 -62 -63
leaf_value=0.0051390934126208827 -0.016517970729295176 -0.012308943362993477 0.03102538965070006 0.049009976842724207 0.020608809599183823 -0.012398746207444116 0.024174494938391709 -0.0060275505471453191 0.033483067231716193 -0.013689261070207926 0.0034143735520952693 0.0084490681994929453 0.0027944353086491952 -0.010317682903541972 0.023999033007372515 0.037712689592442672 0.00051131431960219889 -0.0068548969156366369 0.0040294160022044069 0.12588099027309932 0.015112764343146047 -0.013528682932277809 0.0031387814780692229 0.0043122358063313994 0.001906054749801504 -0.0062770530797557796 -0.042194314722427601 0.012595204720040949 -0.059834024151866727 0.00091148916061406082 0.0079247963910994285 0.01184973454249744 -0.014934609533996513 -0.0028928241757125344 0.007350016677577874 -0.0056342632792436044 0.0096413292760833842 -0.022951483132043399 -0.0034589462485227714 0.00013487449521065961 0.011208554706216442 0.040179530635994991 -0.020393098598435262 0.0056554085192721719 -0.0044456651478160672 -0.033171335030125933 -0.029606480920537321 -0.011570010117318733 0.025751570257966396 -0.001986456558778547 0.017962403519680314 0.010491036376998419 -0.028917720323514529 -0.024909926930514553 -0.020404761650239748 -0.013766927976532976 -0.0011720678737461886 -0.0074287521524621786 -0.02957215556184601 -0.013989882373922267 -0.0059526146097423193 0.016151290267903191
leaf_weight=102462.50928115845 30539.428607702255 38473.645018815994 8848.8925786018372 5249.0796699523926 61205.074131727219 76093.203956127167 44046.874640464783 51294.976776599884 5905.8782026767731 72947.972238540649 75466.305656671524 17621.294913768768 45480.362947940826 40250.962809085846 7193.7677071094513 30646.396133899689 47030.932246208191 55658.631046533585 102121.17928481102 789.21427845954895 42844.63724732399 68182.943578720093 38105.991893053055 54008.579603433609 35967.571969747543 35607.791516542435 4591.7162857055664 3483.1527895927429 1776.4550607204437 91026.247334003448 9089.4418292045593 56815.280847549438 22910.220888137817 79588.529422283173 36976.331288337708 41064.680645465851 20775.330528259277 8418.7657237052917 17277.894491910934 104680.08623504639 124153.4346985817 425.91338849067688 14115.469942569733 46411.688900470734 10904.271526098251 2760.8895442485809 20814.721023082733 9286.7867493629456 2521.3250358104706 45350.868432044983 29148.4034678936 21878.272392749786 12944.219098091125 22015.122663497925 9267.0889601707458 63602.605030059814 9099.7221479415894 28851.294023752213 13653.386559009552 74206.914853572845 52094.617713928223 52945.880896806717
leaf_count=92642 9802 7999 4116 2599 21774 41177 27351 7653 2161 17561 36766 8514 10816 8730 1666 14785 6560 13198 30591 440 16405 15962 9306 10677 10861 7993 981 805 437 20519 3838 15925 3104 11026 5099 17221 5290 2027 4116 20857 106187 175 3390 15958 2452 572 4203 2166 548 8825 5726 4263 3604 3236 1297 9722 1236 5966 3081 18547 9540 33632
internal_value=6.51913e-06 -0.0043855 0.00962741 0.00617275 0.0189273 -0.0023685 0.0118605 -0.000846782 0.00106702 -0.0108468 -0.00476144 0.0177852 -0.00886903 0.00282188 0.000987775 0.0325101 -0.00519605 -0.00654705 0.0077803 0.0399347 0.0144314 -0.00367429 -0.0075532 0.00412844 -0.00814947 -0.00516781 -0.0184947 -0.0175327 -0.0184896 -0.00350404 0.0193213 0.00682502 -0.00232599 -0.00558623 0.000938239 0.000225678 0.000809033 -0.00176906 -0.00984576 0.00356793 0.00846433 0.0958996 -0.0102847 0.0101952 -0.0148553 -0.00464204 -0.0163435 -0.0240425 0.00122687 0.00595718 0.00909709 0.00207417 -0.0178084 -0.016289 -0.00268708 -0.0103136 -0.0108766 -0.0134813 -0.0168311 -0.0109312 -0.00158689 0.019795
internal_weight=2.35897e+06 1.61961e+06 739365 539103 200261 215495 323609 1.04647e+06 726704 573132 192624 22870.4 455373 610474 445632 49799.9 319770 328107 164842 31861.5 150461 198241 106289 262260 116230 85690.8 117759 113167 109684 183372 17938.3 158936 204873 102499 102374 116531 91952.4 71177 25696.7 255066 226616 1215.13 49723.3 89256.3 127266 16186.5 111080 30101.5 13425.6 150386 83157 67229.1 107907 94963.1 65397.7 114898 18366.8 80978.3 52127 129866 143121 96992.8
internal_count=793676 350096 443580 366089 77491 106277 259812 217223 171526 132873 95164 11113 106249 139480 90803 23354 45697 79262 48677 15400 54137 47517 25268 52014 32046 22244 26624 25643 24838 38789 7954 46516 28322 14130 14192 53987 22249 16959 6143 50348 198829 615 11383 32363 26987 3572 23415 6369 3000 29491 16403 13088 24401 20797 9093 17375 2533 17046 11080 31745 30059 60983
cat_boundaries=0 1 2 6 10 14 18 19 23
cat_threshold=1 6 1611662992 2165316672 1610744848 1098328 3509616704 2684414976 134244033 8194 536872064 1048576 1610748448 32768 553662360 1092157505 1610762816 1068752 14 16786368 1090520064 1610760192 1082944
is_linear=0
shrinkage=0.05


Tree=10
num_leaves=63
num_cat=8
split_feature=5 5 3 5 12 7 12 13 5 5 20 1 1 20 7 13 9 5 3 5 9 16 16 16 9 19 16 3 16 6 16 16 9 15 12 12 16 16 12 1 19 12 16 16 16 9 16 3 1 13 9 17 16 3 13 9 16 5 17 19 7 17
split_gain=164545 26557.5 18833.7 18033.7 16239.2 12837.8 9870.62 5567.87 4448.87 4010.93 2970.98 2770.72 2456.51 2315.28 1989.66 1864.88 1848.54 1814.79 1714.81 1674.84 1450.84 1381.11 1357.54 2305.99 1307.82 1306.58 1306.07 1126.3 1095.33 1092.9 1052.62 1053.16 1037.32 1023.88 1163.39 1006.05 943.096 1256.37 1222.8 912.627 899.396 879.342 868.38 1586.91 1544.62 3860.01 873.939 852.098 839.451 818.949 799.957 816.826 795.588 783.299 719.511 716.618 714.852 713.781 712.36 653.045 647.677 646.479
threshold=0.36394297102560175 1.3304427073546548 2.5000000000000004 0.10020920502092052 0.10210207172242126 3.5000000000000004 0.37401564766622453 1.5000000000000002 2.3769303872653844 0.86967844202898559 0 1.5000000000000002 16.500000000000004 1 43.500000000000007 36.500000000000007 0.77784748361912748 0.80044994375703049 6.5000000000000009 1.0000000180025095e-35 0.28586125808348034 16.500000000000004 25.500000000000004 19.500000000000004 0.49983860555196907 2 44.500000000000007 12.500000000000002 14.500000000000002 1.0678545493873897 15.500000000000002 9.5000000000000018 0.31647252895232975 65.500000000000014 0.069265139635913256 0.35844280622740382 51.500000000000007 45.500000000000007 0.11811355057954005 1.0000000180025095e-35 3 0.20004067987323296 31.500000000000004 18.500000000000004 9.5000000000000018 0.07659713168187747 25.500000000000004 60.500000000000007 4.5000000000000009 2.5000000000000004 0.34492053164792275 4 45.500000000000007 133.50000000000003 12.500000000000002 0.8670366498585661 11.500000000000002 0.22271825396825398 5 6 7.5000000000000009 7
decision_type=2 2 2 2 2 2 2 2 2 2 1 2 2 1 2 2 10 2 2 2 10 2 2 2 10 9 2 2 2 2 2 2 10 2 2 2 2 2 2 2 9 2 2 2 2 10 2 2 2 2 10 9 2 2 2 10 2 2 9 9 2 9
left_child=2 6 24 5 7 18 9 10 22 15 12 30 25 55 35 36 49 26 39 27 -21 -16 23 58 -1 -3 50 -13 60 -10 31 -7 -29 34 -11 59 37 38 42 -4 -14 47 43 44 -2 56 -45 -20 -34 -15 -8 -52 -17 -32 -39 -9 -46 -23 -6 -5 -18 -44
right_child=1 4 3 14 8 11 17 13 29 33 -12 19 40 16 21 52 28 -19 41 20 -22 57 -24 -25 -26 -27 -28 32 -30 -31 53 -33 48 -35 -36 -37 -38 54 -40 -41 -42 -43 61 46 45 -47 -48 -49 -50 -51 51 -53 -54 -55 -56 -57 -58 -59 -60 -61 -62 -63
leaf_value=0.0074870396928401603 0.0056534475555895213 0.010281118255947319 0.017415624816409465 0.013046360348379899 -0.012906591799937495 0.0396014503308878 -0.016856678795761495 -0.014185588761307311 -0.028297160182957495 -0.0041139831381545424 -0.013410980460253817 0.042947180844799843 -0.052502936225380339 0.017055771172373932 -0.0089419462642257221 0.0046597687444856328 -0.015188250269674781 -0.016847727457707871 0.036129935087793795 -0.03379715549514483 0.035925420617279054 0.02050161911108234 -0.025345850284889823 -0.00503382109801388 0.016092696510463429 0.047688477724929984 0.0036257546210605404 0.041981301469053565 -0.014643909341885154 -0.03956231103793717 0.040828562243030969 0.016998581892259935 0.056216130191343854 -0.00019064409544663951 -0.010853847746922328 0.0084350230455657003 -0.019215742040893147 0.00019885675332356777 -0.0078222922916160783 0.026544873610030124 0.0066942022413440218 0.026033908663813089 -0.032304132336192622 0.013472778434001145 -0.048563887826988214 -0.0059110982266690343 0.00084093158029642468 0.10370856736044175 0.072382328704502855 -0.0032543345743771845 -0.0054479631938295445 -0.015311652024064615 0.014448457617013938 0.11258494046836226 0.01325740299226162 -0.026657660053455608 -0.11543552341102983 0.0041935021044735869 -0.024764331199394342 0.02499423581120289 -0.00072668327523681792 -0.0037492663726481929
leaf_weight=204937.45097017288 31882.274715423584 3234.4936575889587 76991.120416879654 19658.325372457504 16567.163021087646 9592.8005449771881 35405.220673084259 20908.043927431107 36837.744062662125 162422.98239016533 7778.0321626663208 18948.20568561554 693.90970516204834 5445.0549046993256 16859.748332023621 138096.56916928291 10705.957902431488 119291.85704064369 27922.325988531113 901.07562828063965 4318.7877631187439 9137.749719619751 110116.1189968586 27702.87410068512 56271.764780521393 8577.1684272289276 18954.347941875458 8980.9740426540375 99772.954762220383 51865.028341293335 35756.661809444427 11141.02117061615 28270.755125761032 75838.024713039398 105690.6196846962 30874.288610935211 6619.5262448787689 18305.046124458313 58531.499779462814 42491.182042598724 7138.8402786254883 45254.037014245987 2051.0409166812897 36856.797089099884 737.86864447593689 35372.191990375519 21786.450661659241 473.6948676109314 11242.318123102188 55994.736937522888 76210.230272054672 28981.436397790909 24429.332791566849 383.74970245361328 24892.644351959229 25654.315051555634 877.14999055862427 25245.385809898376 54985.490473508835 27653.069812297821 27961.4131295681 51549.492218255997
leaf_count=186111 6702 1307 50416 4857 4757 3249 8361 6952 16701 32461 3702 6602 147 1318 2894 28672 4505 27845 14717 162 784 1553 31705 8165 32001 3290 4720 2607 24238 18976 12179 3630 8646 13135 23552 7623 1327 3604 12137 20426 1486 23610 408 7200 174 7007 4216 310 2940 12253 17241 6536 4938 107 5054 9637 198 4176 16509 6793 5759 10281
internal_value=-3.00768e-05 -0.00871931 0.0200297 0.0262052 -0.0174237 0.0325298 -0.00408731 -0.00863401 -0.0254994 -0.0012512 0.0127379 0.0447077 0.0230866 -0.0110122 0.0104377 0.00184506 -0.00867153 -0.0121828 0.0243618 0.0511778 0.0238854 0.00278008 -0.0215233 -0.0172822 0.00934099 0.0374957 -0.00869481 0.0532898 -0.0118752 -0.0348843 0.0364408 0.0274575 0.05733 -0.00532 -0.00677087 0.0154565 -0.000561506 -0.000124863 -0.0015397 0.0206624 0.00138537 0.0303629 0.000490719 0.00273541 -0.00241172 -0.0093637 0.00878004 0.0372609 0.0608175 -0.00145412 -0.0103558 -0.00816761 0.00613119 0.0415936 0.00772397 -0.0210532 -0.0849322 0.00852806 -0.0220243 0.0200382 -0.00473099 -0.00484924
internal_weight=2.36003e+06 1.64672e+06 713306 452097 571939 322669 1.07478e+06 273865 298074 795940 27422.4 129536 19644.4 246442 129429 451988 199880 278843 193132 72662.1 5219.86 51242.9 209372 99255.5 261209 11811.7 159551 67442.3 138440 88702.8 56874.2 20733.8 48494 343952 268114 78185.7 289462 282842 239645 119482 7832.75 73650.1 181113 127513 68869.5 36987.2 58643.2 28396 39513.1 61439.8 140597 105192 162526 36140.4 43197.7 46562.4 1615.02 34383.1 71552.7 47311.4 38667.4 53600.5
internal_count=793569 397176 396393 178281 171407 150385 225769 74594 96813 161066 9932 40906 6230 64662 27896 91918 48073 64703 109479 21741 946 8623 61136 29431 218112 4597 36858 20795 34502 35677 19165 6879 14193 69148 56013 19273 58308 56981 48323 70842 1633 38637 36186 25497 14081 7379 11416 15027 11586 13571 32138 23777 33610 12286 8658 16589 372 5729 21266 11650 10264 10689
cat_boundaries=0 1 2 3 4 8 12 13 16
cat_threshold=22 1 548865 540672 536872592 1091567680 1745551428 1081938 1073742480 1056784 1208090752 1097728 1853073 128 0 1744965632
is_linear=0
shrinkage=0.05


Tree=11
num_leaves=63
num_cat=9
split_feature=5 12 5 3 5 2 5 13 20 5 20 9 16 0 0 0 5 9 16 2 0 13 12 9 16 12 13 19 13 16 16 4 4 16 12 17 16 16 16 2 19 16 19 9 6 12 17 13 12 20 16 0 16 9 5 19 16 16 12 5 16 16
split_gain=148099 22705.2 17083.4 14759.4 20526.4 10835.6 8263.9 4932.5 3451.36 2848.94 2757.03 2744.36 2400.04 2350.18 2229.35 2147.57 2074.25 2034.24 1998.73 1658.67 1676.76 1394.73 1388.43 1315.04 1298.51 1290.78 1236.18 1227.03 1219.85 1146.66 1165.32 1061.97 1055.55 1043.31 1032.49 1002.77 997.428 1497.13 1476.61 994.349 977.133 954.017 925.731 913.206 910.996 890.159 868.948 853.006 961.869 805.008 798.084 797.617 758.562 895.79 726.31 725.938 721.195 1025.61 700.473 692.87 687.464 683.518
threshold=0.4005420054200543 0.20004067987323296 1.4434539958142782 2.5000000000000004 0.12955677943876218 3.5000000000000004 1.0435436417129782 1.5000000000000002 0 0.86967844202898559 1 0.07659713168187747 48.500000000000007 4.5000000000000009 7.5000000000000009 1.0000000180025095e-35 2.5010402219140091 0.98486280575127461 44.500000000000007 6.5000000000000009 1.0000000180025095e-35 33.500000000000007 0.34928494424014428 0.73916228698837405 49.500000000000007 0.35844280622740382 36.500000000000007 2 6.5000000000000009 15.500000000000002 9.5000000000000018 73.500000000000014 2.5000000000000004 16.500000000000004 0.36211258174274713 3 25.500000000000004 44.500000000000007 18.500000000000004 1.0000000180025095e-35 4 51.500000000000007 5 0.85735481136074621 1.1163781712473575 0.43418016326770031 6 29.500000000000004 0.43123387704880828 7 14.500000000000002 42.500000000000007 9.5000000000000018 0.083551483420593389 0.64293170295257995 8 25.500000000000004 19.500000000000004 0.2616105926054349 1.5003234152652007 16.500000000000004 45.500000000000007
decision_type=2 2 2 2 2 2 2 2 1 2 1 10 2 2 2 2 2 10 2 2 2 2 2 10 2 2 2 9 2 2 2 2 2 2 2 9 2 2 2 2 9 2 9 10 2 2 9 2 2 1 2 2 2 10 2 9 2 2 2 2 2 2
left_child=3 6 9 28 5 22 26 10 43 18 14 15 17 25 55 29 49 36 21 -13 34 -3 31 -14 -25 35 41 -16 -1 30 -7 -5 -30 -15 -21 -6 38 46 40 -33 52 61 -19 -9 -18 -23 -38 -11 -49 -4 -44 -29 -10 -54 -28 -8 57 -51 -31 -52 -22 -2
right_child=1 2 16 4 13 11 7 8 12 47 -12 19 23 33 27 -17 44 42 -20 20 60 45 -24 24 -26 -27 54 51 32 58 -32 39 -34 -35 -36 -37 37 -39 -40 -41 -42 -43 50 -45 -46 -47 -48 48 -50 56 59 -53 53 -55 -56 -57 -58 -59 -60 -61 -62 -63
leaf_value=0.027655110989335402 -0.0014518769870175575 -0.013145089594557069 -0.035899682945918068 0.025825166864682583 0.021244858345523136 0.036205580197477369 0.026085409958653806 -0.014215845986098322 -0.0071850759848816033 -0.019911098732089034 -0.01301774190296447 0.037440291668048804 -0.0092744260591362208 -0.010035580614458096 -0.04445626341921765 -0.041035806191800292 -0.028388021715062706 -0.019623297596873659 0.0052394769701998335 0.057537183763393923 0.010394222956294432 -0.00061942385887633021 0.018044255390794479 -0.041299523496615462 -0.014204847294279017 0.0062649621641845373 0.0099424271734614936 0.022386089813058792 0.0058766603543286477 0.057571256230833159 0.00052528077703653693 0.11280068238190342 0.012711945456248656 0.004949427882437147 0.043788889040535593 0.0063732313730335477 5.0778598270562662e-05 0.0060278269180490049 0.0082152260296977503 0.041358670920930631 -0.00097078211015710165 -0.019547072914179904 -0.0025762503895285583 -0.025668650052616385 -0.039991682791378935 -0.0090331880734715441 -0.013009660898578277 -0.0085946450436183552 -0.016544186990963484 -0.023122060927471575 -0.0067120732253287399 -0.007045961259462598 -0.065853263840966958 -0.018603227795902566 0.0024546455030170578 0.056533663804649407 -0.026667109848908223 -0.0078650200789744853 0.030698084173814883 -0.01541818582467591 0.039055025085570953 0.0050132685413868498
leaf_weight=8308.7865591049194 266583.72157931328 92539.630603790283 13375.139503479004 90208.407315731049 47568.007029294968 3913.5407609939575 3725.6582999229431 35525.153455018997 9152.1857872009277 57558.99730181694 7765.5056853294373 57154.057108163834 13962.255296468735 16736.837428569794 998.98730063438416 1180.2617411613464 29502.936254501343 24959.458393096924 30199.102261066437 35379.824802160263 3152.1437654495239 59524.772984027863 88523.391921043396 10335.158195257187 7730.9308159351349 40805.083800077438 44315.222841501236 7385.1670968532562 167241.06789016724 3491.9336059093475 5508.7429628372192 616 85285.41370677948 37954.958760738373 22277.562959909439 14920.24914598465 16449.779839515686 18016.548987150192 37458.867140769958 2325.5374908447266 49742.449755430222 6684.927882194519 34332.745717048645 34134.406942367554 39690.624565839767 66617.349425554276 56508.714594841003 72493.067038059235 80100.483758926392 37691.862162828445 41516.742518186569 3343.5863537788391 1367.0699288845062 3765.1166331768036 120303.83816957474 4284.533355474472 59723.223267316818 15564.720461130142 7951.9299733638763 50841.771558523178 6226.816752910614 48286.246775150299
leaf_count=5112 53889 19093 4872 51908 11631 1284 1657 11008 2173 12887 3704 20859 2734 2773 236 221 14071 7650 7127 10142 606 13484 51473 2259 2009 10018 9064 1923 142873 1185 1620 616 69820 6129 6422 3661 3126 3728 7683 1141 9394 1351 9000 12296 15508 16081 11200 18006 21604 10992 8857 601 370 808 23545 1854 16941 4678 2731 12885 1175 9784
internal_value=-1.1954e-05 -0.00852999 -0.0157097 0.0183998 0.0235501 0.0306833 -0.00363177 -0.00833473 -0.00960255 -0.0104376 0.0122149 0.040814 -0.00770855 0.00874447 0.0221377 0.0245553 -0.0280854 -0.00649022 -0.00681797 0.0437 0.0490364 -0.00848308 0.0225285 -0.0208 -0.0297065 0.0131819 0.000946686 0.00826016 0.00880548 0.0282671 0.0153473 0.0267898 0.00818517 0.000363601 0.052226 0.0176986 -0.00307769 -0.00687939 0.000330303 0.0563529 -0.00428282 -0.000857274 -0.010821 -0.0198254 -0.0350446 -0.00506288 -0.0100668 -0.0147243 -0.0127677 -0.0242742 -0.00908449 0.0132016 -0.0158037 -0.0311997 0.00447039 0.0424799 -0.0228924 -0.0186633 0.0389024 -0.0115048 0.0294246 -0.000460415
internal_weight=2.36079e+06 1.61406e+06 654582 746731 485895 327910 959477 473303 445799 459033 27503.4 146237 376140 157985 19737.9 22046.4 195549 344111 248881 124190 67036.3 218682 181673 32028.3 18066.1 103293 486174 11727.7 260835 20866.1 9422.28 93149.9 252526 54691.8 57657.4 62488.3 192461 90975 101486 2941.54 64026.8 321555 151651 69659.6 69193.6 126142 72958.5 210153 152594 126355 126691 10728.8 14284.4 5132.19 164619 8010.19 112980 53256.6 11443.9 92358.5 9378.96 314870
internal_count=793532 390132 175344 403400 185595 151383 214788 117155 107180 108282 9975 46245 83876 34212 6271 7041 67062 76874 55785 39204 18345 48658 105138 7002 4268 25310 97633 2760 217805 6820 2904 53665 212693 8902 16564 15292 38482 18054 20428 1757 12745 65024 38392 23304 29579 29565 14326 52497 39610 37483 30742 2524 3351 1178 32609 3511 32611 15670 3916 21742 1781 63673
cat_boundaries=0 1 2 3 7 8 9 13 14 15
cat_threshold=1 22 540672 554706880 21561872 1892356098 35922 549377 540673 18878464 18106880 276840448 1552 1 549123
is_linear=0
shrinkage=0.05


Tree=12
num_leaves=63
num_cat=14
split_feature=5 5 12 9 5 7 12 5 20 0 3 5 17 5 19 3 7 5 17 15 0 9 0 12 1 1 3 9 12 1 7 15 9 4 15 21 5 7 20 20 12 20 9 8 20 5 12 0 19 17 7 4 12 9 5 7 17 12 20 12 19 12
split_gain=135060 20309.2 14355.9 13913.7 14197.6 10484.8 7301.07 4641.26 3176.62 2593.37 3730.42 2292.1 2035.76 1999.71 1874.96 1811.23 1646.28 1619.59 1390.32 1378.48 1374.16 1292.75 1235.21 1182.15 1178.93 1162.58 1147.8 1122.04 1065.22 1053.76 1049.15 1195.78 968.441 949.125 879.668 875.44 868.148 837.549 861.719 810.593 797.089 776.35 744.547 706.463 697.15 672.538 660.054 650.898 621.18 590.653 581.742 571.809 566.924 559.188 553.442 549.444 547.985 544.392 537.626 506.058 485.757 483.478
threshold=0.4005420054200543 1.1853760977472321 0.08201202207325177 0.24980974124809743 0.18241235888294713 2.5000000000000004 0.34506097940134145 1.778156350558395 0 1.5000000000000002 4.5000000000000009 3.6254770992366416 1 0.84853898520714077 2 12.500000000000002 64.500000000000014 0.10020920502092052 3 25.500000000000004 1.0000000180025095e-35 0.26927580616105212 1.0000000180025095e-35 0.33202046355051529 2.5000000000000004 2.5000000000000004 4.5000000000000009 0.92599798241821596 0.4031301471703998 1.5000000000000002 122.50000000000001 1.0000000180025095e-35 0.70005512679162074 2.5000000000000004 100.50000000000001 4 0.66709292412617238 118.50000000000001 5 6 0.35844280622740382 7 0.8670366498585661 1.1228221938930372 8 0.15142106520181517 0.2616105926054349 1.5000000000000002 9 10 3.5000000000000004 6.5000000000000009 0.088607202795884868 0.12523062730627307 2.7841614906832302 296.50000000000006 11 0.37958639503350933 12 0.22347167710975033 13 0.39042430656018517
decision_type=2 2 2 10 2 2 2 2 1 2 2 2 9 2 9 2 2 2 9 2 2 10 2 2 2 2 2 10 2 2 2 2 10 2 2 9 2 2 1 1 2 1 10 2 1 2 2 2 9 9 2 2 2 10 2 2 9 2 1 2 9 2
left_child=3 6 8 9 5 26 13 28 42 10 33 27 15 19 -13 -7 40 25 21 37 29 -8 24 32 57 59 -5 49 34 46 31 35 58 -1 -4 44 -23 38 -2 -25 48 -15 -3 -40 -16 -11 -12 -44 -6 -10 -33 -46 -43 -39 -41 -51 -29 -14 -9 -17 -45 -18
right_child=1 2 7 4 16 12 18 23 11 45 20 14 22 41 30 17 61 -19 -20 -21 -22 36 -24 39 -26 -27 -28 56 -30 -31 -32 50 -34 -35 -36 -37 -38 53 43 54 -42 52 47 60 51 -47 -48 -49 -50 55 -52 -53 -54 -55 -56 -57 -58 -59 -60 -61 -62 -63
leaf_value=0.0050720753606039795 -0.0056260248238456847 -0.011224970546159674 -0.015012176443267428 0.016222326803822962 0.0082133915574743224 0.034239208711658628 -0.017710878263163952 -0.02542614113954755 -0.01002228653446869 -0.051809948273103396 0.027869226800606519 -0.028879450830652017 0.033226250905850782 -0.011806375472688858 -0.0079867254953935179 0.053129970862851698 0.0043434413510206882 0.029933860218239919 -0.015589332606598331 0.0072272664312523528 0.0029216788551875914 -0.0014890491093123681 0.013059123235016524 -0.040588320540529098 0.046829883555667126 0.060805420470842281 0.025590839562018543 -0.020242697418822349 -0.020487538459329144 0.035717217706007783 -0.024790513623420052 -0.026720997024753682 -0.026007247251300443 0.011473433784821879 -0.0037920345877331531 0.0066239122133806604 -0.0091268736585898586 -0.020970821224944421 0.00035978621402944105 -0.025582807728780549 0.0068796588923026565 -0.0014295629544653404 -0.012618274981349667 -0.00090861207826570972 0.044134228428307547 -0.0090997954589020821 0.015428689825367679 -0.02873882363344454 0.020343880361595502 0.0026788307154101965 0.029833313494914544 0.02179756552764392 -0.0064064124973554765 -0.0028870556872137021 -0.033637927355715032 -0.0072053521795101593 -0.0084118639499569554 0.019788743138801315 -0.0083454569143016945 0.039979316003168959 0.0087926382562660797 -0.0079172775619949978
leaf_weight=143033.39161062241 32396.238759756088 21973.240540504456 85164.360299110413 91984.411660671234 14633.299201011658 39958.056771993637 28742.867478847504 6611.6401336193085 18551.060731649399 999.86962270736694 16815.359778165817 3176.2723743915558 24134.842059850693 28118.302953720093 1437.003986120224 12429.622148275375 29492.605619907379 10385.824278831482 88159.859503984451 84521.571697235107 9257.6216781139374 60616.501144647598 8501.1955146789551 17061.714974164963 12658.207817554474 20503.768038272858 50730.453099966049 10756.455760717392 74764.737329959869 13842.695706367493 1880.1904006004333 2437.7689657211304 53605.784488916397 97296.239943981171 21977.528595924377 11258.167515039444 96327.250725269318 4469.0878620147705 95037.028362989426 55939.529065847397 30801.278594732285 174564.93267083168 9299.8089122772217 16299.63480758667 4143.6458511352539 11666.537384986877 29151.927526950836 19182.129003286362 38303.474804878235 51766.028836250305 558.0514030456543 9297.8612246513367 85123.770390987396 97892.126553535461 34491.710097312927 19301.392082691193 109197.2662396431 10968.758259773254 15267.795738697052 17847.51384472847 61993.484441280365 11053.113174438477
leaf_count=129549 8904 7330 21606 50774 3606 15156 6939 2503 4488 167 10484 1272 8676 7702 661 4126 4616 2146 20674 15878 2427 13767 1673 7870 3806 5605 25858 2879 20428 4504 283 1344 16928 82646 4564 4138 22311 677 22717 18362 7543 32623 4842 3772 1922 2293 17131 6323 9282 10736 149 2393 17752 14177 15403 2509 24991 3937 4480 6038 13488 1777
internal_value=-5.03993e-05 -0.00818672 -0.0149368 0.0175353 0.0234821 0.0293674 -0.00352451 -0.021563 -0.00671899 0.00969913 0.010607 -0.00435457 0.0382669 -0.000749933 0.00764915 0.0425161 0.00927096 0.0479293 -0.0104184 0.00157086 0.0208482 -0.00796196 0.0306159 -0.0271856 0.033747 0.0516092 0.0195527 -0.00631305 -0.0159071 0.0236229 0.0113968 0.013737 -0.022389 0.00766367 -0.0127107 0.0171666 -0.00617694 1.90467e-05 0.00185796 -0.0305536 0.0132752 -0.00391581 -0.0181373 0.00325691 0.0251216 -0.0124751 0.0199801 -0.0234758 0.0169963 -0.00208035 -0.0161798 0.0286648 -0.00306083 -0.00367679 -0.0286523 -5.70392e-06 -0.0094753 0.0290281 -0.0135233 0.0453796 0.00677398 0.00100095
internal_weight=2.35981e+06 1.61336e+06 659101 746450 424386 300103 954263 364885 294216 322064 309397 243761 157388 680416 34189 101125 124284 61166.7 273846 392609 69067.6 185687 56263 182978 47761.8 50780.9 142715 209572 181907 59810 31012.7 29132.5 75485.2 240330 107142 26136.7 156944 308088 205726 107493 83738.1 287807 50455.2 173330 14878.5 12666.4 45967.3 28481.9 52936.8 89618.5 2995.82 13441.5 259689 102361 90431.2 71067.4 119954 35103.6 21879.4 30277.1 78293.1 40545.7
internal_count=793605 389785 188404 403820 154619 127795 201381 112144 76260 249201 246741 57765 51163 137690 12162 33071 26824 17915 63691 79613 34546 43017 18092 65546 16419 15769 76632 45603 46598 32119 10890 10607 23911 212195 26170 9114 36078 63735 48881 41635 20431 58077 18495 39977 4976 2460 27615 11165 12888 17733 1493 4315 50375 14854 33765 13245 27870 12613 6983 10164 17260 6393
cat_boundaries=0 1 5 6 10 11 12 13 14 15 16 20 24 25 26
cat_threshold=1 554706880 55189520 1217069122 1082192 540672 1610614416 17841216 1753875538 1081938 110787 1 1 1 8 1589905 2148565184 1610656769 134220801 327680 3239084032 1610654720 146803843 8712 1 573569
is_linear=0
shrinkage=0.05


Tree=13
num_leaves=63
num_cat=7
split_feature=5 5 4 12 5 1 12 5 20 5 1 6 1 9 16 14 16 19 16 9 5 16 1 10 16 4 15 6 16 14 15 9 12 16 5 16 4 17 5 9 20 8 9 16 16 16 16 9 16 21 17 16 16 16 16 16 9 16 5 19 16 16
split_gain=120735 21590.1 17630.9 13973.1 6578.81 9215.42 6343.48 4358.07 3565.85 2870.34 2485.55 2396.64 2965.52 2148.01 2037.56 1940.79 1898.32 1790.03 1631.61 2483.37 1607.99 1601.61 1447.41 1439.02 1419.6 1654.04 1206.37 1166.88 1137.16 1133.64 1118.78 1056.55 1031.52 1028.39 1003.29 958.397 953.303 943.249 918.527 896.389 891.819 1023.72 814.677 791.771 1503.89 780.668 1729.51 2072.45 1026.38 759.42 747.776 745.117 739.257 842.552 841.151 962.773 738.922 717.963 708.291 655.82 663.282 1873.64
threshold=0.28611556982343506 1.0858124693176241 6.5000000000000009 0.16331553507366889 1.0000000180025095e-35 1.5000000000000002 0.37958639503350933 1.9263137483032773 0 0.57176079734219276 1.0000000180025095e-35 2.9978292329956591 37.500000000000007 0.054158809972763469 16.500000000000004 1.0000000180025095e-35 48.500000000000007 1 9.5000000000000018 0.054158809972763469 3.9921875000000004 43.500000000000007 3.5000000000000004 1.5000000000000002 15.500000000000002 115.50000000000001 63.500000000000007 1.1803436520128792 10.500000000000002 1.0000000180025095e-35 15.500000000000002 0.57900856793145661 0.13605214236856647 19.500000000000004 0.50025025025025038 25.500000000000004 30.500000000000004 2 0.15142106520181517 0.87962219844242329 3 1.0548234206115257 0.24980974124809743 25.500000000000004 18.500000000000004 16.500000000000004 9.5000000000000018 0.07659713168187747 26.500000000000004 4 5 10.500000000000002 25.500000000000004 44.500000000000007 19.500000000000004 14.500000000000002 0.68502630705787559 8.5000000000000018 2.9740708729472778 6 25.500000000000004 22.500000000000004
decision_type=2 2 2 2 2 2 2 2 1 2 2 2 2 10 2 2 2 9 2 10 2 2 2 2 2 2 2 2 2 2 2 10 2 2 2 2 2 9 2 10 1 2 10 2 2 2 2 10 2 9 9 2 2 2 2 2 10 2 2 9 2 2
left_child=2 6 10 8 5 13 9 43 39 30 42 16 15 24 18 -13 23 -17 -6 -20 -19 34 -7 -10 28 35 32 -9 -4 -12 45 -14 59 -27 -8 36 -26 -23 -16 -3 41 -15 -1 44 50 46 -2 -48 -47 -33 -5 -52 54 -54 55 -25 -18 -36 -29 -11 61 -61
right_child=1 3 4 7 14 22 21 27 11 26 29 12 31 40 38 17 56 20 19 -21 -22 37 -24 52 25 33 -28 58 -30 -31 -32 49 -34 -35 57 -37 -38 -39 -40 -41 -42 -43 -44 -45 -46 48 47 -49 -50 -51 51 -53 53 -55 -56 -57 -58 -59 -60 60 -62 -63
leaf_value=0.005673309835282297 0.007233406243038411 -0.011789211935351023 0.016816224279934341 -0.0082209008469028271 0.014408465385579078 0.039211301513637137 -0.0045970654077991469 -0.023161556050914446 -0.011404808191768796 -0.0053406875430698185 0.015891036117413923 -0.024875395592176719 0.0096502934500497344 0.027509763178727747 0.032888929548107723 -0.001234414643211577 -0.010475246218523859 0.010616962933404087 -0.083388143835296344 -0.0040230903073619293 0.034436304893196351 0.0089478181085874946 0.053708257615589151 0.00028739404601651553 0.025939519290073872 0.12667088185133829 0.0033004692132852856 -0.028191171050264564 -0.0051783621706966241 0.036270890953353105 0.013133716164915783 -0.0072209509505412597 -0.0072735361234395023 0.019781915185291075 -0.0070687902322881038 0.015902559887553017 0.063223232201898044 -0.0071767182155509342 0.015641849334035247 -0.023054193277061 0.020661247276063194 0.040875186174286759 0.01273667207489464 -0.019323507524294996 -0.002339715553228604 0.013711223582524121 -0.079024681987026307 -0.0088468298563050898 0.002959563992132088 -0.024287233826708762 -0.015984429989905031 -0.029538948146805667 -0.010775938689324648 0.0039797979663665703 0.0062082881720432748 -0.013059492280773927 -0.029238064193480698 -0.014492751803913673 -0.03839175172590658 -0.00034635851045091088 -0.0028425001138809632 0.016037969781399205
leaf_weight=192918.04391026497 23548.975537776947 34068.016230344772 12651.627154588699 18773.055312633514 13220.060462474823 53653.915824174881 55197.117978572845 68549.662554502487 91735.730066776276 76425.363007545471 50661.869036197662 3611.4930980205536 7211.6308002471924 74335.209364175797 9505.0625023841858 14324.588209152222 8686.7943513393402 17364.345087051392 1067.7116498947144 12683.871761798859 11970.072275161743 18249.007763147354 25372.627064943314 42205.885193824768 9689.7609796524048 599.76205730438232 102560.46959710121 42088.242965936661 10972.593194961548 7885.8157207965851 39534.537467002869 27148.482940673828 96719.824102401733 360.47401523590088 45291.762928724289 32684.911118030548 2083.1296377182007 18009.56119799614 41113.181202411652 36673.29771733284 34854.694639205933 17754.299627542496 51780.280281066895 96165.862064361572 24901.778553962708 30699.290127277374 1112.8502345085144 18962.058801412582 80145.111892223358 8581.9900250434875 34363.536676883698 14385.866893053055 47877.855316877365 12123.337658643723 30024.212356090546 19872.749999761581 13258.379207849503 115938.19322919846 28596.160848855972 97233.713941574097 106562.90217471123 21264.055777788162
leaf_count=177179 5257 10835 8765 4631 2833 18676 12384 28155 27221 17360 26623 1622 1258 34441 1846 4549 1701 4555 216 2640 4209 4416 7162 7891 9042 473 17918 12921 6688 3714 8255 4611 21684 191 10082 22644 1953 4510 8798 13925 15306 6127 28322 24327 6433 6503 273 4106 16789 1508 8739 3725 8561 2369 5523 3530 3109 27371 12559 19227 20639 3969
internal_value=-4.3169e-06 -0.00702771 0.0182223 -0.013338 0.0258249 0.0294526 -0.00200215 -0.0211009 -0.00737434 0.000465168 0.00938231 -0.00533634 0.00170523 0.0236404 0.0129666 0.0103455 -0.00772659 0.0132595 0.00186652 -0.0101908 0.0203305 -0.00878611 0.0438664 -0.00645886 0.0165421 0.0217129 -0.00153517 -0.0278104 0.00660075 0.0186366 0.00562848 -0.00780599 -0.00278062 0.0866069 -0.0104154 0.0203093 0.0325414 0.000939303 0.0188811 -0.0176269 0.0275008 0.0300837 0.00716802 -0.0161473 -0.0128424 0.00370752 -0.00195847 -0.0127409 0.00593742 -0.0113294 -0.0167156 -0.0199808 -0.00347584 -0.0077945 -0.00066236 -0.00398538 -0.0218118 -0.0124073 -0.0323184 -0.00133923 1.98263e-05 0.00259387
internal_weight=2.35787e+06 1.70202e+06 655849 754563 352603 275013 947455 327824 426739 694769 303246 355998 90212.6 195986 77589.9 47270.5 265785 43659 26971.6 13751.6 29334.4 252686 79026.5 243840 69042.3 45418 500766 139234 23624.2 58547.7 194003 42942.1 398206 960.236 216427 44457.8 11772.9 36258.6 50618.2 70741.3 126944 92089.5 244698 188590 92424.2 154468 43623.9 20074.9 110844 35730.5 67522.5 48749.4 152104 60001.2 92102.8 62078.6 21945.2 161230 70684.4 301486 225061 118498
internal_count=792849 409210 383639 208467 147801 131468 200743 101490 106977 141980 235838 82217 22312 105630 16333 14935 59905 13313 5689 2856 8764 58763 25838 55095 49756 34303 100797 53635 15453 30337 41183 7377 82879 664 49837 33639 10995 8926 10644 24760 55874 40568 205501 47855 23528 32928 9636 4379 23292 6119 17095 12464 27874 10930 16944 11421 4810 37453 25480 61195 43835 23196
cat_boundaries=0 1 2 6 7 9 13 14
cat_threshold=1 549889 536872592 1048576 1744965632 1083394 14 33790903 1024 1073742480 1074790400 1208090624 1097730 1597585
is_linear=0
shrinkage=0.05


Tree=14
num_leaves=63
num_cat=6
split_feature=0 3 12 4 20 1 0 2 0 10 1 20 10 0 0 10 19 16 10 0 16 16 4 0 14 3 12 6 4 12 0 2 1 16 15 0 6 21 1 16 16 19 16 19 16 16 16 4 12 14 12 16 0 4 12 2 2 16 0 15 3 6
split_gain=99850.2 25330.9 16188.3 6689.78 5023.89 4679.96 4020.56 3838.02 3044.18 3313.53 2819.2 2450.78 2179.43 2009.07 1943.03 1834.97 1604.45 1601.67 1509.36 1764.42 1427.87 1425.32 1606.31 1384.93 2902.34 3209.01 1366.7 1289.41 1213.49 1197.65 1133.61 1120.97 1037.14 937.545 926.804 895.647 843.664 837.197 821.386 803.208 1237.58 955.877 801.102 788.743 851.844 1629.6 1268.94 787.767 754.78 754.244 738.205 671.413 627.975 621.149 613.684 613.208 604.326 590.205 586.83 581.771 564.879 553.059
threshold=1.0000000180025095e-35 6.5000000000000009 0.24585441421063334 11.500000000000002 0 1.5000000000000002 1.5000000000000002 1.5000000000000002 62.500000000000007 1.5000000000000002 3.5000000000000004 1 1.5000000000000002 44.500000000000007 2.5000000000000004 2.5000000000000004 2 16.500000000000004 2.5000000000000004 2.5000000000000004 10.500000000000002 26.500000000000004 47.500000000000007 2.5000000000000004 1.0000000180025095e-35 8.5000000000000018 1.0000000180025095e-35 2.9487907925407932 3.5000000000000004 0.53968145065389994 3.5000000000000004 8.5000000000000018 3.5000000000000004 45.500000000000007 192.50000000000003 43.500000000000007 0.039344685242518072 3 5.5000000000000009 25.500000000000004 18.500000000000004 4 9.5000000000000018 5 25.500000000000004 18.500000000000004 44.500000000000007 5.5000000000000009 1.0000000180025095e-35 1.0000000180025095e-35 0.16331553507366889 25.500000000000004 1.5000000000000002 4.5000000000000009 0.072609844539681348 4.5000000000000009 3.5000000000000004 16.500000000000004 258.50000000000006 10.500000000000002 1.5000000000000002 2.7738892270237376
decision_type=2 2 2 2 1 2 2 2 2 2 2 1 2 2 2 2 9 2 2 2 2 2 2 2 2 2 2 2 2 2 2 2 2 2 2 2 2 9 2 2 2 9 2 9 2 2 2 2 2 2 2 2 2 2 2 2 2 2 2 2 2 2
left_child=1 7 4 47 18 17 10 28 9 16 55 -8 35 29 31 58 -6 20 19 59 -3 22 -19 24 25 53 61 34 49 33 -20 -11 -7 39 43 -13 -24 54 -27 40 41 -14 -43 -16 45 -45 -46 -4 -29 -1 -9 -17 -49 -18 -28 -5 -23 -34 -10 -2 -26 -25
right_child=2 5 3 6 8 32 11 50 15 14 -12 12 13 -15 27 51 23 21 30 -21 -22 56 36 26 60 38 37 48 -30 -31 -32 -33 57 -35 -36 -37 -38 -39 -40 -41 -42 42 -44 44 46 -47 -48 52 -50 -51 -52 -53 -54 -55 -56 -57 -58 -59 -60 -61 -62 -63
leaf_value=0.0052492750299601943 -0.010786629579629182 0.028293459743105834 -0.030753223650153018 -0.012439099176642505 -0.014437811359799716 0.038781993822250185 -0.027627882094526324 0.026322991636378246 -0.011262722033053781 0.0017644982577491005 0.012678483190936049 -0.014764424976422601 0.0017471395763213719 -0.016797482709938586 -0.0038213567323377284 0.00025617272163556054 -0.029713043159658739 0.034254752873137354 0.0093972688857461087 -0.02304438290509422 0.010270430238053199 0.021884845934781051 0.097420499655033188 -0.01597354028360002 0.049343483456536656 0.0029513252732637791 -0.001349805560309769 0.03484343137444669 0.012498870325410329 -0.013209590585848427 -0.0081382250952324355 0.021030271802521906 0.041168195882760494 0.0044686259963233974 0.0093310826235843431 -0.030068570215484161 0.053590890798166868 -0.01077010715027827 0.017799726880526862 -0.0098383997709335352 0.0082325254907384265 -0.0049526006264282172 -0.017792927937238391 0.0010018571276102861 -0.0049252907751446591 0.013270585334520892 0.0065076615818558271 -0.015633779033257283 0.010189312365597385 0.021648184698659884 0.0166544199629815 -0.0062631197023458283 -0.028215334661408811 -0.011098039557596575 -0.0081175249644598324 -0.0022187048587839677 0.032689313579710576 0.057237731263158599 -0.026979549813120726 0.0055356862573048378 0.020379739324192455 0.016400035603200889
leaf_weight=192308.89064264297 52988.797175645828 22228.998199462891 38269.552426815033 24918.788548946381 27362.268754243851 47095.717091798782 23476.341606140137 30567.469884634018 61066.634390354156 10921.383024454117 28362.282735347748 158316.50243520737 26787.675223112106 61272.550723552704 65494.311032056808 80291.082601547241 6149.3368158340454 14915.902730464935 12423.003831386566 36872.711530447006 21736.66668510437 26871.379626750946 1537.4294888973236 1504.3777270317078 1960.6644372940063 40966.844705820084 123660.02276229858 3649.0257885456085 104453.92230653763 55793.618797540665 35699.91067647934 24460.469521522522 8971.0293350219727 23435.272938251495 37786.16335773468 10174.586158752441 3861.336442232132 46280.641075849533 12053.603209972382 81240.572151660919 19298.807096004486 31468.559592723846 19784.206964015961 76827.665051460266 68044.228843927383 41786.507845878601 37723.951833486557 24258.268175601959 20781.613285541534 7276.1395120620728 55775.291582107544 77724.523374080658 16783.115445375443 16523.399034500122 45940.066098690033 35704.142688751221 24988.511322975159 15811.798226594925 6578.7713241577148 6085.5993764400482 11901.705004453659 10679.120856761932
leaf_count=165787 20942 9864 19724 11116 8024 15897 6316 13435 9083 3805 7853 39566 5839 8896 13334 10739 3282 7099 3328 10546 9578 14247 1269 506 1158 13622 26329 1006 83114 12661 7917 6347 2478 5275 7019 1600 1482 10531 3096 17129 4476 6635 4251 15012 12952 8066 7310 10628 4228 5065 24948 10306 6200 7279 10387 11258 8552 4461 852 2252 3933 3250
internal_value=-1.37768e-05 0.0180362 -0.00587397 -0.0119449 -0.00213208 0.0331135 -0.010141 0.0107745 -0.000823008 0.000741331 -0.000332585 -0.0118488 -0.0110882 -0.00865924 0.00391455 -0.00590061 -0.00282275 0.0269073 -0.010837 -0.0144622 0.0193833 0.0314902 0.0427175 -0.00182158 0.00344714 -0.000404993 -0.00389057 0.00279212 0.00813246 -0.00672499 -0.00361131 0.0150837 0.043141 -0.00493399 0.00196589 -0.0156888 0.0660882 -0.0048101 0.00632721 -0.00616792 -0.00310443 -0.00590804 -0.00990744 0.00100579 0.00241484 0.00532407 -0.000847518 -0.0255923 0.013873 0.00584722 0.0200776 -0.00295055 -0.0207793 -0.0161479 -0.00318285 -0.00641989 0.0270915 0.0514227 -0.0127916 -0.00910511 0.0244796 0.0124017
internal_weight=2.35993e+06 578400 1.78153e+06 679345 1.10219e+06 188019 600034 390382 958118 732457 88985.2 511049 487572 319081 387475 225661 344982 116140 144070 95947.1 43965.7 72174.6 20314.7 317620 89555.6 75693.2 228064 352093 304039 257809 48122.9 35381.9 71878.5 202015 327663 168491 5398.77 215881 53020.4 178580 97339.2 78040.4 51252.8 289877 224382 118614 105768 79310.9 24430.6 199585 86342.8 158016 41041.4 22672.7 169600 60622.9 51859.9 24782.8 67645.4 59074.4 13862.4 12183.5
internal_count=793140 367276 425864 179423 246441 74927 142871 292349 201456 170476 30227 112644 106328 65162 79079 30980 91397 52091 44985 33740 19442 32649 9850 83373 32370 27279 51003 68927 253966 56266 11245 10152 22836 43605 63693 41166 2751 47247 16718 38330 21201 16725 10886 56674 43340 23078 20262 36552 5234 170852 38383 21045 16828 10561 36716 22374 22799 6939 9935 23194 5091 3756
cat_boundaries=0 1 2 3 5 6 7
cat_threshold=1 1 540672 1079881911 165130 165898 540801
is_linear=0
shrinkage=0.05


Tree=15
num_leaves=63
num_cat=8
split_feature=5 5 9 5 12 7 12 13 5 5 2 7 7 5 21 16 16 12 5 10 15 2 7 19 16 16 12 8 19 16 16 16 16 16 9 0 12 16 16 8 16 16 16 16 16 9 16 16 16 19 16 2 16 19 13 13 5 16 19 8 19 19
split_gain=99142.2 16198 10994.2 10491.7 10182.4 7374.17 6998.51 3255.59 3044.78 2281 2657.44 1967.49 1966.71 1863.72 1595.8 1499.12 1993.34 1478.93 1387.41 1368.45 1312.45 1282.81 1200.76 1190.58 1033.57 1577.11 1033.34 947.59 936.097 913.995 2195.67 1074.44 1638.24 943.211 2342.59 868.618 859.083 818.204 2188.35 810.233 805.631 1237.27 1030.92 1663.3 1560.05 4005.03 1494.62 795.423 786.274 1003.42 748.316 724.298 722.699 705.211 652.579 647.265 637.765 611.166 575.615 562.826 559.41 549.793
threshold=0.4005420054200543 1.4434539958142782 0.24980974124809743 0.21165907563652656 0.062436701546618241 2.5000000000000004 0.37401564766622453 3.5000000000000004 0.90925559947299084 0.10020920502092052 6.5000000000000009 31.500000000000004 1.5000000000000002 2.3769303872653844 0 15.500000000000002 10.500000000000002 0.22987073341164502 0.85503917337602586 1.5000000000000002 17.500000000000004 98.500000000000014 59.500000000000007 1 25.500000000000004 19.500000000000004 0.34506097940134145 1.0022624434389142 2 25.500000000000004 19.500000000000004 44.500000000000007 48.500000000000007 9.5000000000000018 0.23100023100023104 1.0000000180025095e-35 0.20004067987323296 25.500000000000004 19.500000000000004 1.0167366946778713 51.500000000000007 45.500000000000007 31.500000000000004 18.500000000000004 9.5000000000000018 0.1111431131592422 25.500000000000004 11.500000000000002 37.000000000000007 3 21.500000000000004 1.5000000000000002 39.500000000000007 4 13.500000000000002 29.500000000000004 0.10020920502092052 44.500000000000007 5 1.1392631103074142 6 7
decision_type=2 2 10 2 2 2 2 2 2 2 2 2 2 2 9 2 2 2 2 2 2 2 2 9 2 2 2 2 9 2 2 2 2 2 10 2 2 2 2 2 2 2 2 2 2 10 2 2 2 9 2 2 2 9 2 2 2 2 9 2 9 9
left_child=2 6 11 5 7 51 8 14 20 10 -7 12 36 24 21 16 -14 -17 28 -9 40 23 59 -3 25 -6 -12 -16 57 30 33 58 -33 -10 -35 -18 -1 38 -15 -25 41 42 43 44 -2 47 60 -46 49 -44 -40 -4 -50 -28 -43 -51 -19 -8 -31 -5 -45 -29
right_child=1 4 3 22 13 9 18 19 29 -11 26 -13 15 37 27 17 35 56 -20 -21 -22 -23 -24 39 -26 -27 53 61 -30 31 -32 32 -34 34 -36 -37 -38 -39 50 -41 -42 54 48 46 45 -47 -48 -49 52 55 -52 -53 -54 -55 -56 -57 -58 -59 -60 -61 -62 -63
leaf_value=0.011846727325470043 0.0026950242244551956 -0.0030034585013546024 0.013681938789284349 0.0075996105885537393 -0.018045334274999433 0.02898741168454403 -0.0044321722191166882 -0.016556234575606968 -0.0015818612322825441 0.018940507409040925 0.048253358395337342 -0.012113184813458168 0.018776174732214337 -0.028917639132678436 0.0058487256550362361 0.038264769486710572 -0.0050542614423054241 0.019993207329306012 -0.013955607809735924 -0.0054052397123311932 0.0060023044379613503 -0.0068854566023878773 0.00039090386783235519 0.035486845390809874 -0.021295497621782671 -0.0031394713409977344 0.045087905113218016 -0.038033830676109437 -0.010398043757581162 -0.020457267274910918 0.0057019335541985726 0.0054142520578504992 -0.011644896746812045 -0.049613528853523464 -0.0077250040334127237 -0.050092730285372901 0.0051243632831795977 -0.030492564841977921 0.0063203616254845071 0.01427139988897967 -0.016409260045611013 0.00041684165418862389 -0.033992991677993863 0.0042326966131867707 -0.043306299332917519 -0.0062193280774553474 -0.0013800610142846528 -0.10162640559273031 0.010316164967620346 -0.01387135540036818 -0.016001726215347341 0.020875002106433813 -0.004912081196875479 0.027223905383986675 0.011941121818291814 0.0050463662210255182 -0.00035675479217672573 0.0099776036637202071 -0.008890211912020397 0.016403018809879859 0.015038064950267447 -0.0098385993956327661
leaf_weight=64156.834563732147 57585.345486879349 7657.9255743026733 80986.616031646729 44949.701731681824 62229.076384782791 81807.214901208878 57862.646446466446 54355.459730148315 69009.447940587997 26974.712780475616 35718.815904855728 11584.513246536255 14020.545610189438 31481.246297836304 10778.26685833931 11039.674718379974 8286.1890654563904 23684.557125329971 140604.60696554184 55716.322777509689 111180.87795734406 9438.1471166610718 39459.33302116394 6042.8583123683929 97236.888562917709 24825.13707447052 9569.5039985179901 1919.7821011543274 91777.742938995361 11934.600449562073 58573.745927810669 33525.981209039688 24254.080510854721 3502.1863372325897 70678.249259471893 1228.4196312427521 183347.47529196739 52988.281145334244 6928.2346212863922 17633.916845560074 7521.1059529781342 20520.927166700363 4633.8393766880035 18394.212265491486 1156.3950290679932 58197.476207494736 41665.030197620392 1186.8740441799164 9247.3492212295532 15647.752142429352 8194.1027715206146 61643.816381931305 49444.933764696121 13488.524441480637 30603.803371667862 6358.2240424156189 4597.3900299072266 8429.5633616447449 109547.22328686714 30461.053166151047 34479.488890886307 16930.84069275856
leaf_count=60205 12272 2494 47832 11242 17674 31350 13041 19669 14905 5590 9922 2139 5078 12593 4549 3994 3002 9715 35909 11475 21183 1482 6278 2461 26625 7036 2734 501 21095 2651 12329 7319 5372 785 15250 312 163320 19982 2853 4317 1539 4035 854 3982 273 12067 8236 266 1926 3098 3582 28717 10208 3742 6388 1418 1197 2067 22991 7332 6817 3992
internal_value=3.0119e-05 -0.00694804 0.0150875 0.0203666 -0.0148274 0.0251469 -0.00375959 -0.00554123 -0.00144339 0.0322596 0.0348151 0.00811764 0.00887281 -0.0207308 0.00285574 0.0167709 0.00678957 0.0227446 -0.0103423 -0.0109119 0.00125913 0.00927147 0.00745795 0.014141 -0.0177524 -0.0137947 0.0429256 -0.00597418 -0.00712824 -0.00476154 -0.00245325 -0.00735955 -0.00174667 -0.00578925 -0.00970328 -0.0108738 0.00686694 -0.026242 -0.0214085 0.019679 -0.000219535 0.000129285 -0.00110361 0.000759274 -0.00319656 -0.00880049 0.00570207 -0.0728764 -0.00574625 -0.0128701 -0.00577521 0.0167909 -0.00251264 0.0346708 0.0073155 -0.00840163 0.0166853 -0.00259934 -0.0100292 0.0111558 0.0112828 -0.0127373
internal_weight=2.35889e+06 1.61188e+06 747005 425059 464356 310189 1.14752e+06 180474 848849 167559 140584 321946 310361 283883 70401.7 62856.8 23535.2 39321.6 298675 110072 467824 40772.8 114870 31334.7 184291 87054.2 58776.8 29628.9 158070 381026 201764 179262 57780.1 143190 74180.4 9514.61 247504 99591.9 46603.6 23676.8 356643 349122 297997 212665 118126 60540.7 94538.7 2343.27 85332.1 26639.8 15122.3 142630 58692.3 23058 51124.7 22006 28281.9 66292.2 121482 75410.8 52873.7 18850.6
internal_count=793262 389561 403701 154739 141285 129887 248276 50940 176164 53338 47748 248962 246823 90345 19796 23298 8392 14906 72112 31144 94562 10754 24852 9272 51335 24710 16398 9042 36203 81602 43269 38333 12691 30940 16035 3314 223525 39010 19028 6778 73379 71840 61417 43913 24878 12606 19035 539 17504 5370 6435 76549 12134 6476 10423 4516 10912 15108 25642 18574 10799 4493
cat_boundaries=0 2 3 4 5 6 7 8 9
cat_threshold=211651 1152 1598481 761866 55320 645130 1624080 1466801 1589296
is_linear=0
shrinkage=0.05


Tree=16
num_leaves=63
num_cat=14
split_feature=5 5 9 5 14 2 5 5 4 16 16 8 7 4 16 16 9 2 17 16 16 9 16 16 20 3 17 0 19 3 16 16 16 16 16 17 3 16 17 7 17 20 16 9 5 16 7 20 17 19 4 5 9 17 17 6 16 9 16 4 17 16
split_gain=90139.4 14730.2 9897.34 9228.69 8421.54 6727.74 3587.07 2499.72 2248.78 2586.93 3106.52 2042.9 2037.74 2286.94 1947.91 2262.85 1932.12 1685.16 1653.37 1574.29 4237.2 4392.04 2634.26 1790.37 1516.79 3510.25 1492.73 1382.21 1228.32 1368.29 1227.92 1157.9 2791.24 1935.25 1566.33 1336.73 1138.01 1023.48 1017 1010.93 929.175 919.097 913.176 1005.36 873.045 833.976 802.681 1069.13 787.299 768.167 723.537 711.833 708.264 707.05 706.258 694.378 691.251 1070.84 688.32 818.51 675.965 673.532
threshold=0.4005420054200543 1.4786262331019366 0.24980974124809743 0.21165907563652656 1.0000000180025095e-35 3.5000000000000004 0.92282346977569396 0.10020920502092052 14.500000000000002 25.500000000000004 19.500000000000004 1.1419177943995276 63.500000000000007 3.5000000000000004 15.500000000000002 10.500000000000002 0.51118469462840332 9.5000000000000018 0 16.500000000000004 9.5000000000000018 0.17751276622244369 25.500000000000004 44.500000000000007 1 7.5000000000000009 2 1.0000000180025095e-35 3 42.500000000000007 51.500000000000007 25.500000000000004 19.500000000000004 44.500000000000007 48.500000000000007 4 4.5000000000000009 11.500000000000002 5 63.500000000000007 6 7 8.5000000000000018 0.30024630541871927 3.4086217364905891 19.500000000000004 170.50000000000003 8 9 10 37.500000000000007 2.1264291264291271 0.65386992488352202 11 12 0.12016597510373446 21.500000000000004 0.79072596616307378 25.500000000000004 97.500000000000014 13 14.500000000000002
decision_type=2 2 10 2 2 2 2 2 2 2 2 2 2 2 2 2 10 2 9 2 2 10 2 2 1 2 9 2 9 2 2 2 2 2 2 9 2 2 9 2 9 1 2 10 2 2 2 1 9 9 2 2 10 9 9 2 2 10 2 2 9 2
left_child=2 6 12 5 8 36 11 17 -3 10 48 19 13 -1 15 -15 44 41 45 20 -2 37 55 26 25 49 -24 -17 -27 -30 52 32 38 35 -35 -33 -4 -22 -8 53 -19 -7 -40 -44 -6 50 47 -13 -10 -18 -16 -11 -25 -5 -34 -21 57 -12 59 -20 -9 -31
right_child=1 4 3 39 16 7 31 60 9 51 56 46 -14 14 18 27 24 40 58 22 21 -23 23 30 -26 28 -28 -29 29 61 -32 33 54 34 -36 -37 -38 -39 42 -41 -42 -43 43 -45 -46 -47 -48 -49 -50 -51 -52 -53 -54 -55 -56 -57 -58 -59 -60 -61 -62 -63
leaf_value=0.0044356332537426107 -0.0010998128372697491 -0.024428936487926226 0.013675303414329355 0.013773365988933512 0.0047853365943455496 0.034542963333587549 -0.0051281080637696416 0.02397765112231709 -0.012472027821519679 -0.017929533302331487 0.01962952815245066 -0.0063641198940058638 -0.020155971582597666 0.013750855184986957 0.040314710514505636 -0.0036482345463855689 -0.010574293135956413 0.050223459068845934 0.02105358471842694 0.057946759811705585 -0.046927613725922392 -0.015525704124588311 -0.012013134246680773 0.012954918625273518 -0.018014053456321153 -0.034914267281458078 -0.0013445586900987145 -0.048170781130124053 0.0059064281819460511 0.0013688069458994575 -0.017752394459168413 -0.016827106434437019 0.0081133185780816013 0.0035432234337039329 -0.010940300967144148 -0.00798302077391283 0.022018357493658686 -0.094189463673527846 -0.0071786790086224659 0.00059917781153513401 0.033024136260100666 0.022620827005100472 -0.041247496926601332 -0.015414864385773575 0.027216158098935551 0.027219064701782449 -0.0016904607274945854 0.0049989999915030685 -0.023272224335608122 0.033843332923418394 0.099533107470040322 -0.026064814491307667 0.00060453602191113016 0.0033471397122901668 -0.0019918712620606497 0.0075771298557144517 -0.0036359952178470615 -0.010196050861175672 0.011691831954134457 0.090099111707494545 0.0072377801841123236 -0.014116348095982459
leaf_weight=170824.95145130157 68449.361927270889 102198.01110768318 98251.519211769104 53223.542410612106 14565.31138586998 56584.480899095535 130355.48631715775 17297.071750640869 54999.307924985886 78577.139687776566 9785.4918675422668 23473.713797330856 6391.8348832130432 29934.551642417908 1596.0299816131592 18397.185757637024 1120.9188222885132 22936.718261241913 18124.121613025665 692.23930048942566 2734.892826795578 37248.139657497406 76406.990244150162 21103.60218501091 18972.425055265427 3513.3885912895203 57447.08783364296 1924.7257194519043 20390.675289869308 9392.6496210098267 6060.6404585838318 81812.003105640411 41942.111547231674 43766.543919324875 32548.686028242111 89575.338087081909 69999.379634857178 1975.4970648288727 32608.865451097488 37834.624569416046 12250.81306385994 22899.629014492035 4445.9352161884308 24633.848317146301 6177.2827649116516 13163.96995306015 108883.18981981277 174730.06297516823 24422.620965719223 7387.4011154174805 763.08152770996094 40890.573343515396 25799.26372218132 23445.62336730957 29411.628270864487 52771.136796236038 22630.992694616318 4345.1112575531006 60898.063625574112 438.75758838653564 9302.5702199935913 27820.283726215363
leaf_count=153184 15308 48341 53389 13062 3612 19769 29046 3607 13815 19171 2707 6073 1061 18065 1575 11613 493 5894 15810 201 642 8664 16795 4463 7173 807 12998 455 5154 1602 1369 18463 9089 10126 7698 20139 33995 449 7476 5975 3061 8051 1088 5872 2307 7095 14844 37224 6855 3091 668 10723 6111 5746 6699 12042 5677 1263 39440 327 1903 4715
internal_value=2.42515e-05 -0.00661345 0.0143942 0.0194149 -0.0143311 0.0239014 -0.00366083 0.0319461 -0.0182345 -0.015548 -0.0102356 -0.00121925 0.00779213 0.00835739 0.0129699 0.0050093 -0.00226981 0.0351495 0.0171818 -0.00382675 -0.00876882 -0.0212794 -0.00155586 -0.00435652 -0.00548583 -0.00206888 -0.00743547 -0.00786721 -0.00625816 -0.00450294 0.00342488 -0.00680308 -0.00449518 -0.00925719 -0.00263411 -0.0122063 0.0171465 -0.0667646 -0.00763257 0.00728705 0.0442601 0.0311157 -0.0129217 -0.0193656 0.0114664 0.0321083 0.00175848 0.00365315 -0.0157979 0.0280184 0.0595036 -0.0207142 0.00616166 0.0105873 0.0039489 0.00823038 0.00178174 0.0104582 0.0142597 0.0226903 0.0181355 -0.0102079
internal_weight=2.36255e+06 1.61607e+06 746483 424026 447190 309522 1.16888e+06 141271 337849 235651 116184 657776 322457 316065 145240 50256.5 109340 114672 94984 350689 110408 41958.5 240281 186818 88597.7 69625.3 133854 20321.9 61117 57603.6 52963.5 511100 263398 247703 76315.2 171387 168251 4710.39 192044 114504 35187.5 79484.1 61688.6 29079.8 20742.6 15523.1 307087 198204 79421.9 8508.32 2359.11 119468 46902.9 76669.2 71353.7 53463.4 36761.6 14130.6 79460.9 18562.9 26599.6 37212.9
internal_count=794130 390385 403745 154452 137506 129669 252879 42285 108552 60211 30317 137183 249293 248232 95048 30133 28954 36775 64915 79042 25063 9755 53979 41736 23035 15862 29793 12068 12278 11471 11943 115696 59270 56426 17824 38602 87384 1091 43482 24783 8955 27820 14436 6960 5919 9338 58141 43297 20670 3584 2243 29894 10574 18808 15788 12243 9647 3970 55577 16137 5510 6317
cat_boundaries=0 4 5 9 10 14 18 22 23 24 28 29 33 37 41
cat_threshold=2147484736 557853696 8389632 330248 22 1610654336 1278032 3893047968 1099026 540672 1611695752 538149008 3897176354 1343746 536879824 4849744 3897168098 1109074 554710656 17358864 1745553474 33362 14 1 1610622672 558923792 1749684320 1100114 540672 1611671184 18350592 1749745926 1083984 536884120 1074987024 1611337762 1098768 555755392 18350080 1217007616 32850
is_linear=0
shrinkage=0.05


Tree=17
num_leaves=63
num_cat=12
split_feature=0 3 12 4 20 7 1 0 0 13 7 0 19 19 1 9 15 16 16 16 4 1 20 13 4 0 16 16 12 21 0 7 0 4 0 16 11 13 15 16 16 19 20 12 16 17 1 16 15 19 17 16 17 16 1 11 16 16 16 20 12 11
split_gain=74079.4 19757.5 13306.7 5908.56 3891.15 3483.38 3472.32 3378.13 2615.86 2725.91 2241.33 2887.77 2067.81 2056.9 1994.97 1605.22 1595.13 1469.95 1678.16 1380.49 1506.16 1352.35 1346.51 1227.66 1065.89 1039.76 1016.63 2560.5 962.673 938.705 924.973 886.25 1014.12 874.689 882.003 873.184 812.558 798.747 789.654 756.248 1284.24 773.928 732.957 732.315 717.442 760.795 710.929 690.184 666.841 663.538 641.038 622.893 607.853 600.774 592.472 566.213 562.039 561.565 561.517 555.977 531.734 526.992
threshold=1.0000000180025095e-35 7.5000000000000009 0.1943148550316792 14.500000000000002 0 1.5000000000000002 2.5000000000000004 1.5000000000000002 20.500000000000004 1.5000000000000002 3.5000000000000004 1.5000000000000002 1 2 2.5000000000000004 0.90009784735812148 232.50000000000003 16.500000000000004 9.5000000000000018 26.500000000000004 135.50000000000003 4.5000000000000009 3 25.500000000000004 2.5000000000000004 1.5000000000000002 51.500000000000007 49.500000000000007 0.53368912306093763 4 155.50000000000003 8.5000000000000018 4.5000000000000009 6.5000000000000009 1.5000000000000002 51.500000000000007 0.067779660845796272 9.5000000000000018 12.500000000000002 25.500000000000004 43.500000000000007 5 6 0.15277807414075203 48.500000000000007 7 7.5000000000000009 18.500000000000004 51.500000000000007 8 9 44.500000000000007 10 10.500000000000002 5.5000000000000009 0.10157097708433868 48.500000000000007 27.500000000000004 45.500000000000007 11 0.34928494424014428 0.022864407006030287
decision_type=2 2 2 2 1 2 2 2 2 2 2 2 9 9 2 10 2 2 2 2 2 2 1 2 2 2 2 2 2 9 2 2 2 2 2 2 2 2 2 2 2 9 1 2 2 9 2 2 2 9 9 2 9 2 2 2 2 2 2 1 2 2
left_child=1 5 4 33 15 24 17 14 9 36 -11 21 23 48 -5 35 29 18 59 20 42 -12 -14 -9 37 -17 27 44 39 -10 52 -15 46 -4 -35 -2 49 -1 -27 47 41 -41 -19 -7 45 -24 -33 53 55 -6 -20 -21 -31 -25 -16 -13 -54 -43 -47 -3 -26 -8
right_child=2 6 3 7 8 43 61 12 16 10 11 13 22 31 54 25 -18 19 50 51 -22 -23 26 28 60 38 -28 -29 -30 30 -32 32 -34 34 -36 -37 -38 -39 -40 40 -42 57 -44 -45 -46 58 -48 -49 -50 -51 -52 -53 56 -55 -56 -57 -58 -59 -60 -61 -62 -63
leaf_value=0.019514054337653963 -0.0034602043128330348 0.035881636291191919 -0.026130239548957636 -0.0069023636951168824 0.012172484286176656 0.024121922713504607 0.036655418185148579 -0.012634294018182571 -0.01526975179988089 -0.012020329651089857 0.0086294808281102801 -0.0045205689261644533 -0.025577562514649755 -0.0055625118720855687 0.0046063334989135249 -0.0067674731888887453 0.0038143601995791025 0.043618811539931961 0.019030368874775015 0.022407513265202503 0.08683796140625788 0.027057498729416492 -0.016980856672673635 0.0017169069063614453 0.01336771390432762 -0.023548617247955369 -0.028437969181990069 0.014985121803530344 -0.011281774029141036 -0.00054095437364651299 -0.0091502221923749263 0.0044749513180373634 0.0026142872428876283 -0.011287529289475164 -0.023834613934786711 -0.036041640681246705 -0.0058399875517489361 0.0035786180425689228 -0.004316989459128155 0.016192769634855494 0.002708405729298426 -0.022643714996171408 0.023465342340140236 0.014827585183632386 -0.030129501728207192 -0.010866802341158305 0.015423141067069905 0.0083686649284781308 0.0081875181387130545 0.036621446786322169 0.0032885352305519842 0.033431979506275245 -0.0042777770160983622 -0.0084165816934804252 0.017370394200443073 -0.018890320311099593 -0.01678740612375474 -0.0095179139283788107 0.0025058147712089291 0.020027354044655075 0.0073606674333191353 0.048112447620958343
leaf_weight=8268.0755743980408 72721.981851100922 12770.782281160355 47969.746631860733 41866.700848340988 4226.1836652755737 32540.557602882385 19133.437929868698 65681.98291516304 19047.985034942627 28189.654314041138 32807.520935773849 101868.73048758507 19138.346412658691 24562.98051071167 30876.044412136078 22402.109657526016 69551.495568275452 13758.972781658173 11770.336319684982 39551.912742853165 1632.541374206543 14293.130118131638 54874.281182050705 37284.464716434479 69304.155933856964 31884.920116662979 8911.3939158916473 8966.77805352211 44882.751187324524 156246.46000528336 65903.763841152191 28873.061011791229 190768.98090934753 31035.023741483688 25531.110354423523 2115.2500281333923 2011.6953370571136 160397.82267332077 6411.3258318901062 2543.3580212593079 26233.771733283997 10051.671806573868 6856.0230004787445 60803.567304372787 5464.3762979507446 176869.45674538612 30483.890221118927 20344.466326236725 9705.9213397502899 8273.9156093597412 14371.410427093506 18962.970570802689 96157.319489002228 24066.457664966583 12885.171678781509 7348.9788610935211 9902.7539458274841 43046.360497951508 8214.2471158504486 9954.7939488887787 78653.829396247864 21170.650949239731
leaf_count=5898 20848 5187 24133 15795 1691 14054 5607 12548 3177 13301 10568 24464 5000 8033 9386 9368 9676 6327 4759 16220 758 3739 11777 8038 54123 9751 1797 1878 10556 25184 8417 7658 39893 13139 9063 584 806 139036 1673 526 5865 2098 2957 26812 1243 38223 7118 4688 2167 3076 5997 7713 15882 5309 3287 1895 1635 9208 1926 4198 62326 6235
internal_value=-1.63269e-06 0.0155215 -0.00505179 -0.0101397 -0.00138365 0.00957956 0.0298563 -0.00834522 -0.000194453 0.00230826 0.00164771 0.002522 -0.0097676 0.0011219 0.000900184 -0.00928148 -0.00309709 0.0258706 0.019025 0.0300124 0.0406148 0.0142221 -0.0127703 -0.00667325 0.00707706 -0.0153241 -0.0118383 -0.0112572 -0.00479524 -0.00448138 -0.00385464 0.00350008 0.00439021 -0.0211634 -0.016951 -0.00438158 0.0236501 0.00435989 -0.0203292 -0.00301532 -0.00641132 -0.0107111 0.0369503 0.0180679 -0.012216 -0.011808 0.0100978 0.000388198 -0.00437112 0.0283961 0.0103853 0.0259807 -0.00252425 -0.00225828 0.00836493 -0.00548764 -0.00544543 -0.0120008 -0.0102727 0.0289626 0.0101745 0.0426745
internal_weight=2.3624e+06 579902 1.7825e+06 746738 1.03576e+06 409968 169934 642202 900224 483415 468903 440713 556574 393613 85627.9 135536 416810 129630 48867.3 80762.4 22247.5 47100.7 282439 274135 316624 60698.4 263301 254389 208453 347258 328210 274689 250126 104536 56566.1 74837.2 14511.8 168666 38296.2 163571 81875.2 55641.4 20615 93344.1 245422 239958 59357 81695.4 118924 12500.1 26141.7 58514.9 262307 61350.9 43761.2 109218 106060 53098 185084 22725.6 147958 40304.1
internal_count=794294 368207 426087 195483 230604 302249 65958 149148 188380 124409 118836 105535 120680 91228 28468 42224 63971 54116 20141 33975 10042 14307 61844 58836 261383 20792 56844 55047 46288 54295 51118 62702 54669 46335 22202 21432 5573 144934 11424 35732 17697 11832 9284 40866 53169 51926 14776 18035 28526 4767 10756 23933 42701 13347 12673 26359 17517 11306 40149 9385 116449 11842
cat_boundaries=0 1 2 3 4 6 7 8 12 13 17 21 22
cat_threshold=1 243754 540801 1 1050689544 3210 8192 14 2434827016 3758604800 1082153888 11520 550145 1610613376 1091600384 1086984194 32850 16786368 1090599488 1879064640 1100882 6
is_linear=0
shrinkage=0.05


Tree=18
num_leaves=63
num_cat=11
split_feature=5 12 5 9 5 2 5 7 12 5 3 16 16 12 0 5 9 3 19 16 14 8 7 7 16 16 3 16 5 16 16 16 16 9 16 16 17 16 9 3 17 16 17 16 16 21 17 12 17 21 2 0 7 16 9 5 17 6 17 12 16 17
split_gain=74500.5 12660.6 9038.47 7356.47 9843.32 5824.88 4380.17 2060.99 2020.64 1869.81 1709.69 2072.34 2549.59 2014.13 1852.81 1701.47 1667.13 1611.86 1517.88 1416.57 1409.58 1398.23 1195.55 1160.24 1088.13 1026.49 999.469 1507.45 993.041 972.537 1053.54 971.284 2621.61 1986.26 4346.18 1174.49 970.188 967.844 958.17 908.6 832.721 796.298 749.134 777.454 774.928 743.816 721.612 695.224 684.386 683.432 816.399 681.038 738.49 678.619 864.841 674.395 673.64 662.029 646.178 635.533 618.353 610.684
threshold=0.44465329991645786 0.20004067987323296 1.5688098495212042 0.32620137299771174 0.21165907563652656 3.5000000000000004 1.0129037629037632 93.500000000000014 0.047954522822917463 0.10020920502092052 1.5000000000000002 15.500000000000002 10.500000000000002 0.18370035426728445 1.0000000180025095e-35 0.97425289096125256 0.97623392422662503 15.500000000000002 0 45.500000000000007 1.0000000180025095e-35 1.0589837491416803 64.500000000000014 9.5000000000000018 48.500000000000007 25.500000000000004 8.5000000000000018 19.500000000000004 2.5474525474525476 51.500000000000007 45.500000000000007 25.500000000000004 22.500000000000004 0.17751276622244369 10.500000000000002 12.500000000000002 1 19.500000000000004 0.78731780867817069 4.5000000000000009 2 48.500000000000007 3 31.500000000000004 37.000000000000007 4 5 0.17783665741991392 6 7 94.500000000000014 1.0000000180025095e-35 3.5000000000000004 51.500000000000007 0.60802384500745166 1.3667979002624675 8 1.5274400446179588 9 0.080026671718788203 11.500000000000002 10
decision_type=2 2 2 10 2 2 2 2 2 2 2 2 2 2 2 2 10 2 9 2 2 2 2 2 2 2 2 2 2 2 2 2 2 10 2 2 9 2 10 2 9 2 9 2 2 9 9 2 9 9 2 2 2 2 10 2 9 2 9 2 2 9
left_child=3 6 15 7 5 39 29 10 18 17 -1 12 -12 26 -14 19 25 -7 -8 42 23 45 46 -20 55 37 -13 -28 -4 30 31 32 33 34 -2 60 47 -10 -32 -5 -33 -40 43 -3 58 -22 -6 -19 -35 50 -23 52 -15 54 -27 -18 -34 -30 -45 -43 -36 -11
right_child=1 2 28 4 22 9 8 -9 16 61 11 13 14 51 -16 -17 24 36 20 -21 21 49 -24 -25 -26 53 27 -29 57 -31 38 40 56 48 35 -37 -38 -39 41 -41 -42 59 -44 44 -46 -47 -48 -49 -50 -51 -52 -53 -54 -55 -56 -57 -58 -59 -60 -61 -62 -63
leaf_value=0.0039054879818908234 -0.0019098874990039539 -0.0022498527619578862 -0.018419010943972563 0.01242764440437936 0.013480038505794493 0.025752526061364384 -0.010080031901363869 -0.020819846618587684 -0.0060256255265739127 0.023566297209808282 0.01197525055889908 0.018967521276224489 -0.0038116988317911794 0.010487547003906186 -0.045309064626992739 -0.01171760898214152 -0.0067380660707265262 0.049999561080563831 -0.013354986358196605 0.0050900649741915981 0.024602419738748119 0.0094965862065963108 -6.2640196674716955e-05 -0.0016924803266282027 -0.029974622384771683 -0.0031849283861731174 0.085586951062959549 0.031082599739822331 -0.022165553272380137 -0.01603821982295232 0.013318368273209188 -0.0074996141966030402 0.024148272912297371 -0.0043977882980722393 -0.05373292315973003 0.0071746303101305267 0.028576960048560376 0.006950202134527946 0.0076516856179114183 0.019876468437179075 9.0855770613293768e-05 -0.024272789268265038 -0.01026770450552196 -0.023809163466961093 -0.0031266069507857376 0.0054182896987170874 0.0049144216733783856 0.036690905441136679 0.0031529937980374085 -0.0074391173391838558 -0.0030155767602626799 -0.0015123669104231056 0.025091712762369874 -0.028195975816034037 -0.014102405406913866 -0.016226133456919645 0.0097784730886618897 -0.032254789341993988 -0.0065980039111594377 -0.00088561998347523379 -0.099285662462224519 0.0079855637947173954
leaf_weight=167904.17647027969 10145.154153347015 105577.28489613533 107377.44281768799 98215.802251338959 51046.129673719406 51645.93642282486 57436.558353424072 6582.7369747161865 37061.324581861496 15980.537579059601 35229.812097072601 17488.054803609848 19579.895778417587 53931.980108261108 3117.2863347530365 188471.38381505013 30054.868497848511 16878.991020917892 28487.817594766617 28144.275750160217 10421.611496686935 26949.445341110229 51245.817869663239 84817.092153787613 10226.58703494072 37239.985498189926 1449.2021360397339 10159.883836269379 41331.928560256958 8254.599773645401 32015.352562665939 58296.793766975403 12222.964848279953 38972.653060674667 1394.8405640125275 465.4042603969574 19472.988795042038 23470.502249240875 19616.119948625565 70211.732610225677 95018.181629896164 4193.9389133453369 93472.575423955917 13086.505915164948 20133.820812702179 9837.301732301712 47511.498254537582 23494.917982339859 130361.92202949524 19924.879638910294 25252.062579631805 9497.8349566459656 10311.338126659393 4654.4084756374359 35367.820490598679 49704.087172985077 24650.053087472916 26819.906235694885 9390.7589082717896 9445.7971954345703 1610.3103568553925 10425.875751972198
leaf_count=156199 2270 23190 32987 53385 12566 18178 17371 1029 8299 3337 19483 13902 11850 38615 723 48315 7018 4885 11845 6580 3592 6504 8058 15260 2735 8353 1279 3508 19097 1669 6093 11290 2404 8431 307 134 5593 5256 4097 34099 19061 969 20691 2763 4618 3740 11725 7055 26097 4465 3850 2319 3485 965 7183 13697 4762 10299 2019 1955 345 2139
internal_value=-8.40331e-06 -0.00630917 -0.0117678 0.0125024 0.0166353 0.0217718 -0.0026191 0.00687939 -0.005879 0.0293917 0.00743422 0.0111196 0.0035557 0.0153801 -0.00951279 -0.00807242 -0.00932678 0.0322252 -0.00289436 -0.00552605 -0.000887272 0.00369652 0.00613191 -0.00462483 -0.0146201 -0.00586996 0.0265195 0.0378934 -0.0214155 0.000963695 0.00128385 0.000258706 0.00238911 -6.22635e-05 -0.0184343 -0.0667241 0.0378104 -0.00099437 0.00714424 0.0155329 -0.00279587 0.0012002 -0.00676244 -0.00455038 -0.0102513 0.0153026 0.00935279 0.0422454 0.00141508 0.000436441 0.00344333 0.0109844 0.0128319 -0.00968972 -0.00850304 -0.012651 0.0145516 -0.0261364 -0.0166327 -0.00807795 -0.0781673 0.0174271
internal_weight=2.36276e+06 1.57138e+06 633806 791382 456130 306327 937570 335252 490906 137899 328669 160765 57927 102838 22697.2 458277 227780 111493 263127 269805 205690 92385.3 149803 113305 89985.5 137794 29097.1 11609.1 175529 446664 438409 373138 219823 182950 13615.7 3470.56 59846.9 60531.8 65271.2 168428 153315 33255.9 241661 148188 42611.1 20258.9 98557.6 40373.9 169335 72126.4 52201.5 73741.2 64243.3 77262.2 72607.8 79759 36873 68151.8 22477.3 13639.7 3005.15 26406.4
internal_count=793988 380576 170559 413412 161020 128671 210017 252392 120133 41187 251363 95164 32056 63108 12573 108176 53506 35711 66627 59861 49256 22151 32349 27105 23450 30056 18689 4787 62383 89884 88215 75101 44750 37584 3056 786 17533 13555 13114 87484 30351 7021 53281 32590 9400 7332 24291 11940 34528 14819 10354 44419 42100 16501 15536 20715 7166 29396 4782 2924 652 5476
cat_boundaries=0 1 5 9 13 15 19 23 25 29 33 37
cat_threshold=1597457 1611663312 18407440 1745551682 1081938 1612711552 32784 3892982435 32770 536872592 17841216 3905422547 1163856 34112387 1024 536880784 1091567632 1753350416 1083200 3241185536 1074818768 272705281 75264 768963 1024 536872728 1114128 593920 1065984 536871040 1048576 1749549056 1081344 553648768 18350080 1217003520 34898
is_linear=0
shrinkage=0.05


Tree=19
num_leaves=63
num_cat=15
split_feature=5 5 9 12 5 12 2 13 5 12 7 3 17 21 9 17 12 9 17 10 2 10 5 7 12 19 3 3 5 6 8 12 5 2 17 13 10 4 0 19 19 8 4 5 12 17 5 19 13 17 17 7 17 4 19 12 9 19 8 13 5 3
split_gain=67330.7 11525.7 7751.98 7615.86 6910.67 5340.24 5164.85 2473.02 2220.55 1589.9 1429.95 1876.55 1343.19 1288.17 1236.14 1307.22 1130.11 1144.46 1091.57 1017.55 1015.94 986.051 949.171 904 888.193 880.736 856.572 781.565 1206.29 698.069 667.608 661.525 630.338 604.918 540.755 523.73 519.848 476.544 474.854 469.294 467.971 462.036 460.716 459.012 448.685 445.946 434.624 430.296 399.768 396.325 383.708 381.759 374.689 372.797 366.815 355.89 352.264 349.828 349.438 347.335 339.919 333.155
threshold=0.4005420054200543 1.4786262331019366 0.17751276622244369 0.065295442554034536 0.21165907563652656 0.35844280622740382 2.5000000000000004 3.5000000000000004 0.66709292412617238 0.33658992556633971 31.500000000000004 2.5000000000000004 0 1 0.2843982420554429 2 0.33202046355051529 0.7451139546727783 3 1.5000000000000002 93.500000000000014 2.5000000000000004 0.8965751817968568 58.500000000000007 0.28780478340792115 4 276.50000000000006 12.500000000000002 0.10020920502092052 2.2299586732154841 1.0137458667926313 0.057238478832063518 3.9921875000000004 10.500000000000002 5 24.500000000000004 1.5000000000000002 5.5000000000000009 1.0000000180025095e-35 6 7 1.1999484801648637 311.50000000000006 2.0016920473773268 0.091015696504623059 8 0.10020920502092052 9 10.500000000000002 10 11 3.5000000000000004 12 1.5000000000000002 13 0.39042430656018517 0.7451139546727783 14 1.625508130081301 24.500000000000004 0.10020920502092052 256.50000000000006
decision_type=2 2 10 2 2 2 2 2 2 2 2 2 9 9 10 9 2 10 9 2 2 2 2 2 2 9 2 2 2 2 2 2 2 2 9 2 2 2 2 9 9 2 2 2 2 9 2 9 2 9 9 2 9 2 9 2 10 9 2 2 2 2
left_child=2 5 10 7 6 8 37 13 26 18 11 53 40 20 -7 22 17 -5 60 58 25 31 35 34 42 45 36 -20 33 39 54 52 -27 -29 -6 -16 -2 48 -14 -18 -11 -28 -13 -19 -23 -3 51 -32 -4 -39 -33 -26 -10 -1 -15 -25 -22 -54 -9 -24 -8 -12
right_child=1 3 4 16 23 14 9 19 21 12 61 24 38 30 15 -17 29 43 27 -21 56 44 59 55 46 32 41 28 -30 -31 47 50 -34 -35 -36 -37 -38 49 -40 -41 -42 -43 -44 -45 -46 -47 -48 -49 -50 -51 -52 -53 57 -55 -56 -57 -58 -59 -60 -61 -62 -63
leaf_value=0.0020826155195185769 0.0022201565646537452 0.010809477591265704 0.019801550742798116 -0.0077735012744200903 0.012145878189556918 -0.014614194192551378 0.020486967837523837 -0.013507231249211491 0.0037571016298917938 0.028770381874512266 -0.0051055355885823812 0.01825755249119583 0.011982850222219333 -0.0024802119775084483 -0.0084348632959203741 -0.013067051092048421 -0.015576983301636954 -0.014433279805470618 0.026416042437491283 -0.004432762596281452 0.014509331029098486 0.0014002534428773318 -0.01656492960106563 0.0033232255984265479 0.0083440676191950079 0.011437711315412593 -0.0041914253115026686 0.035501161346418689 0.023419044898295677 -0.028854626858836625 -0.023043328163184815 -0.0035654148242696797 0.02910307453863847 0.048049167435297857 0.0025967677342205939 0.00012796694860869285 0.0082317548280875733 0.01901293434284583 -0.0096817955333130794 -0.022019774644670975 0.019773533295583443 0.0038132837093603962 0.074920999239026342 -0.021783098939455948 -0.0029231436864488249 -0.01186495457898458 -0.0036330492409712965 -0.0060606076852146177 0.0085821404714520304 0.010990584011731341 -0.0082815636310994527 0.018159509162295452 -0.0073317901213260095 0.006356250889588278 0.015623116058779149 -0.0070856357939262458 -0.0099155697335979506 -0.001781657045295002 -0.037991963320538495 -0.0075341405824351495 -0.0011013204635162582 -0.023990268557787253
leaf_weight=97834.038532733917 65759.685159921646 4582.7973854541779 9236.9883031845093 42559.068965911865 56369.152745962143 68071.10716509819 12188.714367389679 52120.335628032684 23402.679492950439 27993.07006072998 6269.8829760551453 36474.511160135269 12790.795668840408 6953.9028270244598 22820.148881435394 65941.386514902115 48063.709396362305 46293.283629179001 36101.162874698639 53217.802992343903 1821.2953948974609 162342.78594064713 12617.154334783554 29448.456072330475 47010.579936742783 11618.439244747162 46002.145440816879 25324.115282058716 14371.029674530029 23371.831611871719 4942.5521306991577 71848.266156196594 8933.8193914890289 15498.803522586823 20143.503143787384 82095.418364286423 79362.148209810257 43184.062987327576 3151.8343296051025 69710.00236415863 30509.775233507156 29642.231778621674 361.40541768074036 39274.791570901871 95202.38080239296 4096.2242460250854 6068.207948923111 15213.494612455368 56538.673171043396 24115.995119094849 108101.72133827209 12551.792829036713 36376.075489044189 106665.4299955368 4670.3353133201599 11386.381442070007 7772.6336674690247 129322.29312777519 1498.4703984260559 68204.792084217072 2143.9993500709534 3721.3798394203186
leaf_count=89736 16477 1425 5052 11686 13915 17116 4131 18937 4878 9180 1243 22066 4458 2956 4565 15711 15928 12712 13786 11073 291 25906 2741 4661 31850 2813 7064 8765 2958 9368 1270 16849 3023 3824 4969 19260 18329 22956 617 25287 9975 4198 168 12072 16952 1374 1569 3539 31758 12902 27673 4175 8962 96059 1994 1851 1228 28153 577 17546 443 604
internal_value=1.24717e-06 -0.00574476 0.0124074 -0.0125747 0.0167766 -0.00313059 0.0206546 -0.00453231 -0.00105297 0.0261747 0.00647312 0.00707903 0.0205779 0.00272867 -0.00863641 -0.00701956 -0.0178743 -0.0144743 0.0301191 -0.00933088 0.00883751 -0.00257225 -0.00487152 0.00642789 0.0126018 0.0134733 0.00325916 0.0321345 0.0358801 -0.0209606 -0.00473568 -0.00422919 0.0191084 0.0402662 0.00963388 -0.00173459 0.00550773 0.0131848 0.00769462 -0.0193938 0.024083 -0.00105467 0.0188155 -0.017807 -0.000197909 0.000106389 0.00911407 -0.0102404 0.010158 0.0161429 -0.00639925 0.0104128 -0.00216414 0.00431173 0.00480529 0.000420717 -0.00527776 -0.00300049 -0.0141922 -0.00894413 0.0172457 -0.0121411
internal_weight=2.36128e+06 1.61383e+06 747454 446715 430497 1.16711e+06 313149 177442 847362 180073 316957 306966 74445.5 70605.5 319750 251679 269273 128127 105628 106837 38825.2 626596 185738 117347 102466 29231.3 220766 91295.1 55193.9 141146 31780.3 369051 20552.3 40822.9 76512.7 104916 145122 133076 15942.6 117774 58502.8 75644.4 36835.9 85568.1 257545 8679.02 65630.6 20156 65775.7 67300.1 179950 59562.4 189101 204499 11624.2 40834.8 9593.93 165698 53618.8 80821.9 14332.7 9991.26
internal_count=793604 389933 403671 137553 156201 252380 130805 50500 175441 58137 247470 245623 24230 19913 76939 59823 87053 36470 33907 30587 10154 129373 44112 25396 59828 8635 46068 29333 15547 50583 9759 86515 5836 12589 18884 23825 34806 72668 5075 41215 19155 11262 22234 24784 42858 2799 37594 4809 36810 35858 44522 36025 41993 185795 4950 6512 1519 37115 19514 20287 4574 1847
cat_boundaries=0 4 6 10 14 15 19 20 21 25 26 30 34 38 39 40
cat_threshold=1627395984 18415632 1879769108 1081936 72339 128 1879049872 1091567616 1745551440 1081938 3523248168 1108543680 539240081 73736 1598737 1611671440 17301504 1749746006 1085010 129034 129034 4168 985616 411127872 1048576 1590289 536880832 559415296 1611338912 1091664 553677448 2168461313 8405046 1099392 9368 197201 22656 1131784 1729841 1589249
is_linear=0
shrinkage=0.05


Tree=20
num_leaves=63
num_cat=4
split_feature=0 3 12 20 20 2 0 10 2 4 0 13 10 0 10 13 3 0 9 8 0 16 16 0 0 16 8 16 16 16 4 20 2 12 2 8 16 16 9 16 0 13 16 16 4 0 0 12 21 10 9 2 9 15 12 15 15 11 16 16 10 0
split_gain=54515.6 15101.8 9974.48 4097.3 3483.86 2666.68 2599.68 3188.14 2161.07 2098.13 2211.63 1949.67 1624.66 1617.81 1372.22 1289.08 1280.22 1843.07 1241.02 1179.56 1075.49 1064.37 1253.05 1014.48 967.737 966.968 953.032 898.727 1180.34 1044.39 1040.45 816.408 809.67 785.451 766.284 747.986 979.712 1951.74 3354.13 993.447 742.612 735.44 732.381 704.354 693.335 683.664 682.615 634.843 617.349 616.766 613.835 602.148 596.425 595.111 579.323 574.497 565.852 548.739 548.306 964.1 540.692 567.117
threshold=1.0000000180025095e-35 7.5000000000000009 0.33202046355051529 0 1 1.5000000000000002 56.500000000000007 1.5000000000000002 5.5000000000000009 8.5000000000000018 1.5000000000000002 1.5000000000000002 2.5000000000000004 2.5000000000000004 1.5000000000000002 1.5000000000000002 4.5000000000000009 1.5000000000000002 0.90009784735812148 1.0218184703268807 2.5000000000000004 16.500000000000004 9.5000000000000018 18.500000000000004 7.5000000000000009 51.500000000000007 1.1111935377514015 16.500000000000004 25.500000000000004 10.500000000000002 58.500000000000007 2 9.5000000000000018 0.33202046355051529 7.5000000000000009 1.1154387865655473 16.500000000000004 9.5000000000000018 0.07659713168187747 11.500000000000002 266.50000000000006 3.5000000000000004 25.500000000000004 25.500000000000004 229.50000000000003 43.500000000000007 258.50000000000006 0.083751519919478448 3 2.5000000000000004 0.72118451900534242 1.0000000180025095e-35 0.17751276622244369 189.50000000000003 0.18370035426728445 10.500000000000002 543.50000000000011 0.067779660845796272 51.500000000000007 45.500000000000007 1.5000000000000002 2.5000000000000004
decision_type=2 2 2 1 1 2 2 2 2 2 2 2 2 2 2 2 2 2 10 2 2 2 2 2 2 2 2 2 2 2 2 1 2 2 2 2 2 2 10 2 2 2 2 2 2 2 2 2 9 2 10 2 10 2 2 2 2 2 2 2 2 2
left_child=1 5 3 18 -4 33 7 11 27 -6 19 24 46 32 45 -15 41 34 25 -11 55 22 -10 26 -5 60 -16 29 30 -3 -29 49 -9 -1 -18 36 37 -17 39 -39 56 -13 -33 -38 -40 -12 -8 48 -19 -23 58 -32 -24 -37 -7 -20 -14 -26 59 -45 -2 -62
right_child=2 8 4 6 9 54 12 13 21 10 14 16 40 15 23 35 17 47 20 -21 -22 31 52 -25 57 -27 -28 28 -30 -31 51 42 -34 -35 -36 53 43 38 44 -41 -42 -43 -44 50 -46 -47 -48 -49 -50 -51 -52 -53 -54 -55 -56 -57 -58 -59 -60 -61 61 -63
leaf_value=0.0088956133164272127 -0.010618287935014086 0.02220508005684288 -0.023893141523061764 0.02664261007235796 -0.020120075400844789 0.020192123668502555 -0.0094859048789614781 0.0042542614614341943 0.035624459478182789 -0.0043495635328517192 -0.012324990855205952 0.014909154170737874 -0.0017663453463134474 0.032546075032222642 -0.0082774115328890004 0.002570174234070782 0.0011005835056498868 -0.0012531678501375336 -0.01104299946565819 0.0090381016037517897 -0.021784944518273813 0.018400544230578443 0.00044028754285758569 -0.011307730221551413 0.0063702136293731079 -0.034088598340656549 -0.00060852461953689611 0.029590937114579208 0.020089127845554406 0.0042300461566850229 0.101017514759598 0.052637198277615774 0.018172766175639656 0.0037698902690130628 0.013155907152697519 0.0032275919487072275 0.0086855402839250469 -0.047201842563673796 -0.0023902244299887025 -0.11815974766241794 -0.0075279122812762864 -0.018256565891456494 0.036177669152655426 -9.9179311990497544e-05 -0.022018541312611644 -0.02748564793511753 -0.025794747962320591 -0.0078963783943750126 -0.0078797570808617958 0.045952203526131212 -0.0062099173193020446 0.049747205174327687 0.021328554087718783 0.011142257471327906 0.012326557188200535 0.0092898576224333014 0.0074254661611422891 -0.037195157716125714 -0.024465149327331379 0.016369371158059753 0.0059820187992950281 -0.0048952354298328598
leaf_weight=126504.74385738373 25764.156485080719 17593.375105381012 40997.924718856812 8191.0039057731628 37605.184692382812 37280.968325138092 74277.144466400146 17110.251538515091 14064.708489656448 49910.048162460327 141268.90903973579 1831.0472564697266 107982.89343881607 3566.3792486190796 87271.221873760223 26163.05770277977 34662.485407590866 158164.26879763603 34613.853527784348 24543.364140272141 28756.324808120728 8852.737092256546 4773.0862121582031 91033.713019371033 5803.4771816730499 2859.5913875102997 75610.741362333298 11534.939099311829 41704.60965681076 14946.191616535187 752 8835.3329515457153 26839.761175632477 182652.75525474548 21269.907216787338 202029.38658547401 30588.337104082108 1078.6841394901276 9828.3053367137909 911.47335696220398 50009.535054683685 19101.841551780701 28845.675102472305 34459.590019464493 8296.5153646469116 7849.132465839386 7022.2225289344788 83852.680783748627 45183.032665967941 2636.3794162273407 27839.131103038788 2416.1070981025696 12030.871169805527 26913.90611243248 62942.084091663361 3860.8052077293396 19814.811871051788 824.62040734291077 1735.940367937088 11974.26895737648 16365.738354682922 44741.369284391403
leaf_count=104550 9557 8128 15067 3701 18175 16209 11153 5862 4201 18745 35697 770 15265 985 21166 5475 13802 35744 14001 6990 7872 2697 1287 14579 1490 783 16932 5848 18937 7257 752 2558 6866 153194 5815 39013 6454 220 2263 174 5946 9721 8588 6746 1489 1241 914 20821 10680 746 6028 1084 3529 4926 27892 1374 2716 212 339 2348 5000 10599
internal_value=1.93908e-05 0.013356 -0.00431308 -0.00179082 -0.00986608 0.00816501 -0.000681519 0.000715668 0.0259313 -0.00874894 -0.00785353 -0.00262719 -0.00503971 0.00366571 -0.0093161 0.0026292 -0.00335084 -0.00261849 -0.00933325 6.37059e-05 -0.0144701 0.0318921 0.0246134 -0.00708026 0.0151499 -0.00548538 -0.0047175 0.0205671 0.0243845 0.0139491 0.0365661 0.0364611 0.0127544 0.00586732 0.00568512 0.00234967 -0.000358542 -0.00643332 -0.0181435 -0.0797429 -0.00236249 -0.0153549 0.0400277 0.00227879 -0.0113757 -0.0131232 -0.0108949 -0.00423564 -0.00272605 0.0247047 -0.000299561 0.0619451 0.0153957 0.00415806 0.0152526 -0.00900248 -0.000341124 0.000945329 0.00311631 0.00414796 -0.00454345 -0.00198203
internal_weight=2.35874e+06 578367 1.78038e+06 1.22429e+06 556090 409381 1.06733e+06 808219 168986 515092 477487 378884 259107 429335 403034 385385 364065 343132 156962 74453.4 67231 80038.8 30868.7 253916 14819.1 89730.9 162882 88947.2 56407.7 32539.6 14703 49170.1 43950 309157 55932.4 381819 152875 46278 20115 1990.16 177807 20932.9 37681 106597 18124.8 149118 81299.4 287200 203347 11489.1 76008.9 3168.11 16804 228943 100223 38474.7 127798 6628.1 48169.8 46433.9 86871.3 61107.1
internal_count=793173 367457 425716 277124 148592 301845 227938 191944 65612 133525 115350 102756 35994 89188 89615 76460 97353 86862 49186 25735 23247 23606 9017 52677 5403 25939 38098 42006 26621 15385 7684 14589 12728 257744 19617 75475 31536 9621 4146 394 23927 10491 11146 21915 3752 36938 12067 67245 46424 3443 15461 1836 4816 43939 44101 15375 17981 1702 9433 9094 25156 15599
cat_boundaries=0 1 2 3 5
cat_threshold=1 1 1 1415131583 173312
is_linear=0
shrinkage=0.05


Tree=21
num_leaves=63
num_cat=10
split_feature=5 12 5 0 3 5 20 1 19 12 1 16 5 12 16 9 12 5 16 16 16 16 16 9 16 14 3 17 16 16 8 16 16 3 20 16 16 16 16 16 16 16 9 17 16 16 17 0 9 2 17 14 17 16 16 16 8 3 3 20 1 17
split_gain=55535.3 9666.09 6450.61 5073.98 8528.61 5004.81 3063.53 2674.06 1755.31 1527.63 1485.95 1467.59 1319.76 1693.98 1259.15 2360.57 1248.72 1121.41 1085.17 1065.49 1261.07 2564.42 1390.79 1431.78 1171.05 1057.07 2032.08 1001.24 963.309 1029.02 876.244 859.706 851.372 1149.43 848.45 854.029 1904.2 810.659 808.971 1463.19 845.177 798.683 783.245 771.4 759.434 1723.99 750.286 719.221 715.885 689.819 672.936 670.511 669.169 648.818 626.299 639.298 621.531 645.512 619.854 603.214 594.67 589.593
threshold=0.50025025025025038 0.16678269718356967 1.5852456229814724 2.5000000000000004 4.5000000000000009 0.23553051495212957 0 1.0000000180025095e-35 1 0.2616105926054349 1.0000000180025095e-35 16.500000000000004 1.0003933910306848 0.031473497810444236 9.5000000000000018 0.013129165709032407 0.55970304115378022 1.3549261299064606 48.500000000000007 44.500000000000007 25.500000000000004 18.500000000000004 9.5000000000000018 0.46812940625514204 51.500000000000007 1.0000000180025095e-35 7.5000000000000009 2 25.500000000000004 44.500000000000007 1.1020801384137473 44.500000000000007 15.500000000000002 119.50000000000001 3 25.500000000000004 19.500000000000004 45.500000000000007 25.500000000000004 19.500000000000004 15.500000000000002 9.5000000000000018 0.61408825093035635 4 33.500000000000007 37.000000000000007 5 1.0000000180025095e-35 0.7451139546727783 9.5000000000000018 6 1.0000000180025095e-35 7 49.500000000000007 17.500000000000004 12.500000000000002 1.1999484801648637 75.500000000000014 15.500000000000002 8 56.500000000000007 9
decision_type=2 2 2 2 2 2 1 2 9 2 2 2 2 2 2 10 2 2 2 2 2 2 2 10 2 2 2 9 2 2 2 2 2 2 1 2 2 2 2 2 2 2 10 9 2 2 9 2 10 2 9 2 9 2 2 2 2 2 2 1 2 9
left_child=3 6 16 4 10 7 17 32 -8 46 -1 14 56 25 -5 -16 19 -2 37 20 21 22 43 -24 -21 -14 59 -22 -13 44 -17 47 41 58 35 36 -4 38 39 40 50 -6 -28 -3 -30 -46 -9 49 -20 -11 -15 -31 -25 -50 55 -48 57 -10 -34 -27 -44 -40
right_child=1 2 34 11 5 -7 8 9 12 31 -12 28 13 18 15 30 -18 -19 48 24 27 -23 23 52 -26 26 42 -29 29 51 -32 -33 33 -35 -36 -37 -38 -39 61 -41 -42 -43 60 -45 45 -47 54 -49 53 -51 -52 -53 -54 -55 -56 -57 -58 -59 -60 -61 -62 -63
leaf_value=0.0047372261699985038 -0.0054523918708129495 -0.00061415855405207729 -0.018442201923922024 0.0019845867190083867 0.015492168919678792 0.0071915944344179243 -0.012844565780388867 0.032939381015995674 0.0043236351442119169 0.017469428875865809 0.013204603917394912 0.013813785225585906 -0.0030123467206342753 0.00050207182644299464 -0.10329185397504692 -0.025094877404056679 -0.013146762041059218 -0.015430759292200426 -0.0061928530906549383 0.0042172442371375615 0.00070306876938482663 0.0067847493218713478 -0.04282325593543844 0.0002788806016147751 -0.015220304154667587 8.755840322736036e-05 0.012771433910312664 -0.012127821962904274 0.004362331482333631 0.014101117606638345 -0.0034928708005816989 0.031871238914188638 0.014193992340716881 0.099128255739633298 -0.025651244344182891 -0.020259085169707879 -0.00086459296256160038 0.0085488177385903627 -0.00013216725633965226 0.0059174413684079533 -0.013441507940615802 -9.8391531996510823e-05 0.0048459783836908932 -0.010269128688647204 -0.025321118978058194 0.0015178104953839826 0.024099746490516202 0.007440686950176612 -0.031353114497094138 0.030219642831865436 -0.010435439832175023 -0.011464203114021267 -0.01446345894474739 -0.0085717983213316109 0.029000194705007899 0.001373135146694945 0.0045800556359280545 -0.0016707653906727661 0.026256495637799433 0.030826889849357466 -0.0058980991468009355 -0.01126598391221615
leaf_weight=278085.55800104141 62054.895705461502 62573.791264772415 47340.818513631821 25247.214573383331 16032.332198381424 90737.485996246338 30848.8292324543 52821.304538965225 63084.749202013016 50463.58993601799 63678.406598091125 24610.461795330048 65293.230052947998 46322.030117988586 723.28967571258545 7415.3486642837524 75326.245995044708 51546.613672494888 12214.624613761902 41714.046732902527 17242.673397302628 40121.520877361298 3967.9748070240021 9558.3000316619873 9515.5002627372742 1943.8194890022278 14031.467782258987 129015.00712871552 29896.942188739777 21706.047680854797 12791.416782855988 12917.943168640137 47570.862907886505 426.95470118522644 32718.608313560486 80915.730857610703 22841.378631353378 12023.179255723953 14931.135125398636 37320.502852678299 26062.938558340073 16845.432146310806 25626.239079475403 30899.639872550964 8845.5139904022217 18486.92404460907 7383.2254917621613 13480.264488220215 8448.8512969017029 13434.629259109497 20183.315241575241 2907.6114754676819 39680.589846611023 4961.5225718021393 18461.855856895447 5326.6593823432922 116222.5935883522 155887.94734501839 13724.417480945587 9127.1897685527802 25888.563440799713 58543.539777755737
leaf_count=233264 17404 14262 16420 4571 8297 24897 8602 17510 17148 19894 33607 4294 16442 9745 134 1409 19679 18966 2329 10283 4153 9797 980 2253 2100 868 2786 28524 5251 3900 2267 4583 26485 194 13743 26502 8288 2641 3013 7842 5180 8223 6106 6686 1532 3366 2487 3062 1776 3558 4595 503 9515 1231 6100 1578 19701 26828 6199 3879 4153 12059
internal_value=-1.24228e-05 -0.00578831 -0.0104263 0.0101729 0.0119707 0.0173456 -0.00232861 0.020772 -0.00116801 0.0244455 0.00631493 0.00191119 -0.000666222 -0.00267168 -0.00553292 -0.0146007 -0.00726023 -0.00997929 -0.00522354 -0.00610635 -0.00713891 -0.0044165 -0.00748041 -0.0139335 0.00060664 0.00166222 0.00564588 -0.0106159 0.0051403 0.00253202 -0.0114211 0.0199304 0.0140038 0.0174657 -0.0183426 -0.016757 -0.0127215 -0.00406626 -0.00481212 -0.00244026 -0.00580984 0.00750434 0.00229917 -0.00380706 -0.00114481 -0.0071686 0.0292993 0.0179365 -0.0149503 0.0201506 -0.00281889 0.0110807 -0.0116046 -0.0229258 0.0231121 0.014576 0.00162477 5.61981e-05 0.0168953 0.0254582 -0.000553426 -0.00900501
internal_weight=2.36002e+06 1.506e+06 643432 854022 701391 359627 862568 268889 748966 174289 341764 152631 718117 382922 46177.3 20930.1 459615 113602 241012 384289 333059 186802 146680 53206.9 51229.5 141911 76617.3 146258 106454 81843 20206.8 90296.4 94600 61722.2 183817 151098 70182.2 215387 203363 129889 92568.3 32877.8 65546.3 93473.4 57229.4 27332.4 83993 77378.5 25625 63898.2 66505.3 24613.7 49238.9 13410.4 31171.7 12709.9 335195 218973 61295.3 11071 51514.8 73474.7
internal_count=793644 366479 173185 427165 399938 133067 193294 108170 156924 58772 266871 27227 148322 84645 8381 3810 108232 36370 50411 88553 76170 43493 33696 12748 12383 34234 17792 32677 18846 14552 3676 31097 49398 32878 64953 51210 24708 45075 42434 27362 19520 16520 13045 20948 10149 4898 27675 26514 5336 23452 14340 4403 11768 3007 10165 4065 63677 43976 32684 4747 10259 15072
cat_boundaries=0 1 2 6 7 11 15 19 23 24 28
cat_threshold=1 540672 2101248 553679872 276841553 512 14 1611662992 18425872 1221267457 1098322 537928384 558776336 1212879170 1081686 536880848 17301520 1749701154 1100882 1073742480 0 138543104 32768 8 268439568 1090808321 278939648 1536
is_linear=0
shrinkage=0.05


Tree=22
num_leaves=63
num_cat=11
split_feature=5 12 5 5 7 20 16 16 16 13 5 20 13 16 12 4 10 12 19 0 12 7 5 0 5 7 6 12 10 4 19 8 19 16 16 19 16 16 19 4 10 13 0 13 12 16 16 16 16 16 7 10 20 4 20 7 19 6 19 5 16 16
split_gain=50718.9 8631.57 6216.35 4710.38 10293.4 2541.75 2244.31 2238.48 2153.6 1759.32 2090.13 1520.01 1388.87 1355.92 1301.79 1232.07 1152.68 1139.88 1104.86 1024.78 999.337 989.627 980.873 939.19 910.827 902.761 804.807 770.345 766.152 755.609 748.665 745.251 704.786 697.193 2013.48 675.084 622.132 602.457 601.278 825.638 617.062 589.743 586.235 625.026 577.628 568.035 523.79 510.194 1030.85 568.335 501.661 502.801 487.404 483.07 481.014 480.349 474.838 473.901 472.289 471.898 451.157 1037.45
threshold=0.50025025025025038 0.14450892485460484 1.5852456229814724 0.25078616352201261 1.5000000000000002 0 17.500000000000004 9.5000000000000018 25.500000000000004 1.5000000000000002 1.1628232536435557 1 24.500000000000004 44.500000000000007 0.5198311462905022 4.5000000000000009 1.5000000000000002 0.42869395672585303 2 1.0000000180025095e-35 0.15277807414075203 130.50000000000003 1.3549261299064606 274.50000000000006 0.96850270168007135 7.5000000000000009 1.7673842965691919 0.15277807414075203 1.5000000000000002 49.500000000000007 3 1.0577175449222695 4 25.500000000000004 19.500000000000004 5 45.500000000000007 48.500000000000007 6 123.50000000000001 1.5000000000000002 10.500000000000002 92.500000000000014 3.5000000000000004 0.25604271705122295 15.500000000000002 44.500000000000007 25.500000000000004 19.500000000000004 9.5000000000000018 142.50000000000003 1.5000000000000002 7 2.5000000000000004 8 152.50000000000003 9 1.0000000180025095e-35 10 2.9740708729472778 45.500000000000007 25.500000000000004
decision_type=2 2 2 2 2 1 2 2 2 2 2 1 2 2 2 2 2 2 9 2 2 2 2 2 2 2 2 2 2 2 9 2 9 2 2 9 2 2 9 2 2 2 2 2 2 2 2 2 2 2 2 2 1 2 1 2 9 2 9 2 2 2
left_child=3 5 12 4 15 22 7 27 11 18 38 -8 -3 20 24 41 42 21 -7 31 -10 28 -2 37 36 54 33 -6 -5 52 -29 -9 -21 34 56 -15 47 -18 -11 -40 -41 -1 43 -12 57 55 -19 48 49 -14 51 -27 -17 -45 -20 -34 -4 -31 -51 -28 61 -42
right_child=1 2 26 17 6 9 8 19 13 10 16 -13 14 35 -16 29 23 46 25 32 -22 -23 -24 -25 -26 50 59 30 -30 44 -32 -33 45 -35 -36 -37 -38 -39 39 40 60 -43 -44 53 -46 -47 -48 -49 -50 58 -52 -53 -54 -55 -56 -57 -58 -59 -60 -61 -62 -63
leaf_value=0.014956947871351626 -0.0048584880327021398 -0.011541830695578348 -0.01099778684190196 0.0032357665604659937 0.029475589057680419 -0.023595077687984342 0.016548516633454389 0.0058535778259879816 0.023283156377836931 -0.0027511190344880589 -0.00063228004529490914 0.038531282056790551 0.0022991720044668288 0.020627496599641346 -0.010221151432260919 0.011826535200698254 0.00058591201215202652 -0.0043591413879797807 0.033134671793952131 0.012647084643064542 0.012382985790858763 -0.0015249021060653538 -0.014382750722088902 -0.011581389876426443 -0.0065679543580566659 0.0014875692373950129 -0.018981916744884638 0.028690242352134243 0.011231582998958441 0.071972426974857215 0.01256068457028918 0.019277949617951599 -0.015956592950122493 -0.018664771201916664 0.0021690097335679368 0.03265321631134982 0.0082166734510417568 -0.011640892887249987 0.0064599819396747348 -0.0045339445081459357 0.0038842564683183355 0.0032263181368419741 -0.022102634737285839 -0.029946272805111571 0.013718922491480802 0.0064289507582359802 0.010398810579850514 -0.0054286560659230487 0.013296424300225165 -0.0013158324975718982 -0.034870541989940308 0.025868076895767714 0.004632483217574891 -0.0087910203220867029 0.0025219210514862995 -0.056549406795279894 -0.021395780070788746 0.02604481330129689 -0.01497607500255088 -0.028998042905683287 0.0078036898730639084 -0.0039837041740712585
leaf_weight=11275.276865005493 59088.75945854187 113056.50714063644 18376.838889837265 52902.82362818718 16804.310175657272 1864.3852367401123 10929.20448756218 33526.479648590088 30943.74248957634 92911.661095619202 25855.878416776657 28538.574988603592 33155.835836410522 25405.969807863235 95980.044501304626 68892.280414819717 125609.30885052681 50943.175201892853 7649.9581739902496 3663.0315003395081 65630.57723903656 37484.776693344116 49830.821512699127 21750.224408626556 126514.86182260513 6513.2441971302032 30733.157898187637 9635.0711524486542 69081.193700313568 1078 28640.742164373398 14947.794243097305 5748.3897285461426 76160.922261953354 18817.007582187653 21909.559074640274 16980.089305400848 10952.428944587708 73781.980447292328 49889.872261047363 105606.14730000496 214994.70825529099 7298.8912625312805 2781.8098764419556 2690.0566771030426 2616.9883880615234 6815.9146475791931 58455.112164497375 13528.619406223297 13698.694320678711 684.28821229934692 3130.5032019615173 35836.069036245346 89227.905989408493 1555.7341923713684 833.92637825012207 27599.779734134674 1175.2382850646973 11762.528715610504 19060.017997503281 26149.80177283287 69448.218829631805
leaf_count=8226 16604 23637 6339 12872 5934 624 4104 13171 10617 19918 6310 9610 7093 8918 25159 52394 24372 11460 3247 750 23495 5401 18410 2683 31947 1573 9057 3530 15846 1078 10223 4661 1232 26205 6791 7889 3884 2092 18744 9130 16529 183159 1092 1580 1970 516 1667 12715 3167 3137 101 713 27545 26626 723 123 10286 687 2692 8309 4183 10773
internal_value=1.57972e-05 -0.00550334 -0.00970906 0.00975717 0.0119292 -0.00209518 0.0186644 0.0132347 0.0221117 -0.00102192 -0.00145289 0.0324585 -0.00669157 0.0192734 -0.00520981 0.00591905 -0.00476674 0.00340074 0.0131008 0.00666441 0.0158758 0.00558052 -0.00921509 -0.00193175 -0.00345496 0.0166078 -0.0173518 0.0205511 0.00776396 0.0102684 0.0166324 0.0099935 -0.00588172 -0.0154212 -0.0116084 0.0262079 -0.00078629 -0.000394772 0.000795631 0.00181 0.000443698 0.00381093 -0.00835249 -0.00750083 0.0293695 -0.0132595 -0.00261747 -0.00195687 0.000856144 -0.00201521 0.0064672 0.0094037 0.00936651 -0.00943094 0.0280008 -0.0211072 -0.0172471 0.0480398 -0.0076333 -0.0228164 0.00167795 0.000762845
internal_weight=2.35841e+06 1.50546e+06 673880 852944 635716 831582 299774 116417 183358 722662 701264 39467.8 483132 143890 370076 335942 283476 217228 21398.1 61336.6 96574.3 159469 108920 158312 274096 19533.7 190748 55080.1 121984 109672 38275.8 48474.3 12862.3 140955 64793.6 47315.5 147581 136562 417788 324876 251094 226270 125164 117866 4943.29 9199.3 57759.1 130601 72145.7 58617.1 10328 9643.75 104728 92009.7 9205.69 6582.32 45976.6 2253.24 25461.2 49793.2 201204 175054
internal_count=793523 366445 180418 427078 379832 186027 104773 40140 64633 151013 144032 13714 113431 50919 89794 275059 64755 47246 6981 20453 34112 34119 35014 29147 64635 6357 66987 19687 28718 83674 13753 17832 2621 49621 23416 16807 32688 26464 79277 59359 40615 191385 35608 34516 3735 1871 13127 28804 16089 12922 2387 2286 79939 28206 3970 1355 16625 1765 5829 17366 31485 27302
cat_boundaries=0 1 2 3 4 5 6 7 8 9 10 11
cat_threshold=1 1 540672 104458 100394 1861025 540801 14 6 251914 759850
is_linear=0
shrinkage=0.05


Tree=23
num_leaves=63
num_cat=13
split_feature=0 3 12 20 20 1 1 0 10 4 0 1 13 10 17 16 16 13 9 0 7 0 16 4 1 0 19 4 16 16 19 16 16 16 20 12 17 0 0 0 0 8 16 16 16 20 16 16 17 16 16 10 17 19 19 12 1 9 10 20 16 10
split_gain=40142.5 11804.9 7875.79 3122.89 2912.36 2625.72 2447.05 2105.04 2446.3 1843.46 2037.49 1720.84 1497.18 1353.92 1302.81 1084.31 1236.8 1074.47 1047.92 1035.7 981.328 1479.01 957.918 1051.27 896.572 892.066 882.4 870.632 802.64 1450.53 794.106 757.752 1150.47 729.842 689.57 681.391 677.842 638.319 594.943 579.378 578.612 519.482 497.556 493.825 772.998 490.214 489.978 941.096 688.824 567.196 528.127 485.705 479.08 470.046 465.131 449.026 429.71 417.897 416.398 413.905 412.629 410.214
threshold=1.0000000180025095e-35 8.5000000000000018 0.27731946264877783 0 1 1.0000000180025095e-35 2.5000000000000004 50.500000000000007 1.5000000000000002 8.5000000000000018 2.5000000000000004 4.5000000000000009 1.5000000000000002 2.5000000000000004 2 16.500000000000004 10.500000000000002 3.5000000000000004 0.90009784735812148 1.5000000000000002 2.5000000000000004 1.5000000000000002 26.500000000000004 135.50000000000003 2.5000000000000004 2.5000000000000004 3 2.5000000000000004 10.500000000000002 12.500000000000002 4 43.500000000000007 25.500000000000004 51.500000000000007 5 0.32748793019274874 6 4.5000000000000009 1.5000000000000002 274.50000000000006 258.50000000000006 1.0953164160401005 19.500000000000004 51.500000000000007 49.500000000000007 7 17.500000000000004 25.500000000000004 8 8.5000000000000018 44.500000000000007 2.5000000000000004 9 10 11 0.088607202795884868 4.5000000000000009 0.51904311989346008 5.5000000000000009 12 44.500000000000007 2.5000000000000004
decision_type=2 2 2 1 1 2 2 2 2 2 2 2 2 2 9 2 2 2 10 2 2 2 2 2 2 2 9 2 2 2 9 2 2 2 1 2 9 2 2 2 2 2 2 2 2 1 2 2 9 2 2 2 9 9 9 2 2 10 2 1 2 2
left_child=1 5 4 -4 18 27 15 8 12 -5 11 38 30 39 28 16 54 53 33 56 -14 24 23 45 -22 -20 -23 -1 -12 34 -6 32 42 -2 -30 -7 -21 59 57 52 -15 -34 -31 44 -16 -17 49 48 -48 -29 -49 -27 -9 -10 -3 -28 -19 -11 -42 -32 -24 -38
right_child=2 6 3 9 7 35 -8 13 17 10 14 -13 20 40 43 22 -18 19 25 36 21 26 60 -25 -26 51 55 46 29 31 37 -33 41 -35 -36 -37 61 -39 -40 -41 58 -43 -44 -45 -46 -47 47 50 -50 -51 -52 -53 -54 -55 -56 -57 -58 -59 -60 -61 -62 -63
leaf_value=0.0022041440406283985 -0.0032776658552208602 0.035287312957383819 -0.020305168761767772 -0.01731707389245106 -0.020635569534364687 0.018308388698223578 0.034266559766962197 -0.0018703391258478694 0.032644679752900578 -0.0080760106646857004 -0.0010312194688380254 0.0070165878088508278 -0.013076966743495245 0.00018692501645757302 -0.012183569224887501 0.037584340912997054 0.0049193984998654114 0.0093218352541555288 -0.007509266843154525 0.0054384409070828039 -0.00072175518508488625 -0.0079506944913994518 0.016791725513260348 0.072507369193809651 0.013233634981520515 -0.024705770616105401 -0.00016668510053861256 0.0094816187603606276 -0.008030918350201843 -0.0069461191277535445 0.036977753737631576 -0.00024126451676561797 -0.015583871820409665 -0.02966016361264397 -0.034364502265484799 0.010171812970895243 -0.0010676206228168771 0.0082010553334969389 -0.010247395974419177 -0.024191820017607599 -0.01143303145433599 -0.0083685487248355058 0.0038014492632892981 -0.027744828877058376 0.010591709511452239 0.021009353332538554 0.029221541377488881 0.0038585796883078907 0.011945289256484382 -0.00019481492256364152 0.012244268738623526 -0.01095544595423726 -0.010440814583942738 0.011934219769731269 0.017824551974625978 -0.0057866458795658134 0.025540650715763103 0.00047362819604916494 -0.002288872170118735 0.002076927991120775 0.026373984313787843 0.0034737023818331792
leaf_weight=152757.58435726166 81597.034005403519 4970.7535848617554 49002.787715435028 41573.507253646851 1498.4984309673309 49888.9312915802 38485.492454528809 22604.161778450012 3756.5343699455261 20608.80314540863 59485.322753429413 43427.132309913635 20809.475420236588 130230.57363843918 132277.90771007538 9236.8124577999115 21440.705799102783 11231.094722509384 36478.745117664337 142801.04886841774 22516.913171768188 73589.021923780441 34678.920289993286 1541.9997999668121 23541.079686641693 16862.319561481476 147413.77368736267 26082.865649938583 3826.8638627529144 20413.855995893478 4553.527575969696 37396.15013051033 38558.004746437073 2707.4594175815582 7204.2708237171173 53147.332018613815 112689.83424258232 7540.4433798789978 34193.955628156662 5973.4969687461853 21278.606777667999 70676.369600772858 22789.485149145126 4870.5078043937683 3832.7953176498413 8858.3927578926086 8673.4197654724121 53346.372946023941 17376.671558380127 36108.091769695282 28973.715686559677 10376.747082471848 58672.541766166687 10236.019084453583 16858.210148096085 46833.307327747345 6418.3300383090973 46630.114931106567 30005.108375549316 1056.9533381462097 16626.825870275497 88996.714179515839
leaf_count=135160 23536 1931 17706 20026 545 23976 11238 3333 876 7807 12445 11453 10784 18493 27367 4202 8643 3523 14505 28584 8153 18106 13920 745 7078 5013 33068 18528 803 4356 2202 8200 8603 741 1587 26475 24382 2112 11371 772 2615 13453 5228 981 779 3799 6622 38196 13572 26732 20748 2467 8982 2457 6910 11444 1657 16797 3488 542 6603 17056
internal_value=-1.35789e-06 0.0114333 -0.00372321 -0.00817893 -0.00123932 0.00716091 0.0233625 -0.000265129 0.00113518 -0.00716744 -0.006395 -0.00131196 -0.00187746 -0.00404502 -0.00822971 0.0196879 0.0134493 0.00393335 -0.00778227 0.00340802 -0.00256226 -0.00186515 0.0234928 0.0328845 0.00641123 -0.0126219 -0.0032884 0.00494581 -0.00613251 -0.00764353 0.0137677 -0.0066192 -0.00818383 -0.00412529 -0.025269 0.0141116 0.00280275 0.0176913 -0.00487774 -0.00916361 -0.00158459 -0.0109156 -0.00127689 -0.0121012 -0.0115422 0.0295041 0.00740126 0.0094314 0.0177141 0.00386357 0.00681015 -0.0194682 -0.00805882 0.0175281 0.0218268 -0.00152161 0.015221 -0.00214693 -0.00608311 0.030474 0.0198975 0.000936256
internal_weight=2.35809e+06 579053 1.77904e+06 636768 1.14227e+06 426355 152698 994247 725483 587765 546192 144860 349353 268764 401332 114213 43269.7 376130 148022 362137 334704 313894 70943 19637.2 46058 63717.8 267836 323319 260350 200865 14649.4 189834 152438 84304.5 11031.1 103036 344488 13150.9 101433 87250.2 181514 109234 43203.3 140981 136111 18095.2 170561 108370 26050.1 62191 82320.1 27239.1 81276.7 13992.6 21829 194247 17649.4 67238.9 51283.7 5610.48 51305.7 201687
internal_count=793476 368000 425476 168962 256514 310009 57991 210252 172569 151256 131230 47428 94034 37683 83802 46753 17484 78535 46262 75202 88633 77849 29269 8746 15231 21985 62618 259558 54675 42230 5401 39840 31640 24277 2390 50451 70022 4856 35975 13087 24596 22056 9584 29127 28146 8001 124398 79138 20194 45260 58944 7480 12315 3333 8841 44512 5180 24604 6103 2744 20523 41438
cat_boundaries=0 1 2 6 7 8 9 13 14 18 22 23 24 25
cat_threshold=1 1 537921168 2165324864 1757545553 311898 541185 540672 2 553657624 1090585153 1073874960 1329856 12 2684388048 536882176 1745421313 1083400 16785600 16777216 1610614784 1082880 299304 235530 6
is_linear=0
shrinkage=0.05


Tree=24
num_leaves=63
num_cat=2
split_feature=5 12 5 9 5 7 5 20 13 7 9 16 4 16 16 0 13 12 0 1 16 7 11 4 7 12 5 5 16 16 16 16 16 9 16 16 9 16 8 16 1 13 16 16 9 16 6 16 16 16 9 16 20 6 16 16 12 9 16 16 16 16
split_gain=41843.5 7514.53 5129.28 4315.35 6361.39 3491 2308.1 1727.6 1989.79 1651.2 1491.46 1238.4 1512.54 1603.14 1442.25 1958.63 1113.33 1091.84 1088.26 1230.14 1018.28 920.016 913.747 905.514 861.876 850.214 794.955 762.219 757.717 740.541 716.387 813.593 2197.29 1368.14 3436.92 854.832 813.49 768.006 710.183 703.493 688.573 650.906 651.003 985.129 699.631 1315.39 614.29 591.133 581.207 564.309 556.343 611.781 545.262 539.509 527.348 504.95 499.289 490.439 533.094 487.71 479.064 472.885
threshold=0.50025025025025038 0.16678269718356967 1.5688098495212042 0.31647252895232975 0.21165907563652656 3.5000000000000004 1.0598600834535501 0 1.5000000000000002 73.500000000000014 0.94121665059466419 16.500000000000004 5.5000000000000009 24.500000000000004 9.5000000000000018 1.0000000180025095e-35 24.500000000000004 0.54654908623505094 1.0000000180025095e-35 2.5000000000000004 48.500000000000007 72.500000000000014 0.067779660845796272 37.500000000000007 14.500000000000002 0.18934970627546446 0.92282346977569396 2.6687965921192762 51.500000000000007 14.500000000000002 45.500000000000007 25.500000000000004 22.500000000000004 0.23100023100023104 10.500000000000002 12.500000000000002 0.74995475931958022 48.500000000000007 1.1515356542420145 11.500000000000002 1.0000000180025095e-35 3.5000000000000004 25.500000000000004 15.500000000000002 0.083551483420593389 9.5000000000000018 0.12016597510373446 16.500000000000004 19.500000000000004 20.500000000000004 0.054158809972763469 11.500000000000002 1 0.85698869475847916 49.500000000000007 45.500000000000007 0.31437550170114342 0.85018427845067035 14.500000000000002 49.500000000000007 23.500000000000004 18.500000000000004
decision_type=2 2 2 10 2 2 2 1 2 2 10 2 2 2 2 2 2 2 2 2 2 2 2 2 2 2 2 2 2 2 2 2 2 10 2 2 10 2 2 2 2 2 2 2 10 2 2 2 2 2 10 2 1 2 2 2 2 10 2 2 2 2
left_child=3 6 16 9 5 40 28 57 22 11 41 14 -13 23 -1 -16 -3 26 19 52 29 38 24 -14 -9 46 55 -4 30 39 31 32 33 34 -2 50 -32 -38 -6 -12 -5 -10 43 44 45 -43 -15 -20 56 -45 51 -36 -7 -29 -22 -18 -25 -8 -59 -39 -60 -31
right_child=1 2 27 4 21 18 7 8 10 -11 20 12 13 25 15 -17 17 -19 47 -21 54 -23 -24 48 -26 -27 -28 53 -30 61 36 -33 -34 -35 35 -37 37 59 -40 -41 -42 42 -44 49 -46 -47 -48 -49 -50 -51 -52 -53 -54 -55 -56 -57 -58 58 60 -61 -62 -63
leaf_value=0.0061288621424984311 -0.00096888657176712927 -0.010790195395557577 -0.013938167898997864 0.0091437860377512233 0.0045334871547874417 0.012585564158236634 -0.0071948290605897292 0.02396855096717505 0.0091763841624486388 -0.015243008071679779 -0.0042760566536007147 0.0041780965091054246 0.022985382634320903 0.0042290045285347374 -0.0023482462807253284 -0.038835533731507645 -0.0019022185047609182 -0.010318433160043253 0.0041953414267304158 0.032907820130601763 -0.030818973153373924 8.7404359789832332e-05 -0.016661295010552288 0.10139604107513421 0.0018333978605751715 0.0060095382276494219 -0.0061428647149266262 -0.013847229966001998 -0.0160028264492127 -0.013285140830046536 0.012388674298490446 -0.0027737882017007005 0.013314396188660697 0.0011157750714492118 -0.052552292248562643 0.0063714249017440931 0.0068616564560159063 -0.032011579586454057 0.012074708157658267 0.0099915080454600225 0.015435113811303497 -0.0036413770493763302 -0.0047067836556870862 0.025024041479899336 -0.00034048513288380971 -0.054102577522531572 0.023918452095025029 0.019102303604848013 0.025135949253537127 0.0059355635161458444 -0.038081526791908571 -0.10753632079701303 0.023635686899769023 -0.0241189444872409 -0.0098098025322045333 0.0074915278071153932 0.03589625254566297 -0.0059220878175014835 -0.027071344082936884 -0.004764711078881022 -0.013654607923868023 -0.0062945410545667893
leaf_weight=62429.367117166519 11043.749885559082 104756.76314783096 126307.07847690582 103339.79077720642 86403.92910861969 14589.811903238297 34411.70982336998 11602.361366271973 15442.086482286453 10246.849695682526 35499.781468391418 137858.41877508163 11284.541041374207 5506.9254202842712 49709.042988538742 3970.8828477859497 122630.75469017029 74047.24848818779 9677.2054190635681 33825.03587603569 6521.4143035411835 66819.082434177399 2489.7626976966858 863 7081.7954778671265 47162.988642215729 140330.06636166573 18805.971347570419 6684.3610439300537 33209.945685863495 27309.33336520195 144485.92289948463 36157.926346063614 158154.78506469727 952.08754634857178 463.39763689041138 19585.764699220657 1939.0296058654785 48882.392128705978 11417.657023191452 75105.875037670135 4405.1909396648407 80024.958573102951 4596.9042525291443 37370.101912975311 1826.1896021366119 14118.259302854538 21266.129173755646 800.79424023628235 24525.59360408783 1127.1497783660889 1087.3362572193146 48826.166676521301 39953.714830875397 5512.7590577602386 16194.003478288651 441 10659.872525930405 11180.323283433914 10707.480952978134 16441.017223358154 89097.258385181427
leaf_count=45078 2428 21866 39103 54433 21650 4893 10939 4558 3342 1655 9393 120464 9728 5365 39775 953 27429 19676 1982 10005 1515 10340 892 863 1469 25193 35244 9611 1342 6990 5120 28182 6947 31691 216 133 4019 454 11558 2755 36762 1117 15857 1138 7083 470 4772 4321 368 4971 225 238 16349 16536 1525 3788 441 4170 3976 2222 6242 21901
internal_value=1.17231e-06 -0.00501062 -0.00910226 0.00884857 0.0117744 0.0163136 -0.00196197 -0.0044779 -0.00309523 0.0045265 -0.00399713 0.00513279 0.00735406 0.0128147 0.000961547 -0.00504801 -0.00626343 -0.00492081 0.0226083 0.0252072 -0.00714368 0.00488757 0.0117876 0.0286049 0.0155793 0.00964883 -0.00348903 -0.016127 0.000695554 -0.00614421 0.000965844 0.000111176 0.00210574 -0.000239312 -0.0148437 -0.0570441 0.00603954 0.000659921 0.00725839 -0.000803815 0.0117918 -0.000606096 -0.0015951 0.00182898 -0.002927 -0.018436 0.018394 0.0144406 0.0587076 0.00894938 -0.0663234 -0.0819058 0.0210994 -0.0208318 -0.0211965 -0.000806385 0.0792891 -0.0115253 -0.0154207 -0.00894455 -0.0190861 -0.00819278
internal_weight=2.35917e+06 1.50604e+06 643026 853127 508735 306630 863015 443317 370624 344392 349450 334145 218036 80177.5 116109 53679.9 457959 353202 128184 97241 181259 202105 21173.9 13389.3 18684.2 66788.2 279155 185067 419698 169225 413014 353472 208986 172829 14673.7 3629.97 59541.6 32232.3 135286 46917.4 178446 168191 152749 72724 43601.5 6231.38 19625.2 30943.3 2104.79 29122.5 3166.57 2039.42 63416 58759.7 12034.2 138825 1304 72692.9 38281.2 12646.5 27621.3 122307
internal_count=793721 366773 173253 426948 172293 128745 193520 110303 84976 254655 78057 253000 167194 46730 85806 40728 108003 86137 37550 31247 44079 43548 6919 11400 6027 35330 66461 65250 83217 41039 81875 70060 41878 34931 3240 812 11815 6695 33208 12148 91195 33978 30636 14779 8670 1587 10137 6303 1672 6109 679 454 21242 26147 3040 31217 1304 25327 14388 2676 10218 28891
cat_boundaries=0 1 2
cat_threshold=1 1
is_linear=0
shrinkage=0.05


Tree=25
num_leaves=63
num_cat=13
split_feature=5 5 13 9 5 3 8 17 7 16 16 9 16 16 9 16 17 16 16 5 16 4 16 16 0 17 16 8 21 20 16 3 17 7 20 16 16 16 4 5 16 17 20 7 3 16 9 9 16 17 1 16 17 17 9 16 17 16 16 16 16 3
split_gain=37617.8 6464.55 4751.58 3849.66 5925.85 2974.46 1575.15 1514.68 1483.55 1400 2727.06 1383.22 1108.75 3995.95 4222 2594.12 1760.77 1289.8 1139.97 1071.08 1065.51 1417.57 1475.99 1242.35 1493 1132.09 1063.19 1057.18 979.079 967.756 893.514 891.301 868.874 851.171 913.131 821.658 1495.44 1442.01 818.736 794.168 775.18 760.789 757.314 717.429 715.949 670.036 1324.81 668.254 668.197 667.56 646.83 639.957 625.365 620.46 588.437 571.491 556.37 568.088 1210.72 706.197 595.63 551.027
threshold=0.50025025025025038 1.4786262331019366 3.5000000000000004 0.32620137299771174 0.23553051495212957 9.5000000000000018 1.1419177943995276 0 55.500000000000007 25.500000000000004 19.500000000000004 0.61844397579314159 16.500000000000004 9.5000000000000018 0.13447187141216996 25.500000000000004 1 11.500000000000002 44.500000000000007 0.12955677943876218 16.500000000000004 5.5000000000000009 24.500000000000004 9.5000000000000018 1.0000000180025095e-35 2 51.500000000000007 1.0323327359617684 3 4 44.500000000000007 13.500000000000002 5 39.500000000000007 6 25.500000000000004 22.500000000000004 44.500000000000007 37.500000000000007 2.3457471264367817 48.500000000000007 7 8 146.50000000000003 5.5000000000000009 21.500000000000004 0.8670366498585661 0.62527533039647587 49.500000000000007 9 1.0000000180025095e-35 4.5000000000000009 10 11 0.50012382367508679 45.500000000000007 12 31.500000000000004 37.000000000000007 27.500000000000004 39.500000000000007 34.500000000000007
decision_type=2 2 2 10 2 2 2 9 2 2 2 10 2 2 10 2 9 2 2 2 2 2 2 2 2 9 2 2 9 1 2 2 9 2 1 2 2 2 2 2 2 9 1 2 2 2 10 10 2 9 2 2 9 9 10 2 9 2 2 2 2 2
left_child=3 6 11 8 5 50 12 -7 20 10 31 52 13 -2 17 49 18 -15 -17 27 23 -22 38 -1 -25 55 30 -9 33 -8 53 -4 -6 34 44 36 41 56 -23 -11 -39 -31 -29 -34 -13 46 -12 -32 -42 -14 -5 -33 -3 -18 -16 -24 -37 59 -59 -58 -60 -19
right_child=1 2 9 4 32 7 29 19 -10 39 45 28 15 14 54 16 26 61 -20 -21 21 22 25 24 -26 -27 -28 42 -30 35 47 51 43 -35 -36 37 -38 40 -40 -41 48 -43 -44 -45 -46 -47 -48 -49 -50 -51 -52 -53 -54 -55 -56 -57 57 58 60 -61 -62 -63
leaf_value=0.0059005450233646159 -0.0019062268126720278 0.023285112162164605 -0.018389046356280157 0.0080189898192623548 -0.0017107721477090606 0.0081683160174785188 -0.0080983029936229391 0.020151499997166533 -0.011693412292047189 -0.012842269703261992 0.015895797440350658 0.035318381039166694 -0.0013558576695030817 -0.041658662240348969 -0.025348656455630565 -0.012706617758210866 -0.006228889793083771 -0.0530728482376982 -0.00074755537646865444 0.013824604046306407 0.0039676223028301573 0.022250262369748267 -0.00043096442383039666 -0.002297376862034036 -0.0358834495714795 0.015490426664168989 -0.020979601919011433 0.018346568403664429 -0.0098008194635481587 0.0073906949586379214 0.0096399070551382304 -0.00094299534278005203 0.0078816099165520091 -0.0059202627626749084 -0.0088959864527537562 -0.0010322108044663035 0.012518297136957813 0.0079803255437462511 0.056611902152785859 -0.019721663872252188 -0.021092574168806586 -0.00076559088440168992 0.033869692936037067 -0.00088147451243166398 0.0098614063488342632 -0.003932016598767552 -0.012171713306855438 -0.0016863174530040049 0.00049046164847399822 0.0073294925969400807 0.01423283540903003 -0.012083596553377473 0.0031302882255517051 0.0016366456373838334 -0.011291538545934683 0.01905702721078513 -0.013148501760456205 -0.019290315361356086 0.010210657944373326 0.0024298612702977791 -0.0074108924075460703 -0.11063672439361781
leaf_weight=61501.754321575165 110794.28514957428 9064.7120325565338 48979.079792976379 92875.897611618042 46808.114344120026 21219.062926292419 39369.861230134964 52219.753090620041 13921.894698143005 122490.09260487556 13981.212508678436 3486.5558433532715 34634.087832689285 4447.9362092018127 8707.9063348770142 90402.484014511108 80007.397538661957 631.25121402740479 25561.358464479446 27141.692139148712 137762.5072684288 11307.795088291168 26553.130245447159 49449.677723169327 3545.1775104999542 34652.35985827446 7176.3878979682922 10131.318205833435 23774.096298217773 34317.642282247543 26678.380124092102 16190.681503534317 116267.73584246635 15141.123563766479 5158.9658355712891 56304.078187465668 30175.329104185104 42671.404442071915 2047.294864654541 63814.535004138947 4168.0814504623413 171031.16142034531 36514.796235322952 29227.422849655151 13281.164882183075 36479.665666818619 6011.0651218891144 25441.502194881439 25643.826580524445 61239.054455041885 76282.769074440002 63246.060604095459 6705.436830997467 36512.543286323547 51327.325757980347 4381.9229183197021 10421.728669881821 22948.709269762039 5756.4438898563385 24086.181335687637 28701.093045949936 1234.6048469543457
leaf_count=44810 26438 2493 22117 48867 10012 6464 10314 20297 2343 33036 4633 1577 8321 1079 1974 21528 18612 207 6597 5729 120426 9723 14749 39710 875 17363 1641 3101 7134 6221 5902 3853 27291 2566 2066 10111 5317 8158 1631 24413 862 31892 10408 4163 3396 11643 2072 6234 4898 14733 36050 14507 2162 8663 12744 3055 1773 4026 1114 4083 5573 252
internal_value=-1.49106e-05 -0.00476255 -0.00979986 0.00837145 0.0111369 0.0153442 -0.00263529 0.0205408 0.00429539 -0.0121397 -0.00905722 0.00153705 -0.00444044 -0.00771761 -0.0174217 -0.00294288 -0.00528745 -0.0563115 -0.0100697 0.0226217 0.00496751 0.00702891 0.012371 0.00106591 -0.00454481 0.00928566 -0.00213247 0.0250389 -0.00188346 -0.000578068 -0.00133044 -0.0130841 0.0042148 0.00319639 0.00949319 7.10805e-05 0.00212513 -0.00212091 0.0275216 -0.0151987 0.00365846 0.00059783 0.0305098 0.00612085 0.0151475 9.98478e-05 0.00745657 0.00411126 -0.00252773 0.00419256 0.0108212 -0.00981298 0.0147328 -0.00376456 -0.0133309 0.00232927 -0.00494721 -0.00734448 -0.0103929 -0.0022752 -0.00446684 -0.0912007
internal_weight=2.36201e+06 1.5082e+06 447804 853812 508689 316385 1.06039e+06 147227 345124 371192 184888 76612.1 564797 177143 66349 387653 291780 6313.79 115964 126008 331202 216705 78942.5 114497 52994.9 65587.4 175816 98865.9 60841.9 495596 168640 128416 192303 37067.8 21926.7 456226 235524 220702 13355.1 186305 72483.3 205349 46646.1 145495 16767.7 56471.9 19992.3 52119.9 29811.9 95873.1 169159 79436.7 15770.1 116520 60035.2 30935.1 148218 91914.2 57406.2 34507.9 34457.5 1865.86
internal_count=794002 366935 137668 427067 172382 130916 229267 45999 254685 116274 58825 21394 134925 42694 16256 92231 69177 1538 28125 39535 252342 166947 46521 85395 40585 35167 41052 33806 16739 94342 39411 40477 41466 9605 7039 84028 43430 40598 11354 57449 13918 38113 13509 31454 4973 18348 6705 12136 5760 23054 84917 18360 4655 27275 14718 17804 26680 16569 10713 5856 6687 459
cat_boundaries=0 4 8 12 14 15 19 20 24 25 29 33 37 41
cat_threshold=2449506344 3758362240 2387621 338952 1912637568 1278032 3897241824 1098002 1610646168 1074823384 3913947456 1082642 33698503 132224 1 2418053448 519296 278935265 68608 22 144 32832 3896639520 32768 1 3241181200 538749056 415395744 67586 538982272 16777216 810156544 34898 2150639448 1611138176 769 339008 18878720 18107456 276906193 18008
is_linear=0
shrinkage=0.05


Tree=26
num_leaves=63
num_cat=12
split_feature=5 12 5 12 5 2 5 19 9 16 0 1 5 9 19 1 20 14 16 16 16 17 16 16 19 4 16 9 15 16 16 1 5 15 17 17 4 5 16 0 20 2 16 16 9 20 19 16 16 20 16 9 7 5 16 16 16 17 16 16 16 0
split_gain=34309.4 6157.76 4402.17 3747.3 2598.22 3890.35 1917.52 1631.82 1542.25 1443.24 1323.74 1683.92 1292.8 1203.49 1136.18 1070.22 998.83 991.415 793.24 1622.43 756.832 850.508 734.303 722.875 714.458 711.551 711.373 752.405 681.438 671.302 699.644 639.379 619.312 602.661 580.861 572.352 571.723 568.298 566.282 556.139 614.507 537.344 515.801 696.06 627.958 565.732 515.38 532.022 514.203 512.885 507.72 494.866 493.763 483.731 480.64 471.694 863.545 466.529 465.73 1644.63 460.214 440.637
threshold=0.50025025025025038 0.16678269718356967 1.7079866383237172 0.33202046355051529 0.26679751390251888 2.5000000000000004 1.0386503212956157 0 0.85018427845067035 14.500000000000002 1.0000000180025095e-35 1.0000000180025095e-35 0.10020920502092052 0.99976076555023929 1 1.5000000000000002 2 1.0000000180025095e-35 25.500000000000004 44.500000000000007 11.500000000000002 3 51.500000000000007 18.500000000000004 4 37.500000000000007 10.500000000000002 0.26131244881244886 27.500000000000004 48.500000000000007 49.500000000000007 1.0000000180025095e-35 3.6254770992366416 27.500000000000004 5 6 19.500000000000004 0.9796705567472892 44.500000000000007 207.50000000000003 7 1.0000000180025095e-35 16.500000000000004 12.500000000000002 0.022293219737309199 8 9 16.500000000000004 27.500000000000004 10 25.500000000000004 0.054158809972763469 168.50000000000003 0.86492804903091292 44.500000000000007 19.500000000000004 16.500000000000004 11 24.500000000000004 18.500000000000004 51.500000000000007 131.50000000000003
decision_type=2 2 2 2 2 2 2 9 8 2 2 2 2 10 9 2 1 2 2 2 2 9 2 2 9 2 2 10 2 2 2 2 2 2 9 9 2 2 2 2 1 2 2 2 10 1 9 2 2 1 2 10 2 2 2 2 2 9 2 2 2 2
left_child=3 6 14 4 5 25 33 13 17 20 11 -9 15 -5 18 -7 48 22 23 24 -10 -22 49 26 -20 31 -3 -28 52 34 -31 -1 -19 60 -18 51 -13 -16 -12 40 -4 55 43 -17 -45 -44 -36 -48 -11 -8 -47 -14 57 -26 -15 56 -27 -6 59 -42 -2 -49
right_child=1 2 39 7 28 12 8 10 9 16 38 36 35 54 37 42 29 32 19 -21 21 -23 -24 -25 53 41 27 -29 -30 30 -32 -33 -34 -35 46 -37 -38 -39 -40 -41 58 -43 45 44 -46 50 47 61 -50 -51 -52 -53 -54 -55 -56 -57 -58 -59 -60 -61 -62 -63
leaf_value=0.0065085274399254867 -4.601397201010776e-05 0.001216476735846291 -0.021878011133636889 0.0059345589620221715 -0.0010089902827988986 0.017872524054399701 -0.0084917248916891886 0.0014669258581146672 -0.0034262919069596221 -0.024579523178741097 -0.0055094880052832113 0.0073433548678261771 -0.023378732374991884 0.013500119027427652 -0.005921849444486497 0.028467397164071824 -0.011905705164247956 0.0034583325316341132 0.013163010738824794 0.0046433435985099155 0.019576077128039247 -0.0016085056503397121 -0.026809297161234508 0.0076988617894268342 -0.0061135812371947507 0.0029902922945828844 -0.067030590075862984 -0.007871099519331055 0.013380142062883746 -0.026821111358079422 -0.0057111973846762781 0.014283062822824899 0.019837111011589539 0.0043985579311150054 -0.017124308526140972 0.0049581844871049718 0.016844685071086919 -0.010586463543741775 0.0092337339388627992 -0.031165399406604906 -0.01585441177917523 0.016446807863215718 0.021890794906321575 -0.022384606239525574 0.016170963372822551 0.046968379515584358 -0.011775053909966939 -0.00090288631835281426 -0.010898294258062696 -0.00058251204198859162 0.030972973285299951 0.019423395623398291 -0.0033045429740783112 -0.013498461466217915 0.026696792336681957 0.0026950567549996135 0.092504708427812846 0.0074292044454154398 -0.01617835238689622 0.002110216500216941 -0.014354673745311762 -0.010726566154091914
leaf_weight=131492.0527677536 316247.84594297409 48704.202841520309 26025.738810539246 87205.166334152222 21893.214758872986 52313.94269824028 25184.255241155624 155389.00872421265 54095.382666349411 13216.372394800186 56833.411588668823 41928.07566857338 701.26400232315063 33068.741287708282 141652.3480079174 11192.874835252762 34697.133182287216 39315.638294458389 3461.0365393161774 27977.568974018097 8779.7425854206085 10279.942466974258 3063.295934677124 23991.953260660172 42475.001442909241 391 548.63764476776123 24298.197725772858 21646.737166643143 8458.2185387611389 7324.0491216182709 33103.591779708862 6763.6292972564697 86590.684507131577 7643.0171263217926 16545.917118549347 25441.036373138428 121141.20346426964 7355.1751222610474 5410.5115242004395 40198.324394464493 4650.9828314781189 10050.061570882797 1369.5028078556061 4602.8935649394989 7434.7634515762329 17344.396504402161 82669.504611968994 14302.641986131668 109953.49785447121 14952.045875787735 17704.81315612793 20592.83194065094 46402.47664475441 8720.2313346862793 406 866 65071.75408411026 70917.960351467133 18650.658495903015 5720.2190270423889 13242.626193523407
leaf_count=106316 64873 11192 11449 47375 5187 19119 7797 121861 15125 4820 12555 20112 150 13307 31675 3671 8432 8559 752 6764 2226 2827 646 5879 8936 391 129 5807 4466 1945 2025 17800 2433 15208 2284 3460 8772 32037 1686 729 14611 2467 3338 311 1386 2143 3552 20556 5353 22168 4715 3739 2887 10757 3573 406 866 15003 24981 7095 1178 1796
internal_value=-9.97419e-06 -0.00454611 -0.00825653 0.00800341 0.0112368 0.0137348 -0.00179251 0.00460644 -0.00402015 -0.00641246 0.00250631 0.00432938 0.0200165 0.00927718 -0.00585847 0.0228623 -0.00862106 -0.000488371 -0.00318803 -0.00590473 -0.00040755 0.00816 -0.00260603 0.000162627 -0.00910069 0.00870421 -0.00229572 -0.00918003 0.00528622 -0.00719971 -0.0170257 0.00807222 0.00586283 0.000695615 -0.00620342 0.0117181 0.0109316 -0.00807184 -0.00381999 -0.0154066 -0.0148591 0.0251752 0.0281245 0.021113 0.0073277 0.0318341 -0.00456547 -0.00371637 -0.0174632 -0.0020572 0.0362708 0.0177818 0.00365715 -0.00996818 0.0162545 0.0495617 0.064685 0.00530566 -0.0134486 -0.010161 -0.000300271 -0.00225934
internal_weight=2.35967e+06 1.50675e+06 641856 852923 436982 307778 864892 415941 456333 272053 286947 222758 136868 128994 480653 101916 198898 184280 217859 120316 73155.1 19059.7 138201 97543 92338.5 170910 73551 24846.8 129205 171379 15782.3 164596 46079.3 408559 155597 34952 67369.1 262794 64188.6 161203 155793 6313.98 49602.1 17165.3 5972.4 32436.9 120900 113257 27519 135138 22386.8 18406.1 107558 88877.5 41789 1663 1257 86965 129767 58849 321968 95912.1
internal_count=793658 366596 172793 427062 197821 170278 193803 229241 112544 70941 164986 150745 42032 64255 113928 34683 50763 41603 50216 27209 20178 5053 30611 23007 20445 128246 17128 5936 27543 40590 3970 124116 10992 81259 36620 7349 28884 63712 14241 58865 58136 4130 15564 5368 1697 10196 28188 25904 10173 29965 6858 3889 23077 19693 16880 1663 1257 20190 46687 21706 66051 22352
cat_boundaries=0 1 2 3 7 8 12 16 17 18 19 20 24
cat_threshold=112650 243722 1 536879312 65552 1611337728 1084418 8192 3222306816 537431040 138821587 10242 554706184 18366464 1611284480 33858 1 1 540672 1 3491791176 1090579584 1755391617 10752
is_linear=0
shrinkage=0.05


Tree=27
num_leaves=63
num_cat=16
split_feature=5 12 5 9 5 3 5 20 17 9 2 5 12 5 12 12 5 12 12 17 15 6 15 3 15 20 9 0 11 17 15 0 20 17 17 17 4 14 3 20 10 0 1 20 5 2 12 3 15 8 8 3 17 9 17 0 17 17 6 8 4 20
split_gain=30920.5 5687.3 4054.89 3862.61 3979.63 2640.26 1960.47 1434.39 1376.17 1228.83 1132.86 1130.28 1063.9 837.298 833.526 812.959 798.196 794.372 716.321 702.419 668.712 652.604 597.128 511.157 496.759 512.073 480.347 550.104 467.329 460.919 460.865 457.022 450.589 450.034 448.927 445.835 435.244 1275.2 736.396 597.201 489.487 435.03 421.791 401.354 414.949 406.922 396.343 385.304 379.703 376.77 374.768 444.075 374.069 370.194 352.1 352.031 340.841 336.174 336.251 332.967 323.435 348.076
threshold=0.44465329991645786 0.17208098497787402 1.5688098495212042 0.17751276622244369 0.23553051495212957 7.5000000000000009 0.96301994301994309 0 1 0.7451139546727783 70.500000000000014 2.7390504232609501 0.53968145065389994 0.80044994375703049 0.046760640222984602 0.18934970627546446 1.6410969651581615 0.34928494424014428 0.17783665741991392 2 8.5000000000000018 1.8992364632511514 17.500000000000004 1.5000000000000002 13.500000000000002 3 0.85018427845067035 4.5000000000000009 0.1167979848545951 4 51.500000000000007 13.500000000000002 5 6 7 8 36.500000000000007 1.0000000180025095e-35 4.5000000000000009 9 1.5000000000000002 2.5000000000000004 1.5000000000000002 10 0.10020920502092052 11.500000000000002 0.44029352366148761 6.5000000000000009 7.5000000000000009 1.1403660798443249 1.1999484801648637 109.50000000000001 11 0.79991181657848343 12 10.500000000000002 13 14 2.9978292329956591 1.730901856763926 483.50000000000006 15
decision_type=2 2 2 10 2 2 2 1 9 10 2 2 2 2 2 2 2 2 2 9 2 2 2 2 2 1 8 2 2 9 2 2 1 9 9 9 2 2 2 1 2 2 2 1 2 2 2 2 2 2 2 2 9 10 9 2 9 9 2 2 2 1
left_child=3 6 12 10 5 42 22 26 18 11 15 57 13 29 28 23 -16 20 43 31 56 34 50 -1 25 -15 -8 48 36 60 -17 49 -20 -19 -4 -13 37 47 39 -39 54 -34 -5 -7 45 -45 -21 -11 -28 -6 51 52 -2 -14 -38 -24 -10 -9 -59 -23 61 -3
right_child=1 2 21 4 19 8 7 9 17 14 -12 35 53 24 16 30 -18 33 32 46 -22 59 55 -25 -26 -27 27 -29 -30 -31 -32 -33 41 -35 -36 -37 40 38 -40 -41 -42 -43 -44 44 -46 -47 -48 -49 -50 -51 -52 -53 -54 -55 -56 -57 -58 58 -60 -61 -62 -63
leaf_value=0.0044364263465922968 -0.0052536601804221922 -0.0096785633588362258 -0.007080210207761662 0.0081406192132052798 0.0050206671158737988 0.018296032688710741 -0.0055807768146640948 -0.0043879202943098343 0.0072554373282057777 -0.015677289757758849 -0.016831252342290531 0.024778508689446761 -0.012767873882416701 -0.0066421307092209697 -0.0042912220632525646 0.0016523453485755924 -0.012398992883255133 0.0098779873834396494 0.0058101843592645985 0.0010452698819867106 0.029645742719337783 -0.018552982732073935 0.010102008044957525 0.012210148258219465 -0.0029207681312911466 -0.015548815711292647 -0.011448813043521827 -0.02209144666223492 -0.016967749655605473 -0.0048181203660403113 0.0073162926651938395 -0.00016435008796916126 0.02100690076943584 -0.0049867605493520368 -0.013799004697952958 0.0061630747101177139 -0.0034173157221248393 0.034597117637029759 0.0053901861083442033 -0.0022130607097117102 -0.00046726261441643827 0.0032900446382094595 0.016354054892207329 0.029586417138650824 0.02064133891745501 0.045431429132488411 -0.011232947911791816 -0.0016804346652123125 0.0072502375865352133 0.011833119153212441 0.0028475160086449038 -0.0031055729810457195 0.0030750660395914165 -0.0066668954528621557 -0.012946919653842592 0.0029274926206496227 0.017322638560883643 0.00052010064725606581 0.010254138967855628 -0.04542201564783177 -0.0039622431301840856 0.0031954897139702247
leaf_weight=40826.131155490875 16403.066161155701 5642.7941405773163 32410.733212471008 129968.939027071 46036.676431417465 10485.772661447525 39827.285593986511 32389.328040361404 12977.167866230011 7668.3957602977753 6489.3444232940674 6482.6325438022614 50617.119465112686 116701.67646217346 87576.722168207169 187238.57905244827 46460.907879590988 17077.106990098953 6383.0855507850647 34397.969295501709 8127.0790255069733 41701.257194519043 24109.007426977158 43871.705277204514 80718.094908237457 18738.081391096115 26955.032326459885 12389.507752895355 4897.7874751091003 60234.557049274445 44438.236416816711 21485.682324409485 53310.149418592453 7247.6976346969604 107908.36359024048 6419.6532073020935 22681.151030540466 4344.2690095901489 22978.813924074173 1481.7832555770874 65989.612643241882 3706.1450419425964 17768.531682491302 17356.785038232803 9093.0092549324036 5292.4177279472351 8124.1371285915375 13700.199634790421 3018.2109160423279 36301.579881668091 92760.691879749298 111654.3453783989 75467.554327011108 48877.417776823044 16949.237463235855 58789.878870010376 24149.451927661896 91743.627684593201 9820.7375547885895 1185.3538293838501 28116.575966596603 73683.968668699265
leaf_count=39130 4293 1560 11063 68411 11211 3666 12498 7422 4166 3813 1070 1886 13355 26790 18852 150252 11712 5573 2328 7368 2602 15017 5953 27247 18680 5451 11408 3194 1669 13355 31737 3102 18342 2318 38045 2244 4665 2041 6256 716 11271 629 7378 6565 1859 1250 1778 4674 1151 8237 17163 18766 19402 12186 3683 8873 7809 16432 1995 446 4405 17900
internal_value=3.42182e-06 -0.00406111 -0.00756431 0.00805648 0.0109525 0.014052 -0.00147515 -0.00345744 0.0182035 -0.00232838 0.0038471 0.00140814 -0.00516327 -0.00396892 -0.00419028 0.00427129 -0.00710166 0.0127364 0.0218013 0.00411261 0.0166551 -0.0138986 0.00126303 0.00846315 -0.0060257 -0.00787611 -0.00952204 -0.0132294 -0.00176177 -0.00131745 0.00273878 0.0063291 0.0184423 0.00545095 -0.0122487 0.0155414 -0.00128363 0.00255075 0.00941619 0.0252917 -0.0031051 0.0198519 0.00912856 0.026849 0.0296586 0.0332907 -0.00130047 -0.00670389 -0.0095657 0.00802427 0.00021349 -0.00098703 0.00158773 -0.00977082 -0.00749732 0.00501411 0.0138107 4.67311e-05 0.00146128 -0.0192967 0.000645504 0.00227878
internal_weight=2.36165e+06 1.5695e+06 666536 792153 469289 322943 902959 523775 175206 441585 322864 146856 483330 383836 294729 316375 134038 69578.5 105627 146346 45253.7 183206 379185 84697.8 216158 135440 82190 42362.8 160691 167678 231677 103824 63399.4 24324.8 140319 12902.3 155793 50173.5 28804.9 5826.05 105620 57016.3 147737 42228 31742.2 22649.2 42522.1 21368.6 29973.2 82338.3 296286 203525 91870.6 99494.5 39630.4 82898.9 37126.6 133954 101564 42886.6 107443 79326.8
internal_count=794313 380285 178253 414028 164592 132896 202032 127582 57107 99331 249436 29979 113682 88141 69352 248366 30564 22468 34639 31696 14577 64571 74450 66377 50921 32241 28251 15753 38788 37220 181989 22550 21299 7891 49108 4130 37119 17500 9013 2757 19619 18971 75789 13340 9674 7815 9146 8487 12559 19448 59624 42461 23695 25541 8348 14826 11975 25849 18427 15463 23865 19460
cat_boundaries=0 1 5 9 10 14 15 19 23 27 28 29 33 37 41 45 46
cat_threshold=1 537921168 21635152 1212874834 1098580 554706576 17301584 1623916886 1098578 22 3759146640 17835072 3897181268 1098320 1 1090531584 1131008 805311268 2 2181039744 553659392 1216349381 1081868 538981248 17317888 268517888 2066 6 1 1344309376 1090555008 1621241665 65544 2110912 18284560 1879642112 1082448 2449506344 1073744512 547630853 10240 2150662336 536914944 1208091651 278536 1
is_linear=0
shrinkage=0.05


Tree=28
num_leaves=63
num_cat=14
split_feature=5 5 13 9 5 5 3 17 9 7 16 16 16 16 16 9 17 17 16 16 4 16 16 17 21 6 17 17 7 17 16 16 16 16 16 17 16 7 5 9 16 5 0 16 9 16 16 7 16 17 20 2 17 17 0 5 2 4 17 16 9 16
split_gain=28233.6 4826.09 2971.98 2822.92 4548.34 2650.56 2575.84 1303.96 1180 1169.05 1116.49 1575.66 1315.7 3625.91 1947.54 4857.31 1102.03 1066.06 1014.35 1662.78 973.614 1030.22 1296.43 1170.38 875.757 785.264 784.597 756.268 754.639 723.265 834.906 854.541 690.304 670.592 2286.2 976.337 876.237 669.384 639.704 636.902 630.747 630.519 612.667 612.2 606.334 602.791 707.327 593.207 590.285 579.977 579.632 667.523 555.41 552.135 526.805 525.765 569.61 515.943 504.572 503.391 552.716 503.31
threshold=0.50025025025025038 1.1065248226950357 3.5000000000000004 0.19645010749305231 0.21165907563652656 1.9537556802993854 12.500000000000002 0 0.50012382367508679 26.500000000000004 45.500000000000007 51.500000000000007 25.500000000000004 18.500000000000004 9.5000000000000018 0.23100023100023104 1 2 25.500000000000004 18.500000000000004 3.5000000000000004 15.500000000000002 10.500000000000002 3 4 0.70006339146274188 5 6 58.500000000000007 7 44.500000000000007 48.500000000000007 10.500000000000002 31.500000000000004 37.000000000000007 8 27.500000000000004 65.500000000000014 2.9740708729472778 0.054158809972763469 19.500000000000004 0.15142106520181517 1.0000000180025095e-35 48.500000000000007 0.79991181657848343 48.500000000000007 49.500000000000007 1.5000000000000002 15.500000000000002 9 10 5.5000000000000009 11 12 36.500000000000007 0.12955677943876218 11.500000000000002 37.500000000000007 13 9.5000000000000018 0.18534132783711202 25.500000000000004
decision_type=2 2 2 10 2 2 2 9 10 2 2 2 2 2 2 10 9 9 2 2 2 2 2 9 9 2 9 9 2 9 2 2 2 2 2 9 2 2 2 10 2 2 2 2 10 2 2 2 2 9 1 2 9 9 2 2 2 2 9 2 10 2
left_child=3 10 8 9 6 18 47 55 53 20 12 44 13 14 -2 32 -17 33 19 26 -1 22 -22 40 37 -7 59 -15 58 43 -31 -32 -16 36 35 -35 -14 50 -27 -34 57 -24 -9 -20 -12 -46 -47 -5 -28 -21 51 -10 -13 -3 -26 56 -8 -23 -6 -4 -61 -25
right_child=1 2 5 4 28 25 7 42 24 -11 11 52 17 27 15 16 -18 -19 29 49 21 23 41 61 54 38 48 -29 -30 30 31 -33 39 34 -36 -37 -38 -39 -40 -41 -42 -43 -44 -45 45 46 -48 -49 -50 -51 -52 -53 -54 -55 -56 -57 -58 -59 -60 60 -62 -63
leaf_value=0.0018012829113036874 0.00053891969511538291 0.021699150285951541 -0.0077326637610308797 0.0066935594854076064 -0.0042939593924656771 -0.007771833623935168 0.02212814789188923 0.016182812812378565 0.035287676738157955 -0.0088217785232504523 0.010265991817272037 0.0097390557620384809 -0.013899160298721239 0.012764897295467868 -0.024742729921736355 -0.00063744287511624585 -0.010513983072827922 -0.0017485678068732535 -0.00063333650984678889 0.0073149927921054127 0.0080094290163513996 0.029316983637300727 -0.0064227696496445942 0.014949115678220002 -0.0034570163016202134 -0.012177531613828625 -0.0026895371492466689 0.0041776807376877698 -9.3031951306267712e-07 -0.012597641000250508 0.002777728510003376 -0.010812702835963611 -0.072494993769329122 -0.01501177233567658 -0.0031451245143616809 -0.033431412223731576 5.6265387071156144e-05 -0.0056052817483404852 -0.018816113192472228 -0.036315844176143364 0.017969652983633077 -0.042852396820852713 0.0031651476078266919 -0.01412202318908283 0.0066385240607196834 -0.026091181861023018 -0.00051065026506064571 0.012262653371561365 -0.01265695303235817 -0.0021618305421452688 -0.0045585230957420836 0.0091740024750706726 -0.016739631195213288 0.0024390275548000339 -0.018478644531223415 0.014676665059100336 0.032774601803716351 0.076718242209764309 0.0071095300665166006 -0.05009917103034766 -0.016489427720580291 0.0054404229353749826
leaf_weight=170805.92228984833 149320.24899792671 9540.187281370163 22894.612714290619 84431.273300647736 10551.749646186829 62474.016627073288 40469.729875564575 31573.917974472046 2887.9332175254822 17811.685277462006 41270.414506673813 2382.4899830818176 15313.731310606003 42636.870984077454 2314.4256267547607 58035.276584625244 55024.107378721237 151716.57675504684 42151.680712461472 36996.912040472031 28880.670850753784 1815.109423160553 17288.556941747665 18259.221763372421 23645.726569414139 110598.26166462898 95633.533521652222 64383.024098873138 79268.90472984314 105112.31494307518 21438.680992841721 25116.835003376007 2985.6055538654327 27724.191468477249 45572.463725805283 9747.0544235706329 42358.428558111191 11813.35720539093 54018.676058292389 2058.6689424514771 15524.864264965057 1274.4449288845062 12664.388269901276 10508.150514364243 29884.82151222229 3195.783896446228 17472.251023292542 110275.37854838371 17584.289237260818 28633.911788463593 6105.414891242981 16014.821597099304 11616.882692098618 6115.6512675285339 7748.6298241615295 14086.423190593719 18230.255584478378 840.26861548423767 119735.10618972778 1334.7249627113342 14571.205829381943 58515.298025608063
leaf_count=153290 31726 2708 5438 49074 2673 26710 14692 10793 1302 3357 8187 509 3215 8815 534 11909 12008 31693 9654 8239 17913 1792 11302 15838 7879 32634 22111 13410 12611 24265 5359 5888 702 5709 9916 1994 8354 1886 23874 436 8317 341 2521 2192 6563 813 3911 46050 3823 6797 2286 3854 2480 2006 1331 2987 4335 737 29894 365 3443 38386
internal_value=-2.47956e-05 -0.00413607 -0.00704474 0.00724915 0.00954217 -0.00818925 0.0133714 0.0192341 0.00181244 0.00363806 -0.00138531 0.00338698 -0.00213998 -0.000186741 -0.00327638 -0.00800738 -0.00544523 -0.00465644 -0.00584528 -0.00347003 0.00434667 0.00739981 0.00138315 0.010406 -0.0010288 -0.0125447 -0.00634155 0.00760051 0.00384578 -0.00837536 -0.0101281 -0.00455442 -0.0473664 -0.00779093 -0.0106679 -0.0198168 -0.00364951 0.00420195 -0.0143561 -0.0577397 0.0218115 -0.00892602 0.0124535 -0.00332456 0.00576927 0.0020981 -0.0044671 0.00984776 -0.00423734 0.00318119 0.0088364 0.0131583 -0.012238 0.0141916 -0.00716278 0.02335 0.0254351 0.0443399 0.00618617 -0.012477 -0.0193127 0.00770103
internal_weight=2.36026e+06 1.50795e+06 732940 852303 521287 649068 311731 117025 83871.7 331016 775013 105823 669191 376758 269738 120418 113059 292432 421977 217649 313204 142398 47443.7 94954.8 68215.9 227091 152018 107020 209556 204328 151668 46555.5 7358.7 140716 83043.7 37471.2 57672.2 36821.5 164617 5044.27 18180.2 18563 44238.3 52659.8 91823.3 50552.9 20668 194707 113218 65630.8 25008.2 18902.8 13999.4 15655.8 31394.4 72786.4 58700 2655.38 130287 38800.5 15905.9 76774.5
internal_count=793831 366928 204044 426903 175630 180792 130452 35328 23252 251273 162884 22463 140421 79540 57315 25589 23917 60881 97574 50216 247916 94626 29556 65070 18538 83218 35180 22225 45178 47358 35512 11247 1672 29188 17619 7703 11569 9328 56508 1138 10846 11643 13314 11846 19474 11287 4724 95124 25934 15036 7442 5156 2989 4714 9210 22014 19027 2529 32567 9246 3808 54224
cat_boundaries=0 4 8 12 16 18 22 26 30 34 38 39 43 47 51
cat_threshold=554698384 22732816 1217069330 1082196 9944 98304 3905556642 1100866 1610613384 3222503632 3896652450 1081618 2147492928 557853696 8389760 330252 33697923 1152 2167443712 1627901568 278996481 271104 536871832 1245248 1611206722 1064960 16781608 2168781377 276840724 1396360 536871432 1073807504 4194946 32786 537929688 1075003472 1619723296 1098752 6 8320 16777216 1078067200 32770 538981248 17301632 1342390272 34898 2418049032 1077962880 2149590753 73728
is_linear=0
shrinkage=0.05


Tree=29
num_leaves=63
num_cat=20
split_feature=5 0 3 5 0 14 1 1 10 19 3 20 5 11 10 3 20 2 14 4 6 17 17 15 6 20 7 2 3 0 10 17 20 4 17 15 15 10 0 20 10 17 17 1 17 3 6 11 17 11 20 1 15 21 19 19 17 0 0 0 20 15
split_gain=25600.5 3725.87 4411.79 3600.87 3016.64 2705.76 2512.08 1167.37 1141.99 1132.26 1023.85 1342.77 986.115 824.44 809.848 918.741 765.776 755.214 707.853 730.816 634.461 610.509 576.224 541.661 531.133 510.453 701.634 458.599 458.487 446.988 513.773 432.222 417.049 647.885 420.811 407.729 405.166 394.72 388.645 379.753 375.636 372.986 360.278 350.274 346.559 330.928 397.776 416.148 324.927 321.094 298.567 293.698 290.159 288.444 285.778 284.017 279.404 278.619 278.488 275.873 273.569 272.644
threshold=0.60013831258644545 2.5000000000000004 4.5000000000000009 1.4287326668816513 1.0000000180025095e-35 1.0000000180025095e-35 1.5000000000000002 5.5000000000000009 1.5000000000000002 0 55.500000000000007 1 2.154548647699333 0.033881355263292799 1.5000000000000002 364.50000000000006 2 9.5000000000000018 1.0000000180025095e-35 2.5000000000000004 0.54407954891801291 3 4 46.500000000000007 0.56048293811451722 5 154.50000000000003 6.5000000000000009 10.500000000000002 270.50000000000006 1.5000000000000002 6 7 113.50000000000001 8 5.5000000000000009 300.50000000000006 3.5000000000000004 43.500000000000007 9 2.5000000000000004 10 11 40.500000000000007 12 14.500000000000002 0.039344685242518072 0.013542372785094714 13 0.012050847616046668 14 24.500000000000004 324.50000000000006 15 16 17 18 1.5000000000000002 2.5000000000000004 2.5000000000000004 19 22.500000000000004
decision_type=2 2 2 2 2 2 2 2 2 9 2 1 2 2 2 2 1 2 2 2 2 9 9 2 2 1 2 2 2 2 2 9 1 2 9 2 2 2 2 1 2 9 9 2 9 2 2 2 9 2 1 2 2 9 9 9 9 2 2 2 1 2
left_child=1 2 18 8 6 12 16 31 32 38 11 13 37 28 44 22 21 -8 19 -1 -14 -4 -16 -22 56 -26 40 -15 -11 30 -12 -6 33 -2 -35 -18 -28 50 42 -32 48 -25 -7 49 -3 -23 -47 -48 -27 -9 -5 -19 -17 -29 -20 -21 -10 -34 -13 -44 -33 -52
right_child=3 14 4 5 7 9 17 43 24 10 29 58 20 27 15 52 35 51 54 55 23 45 -24 41 25 26 36 53 -30 -31 39 60 57 34 -36 -37 -38 -39 -40 -41 -42 -43 59 -45 -46 46 47 -49 -50 -51 61 -53 -54 -55 -56 -57 -58 -59 -60 -61 -62 -63
leaf_value=0.0011004524534910102 -0.0022820893519937776 -0.0011004636233961193 0.0074800930735501427 -0.0076686296569673951 -0.0059438481169815111 -0.0011156015181297437 0.018884416397386534 0.0022336314304868816 -0.011888978727354563 0.039225975519314255 -0.009744309456932684 0.0040580822904526777 -0.0065073351925381516 0.021058157663610962 0.0082532175615313685 -0.0028764222140173386 0.0038214492229254773 0.028434753725230345 0.0086199757315125521 0.0095960055421625209 -0.016751963224459512 0.01385492231017204 -0.00011719117925575042 0.0060256147453599477 -0.005355162345538891 -0.0026785530519922727 -0.0035995197335224327 0.0066450220143683403 0.017214703388407523 -0.017488744077347521 0.008658474439159531 0.0054609946938830936 -0.0058633718858180361 -0.0041471072894774235 -0.010356005496914428 0.015640981873570964 0.0017366006087855984 -0.0027683733988777808 -0.024917106301721975 -0.0061868790725791555 0.00393325609852629 -0.011024685721762413 -0.0023502221288073267 0.051281306499387884 -0.0084060255952614973 0.042760172176540462 0.007803264107777816 0.022934417226928207 0.0020925517842388781 0.012639457904619853 -0.01406917545331313 0.068616737808833567 0.0069047299701903682 -0.0089934340245435961 0.02295539504486524 0.0046504428722495732 -0.0035699521069458085 -0.013942233462690141 -0.0098874195756311484 -0.017994124315938855 -0.0019400048729666356 -0.0043977857453708349
leaf_weight=166910.86451530457 165617.69925427437 48952.001131534576 28599.111919641495 140389.17405796051 13194.864898920059 11801.357033729553 52504.670761823654 8697.7613506317139 11250.080807209015 3240.8526425361633 12853.618313550949 5498.508725643158 27072.418729543686 4072.4099450111389 71122.790373325348 60689.236584663391 37399.457238912582 27052.155193090439 8138.7660627365112 38117.567445755005 89333.345395088196 56784.801522254944 28928.954054832458 3937.3253226280212 50228.866788387299 62684.109044313431 146644.17311096191 9942.386426448822 8768.7834436893463 5516.1762523651123 11822.079160928726 58253.894019842148 23385.498603105545 54810.492228269577 54441.670699357986 9064.3137793540955 46965.456692218781 31297.273478507996 3658.3887252807617 6765.3706946372986 107618.53447580338 17211.231434345245 4081.1731934547424 546.59195804595947 24284.868440628052 1895.2624678611755 6172.4541716575623 17238.092426300049 82821.19167637825 50223.150444984436 38790.425447702408 462.07343292236328 8663.7699913978577 4179.4581916332245 6120.1319522857666 122162.72649478912 97862.542464017868 19633.7536008358 10256.693573236465 9107.315078496933 15889.936924695969 8974.1725027561188
leaf_count=142507 48475 9300 13842 39169 3721 3688 18919 2139 2595 1254 2255 2728 12412 1761 13994 8880 18210 7110 4794 26765 32784 28671 5676 1166 12778 14213 20567 2460 2056 725 1948 16495 9065 10287 10753 4295 6209 5280 617 1148 21055 5785 2028 96 4656 1456 2236 6220 18123 12394 13209 88 1207 1040 3513 89058 21441 5408 3050 2599 4571 2813
internal_value=-1.26147e-05 0.00623238 0.00802634 -0.00435405 0.0117033 -0.00792439 0.01519 0.00607027 -0.00254341 -0.00112762 0.00183348 0.00681595 -0.0100484 0.0129859 0.00086891 0.0027682 0.011518 0.0224015 0.00389138 0.0034161 -0.0133676 0.0137795 0.00583383 -0.0150485 -0.00127035 -0.000576781 -3.93884e-05 0.00627814 0.0231573 -0.00436211 -0.00205863 0.00239115 -0.00497057 -0.00425355 -0.00724247 0.00612621 -0.00230509 -0.00796783 -0.00969494 0.00325642 0.00169361 -0.00785258 -0.00746946 0.0114736 -0.00352432 0.0159728 0.0207306 0.0189454 3.71013e-05 0.0111034 -0.00883268 0.029112 -0.00165445 0.00201474 0.0147963 0.00582753 -0.00442921 -0.00954854 -0.00501736 -0.0131437 0.00387482 -0.0122496
internal_weight=2.3606e+06 968070 725429 1.39253e+06 383979 468570 237172 146806 923964 111565 82916.3 45959.1 357005 30203.9 242642 169405 157153 80018.9 341450 327191 137554 110690 100052 110482 606075 496962 446733 18194.3 12009.6 36957.2 31441.1 87338.7 317889 274870 109252 46463.8 193610 219451 28648.2 18587.4 253124 21148.6 24989.8 59467.5 73236.9 82090.6 25305.8 23410.5 145505 58920.9 188154 27514.2 69353 14121.8 14258.9 160280 109113 43019.3 15755.2 13188.5 74143.8 47764.6
internal_count=793757 450813 407100 342944 140463 141975 101047 39416 200969 29357 20425 14349 112618 8571 43713 29757 74930 26117 266637 258330 52147 52425 19670 39735 116981 92945 80167 5261 3310 6076 5351 24787 83988 69515 21040 22505 26776 60471 8932 3096 53391 6951 8315 14629 13956 38583 9912 8456 32336 14533 55191 7198 10087 3500 8307 115823 24036 14473 5778 4627 21066 16022
cat_boundaries=0 1 2 3 7 11 12 16 17 21 22 26 30 34 38 39 41 42 43 47 48
cat_threshold=1590289 22 14 2435879176 2147861072 270813637 8455180 540030872 18620416 1623851072 1083970 1 2418053384 1073784960 2149611169 65544 22 29392 554767376 1611139089 1099328 20 2147483840 57344 1216479265 512 2415923272 554123984 402673728 1114112 553658240 555257360 1753878528 34368 2150662144 537709568 941825381 360778 6 537004535 1024 582945 108554 1092616192 1073824272 4345953 1057792 14
is_linear=0
shrinkage=0.05


Tree=30
num_leaves=63
num_cat=12
split_feature=5 12 0 9 5 5 7 19 20 13 8 12 15 10 19 16 16 16 0 7 12 8 20 16 16 19 7 20 16 16 9 8 7 15 9 16 16 16 5 16 16 5 7 19 9 12 15 6 10 20 8 20 20 0 16 15 19 12 16 19 6 16
split_gain=22941.1 4887.77 2961.1 3520.84 2899.8 1779.03 2276.12 1477.29 1157.64 1346.76 1056.14 1019.83 956.83 899.464 886.661 884.418 1042.47 892.086 1706.65 844.79 829.427 678.531 667.66 653.642 1609.72 647.91 635.394 576.176 571.492 1368.55 1069.41 563.604 550.908 547.346 540.917 534.687 629.04 531.976 512.019 488.861 576.751 478.314 463.428 454.513 447.587 446.768 437.158 429.758 421.594 404.844 452.824 402.046 395.3 389.39 384.039 379.959 376.046 375.523 381.049 374.83 374.701 364.074
threshold=0.57176079734219276 0.10507431926645623 3.5000000000000004 0.07659713168187747 1.7079866383237172 0.26679751390251888 3.5000000000000004 0 1 1.5000000000000002 1.1020801384137473 0.43123387704880828 12.500000000000002 1.5000000000000002 2 16.500000000000004 25.500000000000004 9.5000000000000018 1.0000000180025095e-35 211.50000000000003 0.34506097940134145 1.730901856763926 3 25.500000000000004 19.500000000000004 4 1.5000000000000002 5 16.500000000000004 9.5000000000000018 0.07659713168187747 1.0371231696813095 146.50000000000003 42.500000000000007 0.87962219844242329 8.5000000000000018 43.500000000000007 21.500000000000004 0.10020920502092052 14.500000000000002 23.500000000000004 1.3667979002624675 41.500000000000007 6 0.99976076555023929 0.22347167710975033 13.500000000000002 2.7463753318358184 3.5000000000000004 7 1.1143171287206475 8 9 228.50000000000003 47.500000000000007 274.50000000000006 10 0.17783665741991392 44.500000000000007 11 1.8261259155368554 16.500000000000004
decision_type=2 2 2 10 2 2 2 9 1 2 2 2 2 2 9 2 2 2 2 2 2 2 1 2 2 9 2 1 2 2 10 2 2 2 10 2 2 2 2 2 2 2 2 9 10 2 2 2 2 1 2 1 1 2 2 2 9 2 2 9 2 2
left_child=2 7 3 15 11 6 43 -2 34 31 28 12 22 41 57 17 33 -1 -19 47 38 23 -3 24 52 26 -18 35 29 -4 -31 -10 -12 56 -9 -13 -37 44 46 -36 60 42 -11 -5 -26 -45 51 55 -21 50 -7 -16 -6 -25 -27 -15 -17 -8 -59 -38 -41 -34
right_child=1 4 10 5 21 49 14 8 9 13 32 27 -14 19 20 16 25 18 -20 48 -22 -23 -24 53 37 54 -28 -29 -30 30 -32 -33 61 -35 39 36 59 -39 -40 40 -42 -43 -44 45 -46 -47 -48 -49 -50 -51 -52 -53 -54 -55 -56 -57 -58 58 -60 -61 -62 -63
leaf_value=0.0040058262543900009 -0.011168096776151045 -0.011847094342884806 -0.0015197268795453512 0.012303889917335685 -0.0044986407884491124 0.0035754956137027736 0.028547543205079847 -0.0023376718039309643 0.023820402867710415 0.0016484648301158635 0.0059362083839004957 -0.0016934342255593426 0.00032243229561557167 0.0017394787282445511 0.01157179645092654 0.014697286451777945 0.0039867558067156915 -0.0031987451819063192 -0.048949684000037366 -0.0048276014933610533 0.0081170809126926789 -0.034020685204629163 -0.004086925435710132 -0.013966527633282247 0.016786165771717789 -0.00063308964976298721 0.014985945628064705 -0.014356684818266503 -0.0015203952547027883 -0.085660605587200303 -0.022170812050506711 0.0062822434948815106 -0.0079926013555220634 0.023071738391086533 -0.0010934656330704397 -0.0099466125424378087 -0.011507280791567256 -0.003550303558310305 0.0098919614909833593 -0.013752817401924808 -0.0077302116105654852 -0.0058969949106564418 -0.0042826453175793438 0.0098795387714776285 -0.012166891993133767 0.0039099787695129175 0.031884782643303342 0.0088723032607749275 0.00061582852373615017 -0.00098382326671170284 0.010701234746163737 0.022026890101340492 -0.015400621866530418 -0.028291924672853228 0.0078376566200976435 0.010500751029896019 0.0049749023592904817 0.017005767460489724 0.032863027277800209 0.0021559639322932321 -0.031429456248517 0.0015085120830610436
leaf_weight=56885.458234548569 34672.787986040115 33286.635379552841 12556.646554470062 53029.809276819229 10197.444365978241 55072.694399356842 16399.527590751648 45081.570812225342 7584.9112594127655 73787.46496629715 70036.714736461639 40405.391580104828 116327.21857881546 177117.28790330887 14542.944338321686 17694.26598238945 43303.925532817841 48120.570568323135 2127.5474865436554 61802.968175888062 36463.195967912674 3548.839129447937 165742.02943348885 93197.627206087112 7325.7567660808563 80477.976434230804 18842.986742258072 28925.781035661697 38370.95774269104 728.42786359786987 7332.610945224762 11566.446355342865 13134.271175384521 8672.6781916618347 10434.7515001297 107863.88354325294 6729.5958936214447 16960.19130396843 16068.37366437912 6371.5427010059357 16770.577596664429 79614.485078573227 59483.671537399292 60378.290081977844 1631.4384231567383 65179.432219982147 6873.6810655593872 29133.875506162643 83800.457545280457 22763.74609375 37460.979284286499 25438.843229532242 45755.768835544586 4998.1932444572449 16047.791530609131 13303.553466558456 22781.144447565079 27164.33979511261 4403.4275891780853 19651.806793212891 5665.8946228027344 43386.57183599472
leaf_count=43654 10251 9326 2290 26954 3305 14977 4714 13339 3235 20335 13231 9135 25309 35444 4719 15344 37502 39288 534 8612 10794 1323 36750 32953 2800 63134 6840 8268 7077 135 1346 3014 1893 6973 3904 26508 1814 6291 3717 2155 6125 22760 10415 30795 721 33517 2139 5721 10850 6334 10008 7884 17240 662 14164 2436 20719 8045 1342 4963 1888 6092
internal_value=7.29461e-06 -0.00400868 0.0060574 0.0074462 -0.00697181 0.0103287 0.0122169 -0.001102 -0.000589695 0.000184693 0.000397333 -0.00506099 -0.00328007 -0.000247505 0.0168168 0.00340797 0.00531032 -0.000282291 -0.00513681 0.00125846 0.0141163 -0.0123721 -0.00538563 -0.0119452 -0.00864588 0.0033394 0.00732073 -0.00781975 -0.00512802 -0.0118417 -0.0279179 0.0132291 0.00297273 0.0116732 -0.00607331 -0.00673582 -0.00825396 0.00165555 0.0175948 -0.0103662 -0.0137247 -0.00283064 -0.000998814 0.00842149 0.011512 0.00678014 0.0202361 0.00321693 -0.00169471 0.00499052 0.00645964 0.0182328 -0.0134174 -0.014696 0.000775192 0.00235163 0.00923027 0.022404 0.0192187 -0.00133322 -0.0220749 -0.000699452
internal_weight=2.36048e+06 1.41874e+06 941740 756194 702548 441239 325942 716192 681519 597195 185546 518932 315356 578044 147354 314954 207821 107134 50248.1 365158 99387 183615 199029 180066 81870.6 158673 62146.9 203576 58988.6 20617.7 8061.04 19151.4 126558 49148.1 84324.3 174651 134245 25917.4 62923.8 39242.8 28808 212886 133271 178588 8957.2 125558 46855.5 219555 145603 115297 92533.7 39981.8 55953.2 98195.8 96525.8 190421 40475.4 47967.3 31567.8 26381.4 12037.4 56520.8
internal_count=794007 347852 446155 414091 187368 165939 134620 160484 150233 122822 32064 122073 71385 116573 43354 248152 164676 83476 39822 63063 29253 65295 46076 63972 30357 121640 44342 50688 10848 3771 1481 6249 21216 43036 27411 42420 33285 9812 18459 14072 10168 53510 30750 91266 3521 64312 14742 43601 19462 31319 24985 12603 20545 33615 77298 37880 36063 14101 9387 6777 4043 7985
cat_boundaries=0 1 2 3 4 5 6 7 8 9 10 11 12
cat_threshold=1589248 1 243722 9 270753 6 113162 14 1 2 375307 668033
is_linear=0
shrinkage=0.05


Tree=31
num_leaves=63
num_cat=13
split_feature=5 12 0 3 0 1 5 20 8 1 10 4 12 13 0 12 1 5 15 12 17 5 10 20 3 4 0 20 0 10 0 1 17 20 0 0 10 13 13 17 12 12 17 15 10 0 13 17 7 1 4 12 17 17 15 17 8 15 12 13 12 17
split_gain=20765.9 4390.53 3023.15 3577.53 2620.3 2104.81 1637.74 1538.42 1249.17 1082.65 1070.58 1303.12 863.718 803.185 914.342 799.644 694.424 692.126 683.655 677.135 658.288 646.024 626.18 610.583 608.999 552.057 535.694 511.182 493.876 641.718 483.007 481.228 462.251 457.199 442.794 435.764 428.621 424.521 419.326 412.758 405.588 391.93 384.316 383.057 382.212 378.79 357.331 357.277 357.005 348.634 344.846 339.317 337.681 328.784 327.126 317.468 289.208 284.613 284.296 280.554 278.334 269.329
threshold=0.6155905673977965 0.33202046355051529 2.5000000000000004 4.5000000000000009 1.0000000180025095e-35 1.5000000000000002 1.4434539958142782 0 1.16380538363297 4.5000000000000009 1.5000000000000002 519.50000000000011 0.024626269235992596 1.5000000000000002 14.500000000000002 0.46110240617259923 1.0000000180025095e-35 1.4434539958142782 14.500000000000002 0.37958639503350933 1 1.6410969651581615 2.5000000000000004 2 16.500000000000004 107.50000000000001 13.500000000000002 3 1.5000000000000002 1.5000000000000002 18.500000000000004 4.5000000000000009 4 5 115.50000000000001 92.500000000000014 4.5000000000000009 2.5000000000000004 6.5000000000000009 6 0.48432293142427019 0.37012339433206032 7 5.5000000000000009 1.5000000000000002 2.5000000000000004 9.5000000000000018 8 25.500000000000004 40.500000000000007 4.5000000000000009 0.076023523968114251 9 10 194.50000000000003 11 1.050083612040134 31.500000000000004 0.088607202795884868 1.5000000000000002 0.55970304115378022 12
decision_type=2 2 2 2 2 2 2 1 2 2 2 2 2 2 2 2 2 2 2 2 9 2 2 1 2 2 2 1 2 2 2 2 9 1 2 2 2 2 2 9 2 2 9 2 2 2 2 9 2 2 2 2 9 9 2 9 2 2 2 2 2 9
left_child=2 7 3 16 5 15 20 18 19 52 13 12 59 14 -9 23 41 25 28 30 -3 36 39 32 58 -15 53 45 46 56 44 -26 -5 47 55 37 -13 48 -18 -14 49 -1 -27 -25 -4 -8 -2 -22 -19 57 -39 -31 -6 -10 -24 -29 -30 -11 -7 -12 -49 -46
right_child=1 6 8 4 9 24 27 10 26 40 11 21 22 17 -16 -17 38 35 -20 -21 33 -23 54 43 31 42 -28 34 29 51 -32 -33 -34 -35 -36 -37 -38 50 -40 -41 -42 -43 -44 -45 61 -47 -48 60 -50 -51 -52 -53 -54 -55 -56 -57 -58 -59 -60 -61 -62 -63
leaf_value=0.0044332362560812171 0.004078741527774511 -0.001118231537257844 -0.0018689922081313972 0.018439296998249696 0.0039910553573772661 0.022243047953479325 -0.015100279565837704 0.015307353024102414 0.011926263566258465 0.0093180408690864396 0.019753318028269122 -0.0040253486733567529 0.0013591701984641191 0.00013038483316440473 -0.0099431576499817171 0.0051960458041408475 0.020884216340560643 0.0084236550285581163 0.0011062093053000853 -0.0069588038239393095 -0.011982142569651515 -0.011446046441047407 0.0025496064072610021 0.0053125634961508315 0.021147842839192674 -0.0020877287588591011 0.0016283851356433583 -0.0074582126567250039 -0.012643523725307547 -0.004657312814344651 -0.0053550428382212519 0.033115732077076548 0.0099313109186110055 -0.012668871277114455 -0.024766851893722276 -0.019470949408011889 0.00068516238369830664 -0.016601964316301822 0.0068748099320880707 -0.0039505054278892926 0.0026296193405411965 0.00066209114695239867 -0.0088809491161192643 0.019276279725159405 0.0097599692049113104 -0.029753482909960761 -0.0074254201137808062 -0.0040992632075150838 -0.0074999656983081074 0.053238839505188533 -0.0066947848926331172 -0.012901260823106435 -0.0029145112878500336 0.0037712955196954009 0.0096687835554335484 -0.012754053838989789 -0.023552120299004463 0.018256954741733174 0.013046114360051018 0.0069273006842460825 -0.00926620074258107 0.0018240085283642736
leaf_weight=126164.85821437836 10404.768179416656 55444.535621881485 31198.504267215729 46762.801133155823 38848.678544998169 12209.796112775803 12952.294521331787 11069.849044561386 31028.450486183167 51213.699093341827 4701.7262346744537 115118.83077287674 77055.16014122963 101513.89294552803 5301.3932247161865 50372.951895236969 5890.027186870575 8107.9792058467865 20466.836595773697 47912.464285850525 23215.96462225914 20148.46578669548 87295.377512931824 30551.624473571777 28702.372313261032 43262.304887533188 56437.742125511169 45686.752773046494 13191.058894872665 32075.029618501663 28001.752676486969 11881.862539052963 24388.15497469902 32848.122002124786 5909.833167552948 6892.9300312995911 83189.848909854889 9804.5003337860107 57285.047598838806 69701.441810131073 17695.08692073822 151785.0865187645 40162.452265977859 5851.4915809631348 19422.344738483429 6690.5609903335571 19212.494994401932 111899.08307361603 6218.7680554389954 488.49731111526489 84324.08461523056 20434.132736682892 32506.261891365051 20592.207273483276 19794.325085639954 74915.691260099411 11271.731483221054 10780.157715320587 26974.372432231903 45701.724426031113 33979.024290800095 23802.706668376923
leaf_count=104482 4876 13154 6243 21742 11179 4377 6622 4568 6213 12967 1198 17005 16881 29090 1161 24357 2923 2402 5659 9108 5486 2795 17138 14737 8731 8016 8183 15599 4677 8559 4128 3035 11695 9317 853 1043 11119 5235 30425 15942 4481 128465 7821 2722 3832 2038 8673 26368 1238 86 26258 5412 9281 4127 3811 26605 3645 2710 9882 9197 8849 4697
internal_value=2.06407e-05 -0.00396498 0.00554293 0.00718742 0.0104635 0.013739 -0.00834537 -0.00213589 0.000894773 0.00532533 -0.00135966 3.01809e-05 0.00214562 -0.00365391 0.00713054 0.010395 0.0034494 -0.00424188 -0.00726311 -0.00205258 -0.00594505 -0.00291603 0.000958508 0.0128299 0.0203594 -0.00234609 0.0049953 -0.0125724 -0.00887083 -0.010982 0.000242493 0.0246524 0.015525 -0.00726985 -0.0114037 -0.00728137 -0.00204931 -0.00650649 0.00818126 -0.00116282 0.0093123 0.00237387 -0.00535951 0.0075555 0.0023486 -0.0200824 -0.00338392 -0.00622029 0.0015117 0.0112048 -0.00772689 -0.00786566 0.000845328 0.00867631 0.00386558 -0.0107496 -0.0176706 0.0108727 0.0159124 0.0081241 -0.00530248 0.0053927
internal_weight=2.35871e+06 1.36996e+06 988749 730353 389228 237695 403542 966421 258396 151532 839365 522707 304250 316658 16371.2 157927 341125 300287 127056 150338 257387 218457 253846 107554 79768.4 184939 108058 146155 106589 76972 102425 40584.2 71151 201942 126512 115348 198309 108455 63175.1 146757 80177.4 277950 83424.8 36403.1 74423.6 19642.9 29617.3 169094 14326.7 62482.4 94128.6 52509.2 71354.9 51620.7 107090 120602 24462.8 61993.9 39184.2 50403.5 145878 43225.1
internal_count=793118 338310 454808 408277 141982 101278 114891 223419 46531 40704 181918 95086 64167 86832 5729 75253 266295 81103 41501 28008 63174 30919 53772 50896 26025 44927 18523 51717 35842 22293 18900 11766 33437 50020 43057 36176 28124 35133 33348 32823 20244 232947 15837 17459 14772 8660 13549 40703 3640 15763 31493 13971 20460 10340 20949 42204 8322 15677 14259 10395 35217 8529
cat_boundaries=0 1 5 6 7 11 12 16 20 24 28 32 36 40
cat_threshold=1 1073742480 2148547648 1610612752 33288 14 1 1610622672 554182656 1753940002 1083218 6 822093720 1091051585 1619018242 1101328 29376 2164461584 814219392 1099330 19931464 537297424 2110080 3072 1611671248 559007248 1216938306 1082176 556802688 17825808 1610747904 33344 3221227152 16852032 1753366608 1081874 554709784 554442752 4194304 2624
is_linear=0
shrinkage=0.05


Tree=32
num_leaves=63
num_cat=13
split_feature=0 7 12 20 0 19 20 16 16 16 9 1 16 17 17 9 16 17 9 17 16 16 16 6 3 17 16 9 6 16 9 8 16 16 16 16 16 16 17 0 20 3 16 16 16 6 16 12 19 12 12 16 6 17 16 17 6 16 16 9 0 4
split_gain=16203.1 5615.02 4523.53 1927.17 1646.12 1518.88 1504.62 1372.74 2914.5 2199.09 5746.29 1338.03 1330.63 1490.63 1264.79 1225.71 1210.78 1205.61 1143.89 1142.15 1043.9 2022.9 995.603 1006.77 978.093 886.661 874.798 808.724 774.193 767.496 936.461 876.696 747.357 1183.99 912.382 738.01 705.015 942.265 767.241 693.023 683.223 669.133 656.496 956.148 655.575 620.789 604.738 693.235 602.421 602.403 598.613 591.182 558.781 555.132 536.891 696.543 493.43 489.648 716.076 482.822 588.387 479.831
threshold=1.0000000180025095e-35 2.5000000000000004 0.39428898003023333 0 20.500000000000004 1 2 16.500000000000004 25.500000000000004 9.5000000000000018 0.17751276622244369 2.5000000000000004 44.500000000000007 3 4 0.79991181657848343 51.500000000000007 5 0.13447187141216996 6 39.500000000000007 32.500000000000007 21.500000000000004 0.14481478320245819 1.5000000000000002 7 11.500000000000002 0.89477666925543153 0.75022281639928712 51.500000000000007 0.85018427845067035 1.1539295845152679 44.500000000000007 10.500000000000002 12.500000000000002 25.500000000000004 32.500000000000007 37.000000000000007 8 2.5000000000000004 9 469.50000000000006 48.500000000000007 49.500000000000007 51.500000000000007 0.11116531165311654 14.500000000000002 0.20524554412381166 10 0.12505105956539955 0.35502562006342891 11.500000000000002 1.4998938428874735 11 24.500000000000004 12 2.4420840787119862 19.500000000000004 10.500000000000002 0.030315122493893447 4.5000000000000009 81.500000000000014
decision_type=2 2 2 1 2 9 1 2 2 2 10 2 2 9 9 10 2 9 10 9 2 2 2 2 2 9 2 10 2 2 10 2 2 2 2 2 2 2 9 2 1 2 2 2 2 2 2 2 9 2 2 2 2 9 2 9 2 2 2 10 2 2
left_child=1 24 3 27 5 -5 -4 9 14 -7 26 50 13 20 22 16 -14 18 54 -12 21 -10 23 -9 -1 -23 -11 44 -21 30 41 -32 33 52 40 48 -36 38 -38 -29 -35 -6 -17 -44 -2 -16 47 51 -33 61 -3 -30 -20 -45 57 -56 -15 58 -8 60 -28 -26
right_child=2 11 6 4 29 7 17 8 12 10 19 -13 15 56 45 42 -18 -19 32 28 -22 25 -24 -25 49 -27 59 39 46 -31 31 35 -34 34 36 -37 37 -39 -40 -41 -42 -43 43 53 -46 -47 -48 -49 -50 -51 -52 -53 -54 -55 55 -57 -58 -59 -60 -61 -62 -63
leaf_value=0.0015859865178350233 -0.0021205099821645351 0.015376377315512913 -0.016995002225462495 -0.007941491140421357 0.0033244658393798646 0.0033955774847490394 -0.007873663917647291 0.05622782189225875 -7.4240739695051244e-06 -0.032905111589894953 0.012140109495224696 0.022311717830784082 0.015939336472482534 -0.0063958978234872265 0.039216688427814811 0.0065298547480068863 -0.014350423305781136 -0.010046950070463913 0.0045363521558159118 -0.012206023204272208 -0.0036772426225168842 0.033433439282216357 0.021076922896482764 0.0078251635931635768 0.0099591700112320377 0.011603025205454552 -0.060207853870156751 -0.0057283332732739264 -0.0035233349228354209 -0.014957650707412867 -0.0097250917405643268 0.0086589618976597778 0.003480123718867802 -0.0053680560137348166 -0.0026763482768183103 -0.006306160256032348 -0.033062684057153173 -0.0031130205237451421 -0.01215302903008739 -0.015739811904650649 -0.030785584268034412 -0.0020036970994164937 -0.019418287405533287 0.0083017113575287304 -0.025861981103414141 0.0036939020700242631 -0.011789164342890228 -0.010700875023061119 -0.0015302120100498988 0.00473952034757541 0.0084057280500983763 0.011942264612228047 -0.0064228741641462186 -0.0061962811355524491 0.0018129210928553533 -0.019995554143734176 0.0038495623945714631 0.0039926363127591666 -0.053272470551610586 -0.038405874955150548 -0.10978731988118323 0.041841112521017007
leaf_weight=197132.08059740067 90937.785435914993 69019.284578323364 32581.724490880966 40102.0475025177 100001.07438898087 111936.00819015503 7359.2708537578583 1104.1576290130615 28539.081195116043 3571.5494015216827 10328.209198951721 45153.521954059601 32829.225378274918 99359.204629182816 1256.4535303115845 32769.061582565308 3667.0525515079498 121416.04708981514 46704.991463422775 27675.186743497849 28597.405609130859 8202.2424669265747 31553.938269615173 38543.456456422806 62061.758167266846 10818.260419607162 1529.8411321640015 40951.945227861404 10283.328898429871 11717.625396251678 55446.668973445892 17157.813050746918 39058.026545286179 4529.0590922832489 92741.647299766541 77746.819056510925 5531.316623210907 25920.907058477402 21340.154470205307 29912.986914157867 6396.1456525325775 143450.32884740829 7304.0827834606171 13137.073582410812 3002.7427906990051 56161.674705266953 11000.077393531799 8494.561772108078 93538.132590770721 148549.93468141556 55626.799533605576 15479.860721826553 15487.145314216614 13252.566755771637 4423.2209956645966 21384.284058332443 13327.440489292145 8158.5805013179779 983.90574026107788 988.48629093170166 988.43903636932373 1202.1442065238953
leaf_count=173502 26501 24733 12144 11930 17062 29803 2165 378 7550 962 2757 13659 8198 25115 462 8835 944 32348 11624 7343 7458 2266 8185 9713 39084 2800 413 16357 2625 1813 9351 2548 10572 1097 22833 12194 1240 6722 5114 8209 1627 19426 2153 3226 835 14628 2828 2212 14428 95530 20234 3824 4006 3353 1297 6969 3711 2853 341 206 196 851
internal_value=2.6199e-05 0.0072942 -0.002336 -0.000861752 -0.000143995 0.00148909 -0.00664385 0.00209653 0.00372493 -0.00128795 -0.00709109 0.0149372 0.000961047 -0.00153203 0.00999537 0.00553372 0.0128956 -0.00584301 -0.00414139 -0.00341402 0.00387136 0.00841111 0.0144474 0.00917453 0.00412069 0.0210419 -0.0503373 -0.00592145 -0.00561771 -0.0023129 -0.00200883 -0.00419865 -0.00289055 -0.00402856 -0.00634827 -0.00257252 -0.00530204 -0.00991451 -0.016475 -0.00995447 -0.0202833 0.000184925 0.00149101 -0.0034096 -0.00287966 0.00447112 -0.00159001 0.00168516 4.98125e-05 0.00647969 0.0122656 0.0057693 0.00180722 0.00102183 -0.0117611 -0.0162649 -0.00518368 -0.00471693 -0.0132333 -0.0680771 -0.0797039 0.0105656
internal_weight=2.35943e+06 578746 1.78068e+06 1.32666e+06 1.16186e+06 662800 454016 622698 420422 202276 90339.5 169800 291803 188844 128620 102959 36496.3 421435 300019 83261.2 76157 47559.6 71201.6 39647.6 408946 19020.5 7078.32 164805 72933 499058 487341 243889 257709 218651 156459 188443 145534 52792.4 26871.5 70864.9 10925.2 243451 66462.8 33693.7 93940.5 57418.1 45257.8 34257.8 110696 211814 124646 25763.2 62192.1 26389.6 42309.3 25807.5 112687 16501.8 8343.18 3506.77 2518.28 63263.9
internal_count=793343 367593 425750 302798 250896 174074 122952 162144 108975 53169 23366 58626 75609 48900 33366 26709 9142 110808 78460 21589 20074 12616 18276 10091 308967 5066 1777 51902 18832 76822 75009 38521 64835 54263 38633 29170 35909 13076 6354 24566 2724 36488 17567 8732 27336 15090 11489 8661 16976 135465 44967 6449 15630 6579 13625 8266 28826 5359 2506 815 609 39935
cat_boundaries=0 1 2 3 7 11 15 19 23 27 28 29 33 37
cat_threshold=1 540672 1 2434797856 17583681 276907012 1074888 537929688 18022480 1611337792 1361152 1879053968 17906752 1753940052 1081938 80 8256 134353056 1147138 18878464 17564160 268451840 512 128 1048576 1610743808 1081344 10 34816 18883720 18612224 2013401088 33858 16 80960 8388672 1049088
is_linear=0
shrinkage=0.05


Tree=33
num_leaves=63
num_cat=17
split_feature=5 12 12 5 1 5 7 9 13 20 9 5 17 13 7 20 13 15 5 2 1 11 4 12 9 7 17 17 9 8 17 6 17 7 10 17 17 17 5 15 15 20 17 17 15 5 8 6 10 13 5 4 8 17 7 12 12 17 20 4 17 8
split_gain=17493.9 3743.54 2540.28 2097.43 2341.57 1859.51 1369.74 1260.08 1073.95 1035.4 865.141 837.575 752.321 750.892 782.104 967.52 740.118 737.859 691.398 1092.58 680.674 646.781 614.242 599.072 565.468 765.751 544.098 513.177 498.571 494.754 501.512 475.765 485.279 456.88 423.924 414.902 406.047 379.002 369.4 359.729 353.504 350.903 347.203 347.057 340.899 332.217 313.201 312.239 299.617 283.74 280.56 306.965 278.668 273.889 272.199 264.766 264.134 263.96 263.49 258.309 257.122 254.82
threshold=0.6317746037957348 0.14450892485460484 0.36673951857169168 0.28611556982343506 1.0000000180025095e-35 1.7147096227214924 36.500000000000007 0.94121665059466419 2.5000000000000004 0 0.92863354037267098 1.3667979002624675 1 2.5000000000000004 31.500000000000004 2 29.500000000000004 19.500000000000004 1.0000000180025095e-35 5.5000000000000009 2.5000000000000004 0.067779660845796272 24.500000000000004 0.59999999656574798 0.030315122493893447 103.50000000000001 3 4 0.13447187141216996 1.730901856763926 5 0.039344685242518072 6 85.500000000000014 1.5000000000000002 7 8 9 1.1065248226950357 13.500000000000002 6.5000000000000009 10 11 12 53.500000000000007 2.0775432910997016 1.1143171287206475 1.2632787942290646 1.5000000000000002 4.5000000000000009 0.16707717569786537 5.5000000000000009 1.0435837906289576 13 142.50000000000003 0.041309635761822568 0.062436701546618241 14 15 117.50000000000001 16 1.0760551741673023
decision_type=2 2 2 2 2 2 2 10 2 1 10 2 9 2 2 1 2 2 2 2 2 2 2 2 10 2 9 9 10 2 9 2 9 2 2 9 9 9 2 2 2 1 9 9 2 2 2 2 2 2 2 2 2 9 2 2 2 9 1 2 9 2
left_child=2 7 3 4 22 16 9 8 37 10 -4 36 34 14 15 20 57 33 19 -6 -13 48 -1 26 25 -20 -18 -26 49 30 -7 32 59 42 50 -15 -9 -2 -28 41 -11 -21 -5 -8 45 55 -35 -32 -22 60 51 -12 -17 -29 -19 -37 -30 -3 -38 -24 -10 -43
right_child=1 5 6 17 18 29 43 11 28 40 12 13 -14 35 -16 52 23 54 24 39 21 -23 31 -25 27 -27 38 53 56 -31 47 -33 -34 46 -36 44 58 -39 -40 -41 -42 61 -44 -45 -46 -47 -48 -49 -50 -51 -52 -53 -54 -55 -56 -57 -58 -59 -60 -61 -62 -63
leaf_value=0.0046527162447516325 0.022383042586344055 -0.014677559229117591 0.0029521751345433114 0.0062270584714524567 0.012449030929113203 -0.0080042815605893842 -0.00040870487801452997 -0.0059338151093691052 -0.0063157667231898851 -0.0024909876230869901 0.0042290240567686805 0.034387618983020229 -0.0039148954225828167 -0.015995146736550683 -0.010750610659080102 -0.0026192317970081033 -0.0069407088852663588 0.011641861952980634 0.00029556302312023266 0.012594781612771503 0.0072566522458073386 -0.015594789629025985 0.037170093305056891 -0.0097246504367134896 0.01517485820424109 -0.067099304772106169 0.00015318296445470658 -0.010251361658817536 0.0021330554276257222 -0.030852929336291357 -0.010753788907009419 0.010141041033713133 0.012747073542372096 -0.0064682969079015232 0.017632741205029796 -0.002327786876882283 0.00094796936764967384 0.0063754604100716818 -0.0041304854796899593 0.03249693034510473 0.0033006151067020081 0.018369213530891753 0.00074469753909240342 -0.0077214113550087967 0.0011969395088395085 -0.012150911673933257 0.0010219862759055091 -0.017026263203768106 0.024993258891958824 -0.0045114425307542384 0.0027982521655864397 0.013428016428991258 -0.020818423363015634 0.0067197297052406296 0.003393472762160744 -0.0091314692413657274 -0.0009671369979219797 -0.0073165776118104186 -0.0033377900565013208 0.079773220262375613 0.015560224262312423 0.0287223749428227
leaf_weight=157240.01480913162 6894.655571937561 13582.157100200653 157436.90187096596 71327.128522396088 73304.250992774963 78831.863019943237 28760.861486434937 39844.874981403351 2179.1666989326477 78449.547602653503 12721.665856838226 2548.2004294395447 9732.401487827301 15120.664477348328 12741.542835712433 5507.3916957378387 61321.677549600601 32885.81614112854 1962.0583682060242 10182.168112039566 11611.116064310074 2735.0477178096771 1361.8271555900574 35321.420296430588 24463.294366836548 535.78289175033569 124112.60764980316 2721.0440521240234 190792.19442200661 3148.1463418006897 43252.414093971252 16548.323973894119 2089.7530138492584 19510.967972278595 17687.163914680481 27766.388755083084 120207.18375945091 8021.3652141094208 84653.986542224884 7520.9074192047119 39669.609439611435 11458.987443208694 48543.185523271561 37237.944556236267 11000.463708877563 32669.643229007721 49013.439826965332 36668.20670747757 2994.7814593315125 66968.823211431503 14614.30437207222 31592.501088619232 3402.4930694103241 18390.415916442871 14375.091083049774 29483.136621713638 107367.59243822098 119416.13074588776 51099.383841514587 482.85660648345947 3477.4379243850708 12367.963662385941
leaf_count=120542 1876 3214 99394 17093 34169 28433 5009 9365 557 51904 7072 1363 3937 4851 2276 2750 15579 7455 443 3069 3389 793 1314 9929 5113 82 29099 560 34772 1180 16731 6814 1885 3107 4914 7163 25048 2656 21876 2182 25395 3371 11866 6511 2509 10817 7257 12780 797 16922 3874 13666 1172 3825 2006 7278 21943 25871 11743 344 802 3558
internal_value=5.56953e-06 -0.00370154 0.00500679 0.00717378 0.00968274 -0.00664803 0.00208835 -0.00135698 0.000640986 0.00329641 0.00515788 -0.00344689 0.00918002 -0.00620537 -0.000436694 0.0041267 -0.00495692 0.00354718 0.0140127 0.0161203 0.0102578 0.00671616 0.00571369 -0.0036012 0.00897794 -0.0141816 -0.00280036 0.0102475 0.00011179 -0.0112273 -0.0108379 0.0138579 0.0294843 0.00214584 0.0108426 -0.00827045 -0.00138824 0.013795 -0.00158376 0.0225999 -0.000545855 0.0204103 0.0040075 -0.00453598 -0.00711063 -0.00812774 -0.00111079 -0.0136301 0.0108948 -0.00360313 0.00880612 0.0107873 -0.00955994 0.00452814 0.00913312 -0.00583174 0.00101667 -0.00807006 -0.000330571 0.0480983 0.00714937 0.0237343
internal_weight=2.35893e+06 1.35474e+06 1.00419e+06 576285 340630 600309 427903 754434 385701 361904 243785 368732 86348 157581 41540.6 28799 438408 235656 162907 114834 19889.1 17340.9 177723 305410 48072.6 2497.84 270088 45574.8 370785 161901 158752 20482.8 3934.44 188395 76615.6 116040 211151 14916 208767 41530 118119 34009.1 119870 65998.8 100920 89919.2 68524.4 79920.6 14605.9 72625.4 58928.5 44314.2 8909.88 21111.5 47260.9 57249.5 298160 132998 171307 1844.68 5656.6 23827
internal_count=793265 335534 457731 236055 187271 164692 221676 170842 79528 210156 132857 91314 33463 45158 12540 10264 105568 48784 56372 46349 6342 4979 130899 76483 10023 525 66554 9498 74996 59124 57944 10357 3543 39323 29526 32618 46156 4532 50975 12180 77299 9998 28959 11520 27767 25258 10364 29511 4186 18281 24612 20738 3922 4385 9461 14441 56715 29085 36791 1658 1359 6929
cat_boundaries=0 1 5 6 10 14 18 22 26 30 34 35 39 43 47 51 52 56
cat_threshold=6 1610618512 18366480 2018185286 1081938 22 52441416 571442320 2418021282 1051904 554710280 1091059712 671748128 32834 2718959312 2701143040 1216562369 1098254 2147493440 553659392 142607360 34898 3272642816 1610647680 147065923 8712 3509616640 1073784448 405094209 75776 538982272 16777216 1879048704 34834 1 554706640 537722880 2420654422 1082688 553653888 1074790416 1749024930 64 2147516416 0 2098817 8192 3240099856 1610794624 10507045 2048 28 2147483656 536882176 134348801 66
is_linear=0
shrinkage=0.05


Tree=34
num_leaves=63
num_cat=16
split_feature=5 0 10 9 5 10 20 0 16 16 16 17 16 9 17 16 16 16 0 17 13 0 16 20 5 16 8 16 16 17 17 3 17 17 20 10 16 16 9 17 16 4 4 16 9 13 16 16 17 16 17 17 16 19 19 6 16 13 16 16 16 16
split_gain=15854.3 2872.16 2330.22 2326.24 1758.45 1915.49 1128.49 1137.26 1053.12 1840.16 1102.13 1343.4 1021.9 1623.2 995.349 1058.55 983.157 1236.47 1938.56 1076.62 971.072 1585.25 969.474 950.512 939.643 912.425 885.262 872.794 866.846 781.229 704.196 702.796 673.525 655.262 605.485 600.586 587.579 1165.71 1137.42 567.448 550.162 552.986 538.666 688.628 521.222 513.72 508.408 1439.23 483.339 451.519 440.207 436.947 452.371 434.077 433.059 431.542 427.515 416.588 411.541 406.276 406.123 384.694
threshold=0.66709292412617238 5.5000000000000009 1.5000000000000002 0.1111431131592422 0.23553051495212957 1.5000000000000002 0 1.5000000000000002 25.500000000000004 18.500000000000004 14.500000000000002 1 9.5000000000000018 0.24980974124809743 2 44.500000000000007 15.500000000000002 10.500000000000002 1.0000000180025095e-35 3 2.5000000000000004 12.500000000000002 48.500000000000007 4 2.0016920473773268 49.500000000000007 1.1392631103074142 48.500000000000007 12.500000000000002 5 6 5.5000000000000009 7 8 9 1.5000000000000002 16.500000000000004 9.5000000000000018 0.092679275019700566 10 25.500000000000004 21.500000000000004 7.5000000000000009 19.500000000000004 0.53872969016247885 7.5000000000000009 32.500000000000007 37.000000000000007 11 51.500000000000007 12 13 47.500000000000007 14 15 2.6846052631578949 17.500000000000004 12.500000000000002 46.500000000000007 44.500000000000007 8.5000000000000018 11.500000000000002
decision_type=2 2 2 10 2 2 1 2 2 2 2 9 2 10 9 2 2 2 2 9 2 2 2 1 2 2 2 2 2 9 9 2 9 9 1 2 2 2 10 9 2 2 2 2 10 2 2 2 9 2 9 9 2 9 9 2 2 2 2 2 2 2
left_child=1 3 6 16 5 23 20 57 9 10 11 28 -13 61 27 30 17 -1 -19 42 21 54 -17 -5 -22 44 36 55 -4 31 46 -25 -11 -27 -12 48 37 -3 -39 -30 41 -21 -18 -44 -24 -32 -16 -48 -6 -35 -7 52 -42 -23 -2 58 60 -8 -10 -37 -31 -14
right_child=2 26 8 4 35 50 7 -9 14 32 34 12 13 -15 15 22 19 18 -20 40 24 53 25 29 -26 33 -28 -29 39 56 45 -33 -34 49 -36 59 -38 38 -40 -41 51 -43 43 -45 -46 -47 47 -49 -50 -51 -52 -53 -54 -55 -56 -57 -58 -59 -60 -61 -62 -63
leaf_value=0.0027490800833070419 0.0024686076327129721 -0.002059690571587391 0.00069489506006629434 0.0031756442760591643 0.0037075353964508987 0.02030595992044925 0.0021087588642200576 -0.016123026612049722 1.091551584726066e-05 0.0082367956381762357 -0.0049022600341718375 -0.0023637533407799716 -0.037709742333571383 -0.0091641266485496982 -0.0093384732282457417 0.005133044160861037 0.0069627410423651172 -0.0053556283437355273 -0.048457997017652049 0.0060799772128956467 -0.0046280553131162715 -0.033647161995146946 0.0048928486207080188 0.0078539428570140266 -0.010869296729705715 0.013460147022778516 0.0022850591505898825 -0.0091995606177443113 0.042496490540552517 0.0078093978902859396 0.0018619550987650302 0.015611172561116035 0.00038997747581498828 0.0021654060457163551 -0.016189907669144812 0.0054583195348526488 -0.0013294397344069918 -0.076143167764110467 -0.01731385561180036 0.0099818071082845902 -0.002934179039165102 0.025858099166804507 0.049274066974442012 0.016081279725895639 -0.020856794356610028 -0.0071228553124637085 -0.043392935155346229 -0.0071103228802825175 -0.004076698787757428 -0.013760193508134684 0.011926314078130348 0.0042361226451702585 0.0084148652029284628 -0.0049137717853684594 0.020580915835241128 0.013271049049485681 0.0089207021480099125 -0.0082430717986799375 0.01139613126112214 0.013721156960474138 -0.0053796954335009126 -0.078920883499536618
leaf_weight=66505.093913555145 4831.1820290088654 20200.6712641716 121085.23618555069 68743.183181524277 67190.411476373672 47044.449228286743 12925.605253219604 52081.874446630478 64352.769001483917 70781.411253213882 33792.130212306976 52075.741830587387 2950.8334057331085 18440.396079778671 17513.317757129669 38585.524783849716 16475.850786924362 36530.075608730316 2808.3102717399597 45001.289752960205 330272.4226834774 1429.63489985466 2375.3467192649841 49855.106020450592 73777.633898973465 6377.7067520618439 126389.08919668198 19154.363540410995 1465.8272051811218 10121.128599405289 17882.289717197418 70481.120954036713 44573.715769767761 9631.26305103302 18338.908341884613 85688.546895503998 66894.303576946259 882.84552097320557 11697.257946491241 15076.723742008209 60776.246155261993 3834.5164079666138 1784.6223685741425 12531.277645111084 11373.039529800415 144160.0486073494 4865.9805359840393 6235.3406929969788 28346.472655296326 8272.8647553920746 23695.451934099197 71803.682877063751 10262.17315530777 15175.479873418808 10493.359171390533 8570.5874130725861 34178.212608337402 39167.89143371582 9052.9638288021088 18001.882210731506 13785.246892690659 701.57115054130554
leaf_count=49214 1824 3489 24988 33071 18141 14490 6221 17182 12714 13794 6288 10538 614 3677 3182 8020 13424 28576 690 40345 89143 295 506 26631 28948 1341 20189 3732 303 4420 3446 26000 9207 2090 3879 21932 11542 158 2031 3015 45997 2758 1664 5105 2398 28470 915 1369 7683 1708 7209 54449 9084 3172 3891 1796 14720 19043 1802 4614 5916 154
internal_value=1.91292e-05 0.00451259 -0.00371952 0.00585119 0.00794095 0.0102491 -0.0062218 -0.0108973 -0.00191177 -6.23721e-05 -0.00236483 -0.000761819 -0.00618575 -0.015197 -0.00381578 -0.00541434 0.00255954 -0.00140725 -0.0084338 0.00444681 -0.00510423 0.00328984 -0.000450709 0.00817267 -0.0057677 -0.00611598 -0.00049355 0.000409481 0.00216149 0.0100972 -0.00740925 0.0123964 0.00520553 -0.00028824 -0.00887736 0.00425787 -0.00401684 -0.0095007 -0.0214481 0.012897 0.00305203 0.00763342 0.0131236 0.0202223 -0.0164079 -0.00613095 -0.0146404 -0.0230164 0.00139784 -0.00519071 0.0175038 0.00148588 -0.00129442 -0.0074127 0.0148864 0.00265484 0.00533232 -0.00567455 0.00141516 0.00689296 0.000204201 -0.0456452
internal_weight=2.35935e+06 1.07151e+06 1.28784e+06 845444 517131 317904 540155 104175 747686 379282 263927 211796 74168.5 22092.8 368403 267273 328313 105843 39338.4 222470 435980 31929.7 76615.7 247164 404050 38030.2 226064 101131 137628 178421 190657 120336 115355 24281.8 52131 199227 99675.1 32780.8 12580.1 16542.6 191678 48835.8 30791.8 14315.9 13748.4 162042 28614.6 11101.3 95536.9 17904.1 70739.9 142842 71038.4 16605.1 15324.5 81976.3 58084.6 52093.5 73405.7 103690 23906.4 3652.4
internal_count=793207 473542 319665 436133 184827 132457 169719 42446 149946 76457 53456 43289 14983 4445 73489 53445 251306 78480 29266 172826 127273 9182 16063 110758 118091 8043 37409 20044 28306 77687 37382 52631 23001 5139 10167 52370 17220 5678 2189 3318 152633 43103 20193 6769 2904 31916 5466 2284 25824 3798 21699 109530 55081 3467 5715 16312 25056 25264 14516 26546 10336 768
cat_boundaries=0 1 5 9 13 14 18 21 25 29 30 33 37 41 45 46 47
cat_threshold=22 1610622608 5996624 3360297888 1097810 2466295880 1090813441 276842888 279180 2147484770 541076993 8389760 281352 17 1611665040 555352592 3893035360 1098576 1073741952 32784 3892457508 2685413272 1073818688 1619722338 1098768 128 0 1744961536 34818 12 0 0 1073877024 536880832 555417616 3356166166 1107792 1611675584 21520400 1082851594 1083974 1883275920 3222307224 3909818432 558083 540672 540673
is_linear=0
shrinkage=0.05


Tree=35
num_leaves=63
num_cat=12
split_feature=5 12 5 1 5 19 12 16 16 16 9 16 5 17 7 12 12 15 15 17 16 16 9 16 16 16 14 17 17 17 4 16 16 9 10 10 16 17 12 17 17 8 16 16 9 12 4 17 17 16 9 4 9 16 5 16 16 17 1 16 16 16
split_gain=14308 3376.48 2463.5 3758.52 1667.44 1105.75 1101.88 1057.33 1545.52 1476.85 1038.84 907.042 879.312 821.2 796.057 733.486 719.144 688.174 686.674 654.451 651.94 1791.93 624.275 924.409 1134.14 630.436 624.479 536.041 500.874 496.854 489.234 597.992 833.302 768.853 477.376 471.148 461.454 445.288 440.504 430.161 419.237 417.403 409.635 553.285 662.312 403.221 402.076 401.045 392.324 386.933 463.04 374.336 371.463 370.87 360.674 354.971 354.734 569.301 345.362 327.15 326.913 532.798
threshold=0.66709292412617238 0.088607202795884868 0.26679751390251888 1.0000000180025095e-35 1.6000652848049619 0 0.44626756924868372 17.500000000000004 9.5000000000000018 25.500000000000004 0.19645010749305231 44.500000000000007 1.0000000180025095e-35 1 111.50000000000001 0.46682227580098012 0.34928494424014428 33.500000000000007 15.500000000000002 2 24.500000000000004 19.500000000000004 0.84629120879120889 14.500000000000002 16.500000000000004 11.500000000000002 1.0000000180025095e-35 3 4 5 23.500000000000004 15.500000000000002 19.500000000000004 0.24980974124809743 1.5000000000000002 1.5000000000000002 48.500000000000007 6 0.14014878682115847 7 8 1.2174152989730302 16.500000000000004 9.5000000000000018 0.29638689570196425 0.12806433703199752 9.5000000000000018 9 10 21.500000000000004 0.78396642278323658 5.5000000000000009 0.97298474432620796 44.500000000000007 3.5593869731800769 17.500000000000004 30.500000000000004 11 263.50000000000006 8.5000000000000018 51.500000000000007 45.500000000000007
decision_type=2 2 2 2 2 9 2 2 2 2 10 2 2 9 2 2 2 2 2 9 2 2 10 2 2 2 2 9 9 9 2 2 2 10 2 2 2 9 2 9 9 2 2 2 10 2 2 9 9 2 10 2 10 2 2 2 2 9 2 2 2 2
left_child=2 5 3 16 15 -2 14 8 38 27 12 19 -10 -7 18 17 30 60 34 -11 21 29 26 25 -25 -24 -15 -9 -12 -6 -1 -32 33 55 -4 -13 47 53 -5 -36 46 42 43 -16 -45 -21 -40 -26 -27 50 -23 -29 -17 59 -28 -33 -44 -58 -22 -8 61 -3
right_child=1 4 6 7 20 13 37 9 10 11 28 35 -14 22 41 52 -18 -19 -20 45 58 49 23 24 36 48 54 51 -30 -31 31 32 -34 -35 39 -37 -38 -39 40 -41 -42 -43 56 44 -46 -47 -48 -49 -50 -51 -52 -53 -54 -55 -56 -57 57 -59 -60 -61 -62 -63
leaf_value=0.0043420097737926064 -0.010321892505338735 -0.0051157571189677665 0.000198561732707052 0.019837306968119528 -0.0060542397732833717 -0.0047651400763261964 0.0060865612062061892 0.011885178938490806 -0.0072752745138330637 0.00022648780345967186 0.0091027064153444536 0.013229232412679235 -0.047230482471482822 0.0010651384721606055 -0.0020248427406402941 -0.0092082332865820894 0.00093381437352834144 0.00033679536666069121 0.0094382125409708945 0.015973068418090843 -0.011523864356670202 0.018193917328806958 0.00094304556694417791 -0.013374158906023413 -0.0055333875405915722 -0.0019368551641992277 0.006165918228907977 0.014443532189897771 -0.0017141565181937879 -0.014841608779459975 -0.000109315905244894 0.040197508700807065 0.0095830250943036276 0.019484601695925322 0.00895615180836031 0.024727816090254835 -0.011866787427036021 -0.0072438102813509727 0.0051400756687660018 0.0022003538966973305 0.003268256501449655 0.0036476280671097171 0.0038245673385517813 -0.066386214606029156 -0.015284797652274718 0.0076371173142811529 0.019420912689338102 0.00028880738689864873 0.014968181995732131 -0.00033691323319792938 -0.006749260039329086 0.028663690892472723 -0.0037885454996345702 0.01066691683119024 0.020453553519164707 0.084275783259320433 -0.017207415132500205 -0.00063487188978057134 -0.023141938502012242 -0.0041552459625395664 -0.014339183562193476 0.0025843496818829916
leaf_weight=149825.2758910656 29379.431017160416 192952.55952501297 88243.020299911499 15458.863558530807 28803.336314201355 90256.085238456726 9931.5348789691925 9830.1773326396942 6468.3757479190826 21726.165721654892 21124.595432758331 30120.647543430328 1748.6111207008362 157271.05924749374 9852.0757384300232 92717.41842341423 202259.6102604866 103179.71947002411 50362.7420835495 20926.087229013443 109343.93088841438 7698.0929906368256 56906.841408252716 22534.730675697327 37336.504607915878 4401.8006846904755 40175.500750780106 5921.1112222671509 21678.096871376038 36573.12372136116 6470.4756960868835 999.2539210319519 9517.8539056777954 3024.7783114910126 43626.148847341537 12653.03303694725 10176.639962911606 42353.947952270508 7736.0190536975861 51268.14874458313 14776.765996217728 31621.84525346756 21567.63290309906 696.17138576507568 7022.9851641654968 47300.69122004509 13586.066785573959 142166.02330875397 15621.134976148605 15845.03347826004 2452.9641375541687 21245.489291906357 47978.181366205215 6659.5633611679077 4962.0461010932922 846 6861.4549770355225 21085.406436443329 6794.2450394630432 36266.729144573212 8282.1680555343628 25424.745024681091
leaf_count=114966 8832 45508 22044 5760 9848 23474 2229 3567 2486 7795 7276 12336 351 29312 1493 23260 157263 21651 11959 7424 37788 2902 13969 4763 8570 1053 8057 3106 7029 13299 2852 810 4744 1287 9945 3501 2673 9787 3893 11990 5378 4422 3204 108 1060 17808 4351 31843 3599 5517 978 6940 12484 1634 1695 846 1026 3143 901 8288 1813 6254
internal_value=-5.05194e-06 -0.00355478 0.00426136 0.00621156 -0.00598415 -0.000859654 0.00131728 0.0106775 0.00666968 0.0130997 0.000500016 0.0106371 -0.0157826 -0.000381641 0.00267637 -0.00433753 0.00295079 -0.0030482 0.00426773 0.00778667 -0.00971787 -0.00655814 0.000423321 -0.00106751 -0.00276969 0.00362799 0.00255301 0.0219338 0.00362615 -0.0109734 0.00534087 0.0125151 0.0181922 0.0350122 0.0028458 0.0166312 -0.00150976 -0.00342477 0.0127748 0.00530746 0.00974997 -0.00108811 -0.00332038 -0.00987886 -0.0199015 0.0101926 0.0142334 -0.000922525 0.0112584 0.00454572 0.0121664 0.0255556 -0.00736012 -0.000363138 0.007737 0.0604409 -0.000992821 -0.00471058 -0.0122037 -0.00195342 -0.0045891 -0.00421926
internal_weight=2.3619e+06 1.28923e+06 1.07266e+06 645244 678046 611188 427419 272301 102577 169723 51019.7 132727 8216.99 581808 332208 470535 372943 329839 233500 89952.9 207511 91372.6 491552 289144 212214 76929.8 202409 36996.8 42802.7 65376.5 170684 20858.4 14387.9 4870.03 183137 42773.7 189679 95211.8 51557.7 94894.3 36098.9 98707.6 67085.7 17571.2 7719.16 68226.8 21322.1 179503 20022.9 25996.1 10151.1 27166.6 140696 52857.8 45137.5 1845.25 49514.5 27946.9 116138 46198.3 226659 218377
internal_count=794144 320043 474101 381769 182203 137840 92332 99001 36524 62477 17142 48864 2837 129008 70394 110970 282768 75226 55938 33027 71233 32544 105534 66470 47849 18621 39064 13613 14305 23147 125505 10539 7687 2943 43979 15837 43086 21938 19382 21935 13622 14456 10034 2661 1168 25232 8244 40413 4652 9397 3880 10046 35744 12151 9752 1656 7373 4169 38689 10517 53575 51762
cat_boundaries=0 1 5 9 13 17 21 25 29 33 37 41 45
cat_threshold=1589248 3526393856 2722147496 2288133139 2105356 1073774728 1075019968 3892451492 98306 1092649984 1622208 2160091041 11266 1611661968 1048592 3758758146 33346 1611661968 17924096 3355574304 32770 1610618512 1074799632 1744830677 1083984 554743704 537919488 542032 1116224 1630577280 1671184 1753940064 1081410 0 1074266128 8395648 35586 16781568 1091305472 276840448 16 2684355712 1048576 1611268096 32768
is_linear=0
shrinkage=0.05


Tree=36
num_leaves=63
num_cat=18
split_feature=5 12 7 12 5 19 19 17 9 8 17 19 3 5 10 13 9 5 13 21 12 10 5 5 1 8 9 13 5 3 13 17 19 6 12 17 13 1 9 21 7 10 17 17 5 19 9 3 5 5 6 17 17 9 10 7 17 7 13 21 19 1
split_gain=13130.7 3151.25 2282.35 2300.62 1528.7 1247.54 932.686 766.657 758.172 757.721 750.737 726.84 716.305 1319.02 673.352 630.987 658.993 543.439 526.792 521.118 469.686 446.198 680.647 578.234 437.813 429.418 411.374 396.11 394.967 499.812 389.948 383.693 369.289 352.318 348.255 342.667 323.355 318.602 294.43 323.742 290.16 324.536 289.709 285.462 276.444 276.408 275.09 263.755 259.488 250.019 246.597 243.841 242.637 234.734 231.892 230.391 234.92 229.831 250.717 241.279 227.255 221.968
threshold=0.66709292412617238 0.10010004227533488 47.500000000000007 0.20004067987323296 2.0016920473773268 0 1 2 0.61408825093035635 1.1193365102639299 3 4 2.5000000000000004 0.28352332824068638 1.5000000000000002 1.5000000000000002 0.94121665059466419 1.6410969651581615 4.5000000000000009 5 0.43123387704880828 1.5000000000000002 0.16707717569786537 0.12955677943876218 1.0000000180025095e-35 2.0078740157480319 0.10021834061135372 25.500000000000004 0.26679751390251888 10.500000000000002 20.500000000000004 6 7 1.0716053748231968 0.4720258179132148 8 3.5000000000000004 88.500000000000014 0.8670366498585661 9 279.50000000000006 1.5000000000000002 10 11 0.12955677943876218 12 0.07659713168187747 8.5000000000000018 1.1001066098081027 0.39221102805763192 0.092200546578844647 13 14 0.16683433936955067 1.5000000000000002 244.50000000000003 15 275.50000000000006 3.5000000000000004 16 17 401.50000000000006
decision_type=2 2 2 2 2 9 9 9 10 2 9 9 2 2 2 2 10 2 2 9 2 2 2 2 2 2 10 2 2 2 2 9 9 2 2 9 2 2 10 9 2 2 9 9 2 9 10 2 2 2 2 9 9 10 2 2 9 2 2 9 9 2
left_child=2 6 3 10 11 8 -2 38 -5 31 -1 26 36 14 45 19 18 55 -17 37 30 23 -23 24 -7 33 -3 -28 29 -10 -13 -4 -15 -6 40 -25 -12 60 -8 -40 41 44 -32 -22 -11 -14 -20 -47 -29 -43 -34 -35 -49 -33 -30 56 -18 58 59 -19 -9 -48
right_child=1 4 9 5 25 21 7 15 28 34 12 20 13 32 -16 16 17 57 46 -21 43 22 -24 35 -26 -27 27 48 54 -31 42 53 50 51 -36 -37 -38 -39 39 -41 -42 49 -44 -45 -46 47 61 52 -50 -51 -52 -53 -54 -55 -56 -57 -58 -59 -60 -61 -62 -63
leaf_value=0.0024065764519179242 -0.0093835158649137607 -0.01043883081810722 0.0005937674799361835 0.0028150986912082124 -0.0076003826688002089 0.00016798337042718558 -0.0021262675765863956 0.012429655914980773 0.0082804612344163104 0.024383510145743834 0.018893282789236868 -0.0090468538371980337 0.0050057906389356218 -0.00033518344340889073 0.02061920312791618 0.0090651710990150292 0.0057492202839966484 0.0032974961466259709 -0.0038891652621781203 -0.0010290682938120408 -0.0052256582275472703 0.010956034108954342 0.0011440817889784912 -0.0023799045984207248 0.0049369111461461728 -0.050652879839525822 -0.0060959905121394861 0.00098616935658527873 0.0018018178453154837 0.017861442091689383 -0.0080648938135214673 -0.013415144471050114 0.049399604191152163 -0.019903695852018462 -0.0046169602235172922 -0.013430741287399094 0.0038029516641715452 -0.010073442497536072 -0.0035192258776257351 -0.012104626683839766 -0.00052602268601899412 0.01223462397326168 -0.0024758259221737216 -0.01060103921151709 -0.0021714999726480675 0.010249601702213942 0.002421209111646836 0.011760465444852965 -0.0029411032300935515 0.004620816783136336 0.007668635730459796 -0.011907357789718853 0.019507087970454584 -0.0050529762693335501 0.0095267000202242415 -0.0043157994022721942 -0.00034284139486234598 -0.015115226037735772 -0.0069654385415656734 -0.0078260895632787375 0.027419930166850588 -0.0018888457537928193
leaf_weight=43713.26794052124 31193.436974048615 15942.314914941788 27797.820107936859 69567.513933897018 45159.350937366486 178415.34072327614 56923.156470537186 6608.0631325244904 31663.985928535461 1031.0795640945435 3777.2114238739014 42776.75999879837 12031.489776849747 16537.158389091492 30828.597982883453 22292.54500746727 18116.237860441208 14641.288717508316 25439.35314822197 7755.9001162052155 36033.943482398987 28830.355061292648 45675.935475111008 25987.480763912201 65903.334801912308 685.86241483688354 48544.292098522186 84480.478992462158 18623.948594808578 23880.10032081604 29073.634654283524 10299.287007808685 354.55885410308838 11685.193272590637 18292.470290184021 9605.389842748642 58783.855047702789 1092.0798721313477 23325.265929937363 20785.749080181122 42924.817882061005 14272.087165355682 114522.88533186913 79036.48125576973 19445.429139614105 39909.307661771774 163040.33092045784 18840.771579265594 83762.833047628403 44097.073541164398 83001.651870965958 53315.313873529434 22201.139731884003 45321.138958454132 20309.239943504333 31139.692305088043 124571.63705396652 5835.5343523025513 43283.59649014473 7294.6526184082031 4162.0653505325317 36572.054794788361
leaf_count=22060 9419 4491 4810 48582 18689 142536 14249 2361 15850 181 2086 10121 5596 4344 9357 4760 3814 3252 6356 2950 9684 9858 11682 7026 29831 224 9902 19014 5043 7534 7651 1790 97 3855 3007 2598 49222 177 6257 6188 5638 2441 28346 22025 3366 22183 31223 7142 22535 7453 21318 17838 8183 7819 5073 4170 28151 783 13934 1806 1366 4404
internal_value=-2.49514e-05 -0.00342515 0.00406412 0.00524822 -0.00589545 0.00317107 -0.00095121 -0.000521859 0.006776 -0.000431296 0.00851181 -0.00478661 0.00944367 0.0107667 0.0142153 0.000263856 -8.6622e-05 -0.00192527 0.00173373 0.00905719 -0.00640719 0.00150225 0.00494093 0.000586989 0.00145438 -0.0112389 -0.00268713 -0.00211716 0.00969323 0.0123999 -0.00485654 -0.00420382 0.00649221 -0.0109931 0.00181555 -0.00536691 0.00471434 0.0156391 -0.00450193 -0.00756852 0.00278187 0.00458273 -0.00360821 -0.00891919 -0.000833216 0.0120919 0.00100747 0.0131427 -0.000969097 0.00648268 0.00784579 -0.01335 0.0159589 -0.00660043 0.00583159 -0.00041933 0.000431046 -0.00560931 -0.00475855 -0.000403831 0.0182616 0.00163154
internal_weight=2.36101e+06 1.28909e+06 1.07192e+06 848442 645019 518463 644073 612879 164045 223481 329979 534174 286266 223705 123811 511845 492227 244883 247344 19618.1 301444 354418 74506.3 279912 244319 110846 232730 216788 94477.3 55544.1 186373 83418.2 99893.4 110160 140063 35592.9 62561.1 11862.2 101034 44111 121770 78845.7 143597 115070 20476.5 92982.7 225052 80951.2 168243 58369.2 83356.2 65000.5 41041.9 55620.4 38933.2 173828 142688 71055.1 65219.5 21935.9 10770.1 199612
internal_count=793701 319995 473706 437201 174375 285613 145620 136201 82082 36505 151588 133769 129528 78220 52461 109507 102653 55910 46743 6854 77827 203531 21540 181991 172367 40606 55942 51451 33500 23384 46118 14419 25759 40382 22086 9624 51308 3904 26694 12445 19079 13441 35997 31709 3547 43104 41983 37508 41549 9894 21415 21693 15325 9609 10116 36135 31965 19775 18992 5058 3727 35627
cat_boundaries=0 1 2 6 10 11 12 16 17 21 23 27 31 32 36 40 44 46 47
cat_threshold=112650 1589248 3526393856 2689117352 2288002323 2105356 1377861632 3222292680 557099585 78473 243722 34164947 17838928 1627432977 675285025 2624 1589904 553662208 1092256768 944308231 1081424 807405727 520 1092649864 1074888848 1619073954 9540 269485072 80960 1744834641 1409054 1589248 18886720 786640 4200964 3072 2147488008 537404928 2420331808 296960 9344 327744 1073741824 1065984 33700807 131072 77139
is_linear=0
shrinkage=0.05


Tree=37
num_leaves=63
num_cat=16
split_feature=0 1 12 10 2 0 20 0 20 20 0 17 0 9 10 4 14 14 19 4 4 21 10 20 1 0 12 12 10 0 17 0 12 19 17 11 8 0 4 1 17 10 1 8 0 17 9 4 20 0 4 20 10 20 0 17 0 4 12 0 1 6
split_gain=10047.2 3948.63 3356.72 1882.32 1548 1348.12 1230.57 1331.56 1216.78 1085.02 976.081 849.834 835.805 743.087 657.926 631.638 607.076 597.777 1051.4 905.88 642.367 589.564 545.974 541.102 520.382 519.04 510.139 444.737 432.863 421.982 434.503 416.209 397.614 387.68 383.297 380.675 375.475 367.973 359.743 358.774 348.071 331.635 320.863 318.171 317.462 309.471 327.27 304.114 350.679 303.541 292.841 292.55 289.824 425.604 286.959 281.759 281.55 274.649 265.419 260.671 256.117 253.007
threshold=1.0000000180025095e-35 1.0000000180025095e-35 0.42869395672585303 1.5000000000000002 6.5000000000000009 92.500000000000014 0 12.500000000000002 1 2 1.5000000000000002 3 2.5000000000000004 0.80679073342116825 2.5000000000000004 4.5000000000000009 1.0000000180025095e-35 1.0000000180025095e-35 4 6.5000000000000009 48.500000000000007 5 3.5000000000000004 6 4.5000000000000009 3.5000000000000004 0.15277807414075203 0.032488130402752953 3.5000000000000004 1.5000000000000002 7 2.5000000000000004 0.34928494424014428 8 9 0.011847457790281625 1.0897148441991493 270.50000000000006 174.50000000000003 20.500000000000004 10 1.5000000000000002 2.5000000000000004 1.0626401345291481 20.500000000000004 11 0.083551483420593389 107.50000000000001 12 155.50000000000003 4.5000000000000009 13 2.5000000000000004 14 2.5000000000000004 15 335.50000000000006 4.5000000000000009 0.052343586672232718 4.5000000000000009 63.500000000000007 0.092200546578844647
decision_type=2 2 2 2 2 2 1 2 1 1 2 9 2 10 2 2 2 2 9 2 2 9 2 1 2 2 2 2 2 2 9 2 2 9 9 2 2 2 2 2 9 2 2 2 2 9 10 2 1 2 2 1 2 1 2 9 2 2 2 2 2 2
left_child=1 15 3 6 26 8 7 17 25 59 -8 13 24 45 27 -1 36 19 -19 -2 33 40 37 -17 -10 58 -3 47 -27 42 -31 -15 38 54 -29 -6 -16 -7 -25 52 -9 -33 -21 -12 -38 -11 -47 48 -14 55 -35 57 53 -37 -20 -23 -24 -28 -5 -4 -22 -40
right_child=2 4 9 5 35 22 10 21 12 11 43 -13 14 31 16 23 -18 18 20 29 60 49 56 32 -26 28 51 34 -30 30 -32 41 -34 50 -36 39 44 -39 61 -41 -42 -43 -44 -45 -46 46 -48 -49 -50 -51 -52 -53 -54 -55 -56 -57 -58 -59 -60 -61 -62 -63
leaf_value=0.00082762219026201944 -0.012049752937339453 0.012676929457039436 -0.013460943926612793 0.0058856447301297923 0.0092017491325763149 -0.0050737812694930662 -0.0031820916992059949 -0.00024301023027381449 0.0039573758397432766 -0.0010447004944698665 -0.0093957199490955143 -0.0086498346864459369 0.01165429476042645 0.0029597918148998701 -0.00031032577577269497 0.00043136762107910545 0.014129868464014705 -0.012827713200345392 0.015773699275741307 0.0002343911428651585 -0.0034495559488469385 -0.022669521495787104 0.00076034425580796035 0.0093041443980477947 0.013490580953121651 -0.010129825507385882 0.0029558270451359608 0.0011291945992140892 -0.0014775969022732521 0.0019002821969921467 -0.0034127036678597762 -0.006666744520670384 0.0041018443188446507 0.036851940178999891 -0.0031735712156708996 0.0069441262207577143 0.0068261837792693153 -0.014740541038916652 0.052636187070491336 0.065068394987860295 -0.0064890513775692805 -0.00084718273294914293 0.0076225610608266579 -0.017648951817897617 0.0026286711111641655 -0.01315038212712966 -0.006069614463713539 0.0011697543918195461 -0.0041145168660313772 -0.03128191953036611 0.015056583210553224 0.0018137612879601695 0.030474391873871888 0.020593753726612651 0.0037979849214701145 -0.0086132789664755162 -0.0047806928704236858 0.0098970961178114804 -0.0021227920129317404 -0.026946067311128252 0.031085884868850534 0.011099696832225191
leaf_weight=210522.20712423325 17755.889081478119 50723.737590551376 23810.301527500153 16132.322764635086 9507.332352399826 53522.204474925995 47018.902601003647 40254.013261079788 31503.401504516602 16921.091880321503 24173.595060825348 122297.75225138664 18226.279880523682 40893.813560247421 58986.632351875305 46445.247330188751 13320.029524803162 7482.9968659877777 7147.4192907810211 36085.560260295868 12764.758588314056 3906.9728856086731 70792.61995267868 51557.501690864563 26236.989777088165 33386.977897882462 19279.644335269928 110959.89125418663 25493.499835968018 58353.047431230545 112968.0745742321 38674.702436208725 61774.438997507095 1874.4133749008179 96992.666014432907 6908.995525598526 73597.58317732811 12063.068578720093 827.6260998249054 440.07056283950806 50031.207661628723 66699.321469545364 24790.907717704773 22598.236952781677 116112.92753267288 25221.710858345032 46237.479584932327 35058.501420259476 4369.338184595108 1714.073504447937 8669.3975546360016 24866.564279317856 5547.6216330528259 33948.234932422638 16663.497126340866 40889.154196023941 33903.733979225159 54646.344552755356 28841.30549120903 4219.3499329090118 559.41454362869263 658.72847318649292
leaf_count=180416 8945 23008 9517 4971 2683 7519 20931 7005 10010 4671 8137 32745 4245 14056 11474 29846 2410 2144 2687 14702 2569 750 9420 31780 6753 8435 10503 22407 5377 15119 29876 9115 39191 882 20246 2043 15142 1529 447 87 9021 13495 7517 6879 18561 8651 11831 6096 1130 242 2364 11862 1514 9726 4654 7526 3931 23651 8652 1029 93 159
internal_value=-2.21718e-05 0.00570755 -0.00188143 -0.000740926 0.0112629 0.000708969 -0.00306719 -0.00196299 0.00169324 -0.00601473 -0.00826863 -0.00527034 0.00257813 -0.00350864 0.00195315 0.00263138 0.00373082 -0.000125278 0.00458572 -0.00116496 0.00732005 -0.00606204 -0.00327489 0.00498609 0.00828938 -0.00329424 0.00860099 0.000199506 -0.00638376 -0.000332559 -0.00160316 -0.0013216 0.00682787 0.0109358 -0.000877794 0.0183252 0.0031738 -0.00685198 0.0100037 0.0201766 -0.0037046 -0.00298314 0.00324317 -0.0133836 0.00425711 -0.00712851 -0.00856774 0.00408516 0.00860835 -0.010635 0.0189164 0.00650814 0.0197495 0.0182926 0.00739019 -0.00984668 -0.00103403 0.00808581 0.000749952 -0.0154862 -0.00199736 0.0342477
internal_weight=2.35783e+06 577654 1.78018e+06 1.3952e+06 205869 859500 535702 441911 689218 384976 93790.7 356946 585364 234648 527624 371786 262017 305115 55161.9 249953 47678.9 136795 170282 161264 57740.4 103854 149516 265607 58880.5 232198 171321 146268 114818 34354.7 207953 56352.3 248697 65585.3 53043.9 46844.9 90285.2 105374 60876.5 46771.8 189711 88380.3 71459.2 57654.1 22595.6 46510.2 10543.8 98792.6 46404.9 40857.2 23810.9 44796.1 104696 73926 44973.6 28029.7 13324.2 1486.35
internal_count=792377 366916 425461 320351 85077 168308 152043 116096 145909 105110 35947 94564 118474 61819 101711 281839 47587 91552 15393 76159 13249 24544 22399 101423 16763 27435 69024 54124 13812 67214 44995 36666 71577 10587 42653 16053 45177 9048 32386 13370 16026 22610 22219 15016 33703 25153 20482 11471 5375 8518 3246 46016 13283 11769 7341 8276 13351 34154 13623 10546 2662 606
cat_boundaries=0 1 2 3 7 8 10 11 15 16 20 24 28 29 30 31 35
cat_threshold=22 1 1 1879049872 1129536 1753424085 1081938 540672 1259927 1024 1 1057168 2164496385 268963863 1066944 65859 553661400 1627922497 1619017744 1165824 2110144 18158080 1887961088 1066498 128 15360 1082130577 1049088 6 14 1 36872 16811008 134243329 2
is_linear=0
shrinkage=0.05


Tree=38
num_leaves=63
num_cat=17
split_feature=5 12 0 12 5 16 20 16 16 16 8 15 17 16 16 9 19 4 17 10 17 17 15 20 13 16 4 13 9 16 16 16 17 12 16 16 17 19 19 20 16 16 17 0 16 17 9 16 16 16 13 19 17 16 16 16 16 16 16 17 7 9
split_gain=11044.6 2498.49 2289.38 2064.8 1306.51 1266.38 1026.65 1027.43 2203.55 2772.34 994.517 848.777 841.873 774.615 1333.13 1555.02 772.204 763.197 776.068 750.274 709.559 683.695 672.736 628.738 855.498 586.824 610.857 582.221 569.647 589.908 545.701 1417.9 512.702 512.545 469.784 453.874 481.212 450.293 448.61 444.888 477.474 551.782 438.955 426.026 409.306 406.838 390.499 366.439 773.777 1027.05 513.77 375.947 363.959 360.698 483.223 607.142 719.686 950.77 405.099 357.569 355.47 353.991
threshold=0.76942551119766323 0.069265139635913256 6.5000000000000009 0.12806433703199752 1.6252208480565373 45.500000000000007 0 8.5000000000000018 16.500000000000004 25.500000000000004 1.1781099218013422 13.500000000000002 1 16.500000000000004 9.5000000000000018 0.092679275019700566 2 4.5000000000000009 3 1.5000000000000002 4 5 7.5000000000000009 6 1.5000000000000002 18.500000000000004 3.5000000000000004 28.500000000000004 0.90918462980318659 14.500000000000002 25.500000000000004 18.500000000000004 7 0.5198311462905022 18.500000000000004 25.500000000000004 8 9 10 11 31.500000000000004 18.500000000000004 12 1.0000000180025095e-35 22.500000000000004 13 0.71233351480009122 45.500000000000007 33.500000000000007 37.000000000000007 12.500000000000002 14 15 51.500000000000007 44.500000000000007 31.500000000000004 16.500000000000004 10.500000000000002 37.000000000000007 16 138.50000000000003 0.63641519405024305
decision_type=2 2 2 2 2 2 1 2 2 2 2 2 9 2 2 10 9 2 9 2 9 9 2 1 2 2 2 2 10 2 2 2 9 2 2 2 9 9 9 1 2 2 9 2 2 9 10 2 2 2 2 9 9 2 2 2 2 2 2 9 2 8
left_child=2 16 3 11 27 6 7 19 21 25 13 12 37 14 -4 -16 -2 -7 -19 52 38 -9 43 24 60 -10 -27 53 -25 42 31 32 -6 59 -31 -15 -37 -1 -11 40 41 61 -30 -8 46 -26 -33 48 51 -50 -49 -12 -5 54 55 56 57 -3 -57 -29 -18 -39
right_child=1 4 10 5 30 17 22 8 9 20 47 -13 -14 35 15 -17 23 18 -20 -21 -22 -23 -24 28 45 26 -28 33 29 34 -32 44 -34 -35 -36 36 -38 39 -40 -41 -42 -43 -44 -45 -46 -47 -48 50 49 -51 -52 -53 -54 -55 -56 58 -58 -59 -60 -61 -62 -63
leaf_value=0.0035276636756203907 -0.010697843182715548 -0.0054235212150322166 -0.0017067685600373175 -0.0036938485323426496 -0.0068762848783072636 0.0018360006360912794 -0.0018668647010342512 -0.00066432428615910476 0.0062956332849045497 0.037905292713080706 0.0087164616650686495 0.014913103342490084 0.0044485757968539671 0.0053407342638125514 -0.07290046686144902 -0.014507618353998553 0.015253061072200313 0.015682661583710837 0.0026548385643780838 0.018804948785008407 -7.6475601790335119e-06 -0.010390018099030059 0.0037953339594597128 0.00033036958193512922 -0.0045933432249843217 0.0078800180781463044 0.021869297250203455 0.00051101728702373421 0.011213807838978865 -0.016352322883778077 -0.010826805794974763 0.01186539375324093 -0.016019233479140124 -0.0065278429456995168 -0.0056927787607422495 -0.0064686010150631565 0.00084420434829372999 -0.0014515243925658878 0.0076876781391033329 0.0084300247476550485 0.0084263055579049395 0.027893906503448973 -0.0029362302978599851 -0.009716283067269571 -0.0046607494942179761 0.0013379559258353871 -0.0025743794129257803 -0.004882998517345423 -0.022953584066626152 -4.0133550795184491e-06 0.013549488430429638 0.0015640113274280169 0.0080780220497337352 -0.018537834841267125 0.001208052435213572 -0.018763542343461989 -0.00062857967101325731 -0.02220054290074323 -0.0072529364277549788 -0.0033229857043364508 -0.026515934121754021 0.016893053893139481
leaf_weight=21585.536458969116 18457.579288721085 34891.552126646042 33101.54253911972 7799.7051241397858 46695.587646245956 27556.365738391876 94433.82910990715 38349.195996046066 15072.669063091278 1288.881138086319 29930.966094017029 38986.554244279861 145573.98964285851 25254.817691802979 1212.6212077140808 18853.896179199219 12787.993857145309 40342.247916936874 15973.132519960403 15573.743787288666 129544.30151200294 34174.062538146973 46915.829994678497 90314.671116352081 32970.348866462708 10863.456152439117 27717.116322994232 112597.80137968063 7646.0206496715546 12635.98269367218 118835.31685900688 13758.989838838577 22870.46219587326 65885.559062719345 56785.910630226135 38736.782122612 53636.212013721466 3192.0449256896973 22955.141479730606 54351.263564825058 16828.502657413483 10913.655534744263 19274.874576568604 21158.787199735641 11925.871169567108 234258.1497862339 7096.483978509903 4983.8891038894653 6431.5522165298462 20134.853057861328 15649.176303386688 47585.53542804718 41423.378817796707 5894.5866117477417 20394.751807451248 15821.332920789719 45737.539675951004 11140.66238617897 14791.456518650055 132217.12603640556 529.61619424819946 14924.169505834579
leaf_count=10337 5485 7987 5616 4349 15840 22688 65569 18334 8791 533 4615 16251 67857 4291 214 3213 4159 15757 6318 4273 61612 16625 26825 21569 8019 8812 12282 25478 2237 3365 38959 4772 8187 18188 16271 6488 9004 891 11178 24546 6333 3874 5751 5583 4577 45717 2562 787 985 3219 2476 7415 22811 1245 4755 3262 9670 2669 3580 32478 78 5917
internal_value=5.03824e-05 -0.00340974 0.0034328 0.00468963 -0.00536478 0.00296315 0.00202213 0.0035664 0.00225334 0.00487616 -0.000384323 0.00802101 0.00701599 -0.00286294 -0.00787134 -0.0180398 -0.000670158 0.0086545 0.0119909 0.0092401 0.00146199 -0.00524882 -0.00125417 -0.000273743 0.00122238 0.0146621 0.0179305 -0.00384461 -0.00252236 -0.00519683 -0.00852197 -0.00584575 -0.00988559 -0.00261326 -0.00763321 -0.000599089 -0.00222308 0.0100834 0.00931059 0.011495 0.0151247 0.0190125 0.00108598 -0.00330374 0.00272732 0.000606023 0.00695209 0.00301009 0.00180334 -0.00556061 0.00909713 0.00432715 0.00621355 -0.00641789 -0.00591739 -0.00710482 -0.0050707 -0.00948427 -0.0132023 -0.00155973 0.0135901 0.0136609
internal_weight=2.35923e+06 1.16622e+06 1.19301e+06 897498 680555 591142 507270 344762 279965 207442 295512 306356 267369 170796 53168.1 20066.5 485661 83871.7 56315.4 64796.8 153788 72523.3 162508 467204 280546 53653.2 38580.6 459372 186657 96342.8 221183 102347 69566 310700 69421.9 117628 92373 121795 24244 100210 45858.4 29029.9 26920.9 115593 32781.3 267228 20855.5 124716 104083 26566.4 20633.1 77516.5 49223.1 148672 142777 122383 91769.8 46032.2 30612.8 244815 13317.6 18116.2
internal_count=793529 296860 496669 448346 184209 312340 267577 169600 138167 103208 48323 136006 119755 28826 9043 3427 112651 44763 22075 31433 73323 34959 97977 107166 57973 29885 21094 109312 49193 27624 74897 35938 24027 76144 19636 19783 15492 51898 11711 41561 17015 10682 7988 71152 11911 53736 7334 19497 16234 4204 3263 12030 27160 33168 31923 27168 20326 10656 6842 57956 4237 6808
cat_boundaries=0 1 5 6 10 14 18 19 23 27 28 29 30 34 38 39 43 47
cat_threshold=6 536880752 572982561 134807834 9487444 540672 1627400072 1092157456 1753944196 1083474 16782336 17329664 276840964 270848 1879048848 17825808 1615532038 1146946 20 1644167888 18391040 3892510948 32850 537920640 1245696 1074475168 1082386 1589632 8192 4 1073742912 21004288 2148143904 34818 3489693696 2684398592 134227281 512 169994 2434826250 1610900496 10765444 329984 1107330704 2168479297 1222787092 51904
is_linear=0
shrinkage=0.05


Tree=39
num_leaves=63
num_cat=19
split_feature=5 12 12 5 0 3 19 19 0 17 8 19 17 13 8 5 21 5 7 3 13 9 12 9 9 1 13 9 17 4 13 21 10 4 8 17 7 9 5 17 17 13 0 0 3 9 11 1 17 19 17 13 17 2 17 4 10 19 17 21 10 13
split_gain=9863.49 2531.31 1793.3 1673.46 910.905 1614.05 804.65 768.857 643.548 635.626 633.677 627.587 626.89 599.928 813.597 698.788 602.281 543.498 518.158 515.707 509.236 499.191 437.019 424.167 416.015 415.937 403.913 396.753 360.252 356.651 451.457 354.925 345.813 336.916 336.735 332.598 321.985 366.818 308.94 302.217 299.537 278.175 266.091 261.56 267.282 254.13 241.513 241.185 237.458 237.422 233.931 227.841 224.083 221.027 219.561 219.45 218.951 217.09 216.306 212.681 208.445 204.747
threshold=0.54097261127900842 0.10507431926645623 0.36673951857169168 1.0003933910306848 1.5000000000000002 5.5000000000000009 0 1 1.5000000000000002 2 1.1982030393174561 3 4 2.5000000000000004 1.0137458667926313 1.4016065805539493 5 0.20055865921787713 128.50000000000003 15.500000000000002 24.500000000000004 0.99976076555023929 0.41901674266490441 0.85018427845067035 0.26131244881244886 1.0000000180025095e-35 5.5000000000000009 0.79549022406165271 6 119.50000000000001 20.500000000000004 7 1.5000000000000002 1.5000000000000002 1.0968215390442524 8 140.50000000000003 0.037268518518518527 2.0016920473773268 9 10 81.500000000000014 254.50000000000003 1.0000000180025095e-35 14.500000000000002 0.8985904308119913 0.1167979848545951 29.500000000000004 11 12 13 37.500000000000007 14 195.50000000000003 15 1.5000000000000002 1.5000000000000002 16 17 18 1.5000000000000002 80.500000000000014
decision_type=2 2 2 2 2 2 9 9 2 9 2 9 9 2 2 2 9 2 2 2 2 10 2 8 10 2 2 10 9 2 2 9 2 2 2 9 2 10 2 9 9 2 2 2 2 10 2 2 9 9 9 2 9 2 9 2 2 9 9 9 2 2
left_child=2 6 4 20 5 26 46 21 25 -7 32 42 45 14 31 29 18 19 57 51 -3 53 27 55 40 -9 39 -13 -26 35 56 49 48 -28 41 -15 -34 -38 -29 -1 -22 -21 50 44 -27 -8 59 -36 -6 -14 -5 -11 -24 -4 -10 -17 -31 -16 -57 -2 -23 -42
right_child=1 3 7 11 10 9 12 8 54 17 -12 22 13 15 16 23 -18 -19 -20 34 24 60 52 -25 28 43 33 38 -30 30 -32 -33 36 -35 47 -37 37 -39 -40 -41 61 -43 -44 -45 -46 -47 -48 -49 -50 -51 -52 -53 -54 -55 -56 58 -58 -59 -60 -61 -62 -63
leaf_value=0.0021266459595025889 -0.0032205978963705502 -0.0053262693973430949 0.0034734271778338183 -0.0001969312660777272 -0.010737999528345796 0.0044159344066639012 -0.0023193375144519124 -0.0003575652153865633 -0.013697146828346994 0.0081338307613448915 0.0077615372443466252 -0.0035571733090939747 0.017737621904428128 0.0062983346892690889 0.017501824728432376 -0.034200232865043499 -0.007760580541507061 0.0068404235037985463 -0.012105261572713362 0.013154598423877154 -0.010694125934931837 0.0078657784875619512 -0.008036756829316866 -0.0050331391683524889 -0.0040387812507866735 0.0036011951957427932 -0.0003858288408244538 -0.0065779663452112105 0.0012738788978607868 -0.0048700645711057906 0.001863249042089131 0.0085304851470594471 0.0055050571030370631 0.0048345240104428634 0.021942258163882782 0.001179394632012748 -0.034369764257106979 -0.00066472307278547132 -0.012891184614520304 0.018733908525674466 -0.0040612377972699737 0.035873861834250176 -0.016160362138114417 -0.00079928441755371311 0.010799717321821958 -0.0095726003980459388 -0.017553145476338339 0.063193694723694058 -0.0010005845781646363 0.038693255561010415 -0.0049097079746978755 0.014452871777273613 -0.012367029990362835 -0.0075167908667157545 -0.0038080937707659513 0.0035613741305655228 -0.00076197676882658078 0.0058337764842724474 -0.0025148319734456109 -0.012146345699537285 0.017021516239590306 0.0069646292978875427
leaf_weight=4224.1857833862305 21044.981961011887 83829.677747964859 75060.500780820847 38416.899807214737 7720.0366706848145 30247.702686548233 26836.652476787567 146719.86055493355 6529.5938277244568 32120.462976694107 46619.26110124588 69818.39054942131 4531.5327794551849 48687.387913227081 5779.9438037872314 455.45659208297729 11801.102901935577 33378.577512741089 3274.5571947097778 26664.77090716362 15751.386322498322 28428.96874499321 55680.913413524628 97685.109174489975 40074.381225347519 45236.164151191711 42008.765308380127 60849.872524023056 156441.50545120239 45846.781253099442 151604.36502575874 8349.8821201324463 43402.449967384338 116954.44556522369 20933.799475908279 91127.931598901749 839.19869947433472 20577.696546554565 28435.577204704285 7848.7041974067688 24239.450333118439 1418.4513165950775 4245.2997741699219 20889.653352737427 18036.599249601364 21956.535176277161 5364.0241558551788 359.74639225006104 32963.890068531036 1970.1454834938049 83750.283764839172 25669.366626739502 65001.497093677521 4870.806872844696 39852.453289031982 30073.154476642609 110866.32296943665 12924.843003034592 28533.318758249283 9780.6097815036774 7957.0900466442108 5094.6357469558716
leaf_count=2261 5886 17557 41745 10074 1545 11431 7044 115239 1265 14525 8300 18613 1886 12835 1353 269 2929 9547 489 9259 3925 12217 18359 25866 9614 21453 37312 16473 36550 8340 24520 3598 8999 84130 5833 24383 127 2976 9514 4068 5962 556 533 5725 5709 6378 1717 65 6585 804 23915 11511 22036 697 7802 6484 17334 3232 6968 3067 2244 1169
internal_value=-4.28636e-05 -0.00255568 0.0041194 -0.00464013 0.00612562 0.007558 -0.000490593 0.00160155 0.000170075 0.0109962 0.00290696 -0.00678051 -0.000115877 0.000292345 0.00563506 -0.00013721 0.00134679 0.0124112 0.00623753 0.0141473 -0.00196853 0.00501325 -0.00810162 -0.0030107 -0.000803455 0.00124976 0.00412463 -0.0063808 0.000190342 0.000867879 -8.19978e-05 0.0153881 0.000761788 0.00345496 0.0178998 0.00296251 0.00302963 -0.00198696 -0.00858872 0.0129411 -0.00513506 0.0143034 -0.00385556 0.00405178 0.00565335 -0.00558223 -0.00776004 0.0226421 -0.00285143 0.0241422 -0.00342815 0.0109409 -0.0103709 0.00280363 -0.0052043 0.000334319 -0.00196383 0.00945252 0.000603281 -0.00605792 0.00986841 -0.0021454
internal_weight=2.35766e+06 1.47012e+06 887533 731630 493952 341829 738495 393582 277264 170793 152123 406199 702305 653512 48632 604880 33780.4 140545 21979.3 107167 325431 116317 279786 156747 241601 230882 171036 159104 196516 448133 308317 14851.6 105503 158963 49376.8 139815 64819.3 21416.9 89285.4 12072.9 45085.5 28083.2 126412 84162.4 63272.8 48793.2 36189.6 21293.5 40683.9 6501.68 122167 57789.8 120682 79931.3 46382 59061.9 156713 18704.8 58606.5 30825.6 36386.1 29334.1
internal_count=792802 359676 433126 194294 219030 190498 165382 214096 157193 62727 28532 119517 154712 141290 14291 126999 8003 51296 5074 41749 74777 56903 84995 39587 57220 148126 127771 44600 46164 87412 50194 6288 20232 121442 15713 37218 12102 3103 25987 6329 11056 9815 34522 32887 27162 13422 10670 5898 8130 2690 33989 26036 40395 42442 9067 13721 25674 4585 13452 8953 14461 7131
cat_boundaries=0 1 2 6 7 11 13 17 18 22 26 30 34 35 39 43 47 48 52 54
cat_threshold=1589248 108554 3525345288 3222350792 2686725761 286728 47114 1376815104 33590440 140518403 2368012 661715 1024 2166358344 537763984 278926243 1051904 557587 536880440 459280 1074282556 1051664 1074795856 573632 549454355 33280 553689736 1075331712 537526784 33794 3221258504 1074006016 536897024 2050 108355 1090519424 16777216 1082261504 49664 2181039312 1075051584 679494851 1081430 2147483656 1610760768 152096 3072 299048 536883840 1075069440 805519520 50194 318843559 132736
is_linear=0
shrinkage=0.05


Tree=40
num_leaves=63
num_cat=16
split_feature=5 12 16 16 16 16 17 5 17 20 0 17 17 10 17 19 16 17 4 0 4 12 13 16 17 17 3 3 20 16 16 16 16 16 16 16 16 16 16 11 16 16 13 16 16 21 16 16 0 11 17 8 16 11 17 0 12 16 17 17 16 2
split_gain=8870.48 2368.61 2041.94 3857.48 3196.64 2114.4 1794.36 1662.01 1570.31 1408.79 1190.9 929.888 865.382 827.954 722.281 698.635 693.158 665.407 649.148 874.387 720.256 646.654 664.654 560.718 550.348 539.935 527.826 711.487 684.144 524.385 517.214 1229.61 505.766 470.048 879.284 767.887 728.018 462.88 726.378 457.264 504.245 442.953 429.937 415.801 594.615 414.966 405.334 1399.41 860.388 397.775 389.973 388.853 378.55 510.814 415.315 364.936 364.888 364.764 352.486 351.798 349.794 343.859
threshold=0.6317746037957348 0.057238478832063518 17.500000000000004 25.500000000000004 9.5000000000000018 44.500000000000007 0 1.7546633381873658 1 2 1.0000000180025095e-35 3 4 1.5000000000000002 5 6 16.500000000000004 7 2.5000000000000004 2.5000000000000004 332.50000000000006 0.52185805135352992 28.500000000000004 51.500000000000007 8 9 2.5000000000000004 143.50000000000003 10 39.500000000000007 25.500000000000004 19.500000000000004 32.500000000000007 16.500000000000004 10.500000000000002 26.500000000000004 43.500000000000007 48.500000000000007 49.500000000000007 0.029222768703417442 39.500000000000007 21.500000000000004 1.5000000000000002 31.500000000000004 37.000000000000007 11 31.500000000000004 37.000000000000007 1.0000000180025095e-35 0.0082154964163367265 12 1.0828263683431956 21.500000000000004 0.032722924799694651 13 207.50000000000003 0.077949889886061677 4.5000000000000009 14 15 27.500000000000004 1.5000000000000002
decision_type=2 2 2 2 2 2 9 2 9 1 2 9 9 2 9 9 2 9 2 2 2 2 2 2 9 9 2 2 1 2 2 2 2 2 2 2 2 2 2 2 2 2 2 2 2 9 2 2 2 2 9 2 2 2 9 2 2 2 9 9 2 2
left_child=2 15 4 9 12 8 17 21 46 -4 -8 -11 26 -7 29 -2 49 -6 -13 20 52 22 23 33 -15 -17 -1 28 -28 32 31 50 -10 34 -3 58 43 -38 -39 -16 -41 -33 45 60 -45 -27 -5 48 -48 -12 -9 -51 54 -54 -20 -32 -14 -44 -35 -24 -37 -34
right_child=1 7 3 5 6 13 10 30 14 11 16 18 56 24 39 25 -18 -19 19 -21 -22 -23 59 -25 -26 42 27 -29 -30 -31 55 41 61 35 -36 36 37 38 -40 40 -42 -43 57 44 -46 -47 47 -49 -50 51 -52 -53 53 -55 -56 -57 -58 -59 -60 -61 -62 -63
leaf_value=0.0024654888437279248 -0.0092665511650968611 -0.0038800647791389226 0.0034937445076680933 -0.00064719091600472125 0.01332431049094937 0.005474398528665019 -0.0044956167577822042 -0.0065080133046821259 0.0070057514410715857 0.0084460002951754539 -0.040424380159095614 0.0075138780929386575 0.007053741196890265 0.01834130277949329 -0.00022748837884103697 -0.0028952818002553875 0.00096525014067428284 -0.00042286657122219686 0.038604472843633719 0.01310728081373924 0.086643785288389785 -0.0066117155161385032 -0.0063172659530854811 -0.017409510972922728 0.0081431393866287765 0.014665615790679582 0.016298877727750388 0.0013258609428095001 0.0033477506256140415 0.0022036499313827767 -0.0096974413720132754 0.011112172452753852 0.0090437358918030418 0.0071941553850935471 -0.017290131979211636 -0.012242078071065631 0.0071656479698471781 -0.017594974308896488 0.0028080032605098774 0.0077979425787452934 -0.00066369080375441945 -0.001609546931798816 0.0071019824342405877 -0.017777046514768718 -0.0054917754411339496 -0.00045140418115208837 -0.0070282885870160232 -4.7153144192076913e-05 -0.026134122739226787 -0.023978315907691561 -0.014643465538840206 -0.012256038031472724 0.022958575915107284 0.0410326051374236 0.017531128005860021 -0.021965099087280636 -0.00050150322946057753 0.00057803627505972693 -0.0025044704277698468 -0.00043799078402674693 0.00040663894670321644 0.025884377713859114
leaf_weight=27402.776458740234 18853.243928194046 43248.886889219284 31794.070624113083 35558.45871257782 9981.3304834365845 109173.24201178551 60345.362029075623 46476.242079734802 19011.738187789917 32370.635808944702 1993.9850778579712 11113.167557239532 21622.529908180237 25707.615246772766 124792.07982301712 91700.256938934326 5163.4921486377716 73916.64338350296 2685.2019808292389 23739.714021682739 472.23638939857483 101835.68287038803 27674.239657878876 8064.0555601119995 27377.940113067627 11508.897639036179 43248.275390386581 16077.590416908264 13368.537772893906 22053.778910636902 104625.54351377487 10971.231426715851 4760.3187484741211 24594.266506195068 17039.494730710983 7502.9416110515594 16680.155889987946 6643.9324247837067 12698.398414611816 48021.908827066422 27797.756822109222 18178.222057580948 22880.996309995651 17887.532368183136 21919.266976118088 7499.9692039489746 11803.668897867203 28101.473590135574 11767.531602144241 12483.277196645737 21608.108240842819 16337.096166372299 9591.580146074295 6605.2219235897064 18743.706257343292 6434.9253005981445 61241.850394010544 336611.56566286087 15124.513295888901 314366.79803919792 20124.434524774551 8350.757009267807
leaf_count=21986 5488 9673 19130 13433 4743 62074 38238 16049 9150 15359 434 9302 9197 5996 57379 24499 1040 33888 1578 4204 151 26677 6579 1667 6231 3795 15598 2726 5505 9032 36361 4127 3862 5036 3902 1442 3877 1405 2774 19120 10513 6682 5152 3583 5018 2853 7741 14194 2365 2885 7928 3262 4158 2813 9627 858 28538 69954 3389 72221 3953 2431
internal_value=3.09805e-05 -0.00261213 0.00359017 0.00528646 0.000594454 0.00326451 -0.00413194 -0.00418649 0.00103449 0.0127226 -0.00878761 0.0155067 0.00525006 0.00796505 0.00301681 0.000168286 -0.0159887 0.00121417 0.0186381 0.0206401 0.0253336 -0.00294999 -0.00227637 -0.00447948 0.013087 0.00054679 0.00837844 0.0106085 0.0132444 0.00813913 -0.00807713 -0.00541425 0.0122164 -0.00396693 -0.00767042 -0.00240741 -0.00467624 0.00106247 -0.0042008 0.00163312 0.00469569 0.00317885 0.00138077 -0.00774175 -0.0110126 0.00870895 -0.00475534 -0.0075832 -0.0165673 -0.0188295 -0.00909327 -0.0173341 0.0245618 0.0303314 0.0201996 -0.0104084 0.00146984 0.000993291 0.00350223 -0.000913892 -0.00302877 0.0197711
internal_weight=2.35733e+06 1.35275e+06 1.00458e+06 641394 363183 504278 180221 863699 342019 137116 96323.2 105321 182962 162259 254788 489055 35977.9 83898 72950.8 61837.7 38097.9 655405 553569 211528 53085.6 470202 100097 72694.4 56616.8 54176.6 208294 97233.8 32122.8 203464 60288.4 143175 103457 36022.5 19342.3 200612 75819.7 29149.5 378501 67434.2 39806.8 19008.9 87231.1 51672.7 23571.2 30814.4 68084.4 28820.4 37625.7 16196.8 21428.9 111060 82864.4 359493 39718.8 342041 27627.4 13111.1
internal_count=792825 334942 457883 289843 168040 223521 84490 223201 149220 66322 45859 47192 83550 74301 111487 111741 7621 38631 31833 22531 18327 151196 124519 45719 12227 106253 45815 23829 21103 24475 72005 34786 15443 44052 13575 30477 22052 8056 4179 87012 29633 10809 81754 13996 8601 6648 37733 24300 10106 6581 23977 6147 18176 6971 11205 37219 37735 75106 8425 78800 5395 6293
cat_boundaries=0 4 8 9 13 17 21 22 26 30 34 35 36 40 43 47 51
cat_threshold=537920144 2186313808 3892973874 1163586 1073774728 3222503512 3909236896 1672451 1 1361084424 2149204480 274758562 108554 571483776 2152433680 3892975696 1359954 16781600 54816257 276841496 270988 540672 128 4194304 3221360640 1065216 16791448 538451968 1220677888 34882 3257960448 2684939432 2288125011 2105864 14 600275 1611662032 18382864 3892515364 1081426 2147483840 11264 1744831488 536880024 328720 2957574146 1082896 52429064 1610973328 15264 271620
is_linear=0
shrinkage=0.05


Tree=41
num_leaves=63
num_cat=4
split_feature=5 5 1 12 16 16 16 16 16 16 16 16 16 9 16 16 16 16 16 16 9 16 9 16 16 16 8 16 16 16 9 16 16 9 18 16 13 16 6 16 13 5 9 4 16 16 4 6 7 6 6 9 13 21 16 18 16 6 16 9 18 16
split_gain=8155.87 2042.47 2677.52 1964.91 1045.06 1539.31 1129.23 1289.39 939.373 1172.39 1848.92 1579.22 2102.28 3300.9 1787.32 1168.02 1083.62 881.105 1257.91 1239.83 895.401 867.067 701.333 1510.21 785.683 689.975 689.553 688.759 1532.67 1129.56 841.154 2580.86 751.826 751.484 659.683 636.5 621.243 620.771 607.896 587.204 573.992 548.037 564.492 544.285 587.791 786.108 609.597 543.207 543.176 536.626 524.557 489.716 475.517 470.465 461.132 460.142 455.823 434.065 432.604 429.839 423.498 413.226
threshold=0.80044994375703049 0.26679751390251888 1.0000000180025095e-35 0.32748793019274874 48.500000000000007 45.500000000000007 39.500000000000007 34.500000000000007 44.500000000000007 33.500000000000007 37.000000000000007 18.500000000000004 9.5000000000000018 0.17751276622244369 25.500000000000004 39.500000000000007 51.500000000000007 17.500000000000004 25.500000000000004 9.5000000000000018 0.42884882108183081 41.500000000000007 0.71447270007479446 51.500000000000007 49.500000000000007 44.500000000000007 1.2553325304429281 25.500000000000004 19.500000000000004 14.500000000000002 0.060737812911725968 9.5000000000000018 11.500000000000002 0.97623392422662503 0 20.500000000000004 14.500000000000002 9.5000000000000018 1.8992364632511514 11.500000000000002 4.5000000000000009 1.0000000180025095e-35 0.022293219737309199 8.5000000000000018 16.500000000000004 25.500000000000004 45.500000000000007 0.11116531165311654 114.50000000000001 0.9313974482426578 2.6145752895752898 0.92003717472118973 27.500000000000004 1 9.5000000000000018 2 22.500000000000004 2.9121323529411769 4.5000000000000009 0.51118469462840332 3 11.500000000000002
decision_type=2 2 2 2 2 2 2 2 2 2 2 2 2 10 2 2 2 2 2 2 10 2 10 2 2 2 2 2 2 2 10 2 2 10 9 2 2 2 2 2 2 2 10 2 2 2 2 2 2 2 2 10 2 9 2 9 2 2 2 10 9 2
left_child=1 2 43 4 5 6 7 27 9 11 34 12 48 39 -13 -12 36 19 -19 -4 41 -8 23 -6 -24 -20 51 28 29 30 31 -2 37 35 -11 -30 -10 -32 58 -14 53 -21 -43 -1 54 46 -46 -31 -3 -34 -23 -15 -36 -29 -45 -9 -35 -58 -5 -39 -49 -33
right_child=3 8 17 38 22 -7 21 55 16 10 15 14 13 26 -16 -17 -18 18 25 20 -22 50 24 -25 -26 -27 -28 40 33 47 32 61 49 56 52 -37 -38 59 -40 -41 -42 42 -44 44 45 -47 -48 60 -50 -51 -52 -53 -54 -55 -56 -57 57 -59 -60 -61 -62 -63
leaf_value=0.00080860274034925863 0.00078150325249576845 0.0049259138854437726 0.01034856097223813 0.00026322561103190483 0.0057445817546901883 0.0078151552933779702 -0.012077497202832252 0.01391816089540775 0.00036615764642216995 -0.025036122420759421 0.01241186791911068 0.010500787057770928 -0.028995220742377217 -0.01240858071378676 0.00056101984411875694 -0.003402609383951797 -0.0088918644285688516 0.018958977346541783 0.0059922850783855307 -0.0067375541128978245 0.0027318207743054507 -0.0051552245333966627 -0.020492987251890176 -0.018857135051164566 -0.0054992352217068221 0.013707094946373935 0.0043936806273034874 0.0096236623624142148 0.020127285674162259 0.037254094672988208 0.00060509367067411511 -0.035158684309489451 -0.002878351713893626 -0.0048603606722379547 -0.017833590754455737 0.0057979461387477216 0.0096901932969261206 -0.018781852401716037 -0.010978434778152834 -0.062030816129120869 -0.0059973202309517928 -0.064056610853441401 -0.016611715725115297 0.0063252694898081486 0.011889657146186349 0.0042989443446892111 0.033979269202337861 0.00076997703288625484 -0.0029854844310680576 0.010438775975585164 0.0064140392207770597 -0.0040837221777374746 -0.0026184479631017068 -0.0065985625746331229 -0.004817007607760714 0.00080192477382569338 0.0097770551959348671 -0.0089616858780151142 -0.0060838524993927969 -0.0043638330069063576 -0.0095138389122870013 -0.071526675329637399
leaf_weight=268261.60188746452 12338.325652360916 84563.685543298721 51527.548196554184 30308.241853952408 19611.362398386002 44512.053881168365 42606.583150148392 18970.120606660843 24833.851478099823 10689.723697662354 14117.538645505905 74412.958899974823 2771.7266535758972 26090.607456445694 115303.31485795975 67476.654205560684 12077.87801194191 36536.856741428375 89840.209874868393 7735.7900183200836 40637.673323869705 46340.556266307831 16631.57394862175 9146.5314493179321 18407.642292499542 42784.441378831863 16681.391439676285 11679.045375823975 8840.8785488605499 669.67766785621643 118839.87493777275 3629.923407793045 10446.574998378754 26563.085350513458 9630.7712757587433 62757.69616150856 63657.828880548477 6344.0118129253387 58786.602981328964 2618.589430809021 111541.73877334595 941.83437633514404 1874.2843699455261 16535.327281236649 16430.374008655548 46623.041037321091 3856.0460324287415 11826.636971950531 29182.029777526855 27416.791868448257 12423.523817062378 54708.554884910583 11000.427289962769 7227.2323141098022 21177.014985561371 10337.691563129425 13590.690487146378 3999.002920627594 235018.10827827454 27904.133919000626 65400.312168598175 996.4098117351532
leaf_count=221827 3442 20573 19410 8329 4413 10819 10009 4487 5022 2122 3091 15911 669 5659 24239 14433 2603 13474 32972 2902 13770 10898 3959 1927 4819 15858 3211 2839 2195 279 28757 986 2824 6765 1905 13401 14013 1297 18531 602 24789 187 378 9375 10907 26684 2310 2353 4348 6445 3234 12200 2437 2003 11607 2639 3733 1038 69161 6577 15592 313
internal_value=4.72223e-05 0.0027827 0.00475289 -0.00311157 -0.00173837 -0.00118547 -0.00179004 -0.00091292 0.000733225 -0.000123427 -0.00463037 0.00112901 -0.00178813 -0.00696762 0.00445976 -0.000666248 0.00515614 0.00852631 0.0107443 0.00487344 -0.000637929 -0.00664685 -0.00786725 -0.00208045 -0.0126165 0.00848115 -0.00486124 -0.00147538 -0.000449999 -0.0024158 -0.000491806 -0.0111612 0.000456144 0.00440391 -0.0149569 0.00756757 0.00707358 -0.00110416 -0.00637812 -0.0450523 -0.00463184 -0.0136146 -0.0324965 0.00200158 0.00506046 0.00787406 0.0160899 -0.0075511 0.0028962 0.00676458 -0.00270926 -0.006772 -0.00971678 0.00342403 6.84656e-05 0.0092969 -0.00072635 0.00551655 -0.00535883 -0.00703505 -0.0079401 -0.0430053
internal_weight=2.35969e+06 1.26458e+06 644762 1.09511e+06 771000 707203 662691 561320 619818 519248 112915 406333 216617 102871 189716 81594.2 100570 271879 169162 102717 51189.6 101371 63797.1 28757.9 35039.2 132625 97480.6 532012 401564 285813 207916 16964.7 190951 115751 31320.9 71598.6 88491.7 153088 324113 5390.32 130448 10551.9 2816.12 372883 104622 66909.5 20286.4 77896.6 113746 37863.4 58764.1 80799.2 20631.2 18906.3 37712.3 29307.8 44152.8 17589.7 265326 34248.1 77226.9 4626.33
internal_count=793552 514699 381661 278853 182832 167714 156895 132754 133038 111400 23988 87412 47262 22341 40150 17524 21638 98951 62304 36647 17237 24141 15118 6340 8778 48830 21070 125628 95997 68865 50641 4741 45900 27132 6464 15596 19035 36631 96021 1271 29631 3467 565 282710 60883 39901 13217 18224 24921 9269 14132 17859 4342 4842 20982 7126 11536 4771 77490 7874 17945 1299
cat_boundaries=0 1 3 4 5
cat_threshold=18448 1073924755 131072 5216 180224
is_linear=0
shrinkage=0.05


Tree=42
num_leaves=63
num_cat=20
split_feature=0 3 10 12 12 1 13 16 16 16 19 3 17 16 16 17 2 6 0 13 16 16 9 16 17 16 16 16 16 17 17 17 16 16 15 16 17 12 17 15 0 17 21 16 19 12 9 21 17 16 9 4 17 17 17 17 15 3 16 16 17 17
split_gain=6560.6 3338.67 2571.49 1122.76 989.686 849.329 840.177 808.39 1113.43 745.711 741.336 709.214 688.947 657.549 1024.41 645.221 637.226 629.543 610.511 670.485 604.786 841.774 1539.73 930.785 929.897 880.545 617.371 786.24 562.303 551.776 520.64 512.706 502.993 487.582 468.135 452.126 450.508 444.802 444.006 440.285 434.149 423.404 420.639 418.044 413.651 400.744 389.425 385.631 377.057 371.125 366.377 347.855 345.76 317.047 312.914 312.908 310.643 305.578 304.686 640.224 590.411 474.009
threshold=1.0000000180025095e-35 12.500000000000002 1.5000000000000002 0.10010004227533488 0.16678269718356967 1.0000000180025095e-35 23.500000000000004 16.500000000000004 10.500000000000002 4.5000000000000009 0 303.50000000000006 1 49.500000000000007 51.500000000000007 2 23.500000000000004 2.1291094304676652 22.500000000000004 3.5000000000000004 8.5000000000000018 12.500000000000002 0.36548080838387526 25.500000000000004 3 18.500000000000004 44.500000000000007 48.500000000000007 10.500000000000002 4 5 6 40.500000000000007 10.500000000000002 52.500000000000007 32.500000000000007 7 0.08201202207325177 8 426.50000000000006 1.5000000000000002 9 10 37.000000000000007 11 0.037363651649821979 0.48882155092520285 12 13 32.500000000000007 0.49983860555196907 1.5000000000000002 14 15 16 17 22.500000000000004 5.5000000000000009 17.500000000000004 25.500000000000004 18 19
decision_type=2 2 2 2 2 2 2 2 2 2 9 2 9 2 2 9 2 2 2 2 2 2 10 2 9 2 2 2 2 9 9 9 2 2 2 2 9 2 9 2 2 9 9 2 9 2 8 9 9 2 10 2 9 9 9 9 2 2 2 2 9 9
left_child=1 5 4 9 10 51 54 8 -3 -4 -2 15 -6 20 53 -11 48 40 19 29 31 22 28 25 32 30 36 -28 -22 42 -23 -8 35 -24 45 -25 43 -7 -16 -13 57 -21 -12 49 -37 -17 -34 -20 -9 -26 -32 -1 -27 -15 -5 -42 -43 -14 61 60 -60 -53
right_child=2 7 3 6 12 37 13 16 -10 11 18 39 17 14 38 34 -18 -19 47 41 21 23 33 24 26 52 27 -29 -30 -31 50 -33 46 -35 -36 44 -38 -39 -40 -41 55 56 -44 -45 -46 -47 -48 -49 -50 -51 -52 58 -54 -55 -56 -57 -58 -59 59 -61 -62 -63
leaf_value=-0.000946985197677515 -0.0092236579136996833 0.015495783331578597 0.0098763835902896304 -0.0032037431996954097 -0.013297735645460322 0.010994228320203204 0.0069859998756726677 0.020576854823650008 -0.00094042124433432121 0.0068802082952991424 0.014827111207875526 -0.0018947745026514494 -0.0055656818073318891 0.019530595736129603 0.010831971978929574 0.0033300670747867197 0.037651733698294367 -0.010929516373514176 -0.0038233689232163508 0.00081343927748497304 -0.017472403488358556 0.0078932985697690115 0.0017413381387994167 0.0039380046710910006 -0.010902721926996796 0.020441109879822221 0.0072857639837984505 -0.011311669784785936 -0.046881697612311563 -0.0032929262707424678 -0.033765908598851632 -0.00083972700807699086 0.0082649329914433484 -0.010664917173914384 0.0079114021858165736 0.034470273627185626 -0.0042375365596011598 0.0044418510631049528 -0.010524396482000478 0.0043276497735968283 0.001332543797040968 -0.0040752068860387958 0.0023746774896383723 -0.0025851253741958607 0.0098278891935352688 -0.0016333946304011957 -0.0080065938680894504 -0.013239771355240737 0.012231768210727779 -0.025094636895224315 -0.004808075905635964 0.0080073266028160128 0.0063774726514343452 0.0065889948942654333 -0.0084098604506318494 -0.006381037258610292 0.0041537614185013514 0.00051094801355469697 0.017595979647250817 0.0020836594886284384 0.0045029410897624708 -0.001511197267627307
leaf_weight=102260.38618612289 33458.587528944016 20159.33215713501 26846.382231712341 78645.17671084404 28155.074979543686 35719.823154211044 38766.558830022812 19985.364254236221 21075.30212688446 76896.513540744781 15777.773118495941 174018.03703856468 30888.164440155029 10563.595910549164 3327.3322649002075 71357.873961210251 3237.9236702919006 40482.782007455826 53701.606359481812 115789.52985978127 3525.1957824230194 8930.9492375850677 15994.869676828384 11118.202605247498 18366.785837173462 4865.108332157135 20432.244475841522 7871.8697633743286 3017.895756483078 12186.939736366272 1139.7778053283691 45473.74867272377 5836.2728033065796 15685.268251895905 24455.863544940948 2926.2077813148499 94392.108761548996 94222.791749238968 8984.6929543018341 33978.684780597687 14356.147121191025 122635.24363732338 11914.374628305435 10614.678166151047 4121.7072298526764 94547.853371143341 9935.6011679172516 13633.572904109955 42533.05807352066 6149.4763433933258 25719.518055677414 15944.71430015564 42738.27152967453 8632.6353220939636 45632.550354480743 156496.22057533264 12650.9670317173 62650.664141178131 14319.375807762146 115475.14649748802 21632.44944024086 72543.675682783127
leaf_count=92478 10137 7082 5257 14890 9479 16471 8716 7263 7322 16578 5160 24977 15986 2207 723 16382 706 13905 9000 32374 818 1924 3603 2521 3774 1096 4825 1779 706 4446 257 9692 1448 3451 5065 678 20219 44401 1854 4423 3318 35541 4102 2453 993 21343 2141 2368 15513 1294 5624 11347 9924 1869 8806 41005 3727 22781 11024 83856 16867 53697
internal_value=-1.37698e-05 0.00460904 -0.00151752 5.71438e-05 -0.00381074 0.00280175 -0.00149616 0.012584 0.00709531 0.00176917 -0.00210719 0.00131118 -0.00581465 -0.000447733 0.00650499 0.00301513 0.0160256 -0.00512295 -0.0014423 -0.00044943 -0.000998694 -0.00200971 -0.00896239 -0.00104386 -0.00296158 0.00336594 -0.00457599 0.00211328 -0.0310421 0.00557305 -0.0025594 0.00276237 0.00454611 -0.00440131 0.00145337 0.010219 -0.00603812 0.0062431 -0.00475216 -0.000878253 -0.00423402 -0.00140602 0.0094726 -0.0108715 0.0201254 0.000501452 -0.00198529 -0.00573264 0.014905 -0.0144634 -0.00603587 0.00149486 0.00782082 0.0137249 -0.00511632 -0.00573318 -0.00330543 -0.0014957 0.00253566 0.00389776 0.0097243 0.00020475
internal_weight=2.3594e+06 579109 1.78029e+06 1.05551e+06 724778 472118 553408 106991 41234.6 502101 391749 475255 333029 429131 31508.3 267258 65756.3 304874 358290 290955 397622 313382 38223.2 275159 191765 83393.6 157827 28304.1 6543.09 39879.1 35790.2 84240.3 33938 31680.1 190362 18166.1 129523 129943 12312 207997 264391 251076 27692.1 35130.9 7047.92 165906 15771.9 67335.2 62518.4 24516.3 26859.3 342176 47603.4 19196.2 124278 170852 135286 93538.8 239915 151427 35951.8 88488.4
internal_count=793666 368027 425639 212310 213329 330141 118285 37886 14404 94025 106855 88768 106474 94589 6653 59368 23482 96995 96718 85350 87936 69528 8578 60950 42125 18825 34344 6604 1524 13708 7805 18408 7781 7054 42790 4192 27740 60872 2577 29400 83090 71642 9262 7521 1671 37725 3589 11368 22776 5068 5881 269269 11020 4076 23696 44323 39268 38767 176791 111747 27891 65044
cat_boundaries=0 1 5 9 13 17 21 25 29 33 37 39 40 42 46 49 53 57 61 65 69
cat_threshold=1589248 35686408 1074012864 2149874592 77056 822097304 1073807936 3221242130 1100800 2165314560 553676288 278938689 648 2703239040 1091633168 1477136900 1100882 1073742464 0 1212284928 32768 1628440208 1074799632 1749745665 1097744 1073750032 1074888896 2684490146 1082370 1664 16777216 1078067200 32770 536896726 2560577 805834916 1345360 34191559 3072 8320 1719191 35840 1058640 1631806992 8922112 1051200 2148532352 10240 1610612737 2106056 17825792 1610809344 34898 2687513432 1075413056 2823307530 1048658 128 16783360 17 17024 2684400600 536882192 1745421345 1084429 640 2151710784 3892451424 1343490
is_linear=0
shrinkage=0.05


Tree=43
num_leaves=63
num_cat=16
split_feature=5 12 0 12 10 0 20 10 20 0 0 19 8 0 3 20 13 10 20 8 5 12 19 21 7 12 20 3 7 15 0 15 15 21 3 10 19 13 12 19 8 19 6 21 0 10 6 15 6 5 1 19 7 19 19 12 15 5 0 12 15 12
split_gain=7110.55 1675.91 1550.49 1813.48 1151.26 1265.74 1069.82 803.509 635.54 630.12 629.227 614.655 586.061 569.276 812.484 493.609 634.118 477.708 459.413 441.832 422.674 418.438 428.577 402.811 347.748 345.395 336.72 403.014 328.093 293.935 321.424 270.802 267.932 264.31 355.996 361.61 264.223 306.847 257.427 253.099 252.199 271.806 251.297 243.523 242.794 237.907 223.209 220.604 220.008 219.063 303.419 218.641 236.85 205.745 201.956 200.589 230.912 199.701 195.648 195.08 191.535 190.863
threshold=0.72743726861373925 0.057238478832063518 10.500000000000002 0.4720258179132148 1.5000000000000002 1.0000000180025095e-35 0 2.5000000000000004 1 228.50000000000003 79.500000000000014 2 1.180583773658652 1.5000000000000002 2.5000000000000004 3 1.5000000000000002 2.5000000000000004 4 1.1100810003652539 0.12955677943876218 0.56685561777991011 5 6 8.5000000000000018 0.10004174890957081 7 100.50000000000001 4.5000000000000009 25.500000000000004 1.5000000000000002 4.5000000000000009 14.500000000000002 8 435.50000000000006 1.5000000000000002 9 6.5000000000000009 0.42237164668368821 10 1.1068331727562442 11 1.4762531328320805 12 1.5000000000000002 6.5000000000000009 2.7098722667243993 300.50000000000006 0.092200546578844647 0.22271825396825398 1.5000000000000002 13 108.50000000000001 14 15 0.35502562006342891 174.50000000000003 2.6576449109995441 1.5000000000000002 0.34506097940134145 33.500000000000007 0.051082083755485348
decision_type=2 2 2 2 2 2 1 2 1 2 2 9 2 2 2 1 2 2 1 2 2 2 9 9 2 2 1 2 2 2 2 2 2 9 2 2 9 2 2 9 2 9 2 9 2 2 2 2 2 2 2 9 2 9 9 2 2 2 2 2 2 2
left_child=2 11 3 4 8 24 29 10 20 55 21 57 59 14 -10 16 28 23 32 48 31 22 60 -17 -6 36 27 40 -13 30 -3 -1 61 -18 35 -35 -16 -38 -32 -27 49 -42 44 -15 -24 -11 -37 -14 -20 50 -5 -30 -53 -21 -12 56 -9 -2 -25 -4 -8 -7
right_child=1 6 12 26 5 18 7 9 13 45 54 15 47 43 25 17 33 -19 19 53 -22 -23 42 58 -26 39 -28 -29 51 -31 38 -33 -34 34 -36 46 37 -39 -40 -41 41 -43 -44 -45 -46 -47 -48 -49 -50 -51 -52 52 -54 -55 -56 -57 -58 -59 -60 -61 -62 -63
leaf_value=0.00038517686786095052 -0.0063282705203832655 -0.0057206231551184816 -0.0022516258069042346 0.001199155984886472 0.012686542394381765 0.0046231907638130633 -0.0013424394956053586 -1.0151360227228356e-05 0.0022677226188015411 -0.012738316163929392 -0.0024438289647906973 0.023498016494825053 0.0008774087016902931 0.0025700135218162416 0.0080097757823809883 -0.0019877333585939412 -0.0030281542581668385 0.0016970473302937465 0.031854726838964446 0.0051570567580314849 -0.0095556198486420642 -0.0077472342936366527 0.00023569210551202497 -0.00210694716067992 0.02211834893564129 0.0028782451740493025 -0.0029245021763856104 -0.0054192725602060891 -0.0027917207448167267 -0.0027288806685389585 -0.011033842952479941 0.0072395022853149905 0.009568897941332687 0.00070003981268994503 -0.0013750919843905989 0.0040656532620402808 0.029765569739999737 0.012633290108515112 -0.020176620135711979 0.0081894183897652188 0.0090454827972181549 -0.00061786291774100705 -0.006156218604152418 -0.0042284421160307143 -0.0038572149239195115 -0.0029649984888157205 0.010754701435499123 0.0080432322886775185 0.0041466196437263724 -0.0025171403022522369 0.0085749598000595794 0.016605798126648242 -0.016542544153215218 0.012026225286765543 -0.01443300311602645 -0.0021199510814282822 0.0047653048234509617 -0.018695302642726858 -0.011094821312415027 -0.0069033237221774154 0.0063625426319940436 -0.0045454402672069974
leaf_weight=91148.725241422653 12511.769295454025 23988.850403308868 80677.303570270538 124391.63167762756 32867.057139396667 8470.1296842098236 18590.645166158676 85809.957509040833 93792.218272686005 13493.057276248932 4275.4574818611145 4295.9847085475922 76885.566077232361 59757.27956032753 38505.356736421585 79742.557431936264 35567.101541519165 59109.082392215729 724.09041476249695 14159.025688171387 9452.4571430683136 66924.678243875504 43792.143570423126 8247.9671688079834 13912.475791215897 36600.421095609665 60730.359053611755 20493.101876974106 3630.3436980247498 14604.195554494858 41036.258420944214 17114.882695913315 6912.861145734787 76239.665822982788 66893.651966094971 49463.769355297089 2882.3201141357422 28012.24866771698 9479.0288615226746 58089.511620044708 22488.313134908676 10761.663700342178 95821.646930932999 16885.755732536316 209930.63379645348 11563.438447475433 16676.502040147781 12483.486240386963 60057.485075235367 32733.571102619171 15702.540542602539 4953.7789533138275 603.82939004898071 48167.966954708099 20144.840312480927 60708.884177684784 35904.878619909286 4416.5449542999268 22775.380831241608 31276.481160163879 14245.555077314377 17202.576859951019
leaf_count=62417 3336 11316 12743 89763 12181 2216 5071 15654 78563 1695 598 2002 11628 13368 16407 23895 7924 10571 191 3278 2763 22723 19509 3954 3636 16968 40891 4186 958 4445 11717 12051 1718 19141 9088 9706 876 11738 3030 26051 6323 3197 27116 3780 53607 1372 3063 1705 14179 8827 5250 1239 92 10723 2959 12023 6142 1708 6476 5072 3546 4412
internal_value=1.14909e-05 -0.00265106 0.00284195 0.00369316 0.0051464 0.00827991 -0.00406241 -0.00338831 0.00374348 -0.000793569 -0.00452481 -0.000208642 -0.00114094 0.0048553 0.00597989 0.000160899 0.00153752 -0.00193245 0.00611289 0.00750997 0.000583431 -0.00409996 -0.00346159 -0.00386947 0.015492 0.00810171 0.00038143 0.00126764 0.0120933 -0.00921423 -0.0104867 0.0014688 0.000832108 0.000956199 0.00163344 0.00304703 0.0107813 0.014228 -0.0127498 0.00613772 0.00193269 0.00592046 -0.00397458 0.00107195 -0.00315079 -0.00822828 0.00575236 0.00187844 0.00447722 0.00116547 0.00202593 0.00675888 0.0129786 0.0104686 -0.0123411 0.000227652 0.0013986 -0.00955006 -0.00870262 -0.00355122 0.00199975 -0.0015204
internal_weight=2.35878e+06 1.21544e+06 1.14334e+06 942016 654715 202474 770314 681206 452241 207480 473726 445128 201323 334525 257882 428200 258325 169875 155694 123109 117716 449305 382381 110766 46779.5 164090 287301 226571 13483.9 89108.3 74504.1 108264 32585.6 244841 209274 142380 69399.9 30894.6 50515.3 94689.9 206078 33250 349544 76643 253723 25056.5 66140.3 89369.1 60781.6 172828 140094 9187.95 5557.61 62327 24420.3 182424 121715 16928.3 31023.3 111954 32836.2 25672.7
internal_count=792777 305676 487101 455953 297516 52534 202523 172015 244982 36886 135129 103153 31148 167751 150603 98109 53213 44896 36717 28371 77231 131572 108849 34325 15817 72040 158437 117546 4291 30508 26063 74468 8346 48922 40998 31910 29021 12614 14747 43019 113360 9520 100232 17148 73116 3067 12769 13333 14370 103840 95013 2289 1331 14001 3557 33819 21796 5044 10430 17815 8617 6628
cat_boundaries=0 1 2 3 4 5 6 8 9 11 12 13 14 16 17 18 19
cat_threshold=1 1 540672 20 1 43008 33643455 132100 14 262427652 197506 542625 804513 637002 278739127 165120 74755 542337 43008
is_linear=0
shrinkage=0.05


Tree=44
num_leaves=63
num_cat=17
split_feature=5 16 16 16 9 16 0 17 9 10 17 20 17 16 13 1 17 17 16 16 20 0 16 0 4 0 16 16 16 9 19 16 16 16 10 5 19 0 17 3 20 4 4 16 9 17 13 16 16 0 4 17 17 17 19 16 16 16 11 16 17 3
split_gain=6685.77 1766.11 3590.49 3135.35 2279.15 2043.76 1627.26 1586.84 1287.85 1228.42 1198.64 1103 1077.39 957.034 910.506 1127.29 860.38 833.093 978.803 990.46 807.178 807.137 781.381 735.279 686.799 667.527 654.702 2463.47 1030.16 2064.78 610.507 659.442 873.04 590.837 569.872 645.456 566.969 551.164 536.369 526.405 679.839 529.455 521.974 504.241 655.768 502.203 497.755 479.172 1614.21 652.049 477.72 474.94 463.864 457.5 450.636 441.797 981.798 466.848 455.042 404.825 402.167 391.035
threshold=0.80044994375703049 17.500000000000004 25.500000000000004 9.5000000000000018 0.48882155092520285 44.500000000000007 1.0000000180025095e-35 0 0.054158809972763469 2.5000000000000004 1 2 3 51.500000000000007 2.5000000000000004 15.500000000000002 4 5 39.500000000000007 32.500000000000007 6 5.5000000000000009 11.500000000000002 4.5000000000000009 3.5000000000000004 11.500000000000002 25.500000000000004 19.500000000000004 9.5000000000000018 0.29638689570196425 7 44.500000000000007 48.500000000000007 15.500000000000002 1.5000000000000002 0.4005420054200543 8 258.50000000000006 9 245.50000000000003 10 3.5000000000000004 417.50000000000006 49.500000000000007 0.53336301573167122 11 7.5000000000000009 31.500000000000004 37.000000000000007 1.0000000180025095e-35 7.5000000000000009 12 13 14 15 33.500000000000007 37.000000000000007 39.500000000000007 0.029222768703417442 33.500000000000007 16 90.500000000000014
decision_type=2 2 2 2 8 2 2 9 10 2 9 1 9 2 2 2 9 9 2 2 1 2 2 2 2 2 2 2 2 10 9 2 2 2 2 2 9 2 9 2 1 2 2 2 10 9 2 2 2 2 2 9 9 9 9 2 2 2 2 2 9 2
left_child=1 3 10 16 6 7 33 47 22 11 -3 23 -6 34 15 -13 39 55 19 -19 21 24 -8 -2 -12 -24 27 28 50 -30 -28 45 -33 -5 -7 -36 -21 46 -14 40 41 -1 -26 44 -34 -32 -11 -4 49 -49 -16 -31 -29 -45 -17 58 -57 -58 -9 -51 -37 -15
right_child=9 2 5 4 12 13 8 17 -10 37 20 14 38 61 26 54 -18 18 -20 36 -22 -23 25 -25 42 -27 30 52 29 51 31 32 43 -35 35 60 -38 -39 -40 -41 -42 -43 -44 53 -46 -47 -48 48 -50 59 -52 -53 -54 -55 -56 56 57 -59 -60 -61 -62 -63
leaf_value=0.002253660195988091 -0.0057015940930782421 0.003650407840923916 -0.0010612061484005742 -0.0078292327618359175 0.011102817993644787 0.0052238717285919313 -0.024533666881790542 -0.00029790265871019046 -0.018743725799358273 0.008223720808257385 0.0089008641620513529 0.01396653440174841 -0.0012263249401449966 0.00079900742058404471 -0.011434774271716679 -0.027833999450829129 0.00071932727664785075 0.0037387602479567886 -0.00044702035493894993 0.023922394944263334 0.0075502637969424944 0.0089659941616820893 -0.055647990503232103 -0.013658032912658387 0.021952913950178288 -0.12074351503670055 0.0098371880958395171 -0.002237908766245275 -0.040186961401630097 -0.0031768530302651583 -0.0029963334721648796 0.0030481935204497586 0.0090266025216008215 0.044317260072157055 0.017917467948229265 0.014575966694345872 0.010233781771036348 -0.0053322387972039257 -0.007244361734884611 -0.0009483257892857627 0.0025132440286947753 0.013107471207558325 0.072576064074197408 0.010658431524611879 -0.017239628730591115 -0.0088875122693037375 -1.2285940215779163e-05 -0.0073525928792398864 -0.00051889625070400435 -0.01263150628941209 -0.00029295523959624119 -0.010179992125649072 0.0072736090865877017 -0.0056899501160892225 -0.00088936363280674743 -0.01104271493221305 0.0099191926094701136 -0.0014638397170565099 0.0073400795603242768 -0.028347198897964006 0.0046902181159662413 -0.013541457491804737
leaf_weight=13972.493365287781 113484.05533671379 50546.182531356812 45147.704349040985 18888.099384307861 14238.686684608459 109846.27456617355 1808.1504232883453 62011.509508132935 11117.020347833633 19737.833771705627 11836.41589307785 17174.980711698532 111788.25385260582 16842.162800073624 10648.293675661087 1652.3543148040771 107455.83714699745 54943.025644302368 56222.284411907196 10930.805909633636 47025.829885005951 28016.457318305969 2327.2788555622101 39022.296294927597 39757.669866323471 474.5280876159668 6551.063863992691 15853.948403835297 4847.7113349437714 47463.964185714722 49480.53702878952 43086.875492095947 2801.0257093906403 558.29590463638306 22733.822025775909 14811.216184854507 24743.335999488831 46085.327189922333 55360.492794036865 18595.062141656876 35533.607879161835 57374.663610935211 515.01315426826477 5270.0376451015472 15648.72331905365 134889.72589993477 259830.90226149559 11871.688902378082 34988.954440355301 6514.3439695835114 99592.409365415573 49473.387129545212 66926.192882061005 22566.029004573822 23163.05248260498 25930.607387542725 10933.789664268494 51101.658401727676 28443.565724134445 11056.859591960907 33756.067556142807 6621.9474885463715
leaf_count=11038 46725 24261 15341 8185 6183 58676 454 22753 2326 3639 9661 6341 47653 8243 5241 339 43211 22678 21360 4796 20222 4586 548 9771 16002 76 1431 4666 1402 11775 13419 11694 793 274 5978 2971 10471 5568 26932 2910 18429 18991 138 1465 3984 35630 48168 7780 15628 1427 24810 12962 18285 6069 4716 9519 4536 21019 9529 2187 6694 1109
internal_value=2.06466e-05 0.00249434 0.00387906 -2.30019e-05 -0.00435387 0.00213189 -0.016002 0.000192869 -0.0279603 -0.00284014 0.0101663 -0.0039294 -0.00209507 0.00625267 -0.00298822 0.00411944 0.00400348 0.00194603 0.00473525 0.00795102 0.0127552 0.0158085 -0.0501774 -0.007737 0.0194901 -0.066712 -0.00350724 -0.00186225 -0.00471816 -0.00834522 -0.00523737 -0.00559832 -0.00207373 -0.00632993 0.00748338 0.0109642 0.0144382 -0.000265953 -0.00321987 0.00681536 0.00816672 0.0109804 0.0226021 -0.00684163 -0.0132516 -0.00730713 0.000569212 -0.00501066 -0.00777878 -0.0164059 -0.00136925 -0.00675245 0.00545258 -0.00259275 -0.00269612 -0.000349631 -0.00287263 0.000542555 0.00210391 -0.0225218 0.00770921 -0.00324851
internal_weight=2.36189e+06 1.26664e+06 817149 449492 216561 639452 35173.4 434840 15727 1.09525e+06 177698 769597 181387 204611 617090 41990.4 232932 325261 146839 90617.2 127151 80125.6 4609.96 152506 52109.1 2801.81 575100 294806 212026 101785 280294 273743 89372.7 19446.4 181147 71301.1 35674.1 325654 167149 125476 106881 71347.2 40272.7 46285.8 18449.7 184370 279569 109580 64431.8 29442.9 110241 96937.4 82780.1 27836.1 24815.4 178421 87966.1 62035.4 90455.1 17571.2 48567.3 23464.1
internal_count=793668 514775 327565 187210 92631 252695 11863 169024 3404 278893 74870 221518 80768 83671 165022 11396 94579 126661 59305 37945 50609 30387 1078 56496 25801 624 153626 79141 56190 26139 74485 73054 24005 8459 74319 15643 15267 57375 74585 51368 48458 30029 16140 12311 4777 49049 51807 42363 27022 11394 30051 24737 22951 7534 5055 67356 35074 25555 32282 3614 9665 9352
cat_boundaries=0 4 8 9 13 17 21 22 23 24 28 29 33 37 41 45 46 50
cat_threshold=1342177432 3222503512 3909236896 361731 1361086496 39600768 274758564 75786 9 144 4194368 3355580704 1130752 1611671168 2153449489 3896645696 1359954 537963072 536871040 4784643 1050640 12 8192 139648 806364736 51424272 550043666 36442 6 2434798928 2164882945 268453395 1310720 1073784528 16917520 1745490070 1164354 1093701632 17596416 415261313 514 1073750144 17041408 1744961536 34818 540672 2164273560 1581056 1614938112 34818
is_linear=0
shrinkage=0.05


Tree=45
num_leaves=63
num_cat=21
split_feature=5 5 3 12 16 16 16 20 16 16 16 16 17 16 16 9 16 16 17 17 20 16 16 16 9 17 17 16 16 13 17 17 9 16 19 9 13 16 17 16 17 19 17 17 17 7 20 13 13 6 16 17 0 16 16 6 17 17 9 9 3 20
split_gain=5934.64 1708.34 2203.67 1423.85 1089.32 1773.01 889.799 941.353 881.901 1084.43 803.943 1697.65 1941.44 1346.19 1978.47 3219.9 1687.17 1237.48 866.847 802.67 796.724 868.405 1896.23 996.412 1231.84 680.5 663.328 660.742 639.308 623.173 589.306 572.893 566.699 548.084 545.73 504.405 584.84 577.536 557.227 557.059 496.02 489.559 469.625 466.673 466.641 465.47 614.512 463.019 461.462 460.629 586.233 447.079 433.739 498.667 609.212 473.112 430.536 423.711 420.404 419.944 426.626 416.792
threshold=0.90925559947299084 0.26679751390251888 5.5000000000000009 0.058420604786155524 16.500000000000004 10.500000000000002 26.500000000000004 0 45.500000000000007 51.500000000000007 33.500000000000007 37.000000000000007 1 18.500000000000004 9.5000000000000018 0.17751276622244369 25.500000000000004 39.500000000000007 2 3 4 25.500000000000004 18.500000000000004 10.500000000000002 0.43755998080614206 5 6 12.500000000000002 44.500000000000007 12.500000000000002 7 8 0.46292252951641605 11.500000000000002 9 0.90918462980318659 2.5000000000000004 14.500000000000002 10 11.500000000000002 11 12 13 14 15 114.50000000000001 16 9.5000000000000018 35.500000000000007 0.092200546578844647 18.500000000000004 17 121.50000000000001 44.500000000000007 48.500000000000007 1.3771151941907802 18 19 0.90569214154119826 0.07659713168187747 82.500000000000014 20
decision_type=2 2 2 2 2 2 2 1 2 2 2 2 9 2 2 10 2 2 9 9 1 2 2 2 10 9 9 2 2 2 9 9 10 2 9 10 2 2 9 2 9 9 9 9 9 2 1 2 2 2 2 9 2 2 2 2 9 9 10 10 2 1
left_child=1 2 47 35 5 40 7 -6 10 29 13 12 -12 14 45 33 34 -13 -17 -18 21 22 23 42 -25 -23 -7 48 31 58 -14 -8 -20 -16 -15 36 -2 39 -39 -37 -4 -41 -5 -31 -43 46 -3 -1 -26 -9 -51 -30 53 57 -55 -56 -24 -27 -10 60 -35 -50
right_child=3 8 4 20 6 26 28 49 9 -11 11 17 30 16 15 18 19 -19 32 -21 -22 25 56 24 27 52 -28 -29 51 43 -32 -33 -34 59 -36 37 -38 38 -40 41 -42 44 -44 -45 -46 -47 -48 -49 61 50 -52 -53 -54 54 55 -57 -58 -59 -60 -61 -62 -63
leaf_value=0.0091057465551117826 0.01163083797741974 -0.0031180572546722768 0.013199085572357336 0.00063874763867079751 0.00331711022497187 0.0028806610014914971 -0.001822425288922719 0.034669833045922062 0.0065561135924795347 -0.0083104171937756453 0.0060054098997091325 0.011857699640076437 -0.036991306058588039 0.0050351428752503403 -0.027475348662919459 0.003554213739902785 -0.0066340186719753974 -0.0026734088925064719 -0.021670406457525649 0.0021853546244398649 -0.0086995265401734398 0.0048104733131373884 0.0091677976422245878 -0.041769565232239764 -0.026497805810196746 0.00065228859450356487 -0.0091684324047018959 -0.004652822531657312 0.016554587340372753 0.014388549351489886 -0.016651806046260629 0.0075210392880006834 -0.0057210140507556262 -0.047834816030813784 0.012685666023004383 -0.00096481226490582786 0.00070269104077259404 -0.0089342102470075235 -0.0019437561437577044 -0.039614058321461573 0.0033074140329600295 0.029301069693352551 -0.0066731406394235264 0.0059338951469965588 0.0072176650219434721 -0.0022853209716929106 0.0062742828637684309 0.0010685951201840919 0.0044202296972172313 0.0077099085921713594 0.022193395569017997 0.005819026664906371 -0.012500048086459301 0.0034113975205219815 -0.0022586201631526388 -0.012768610865581738 0.0016102088604979298 -0.0082631163889919194 -0.0074769646756915192 -0.023282086318621061 -0.092148961453932365 -0.016096256232875531
leaf_weight=18887.305782318115 13374.124552488327 22445.273934602737 33167.095305681229 76851.347458362579 11845.102362632751 20232.32195186615 22153.493496656418 4433.396537065506 10037.915015697479 14017.073150634766 9904.1542599201202 17402.066998720169 4266.3891751766205 48529.597763299942 3541.1206293106079 26212.400928020477 34060.839243650436 92665.484875202179 5967.6415786743164 106241.18224072456 93572.119944095612 14524.97351193428 34149.243929624557 2780.2855446338654 6540.6321656703949 14865.054597854614 26214.500741481781 46983.073587656021 26601.3406021595 24668.164645433426 22002.268897771835 63225.461770296097 83289.596613168716 1229.4029514789581 44934.292222499847 45037.592358112335 144629.15663194656 39526.690324544907 102259.35946154594 476.57169127464294 20545.851794481277 2927.3621954917908 30734.221290111542 48383.301018238068 13018.488157987595 38757.34428358078 77645.63937830925 349514.92499160767 3539.8999247550964 10375.556839466095 21398.132458209991 15319.138461351395 25493.683759212494 28682.746381521225 31763.295428276062 16152.648864984512 42065.159751176834 129283.79124879837 11394.115363359451 710.80650067329407 978.8028302192688 8216.1097600460052
leaf_count=11384 4114 5843 12115 21009 4749 7257 8150 3355 1899 2968 2142 3723 802 10221 830 5312 6671 19657 1249 22215 31871 3351 9029 875 1482 4267 9440 11481 9645 5345 4466 22531 17937 337 9271 12396 29854 10792 26061 154 7481 755 8072 10228 3373 5751 18172 269918 870 3140 6774 5451 3423 8484 8597 4169 12033 35750 2354 155 176 2272
internal_value=3.24125e-05 0.00212151 0.0040102 -0.00297605 0.00739256 0.00323258 0.00976868 0.0155659 0.000498425 0.00466706 -0.000207434 -0.00346426 -0.0128613 0.000755637 -0.00171424 -0.00636167 0.00351091 -0.000375903 -0.00443962 4.3944e-05 -0.0044568 -0.0036821 -0.00158816 -0.00444598 -0.00918074 -0.00570465 -0.00392123 -0.00779215 0.00758029 0.0065924 -0.0199693 0.00509734 -0.00678684 -0.0407107 0.00871525 -0.000491242 0.00162777 -0.00213856 -0.00389335 0.00190968 0.00941861 0.00979241 -0.00145066 0.00879182 0.0112892 0.00236692 0.00416837 0.00148067 -0.0158528 0.0195665 0.0174643 0.012637 -0.00632486 -0.00561193 -0.00235186 -0.00580177 0.00499801 -0.00734426 -0.000904427 -0.0567519 -0.0675102 -0.00992853
internal_weight=2.36065e+06 1.3932e+06 643914 967448 275511 100160 175352 48052.2 749285 108501 640784 146240 36172.8 494544 260778 121930 233766 110068 115470 140302 606198 512626 251860 175646 68060 260766 46446.8 65279.7 127299 94483.5 26268.7 85379 89257.2 6460.13 93463.9 361249 158003 203246 141786 61460 53712.9 16422.4 107586 73051.5 15945.9 138848 100091 368402 18296.6 36207.1 31773.7 41920.5 246241 220748 76598.7 47915.9 76214.4 144149 21432 2919.01 2208.21 11756
internal_count=793648 539114 381390 254534 100088 36293 63795 18018 157724 22794 134930 30790 7410 104140 55762 25996 48378 23380 24498 28886 167035 135164 67123 46061 16980 68041 16697 16105 45777 19826 5268 30681 19186 1498 19492 87499 33968 53531 36853 16678 19596 4282 29081 15573 4128 29766 24015 281302 4624 13269 9914 15096 64690 61267 21250 12766 21062 40017 4253 668 513 3142
cat_boundaries=0 1 5 9 13 14 18 22 25 29 30 34 38 39 43 47 51 52 56 60 64 65
cat_threshold=1 2149585216 554445824 276890624 3648 1056976 32768 3892451616 1099778 1073750032 1073889425 2147629728 35842 14 0 2164283393 8404992 17024 1610613392 1091600528 1615468802 41026 128 32768 1073872896 1074823320 1074954432 3758241956 99330 1458673 1074823168 4771008 2294685587 43530 1628481216 17631248 1749747232 32850 24576 1610613392 555233296 1758154915 49362 2164274840 537930752 1212291072 34818 192 0 1208094720 32770 9 553658328 1092158480 1749487616 34898 537927824 1073953792 1619723266 1049600 4112 66048 270532673 262152 2
is_linear=0
shrinkage=0.05


Tree=46
num_leaves=63
num_cat=13
split_feature=5 0 10 12 8 12 9 16 16 16 9 16 16 17 20 16 16 5 16 17 16 17 6 17 16 6 17 20 4 16 16 16 17 3 17 9 9 4 14 16 9 16 16 16 9 17 16 16 16 19 17 16 17 16 16 16 16 16 16 16 16 6
split_gain=5257.76 1637.16 1843.92 1250.77 1173.15 980.173 970.599 1202.34 907.633 2419.79 2108.63 1080.26 877.527 700.681 688.103 624.403 607.457 602.762 590.116 703.142 618.798 826.726 564.457 542.114 515.924 511.185 490.612 471.823 523.148 449.26 1329.78 536.084 466.26 438.8 428.789 427.8 413.441 412.312 406.092 387.286 386.398 380.325 1242.62 1099.58 823.966 527.283 394.952 378.648 373.77 518.64 453.343 424.954 357.509 356.7 934.737 853.014 351.302 340.111 802.32 335.469 596.75 323.594
threshold=0.90925559947299084 1.5000000000000002 1.5000000000000002 0.35047869321266034 1.1999484801648637 0.20004067987323296 0.77784748361912748 51.500000000000007 16.500000000000004 9.5000000000000018 0.1111431131592422 25.500000000000004 48.500000000000007 0 1 44.500000000000007 49.500000000000007 0.18241235888294713 14.500000000000002 2 11.500000000000002 3 0.17656592620840886 4 11.500000000000002 1.5714894134825994 5 6 4.5000000000000009 31.500000000000004 37.000000000000007 28.500000000000004 7 518.50000000000011 8 0.84629120879120889 0.50012382367508679 3.5000000000000004 1.0000000180025095e-35 16.500000000000004 0.97623392422662503 12.500000000000002 25.500000000000004 8.5000000000000018 0.19645010749305231 9 10.500000000000002 21.500000000000004 25.500000000000004 10 11 22.500000000000004 12 17.500000000000004 25.500000000000004 9.5000000000000018 44.500000000000007 39.500000000000007 31.500000000000004 51.500000000000007 46.500000000000007 0.53674001814882044
decision_type=2 2 2 2 2 2 10 2 2 2 10 2 2 9 1 2 2 2 2 9 2 9 2 9 2 2 9 1 2 2 2 2 9 2 9 10 10 2 2 2 10 2 2 2 10 9 2 2 2 9 9 2 9 2 2 2 2 2 2 2 2 2
left_child=1 2 5 6 8 27 7 15 9 -3 24 22 18 29 37 38 -14 -4 20 39 -8 -22 -10 -12 -11 33 -5 28 -1 31 32 -13 -31 -6 -23 59 -17 -7 41 -20 -24 43 47 -2 46 -44 -45 -43 49 -41 57 -51 -30 55 -55 -39 -21 58 -50 60 -15 -42
right_child=3 4 17 26 25 14 12 -9 11 10 23 13 16 35 -16 36 -18 -19 19 56 21 34 40 -25 -26 -27 -28 -29 52 30 -32 -33 -34 -35 -36 -37 -38 53 -40 48 61 42 45 44 -46 -47 -48 -49 50 51 -52 -53 -54 54 -56 -57 -58 -59 -60 -61 -62 -63
leaf_value=0.0020788790140786281 0.00097705124662607963 0.00079501715684651133 0.012195161191886166 -0.0020115606135622036 0.0069025106558332043 -0.00020202519698722156 -0.0016126729710374808 -0.017054342452337719 0.037269953879198937 -0.028696020935668577 -0.014559643172490526 -0.0073765134948184582 -0.018328070882604821 0.0014264163939374005 -0.0019247165467433378 0.010684254614279413 -0.0042965058831644313 0.005015788904264116 -0.0080527125852812662 -0.0081803091723323118 0.04164116427930574 0.0093273774575967413 0.0094774804479544825 -0.0046360372256688872 -0.06352542487314837 -0.00058152746342653063 -0.0069420083667475971 0.0022476206029828087 0.013241348805183815 -0.011097960713518524 -0.0014980452283768564 0.004720576055573523 -0.025858083040100555 0.0012242952617307159 -0.0041796252038590696 -0.0024346737931471214 0.00084380733678072941 0.0072469517382891665 0.0049665184625755018 -0.0063097160884064531 0.011188472227974061 0.014020143313064974 -0.0078945748267474393 -0.020204294704516859 -0.0074803383306198097 0.0002724199110426591 -0.048279970673209098 0.0041829196693652223 -0.0063543212943264933 0.0015077209803490612 -0.0050650567501430346 0.011981157308018778 0.0067616782706688156 0.015412607006728325 0.0034394300423889485 -0.0049334275653360564 0.0014858487046265445 -0.0019602038246579185 0.022433017682869882 -0.015023045897580335 0.011535762781685714 5.2319131282660305e-05
leaf_weight=36880.459613323212 33559.184469938278 89107.478291749954 71532.268464803696 67129.011452913284 96133.825830459595 88880.288107395172 89193.604933738708 9270.1401076316833 1378.4122676849365 2127.7377989292145 27630.944652795792 15587.492330551147 15431.66433596611 68127.562197208405 133056.64819455147 26239.405640602112 15422.349557161331 49446.862574577332 22693.621074914932 89632.855929136276 1604.4076850414276 17446.527856111526 28952.92268204689 27475.589561700821 2130.2630479335785 59772.120301008224 203479.86180567741 81436.136774778366 33561.566655874252 13971.171476840973 38039.420715808868 22200.663056135178 8727.3555755615234 52662.53589963913 8851.7293684482574 58301.160376548767 17993.288029193878 27565.212765216827 36503.328451871872 14592.309389591217 7948.5099074840546 14483.536179542542 32846.182193756104 3335.2577798366547 13161.703905582428 49599.585525035858 2007.7708876132965 30134.977848291397 4261.7558169364929 34416.326564311981 70978.029717683792 13477.104863405228 58474.009151697159 20329.74018406868 82242.933787584305 30034.214317798615 10500.57843542099 15004.840174674988 5599.7806906700134 2488.6419472694397 18577.744975328445 36361.520810842514
leaf_count=29486 7597 17761 23559 19710 19702 73725 24080 1983 326 460 5569 3046 3739 13186 94772 6593 4294 14920 5241 23122 464 4350 5781 5538 430 10351 63512 50811 14198 2748 7777 4221 1705 7131 2425 11969 3591 13095 8818 4127 1692 3900 7331 885 2705 10903 561 6759 1251 7883 17565 3181 26261 11419 40473 15314 2967 3775 1517 466 3518 7078
internal_value=-5.55091e-06 0.00196395 0.0036357 -0.0028335 0.000204049 0.00248704 -0.0017151 0.000638789 -0.00118303 -0.00441507 -0.0122354 0.000313463 -0.00319144 -0.00128505 0.000978102 0.00127002 -0.0113148 0.00926086 -0.00256207 -0.00380417 0.000420298 0.00691872 0.00558217 -0.00961549 -0.0461319 0.00332401 -0.00571927 0.00522805 0.00711003 -0.00454957 -0.00721311 -0.000269498 -0.0167902 0.00489288 0.00478121 0.000895902 0.0066814 0.00252892 0.000159952 -0.00194407 0.00498547 -0.000819568 0.000655199 -0.00441875 -0.0142038 -0.00298227 -0.0307615 0.00737641 -0.00106858 0.00194013 -0.00303011 0.00445418 0.00912684 0.00404448 0.00581262 0.00089573 -0.00716594 0.00277927 0.00999292 0.00307302 0.00359258 0.00205017
internal_weight=2.35999e+06 1.39114e+06 713440 968851 677703 592461 698242 269134 469135 148472 59364.5 320663 429107 246021 382109 259864 30854 120979 398253 281157 117096 27902.7 74641.4 55106.5 4258 208568 270609 210352 128916 98526.1 60737.9 37788.2 22698.5 148796 26298.3 147495 44232.7 249052 215632 181024 73263 179128 127064 52063.9 18504.7 82445.8 5343.03 44618.5 158330 62485.7 95844.4 47893.4 92035.6 160172 102573 57599.4 100133 24866.4 9861.54 89193.9 86705.3 44310
internal_count=793317 538488 408033 254829 130455 369554 171607 61626 93271 29758 11997 63513 109981 48636 248798 59643 8033 38479 101948 70629 31319 7239 14877 11107 890 37184 83222 120756 69945 19497 12230 7267 4453 26833 6775 29139 10184 154026 49459 44540 14551 40641 28893 11748 4151 18234 1446 10659 39299 15191 24108 11064 40459 80301 51892 28409 26089 6543 2768 17170 16704 8770
cat_boundaries=0 4 5 9 12 16 20 21 25 29 33 34 38 42
cat_threshold=805342336 1294416 3358274020 33040 6 807417752 17900032 1881751636 1066568 0 0 135200 3241152512 1611448448 277415427 9808 1107297936 2165537792 1744830528 1081860 14 536904704 65552 589888 16 1610621648 1155088 1208549888 1084482 1611702400 542680192 3897169954 32770 1728945 270537728 16785920 270548996 17920 536880336 18221057 680002176 1312576
is_linear=0
shrinkage=0.05


Tree=47
num_leaves=63
num_cat=20
split_feature=5 12 16 16 16 16 9 17 17 0 9 5 17 20 2 16 17 17 16 6 0 9 3 16 19 17 17 20 16 16 16 9 16 17 16 17 17 16 16 20 2 20 3 8 16 16 2 12 16 16 17 17 5 12 11 16 14 16 17 16 17 20
split_gain=4756.29 1349.09 1301.21 2782.48 2328.03 1517.99 1433.17 1155.03 1065.96 989.638 1215.97 889.007 862.262 779.437 775.594 753.432 723.352 643.79 638.01 512.98 510.731 509.678 494.563 481.429 480.435 468.555 467.121 464.434 504.563 1415.75 1168.97 1621.03 623.886 982.932 813.568 658.805 593.204 493.33 460.242 442.67 438.231 611.49 509.619 428.766 413.314 1127.7 501.014 409.406 536.343 483.239 414.105 400.876 396.816 373.938 368.076 502.049 365.288 354.435 352.728 334.453 330.45 321.762
threshold=0.72743726861373925 0.059773979278555607 17.500000000000004 25.500000000000004 9.5000000000000018 44.500000000000007 0.55563197310102408 0 1 1.0000000180025095e-35 0.030315122493893447 2.154548647699333 2 3 141.50000000000003 51.500000000000007 4 5 15.500000000000002 0.88240869807638711 4.5000000000000009 0.85735481136074621 1.5000000000000002 39.500000000000007 6 7 8 9 25.500000000000004 18.500000000000004 10.500000000000002 0.35947421631860071 44.500000000000007 10 48.500000000000007 11 12 12.500000000000002 32.500000000000007 13 95.500000000000014 14 2.5000000000000004 1.730901856763926 31.500000000000004 37.000000000000007 22.500000000000004 0.20020017255553027 14.500000000000002 16.500000000000004 15 16 0.15142106520181517 0.46349937912582406 0.029222768703417442 39.500000000000007 1.0000000180025095e-35 11.500000000000002 17 47.500000000000007 18 19
decision_type=2 2 2 2 2 2 8 9 9 2 10 2 9 1 2 2 9 9 2 2 2 8 2 2 9 9 9 1 2 2 2 10 2 9 2 9 9 2 2 1 2 1 2 2 2 2 2 2 2 2 9 9 2 2 2 2 2 2 9 2 9 1
left_child=2 24 4 8 16 7 9 44 -4 18 14 27 -8 20 57 21 -1 54 56 -12 22 53 -10 38 -2 -23 -26 28 29 30 36 -32 33 -30 59 -36 -3 39 -19 -33 41 42 -18 -13 -5 46 -46 48 50 52 -14 -31 -50 -7 -9 -56 -6 -11 -35 -34 -17 -28
right_child=1 11 3 5 6 15 12 17 13 10 19 43 47 -15 -16 60 40 23 -20 -21 -22 25 -24 -25 26 -27 61 -29 32 51 31 37 34 58 35 -37 -38 -39 -40 -41 -42 -43 -44 -45 45 -47 -48 -49 49 -51 -52 -53 -54 -55 55 -57 -58 -59 -60 -61 -62 -63
leaf_value=-0.0009641909134714444 -0.0081345250193467465 0.0022074732749315447 0.0031182941892231079 -0.00056583524356853588 -0.0088574845832543828 0.013072181388711111 0.0084200562208170092 -0.001051133753514129 0.0095036413347882875 -0.017350669645627877 -0.022245229845510583 -0.0069284607326676184 -0.0049196297381530335 0.0067534313443019245 -0.10994023598162297 0.013031745170310178 0.0022357833552820688 0.005201566299115494 0.043307807423403295 -0.00058534168781647496 0.0091386875189415472 0.0078054704150983985 0.021285996417368662 0.0010112332894119868 0.0024844006858366872 0.0012035666838598807 8.8761643142056839e-06 -0.0061910428410088258 0.0033331867489064583 0.0093357572103061805 -0.045376946465921081 -0.0029991511744725586 0.002675929452931785 -0.010852990792967658 0.0057864272415392437 -0.0071232576111888339 -0.005470585247268251 -0.0039383024414530463 0.016348966977764692 -0.019283580750231746 -0.0010501834651278584 0.0021932856295649203 0.011495261574091489 -0.025265163522919701 -0.0088237984142481071 -0.00073175037742747185 -0.02263068144550644 -0.0054593120278159449 -0.0038077235762264058 0.0013443840839395022 0.0075794674178268698 0.0020248946360245626 -0.019959892896617929 0.0031883815116509058 0.0058760089656446817 -0.0019104095669356493 0.019479613773082577 -0.05199590826288434 -0.005460835610353953 0.013628729587270114 -0.0054623627045476799 -0.0039926009795382975
leaf_weight=58586.240656852722 17526.612315893173 88325.884218215942 46791.910274505615 40823.910220146179 19665.799844264984 42072.22116112709 18427.229109525681 139056.55985021591 11914.121520519257 1179.6757760047913 7736.8369302749634 114720.60808897018 9035.7622153759003 42332.80232334137 439.2885365486145 2762.2703239917755 19492.473837852478 22452.158071279526 643.06462931632996 4226.8248267173767 22351.577544212341 61094.031529188156 35306.411469936371 26318.839205265045 157939.70126628876 48003.872134447098 219854.51433086395 83451.4431848526 27999.528970241547 32226.945604562759 2789.2741165161133 6474.1851501464844 27959.59117436409 40518.192873239517 12843.31524348259 42774.767213821411 35161.070895671844 50233.697039604187 15758.643903255463 11810.037482976913 21413.084310054779 48138.021336317062 62530.509263038635 3278.2948191165924 15608.561831474304 31755.532342433929 11348.972118377686 79764.592978000641 8342.7805399894714 15524.576820373535 24794.036221504211 44864.930118322372 6986.9751117229462 12387.964806079865 57194.361099481583 32445.068154573441 1206.1491811275482 1978.0348250865936 121025.24854207039 9283.6324038505554 18738.349584579468 65108.000132799149
leaf_count=24800 5202 21274 23395 14493 8574 11083 8310 59710 10480 302 1641 41981 3878 19046 67 1237 15679 10202 313 857 3720 30260 14022 10171 33935 23504 46410 24785 6698 7663 734 1509 7103 8913 2925 9718 8117 11589 7116 2902 3323 25357 20344 1254 8846 14968 2009 42572 5020 5358 9587 11051 1487 5519 20995 11374 454 465 29016 2331 7629 20742
internal_value=2.67045e-05 -0.00215153 0.00233704 0.00359392 7.98279e-05 0.00198333 -0.00378228 0.000224198 0.00945807 -0.0126545 -0.0222597 -0.00345136 -0.00176262 0.0121076 -0.0477467 0.00571684 0.00375434 0.00180396 -0.00570694 -0.0145934 0.0153638 0.00687355 0.0183135 0.00621408 -1.80048e-05 0.00490145 0.000303378 -0.0027137 -0.00219001 -0.000652592 -0.00292238 -0.00801949 -0.00367023 -0.00531517 -0.000312669 -0.00414235 2.09696e-05 -0.00649808 0.00979921 -0.0135302 0.00557782 0.00666864 0.0092937 -0.00743811 -0.00442933 -0.00711637 -0.014637 -0.00306203 -0.000106291 -0.00487364 0.00424176 0.00508263 -0.0111704 0.010824 0.000559349 0.00305772 -0.00721908 -0.0390625 -0.00681394 0.00540643 -0.00308234 -0.000905497
internal_weight=2.3628e+06 1.21617e+06 1.14663e+06 736518 410112 577821 199952 392763 158697 37075.7 15560.7 755741 162876 111905 3597 185059 210160 293226 21515 11963.7 69572.1 163558 47220.5 64529.6 460429 109098 442902 637742 554290 271886 194794 71307.2 282404 189543 92861.3 55618.1 123487 68517.9 38210.8 18284.2 151574 130161 82023 117999 99537 58713.1 26957.5 144449 64684.1 30854.3 33829.8 77091.9 15329.8 54460.2 228696 89639.4 20871.9 3157.71 161543 37243.2 21500.6 284963
internal_count=794019 305852 488167 309779 178388 239116 88885 159884 70663 12673 3332 199563 76212 47268 834 79232 89503 119568 9341 2498 28222 70366 24502 27489 106289 53764 101087 156328 131543 64839 46125 16734 66704 44627 22077 12643 29391 16000 17318 4411 64703 61380 36023 43235 40316 25823 10855 67902 25330 11865 13465 18714 6507 16602 92079 32369 9028 767 37929 9434 8866 67152
cat_boundaries=0 4 8 12 13 17 21 22 26 30 31 35 39 43 44 45 49 53 57 61 62
cat_threshold=1073776792 1075019864 3909234848 99587 1361086496 35406464 2422242220 75778 144 4227072 3892451360 1163521 12 2418016568 1107314376 287589545 77324 2989499968 2684878976 4784647 1329232 540672 1627432856 1074790464 1749422356 1081678 10216 1208160833 4026620576 1066242 14 16781568 16873984 276840512 279176 1074798728 1058816 1744961570 35842 1610655376 555231248 1758138402 57426 10 6 2149617920 1073835664 270607489 8712 536872064 1073818640 1611337794 1049600 1073774720 1073905680 1610758304 35842 1073741952 16 1744965632 32770 22
is_linear=0
shrinkage=0.05


Tree=48
num_leaves=63
num_cat=18
split_feature=5 10 10 0 5 1 20 0 0 0 20 6 10 7 14 1 5 7 14 3 4 21 17 11 10 3 17 0 5 3 11 3 10 17 8 20 9 4 17 14 17 17 3 9 14 17 0 0 17 17 17 4 2 1 17 9 20 5 8 17 17 10
split_gain=4551.5 1353.53 969.415 1350.29 766.742 1142.3 721.933 951.598 805.089 616.212 678.289 593.61 509.213 502.579 548.319 475.917 433.367 430.386 403.477 960.841 594.763 456.685 402.985 373.779 360.996 357.606 351.091 349.603 317.759 308.494 303.487 298.923 295.075 288.453 284.185 283.462 283.353 278.558 267.767 260.898 252.93 249.829 245.436 242.014 239.836 237.097 235.048 233.251 233.045 232.233 228.836 221.77 256.326 219.01 215.369 214.201 211.01 207.043 205.847 203.193 201.571 200.536
threshold=0.54097261127900842 1.5000000000000002 1.5000000000000002 1.0000000180025095e-35 0.12955677943876218 1.0000000180025095e-35 0 1.5000000000000002 59.500000000000007 158.50000000000003 1 0.62905480563990024 4.5000000000000009 134.50000000000003 1.0000000180025095e-35 3.5000000000000004 1.6523618052684983 148.50000000000003 1.0000000180025095e-35 12.500000000000002 5.5000000000000009 2 3 0.050830509047955282 3.5000000000000004 9.5000000000000018 4 1.5000000000000002 1.0913368983957221 12.500000000000002 0.029996706261585338 109.50000000000001 3.5000000000000004 5 1.0760551741673023 6 0.10021834061135372 1.5000000000000002 7 1.0000000180025095e-35 8 9 1.5000000000000002 0.82820391414141425 1.0000000180025095e-35 10 676.50000000000011 176.50000000000003 11 12 13 119.50000000000001 1.0000000180025095e-35 40.500000000000007 14 0.51118469462840332 15 1.6410969651581615 1.0870105991780232 16 17 3.5000000000000004
decision_type=2 2 2 2 2 2 1 2 2 2 1 2 2 2 2 2 2 2 2 2 2 9 9 2 2 2 9 2 2 2 2 2 2 9 2 1 10 2 9 2 9 9 2 10 2 9 2 2 9 9 9 2 2 2 9 10 1 2 2 9 9 2
left_child=2 6 4 15 5 37 8 44 18 10 11 41 46 14 28 -4 50 26 20 42 -2 55 43 29 33 39 -5 -22 40 -16 48 35 -31 -15 -9 -24 -19 -1 -10 -7 -13 -3 -20 -6 -8 -39 -11 -40 -27 -29 -12 -47 -53 -32 -23 -21 -41 -36 -37 -44 -46 -30
right_child=1 9 3 17 22 25 7 34 38 12 16 13 -14 24 23 -17 -18 36 19 21 27 54 31 -25 -26 30 -28 49 61 32 53 -33 -34 -35 57 58 -38 45 47 56 -42 -43 59 -45 60 51 -48 -49 -50 -51 -52 52 -54 -55 -56 -57 -58 -59 -60 -61 -62 -63
leaf_value=-0.0012552364730364293 -0.0095586085341296603 -0.0044328022190278293 0.0095877400640128913 0.0073418730309213909 -0.0020092963119126401 0.0033181249058868872 -0.0041500104668163737 -0.0085311573532835302 -0.0056798358857760439 -0.0069223207144255647 -0.004132801364367159 0.0083539390270554372 -0.00076188178314633712 0.0029183875062621769 0.033749491751606166 0.020624306664641726 -0.0069600189536941706 -0.016937763771569841 0.028845999650272909 0.011395503554272345 0.00082951271734239222 -0.01101251022221756 -0.011547506584998972 -0.00043587576475264794 0.0029645367503798193 0.0091426553851902646 0.0023553110371123953 0.0012919181237208116 -0.00043320467571497721 0.0095662234277898855 0.012436764701947999 -0.0047030147225146498 0.037033700930538455 -0.0037431382523550787 -0.011230099279605891 -0.0011386531674183185 0.00013174590929678195 -0.0021524291499246044 -0.012568095404696869 0.028833923945058043 0.0028762976017998386 -0.00017722011268504835 0.017167924037499539 -0.016738461936941045 0.011812225317852859 0.0022737307729821326 -0.022105232447725647 -0.029635182807076423 0.00122843374104131 -0.0035716259804276494 -4.5134575279669269e-06 0.053488992756344306 0.0099501309354387071 0.048627299704138358 -0.0020789142555569418 0.00021967786508602413 0.0086650750888699578 -0.02025150922321111 0.0045693215962420734 0.0052910188646287971 -0.002357399145456779 0.0061019219666065549
leaf_weight=101902.981112957 30767.400472640991 56360.518355131149 52644.181095123291 65909.646553754807 4669.4641363620758 91883.892487287521 47360.391684055328 29627.17244052887 14547.967725276947 46769.689867019653 48320.555850744247 26742.314749240875 55112.264020442963 20779.606573581696 1555.840677022934 11993.861452102661 42354.417464017868 2564.3021259307861 1767.645658493042 4954.5899240970612 70845.642057180405 14403.1009516716 4221.290009021759 7648.553920507431 49773.921780109406 23969.609420776367 76062.505323410034 27173.923471927643 96596.314663171768 22442.014542818069 25761.087495565414 35199.610352039337 1021.471426486969 74457.875165462494 12741.239346027374 30486.372406959534 46518.771913051605 32339.458470106125 13587.024976730347 1577.7816708087921 99522.205535411835 88853.420996427536 5390.4444382190704 6924.6247572898865 4754.1462726593018 216937.26875519753 2695.3270034790039 2347.887261390686 15218.004264116287 253625.98194384575 109900.76470541954 417 1771.1809177398682 424.06558513641357 12714.481257677078 31802.090412139893 7283.2013330459595 12708.621075630188 32775.016117095947 10908.55544424057 5300.9023370742798 13361.712850809097
leaf_count=92201 15978 12448 18730 14717 1110 45588 22271 10035 2166 6142 11523 5593 6713 3100 513 3336 11807 377 1044 1054 29481 3100 1176 1624 7292 7997 17142 6458 22366 4424 8637 6341 190 11242 3519 7903 6575 23957 2146 678 21275 19400 1907 1588 2242 157670 316 331 5201 64761 24955 417 706 70 2720 6692 3369 4385 8145 3883 2535 2587
internal_value=-3.33763e-05 -0.00174009 0.00279038 0.00538913 0.00174189 0.00255758 -0.00354902 -0.00716452 -0.00272689 -0.000468941 2.64098e-05 0.000921255 -0.00406733 0.00188627 0.00316575 0.0116359 -0.00246794 0.00327566 -0.0022102 0.000973772 -0.00289244 -0.00190579 -0.0019661 0.0092372 -0.000486253 0.00597719 0.00467101 -0.00230916 0.00232608 0.0121942 0.00885709 -0.000967656 0.0107635 -0.00228975 -0.0118604 0.00098064 -0.000760363 0.000950014 -0.0105983 0.00410837 0.00403739 -0.00182924 0.0111539 -0.0107977 -0.00266101 0.00184367 -0.00775006 -0.015075 0.00607203 -0.00310104 -0.00126557 0.00243342 0.0182679 0.0130247 -0.0068264 0.00172591 0.0123015 -0.0157356 0.00181832 0.00923357 0.00435208 0.000360969
internal_weight=2.36105e+06 1.4716e+06 889455 255693 633762 519486 607329 112492 494837 864269 759692 559116 104577 413902 268890 64638 200576 191055 464354 81940.9 382413 63874.3 114276 32667.9 145011 166118 141972 351646 236223 25019.3 65372.8 102682 23463.5 95237.5 55077 67482.7 49083.1 353368 30482.9 100745 126265 145214 18066.6 11594.1 57415.4 251465 49465 15934.9 39187.6 280800 158221 219125 2188.18 26185.2 27117.6 36756.7 8860.98 25449.9 63261.4 16299 10055 109958
internal_count=793849 360218 433631 60877 372754 346491 186708 44987 141721 173510 160339 112054 13171 80206 58572 22066 48285 38811 137078 20400 116678 13566 26263 6751 21634 71540 31859 100700 51821 5127 21905 23565 4614 14342 17939 17224 6952 274951 4643 49635 26868 31848 6834 2698 27048 182750 6458 2477 13198 71219 36478 158793 1123 8707 5820 7746 4047 7904 16048 5790 4777 24953
cat_boundaries=0 1 2 4 8 12 16 17 21 25 29 33 37 41 45 49 50 54 58
cat_threshold=22 6 268581303 132224 1342210056 3221512320 2125505 10240 1628447640 537928784 1073742160 1083456 16789888 1073746944 1610639488 1097728 1 2098112 17825792 1610613248 33346 4248 1628766721 1086476290 1050112 1093669120 1074381328 281696323 1057810 1348472842 3221275336 2167687876 8918400 2685449936 2701132800 3892913284 33360 16512 2164330561 1073747990 1066880 587202592 35392160 942153380 28 1627435592 558080 138417665 32850 6 1092629120 17874960 805507584 34880 536903680 1320576 3492499968 2
is_linear=0
shrinkage=0.05


Tree=49
num_leaves=63
num_cat=13
split_feature=5 12 16 16 16 16 15 20 20 4 9 16 1 10 13 10 16 5 19 4 11 20 19 9 19 4 13 19 4 7 16 16 19 16 10 16 4 4 19 19 8 16 9 9 6 16 4 19 11 9 7 15 13 16 16 16 16 20 9 12 16 19
split_gain=4186.54 1415.86 1209.28 1717.87 1600.27 1078.31 1065.32 1072.83 1038.9 827.19 762.551 734.082 688.281 749.532 769.997 662.999 569.301 544.282 536.449 527.766 520.798 513.637 496.014 579.274 489.542 483.839 704.673 826.445 466.813 536.733 419.625 588.267 462.075 421.662 418.62 412.494 397.33 383.439 376.506 372.588 362.876 362.536 1094.54 360.51 353.447 588.012 587.468 351.714 345.419 339.257 332.027 443.863 328.092 326.391 327.577 319.332 314.402 313.936 311.893 295.151 293.25 425.843
threshold=0.4708962118878966 0.42237164668368821 17.500000000000004 25.500000000000004 9.5000000000000018 45.500000000000007 45.500000000000007 0 1 4.5000000000000009 0.55292110018068674 51.500000000000007 165.50000000000003 1.5000000000000002 4.5000000000000009 1.5000000000000002 15.500000000000002 2.0016920473773268 2 41.500000000000007 0.029996706261585338 3 4 0.84216632067407504 5 55.500000000000007 13.500000000000002 6 4.5000000000000009 63.500000000000007 25.500000000000004 22.500000000000004 7 45.500000000000007 2.5000000000000004 9.5000000000000018 4.5000000000000009 4.5000000000000009 8 9 1.0856192359782446 18.500000000000004 0.14302761677463352 0.97623392422662503 0.1892237506048248 21.500000000000004 245.50000000000003 10 0.028621013153604765 0.81085412335412343 196.50000000000003 266.50000000000006 11.500000000000002 44.500000000000007 48.500000000000007 11.500000000000002 24.500000000000004 11 0.87515133171912851 0.033350087102585753 12.500000000000002 12
decision_type=2 2 2 2 2 2 2 1 1 2 8 2 2 2 2 2 2 2 9 2 2 1 9 8 9 2 2 9 2 2 2 2 9 2 2 2 2 2 9 9 2 2 10 8 2 2 2 9 2 10 2 2 2 2 2 2 2 1 10 2 2 9
left_child=2 6 4 8 21 20 7 11 43 -10 16 17 13 25 39 -7 19 53 49 -6 22 28 23 -5 -12 26 27 -9 -1 47 31 35 -33 -32 -14 -16 -29 -28 -11 -15 -19 42 55 -4 46 -46 -40 -30 -47 56 60 -52 -17 -2 -55 -37 -3 -20 -56 -44 -8 -62
right_child=1 18 3 5 10 15 50 12 9 38 24 -13 34 14 30 52 -18 40 57 -21 -22 -23 -24 -25 -26 -27 37 36 29 -31 33 32 -34 -35 -36 41 -38 -39 44 -41 -42 -43 59 -45 45 48 -48 -49 -50 -51 51 -53 -54 54 58 -57 -58 -59 -60 -61 61 -63
leaf_value=0.0008640993219883674 -0.0038293117742723829 0.00066436302703364427 0.013890169715286303 0.0080095918970545087 -0.0051112614689390202 0.0046908821024309382 -0.00033002918697601938 -0.010630132459252775 0.0047540556134951324 0.0087757488240309909 0.0034696978893573767 -0.022076671211503654 -0.0079949233782802154 0.0060478111782324862 0.0051471093378129343 -0.0011870811886678021 0.036835529982220887 -0.0053885310965284643 -0.011208198888041518 -0.018626230440366497 0.0045022870049991467 0.00047419148385792324 -0.0019833049214758713 -0.0011969097215468311 -0.0034720773435847857 -0.0034392315227965882 -0.012105293880652828 0.018662939592931121 0.01618039026962417 -0.0009969891864750446 -0.0025593097026220531 0.016905423484525332 0.001703129001125408 0.0035460004147518823 -0.0019328506985959886 -0.02826105589817823 0.0051108662849666964 -0.0013121022925384504 0.023468161695374426 0.019555460385860934 -0.014753253461832642 0.0042586776566302942 0.0064819288727126171 -0.00067900092204194152 0.010614667293954511 0.016492008423531365 0.072546705056400998 0.0076951829117981501 0.031764533195363369 0.00049056720259507843 -0.0075463370270327877 0.0016306580725045467 0.015266881336109112 0.0066105389809959477 0.0013883341010836232 -0.07684064628326702 -0.0090306344092931923 -0.0051704212628350642 -0.015747886089680418 -0.0036249376729627944 0.0094017996845835745 0.002878657916299902
leaf_weight=26132.679528713226 134836.92864227295 13215.81756067276 5130.6495611667633 33119.3565762043 15487.425771951675 86388.450016260147 36632.284787654877 7964.3179988861084 23237.640234470367 14200.974171876907 35665.178353071213 5851.0981559753418 42505.547505378723 14837.264548778534 51926.261681556702 3426.1555957794189 623.52215886116028 26031.503951787949 24129.543105363846 13538.530798912048 83471.186861991882 59205.724831819534 132380.57093405724 35291.270901679993 88150.808127164841 170448.56120681763 9111.8096795082092 6060.7454414367676 19965.485082387924 11418.652844905853 99990.545941114426 12410.89506149292 8382.6479377746582 39432.707561254501 86296.256003379822 966.01337265968323 50209.816451072693 84829.735502719879 8035.859037399292 7799.8362066745758 17167.050149917603 25169.871468782425 8810.3994014263153 24604.274423599243 21196.369912862778 7984.3860256671906 659.15053534507751 31645.325424909592 6909.6417207717896 70908.011810779572 17019.28848028183 58337.581872463226 26169.912596940994 16572.505671977997 8111.2773485183716 521.34482026100159 22769.047329187393 200688.20872163773 3946.4924476146698 40085.992214202881 35263.661039113998 86179.926364421844
leaf_count=20468 38319 3888 2277 12865 7389 51897 8536 2556 19082 6168 18800 1645 5978 3143 10830 752 308 12264 9370 3383 38358 33725 69147 22465 49064 36133 4827 2848 7520 1844 19895 2451 1717 8009 11316 189 13355 29827 6506 1584 5332 5123 1665 16236 5754 2507 234 12477 2127 18022 2414 7645 6567 4637 2070 103 6458 56113 1229 8143 7901 20122
internal_value=-9.07819e-06 -0.00153767 0.00289288 0.00437224 0.000382445 0.00284075 -0.00074648 -0.00146935 0.00984713 0.0127429 -0.00319725 -0.00461321 -0.000599051 7.30907e-05 0.00183533 0.00690364 -0.0103995 -0.0041189 -0.00443256 -0.0114155 0.00118299 0.00408513 -0.00019689 0.00325977 -0.00147249 -0.00159106 0.000400514 0.00443634 0.00648206 0.0088123 0.00113668 0.00298837 0.0107861 -0.000832548 -0.00393343 0.00171638 0.00656966 -0.0023591 0.0158921 0.010714 -0.00911032 -0.000641516 -0.00308951 0.00183462 0.0181424 0.0159653 0.0271966 0.0109825 0.0235789 -0.00151596 0.00228912 -0.000442032 0.0133621 -0.0027998 0.00204873 -0.0453292 -0.00547013 -0.00581897 -0.00422117 -0.00180374 0.0035911 0.00477386
internal_weight=2.35946e+06 1.54542e+06 814039 512206 301833 400247 1.21371e+06 980277 111959 82224 153465 212517 767761 638959 310334 115985 29649.5 206666 331711 29026 284262 148368 200791 68410.6 123816 328625 158176 64234.9 89162.1 63029.5 287697 148273 20793.5 139423 128802 127480 56270.6 93941.5 58986.4 22637.1 43198.6 75553.6 50383.7 29734.9 44785.4 36090.4 8695.01 51610.8 14894 106893 233433 75356.9 29596.1 163467 28630.3 1487.36 35984.9 224818 12057.8 48896.4 158076 121444
internal_count=793577 375657 417920 262942 154978 202051 281806 235188 60891 42378 78944 65496 169692 152398 62852 59216 11080 63851 93851 10772 142835 76034 104477 35330 67864 89546 53413 18759 42309 21841 58125 30221 4168 27904 17294 26053 16203 34654 23296 4727 17596 15223 10100 18513 17128 10388 6740 19997 4634 28368 46618 10059 7319 46255 7936 292 10346 65483 3299 9808 36559 28023
cat_boundaries=0 1 2 3 4 5 6 7 8 9 10 11 12 13
cat_threshold=9 1 59402 6 270497 1288242 540672 72778 803200 591043 231528 1 1106561
is_linear=0
shrinkage=0.05


Tree=50
num_leaves=63
num_cat=22
split_feature=5 12 12 15 9 16 16 16 16 17 16 6 13 17 19 17 16 16 9 16 16 17 17 16 16 17 13 4 17 4 16 16 16 17 16 16 16 9 16 17 17 17 17 16 5 17 17 16 16 17 19 16 16 20 16 17 16 19 9 17 4 17
split_gain=3783.44 1336.51 1151.34 803.811 792.118 1505.57 1077.75 962.002 813.588 825.073 742.409 735.95 631.807 604.596 596.929 561.838 533.895 2122.67 1746.66 654.694 614.698 602.398 522.101 516.539 792.054 573.201 503.447 489.639 485.508 481.835 481.52 460.271 592.83 674.836 457.965 923.433 945.105 1226.88 903.625 891.749 544.13 459.488 456.805 455.622 445.131 444.58 439.372 406.064 752.632 399.392 382.551 362.367 1081.85 420.535 525.345 407.734 351.048 340.777 335.598 326.974 332.233 326.646
threshold=0.48038461538461547 0.14450892485460484 0.2616105926054349 8.5000000000000018 0.85018427845067035 14.500000000000002 16.500000000000004 48.500000000000007 11.500000000000002 0 49.500000000000007 1.8992364632511514 28.500000000000004 1 2 3 12.500000000000002 9.5000000000000018 0.060737812911725968 25.500000000000004 11.500000000000002 4 5 51.500000000000007 44.500000000000007 6 24.500000000000004 6.5000000000000009 7 8.5000000000000018 49.500000000000007 39.500000000000007 32.500000000000007 8 25.500000000000004 19.500000000000004 10.500000000000002 0.47376679145562656 44.500000000000007 9 10 11 12 15.500000000000002 0.10020920502092052 13 14 40.500000000000007 32.500000000000007 15 16 39.500000000000007 41.500000000000007 17 31.500000000000004 18 8.5000000000000018 19 0.5263592148688554 20 6.5000000000000009 21
decision_type=2 2 2 2 10 2 2 2 2 9 2 2 2 9 9 9 2 2 10 2 2 9 9 2 2 9 2 2 9 2 2 2 2 9 2 2 2 10 2 9 9 9 9 2 2 9 9 2 2 9 9 2 2 1 2 9 2 9 10 9 2 9
left_child=2 4 3 14 16 8 28 13 57 61 12 15 -4 -8 -1 -3 17 -2 20 21 -19 -18 -20 24 25 -21 -17 -5 -7 -14 -9 32 -27 -34 35 36 41 -38 39 47 -40 -28 -39 -30 -29 -32 56 48 -36 -16 -50 53 -53 -15 -55 -56 -31 -6 -26 -12 -61 -10
right_child=1 11 10 27 5 6 7 30 9 -11 59 -13 29 51 49 26 19 18 22 23 -22 -23 -24 -25 58 31 34 44 43 46 45 -33 33 -35 38 -37 37 42 40 -41 -42 -43 -44 -45 -46 -47 -48 -49 50 -51 -52 52 -54 54 55 -57 -58 -59 -60 60 -62 -63
leaf_value=0.0063139456373084938 0.0032032286132226842 -0.0069556331514703494 -0.0036241033312312148 0.0029052948346025716 0.0038846356312016573 -0.025247228762929383 -0.0057470594092236954 -0.019417446182454664 0.043447815094137046 0.0054508233987220871 0.0027727859436522087 -0.0071636248964969153 -0.00029272271240575855 0.0028804802868928271 -0.0026854647588405106 -0.0049051595449803118 0.001703945888306203 -0.027586838296508431 0.0041415493391955679 -0.0042796850727552758 -0.06391285882039309 0.012168289410247916 -0.012483984032777451 -0.011444393149908487 0.0095372622179487939 0.00085714154484552185 -0.0023924171490361961 0.017747780594040124 -0.002487412365224909 0.012417450100009192 0.0074350846352218228 -0.0020689885379997111 0.019811066732741762 0.0012889324338387896 -0.00076137499242283661 0.0069932063068637298 -0.035728254729183707 0.0040922007434412702 -0.0079216667542196979 -0.0066759688832199963 0.004093058058166797 0.0044864215578656816 -0.0070045256656500457 -0.01437150722494354 0.008007109005333168 -0.010237453715295698 0.00019669849592765626 -0.0075677664192490878 0.029447802719520574 0.003098401281336414 0.0076283403501924141 -0.013449266994299561 0.00051646906978801172 -0.0050081950939949412 -0.0065441913179657904 0.013408892717643126 0.0042242880775554652 -0.0023413671721267712 0.0025444514191314532 0.0051691277578653876 0.019665016920663698 0.018697553716680738
leaf_weight=127687.05386543274 65430.919890880585 61967.5011241436 75288.525084972382 18307.414410352707 46224.162586927414 5198.7150132656097 60418.586675167084 10309.173459768295 1685.9029262065887 23553.763671636581 12578.239083766937 96182.33319735527 189281.65286207199 112315.76023292542 38518.898948907852 111998.84293913841 24545.834269762039 3917.5889668464661 7069.2878894805908 53529.762823820114 1658.2866454124451 31306.401232481003 14200.75233745575 7446.4014811515808 37346.747094869614 28774.711762905121 40749.839456558228 21939.102628231049 15215.600924491882 15516.974184989929 4644.4046366214752 34577.872324466705 11701.565595388412 8491.9737548828125 13241.522291660309 43986.558804750443 3346.1694519519806 11943.129582881927 11301.086738586426 123866.87629413605 56457.74964427948 60024.636780261993 41429.158393383026 17162.186309337616 25206.77371096611 15140.383050918579 64143.436158418655 6659.9419577121735 4044.4742832183838 132476.875010252 4029.766548871994 18733.851179599762 53367.347281455994 43139.424187421799 3782.5346791744232 7889.1479167938232 83024.482951641083 41882.328055143356 31739.849539995193 6851.8980183601379 9343.6871366500854 6651.1012136936188
leaf_count=54587 13730 16806 28701 14023 11350 1254 14772 2508 465 5750 6824 28034 147347 23940 19895 25177 5425 1035 1299 11046 436 6449 2726 1540 8306 5906 10639 9602 3417 5380 1136 6749 2366 1760 3567 12759 985 3093 3298 32833 15823 16130 11272 3705 5268 3756 25250 1921 1175 62308 1179 4500 12769 10307 894 2053 30821 11147 5902 5351 3263 1516
internal_value=-1.25909e-05 -0.00147331 0.00273066 0.00482711 -0.000144389 -0.00146019 -0.00304867 -0.00213436 0.0034022 0.0102452 0.00105665 -0.00310565 0.000533104 -0.00127848 0.00372738 -0.00244972 0.00162819 -0.00165428 -0.0134931 0.00275227 -0.0383999 0.00757204 -0.00696233 0.00149202 0.00195932 -0.000240871 -0.00192575 0.00984536 -0.0110716 0.00142237 -0.0106561 0.00234713 0.00546594 0.0120329 -0.00113333 0.000588165 -0.00120075 -0.00636357 -0.00271275 -0.0048553 0.00208854 0.00170506 -0.00452192 -0.00878424 0.0125402 -0.00609014 0.00341785 0.00320717 0.00657542 0.00179543 0.0186062 -0.000149645 -0.00311234 0.00112851 -0.00246158 0.00694841 0.00551399 0.000925223 0.0063247 0.00883043 0.0135246 0.0237532
internal_weight=2.36045e+06 1.54028e+06 820165 364136 849052 487314 367317 329741 119997 31890.8 456029 691230 427255 299647 298683 595047 361738 92276.8 26845.9 269461 5575.88 55852.2 21270 213609 206162 137076 533080 65453.3 37576.5 351967 30094 83546.1 48968.3 20193.5 421081 201479 157493 56718.5 219601 151843 67758.8 100774 53372.3 32377.8 47145.9 19784.8 162685 27975.7 21315.8 170996 8074.24 239228 72101.2 167127 54811.1 11671.7 98541.5 88106.5 69086.6 28773.8 16195.6 8337
internal_count=793225 374605 418620 165683 189914 115239 85011 76635 30228 7731 252937 184691 237499 69235 136790 156657 74675 19226 5496 55449 1471 11874 4025 43575 42035 27827 139851 28893 8376 208798 7400 16781 10032 4126 114674 54878 42119 15350 59796 40675 19121 26769 14365 7122 14870 4892 61451 7842 5921 82203 2354 54463 17269 37194 13254 2947 36201 22497 14208 15438 8614 1981
cat_boundaries=0 4 8 9 13 17 21 25 28 32 36 39 43 47 51 55 59 60 61 65 66 70 73
cat_threshold=208 98320 3356102688 1081346 1076922400 1610656960 2286040963 76294 203082 18909544 1107788432 2149612448 273664 2150629760 554477697 3502247553 576 1056896 17563648 1216479744 34818 1610646728 541631488 1749684321 32770 1091571712 1628700800 411042432 2101504 17039488 276905984 592 4096 17333248 276824149 16904 4096 524288 272629831 2147495936 554195968 813696070 576 3221226112 0 134348801 32768 16785608 17039360 1749156352 34818 1611662992 1091578960 1615527990 1090132 1379926656 3222847688 29272709 8704 8576 12 536871424 1048576 524288 32768 1509496 2148532288 537683648 275281427 1600 0 32768 135200
is_linear=0
shrinkage=0.05


Tree=51
num_leaves=63
num_cat=19
split_feature=5 0 8 10 20 5 20 0 13 0 8 0 21 15 0 0 10 4 10 13 4 17 2 20 8 17 11 17 8 17 17 0 6 17 0 20 2 10 17 13 0 17 17 20 10 13 17 13 8 7 4 10 13 21 9 17 10 15 11 17 11 11
split_gain=3537.16 1050.3 1131.29 902.242 890.621 768.181 682.724 786.625 788.711 834.059 572.412 554.193 500.819 475.717 453.968 453.727 669.627 437.728 437.54 414.584 411.517 388.414 380.144 370.143 354.079 332.832 326.164 320.336 307.873 291.451 271.243 258.935 315.992 312.982 258.895 255.346 270.523 254.975 252.013 245.175 242.139 240.065 229.918 225.076 219.661 218.896 215.588 213.044 211.638 208.036 206.381 252.343 205.419 255.127 199.763 198.625 197.248 192.653 188.243 181.952 175.116 174.524
threshold=0.80044994375703049 10.500000000000002 1.1068331727562442 2.5000000000000004 0 0.12955677943876218 1 83.500000000000014 3.5000000000000004 7.5000000000000009 1.1068331727562442 1.5000000000000002 2 21.500000000000004 258.50000000000006 1.5000000000000002 1.5000000000000002 6.5000000000000009 2.5000000000000004 6.5000000000000009 1.5000000000000002 3 9.5000000000000018 4 1.2221860296778866 5 0.067779660845796272 6 1.2856330245408747 7 8 1.5000000000000002 0.63330351818723918 9 1.0000000180025095e-35 10 121.50000000000001 6.5000000000000009 11 12.500000000000002 1.0000000180025095e-35 12 13 14 2.5000000000000004 6.5000000000000009 15 19.500000000000004 2.0078740157480319 287.50000000000006 382.50000000000006 4.5000000000000009 53.500000000000007 16 0.98132087227414344 17 2.5000000000000004 29.500000000000004 0.035101574688205427 18 0.042355931829661138 0.050830509824057422
decision_type=2 2 2 2 1 2 1 2 2 2 2 2 9 2 2 2 2 2 2 2 2 9 2 1 2 9 2 9 2 9 9 2 2 9 2 1 2 2 9 2 2 9 9 1 2 2 9 2 2 2 2 2 2 9 10 9 2 2 2 9 2 2
left_child=1 2 15 6 18 21 7 8 9 30 42 39 26 24 19 16 20 -10 34 35 45 -6 -23 29 38 44 46 -9 49 -22 58 -19 47 -34 -4 36 -5 -16 -13 55 -20 -17 -3 50 -7 -1 54 -33 -26 56 -21 59 53 -35 -11 -8 -12 -45 -2 -52 -56 -32
right_child=3 10 4 14 5 25 11 27 17 12 28 13 -14 -15 37 41 -18 31 40 43 23 22 -24 -25 48 -27 -28 -29 -30 -31 61 32 33 52 -36 -37 -38 -39 -40 -41 -42 -43 -44 57 -46 -47 -48 -49 -50 -51 51 -53 -54 -55 60 -57 -58 -59 -60 -61 -62 -63
leaf_value=0.0090681961984122629 0.03546545753117461 -0.0077277184066801953 0.00027835208544546602 0.024681586505313869 0.00012824204386251958 0.0051585003652067632 0.010594790638189701 -0.004143997576724504 -0.0075244345658465918 0.020143862706287319 -0.001252131700770035 -0.0024345352239419867 -0.0087997129007312547 0.00018076170867160847 -0.0078766940178217112 -0.0078570812456568717 0.006682638524078615 0.0018167255795934608 0.01926743684930116 0.003370071951446168 -4.6364757559946095e-05 0.010450805572724424 0.020105347342003692 0.00055144447944878168 -0.013128468947765443 0.00057743440289384008 -0.011485440711471909 -0.01241927570310002 0.0041788444325302288 0.0044743839678204047 0.013176065995785483 -0.0082678168424667343 0.0020939750006727957 -0.0003255988195459396 -0.008150505396807891 -0.00072134221977169458 0.0077435416906061656 -0.00038454066536991742 -0.0088527466966250874 -0.0033839823782396182 0.0035239044689238789 -0.00033558136048988344 -0.0017875394548476883 -0.0037663396075159478 0.010228666826826424 -0.001575218670903203 -0.00024358893585562909 -0.0031974160946895746 -0.038749142020200772 -0.003116696249660468 0.00076262760310684798 0.0031961997323270586 -0.0045834467056906783 -0.0045248706012502261 0.011915999527741679 -0.001893664759635272 0.003355282434491535 0.0011941492229557748 0.016432115019498435 -0.0044264340869095411 -0.0011769472181964063 -0.0026963943661083008
leaf_weight=5052.3803935050964 1947.957754611969 36261.759995937347 20692.042151689529 3379.5449130535126 5994.7639968395233 98252.678647756577 6542.1177611351013 22768.535565853119 36602.824545383453 3561.0659954547882 54125.49094247818 20607.661083936691 10773.567476034164 16966.501214504242 25041.082996845245 11471.093555450439 71988.412397623062 43730.92462348938 2931.783714056015 76379.100310087204 44140.109132766724 30536.861685037613 15309.794304609299 174620.99009752274 24711.94867181778 32429.92896938324 2976.0608701705933 24112.475783824921 41101.112872600555 185557.4736533165 6228.606241941452 29158.048935413361 52058.100016355515 149049.5411438942 16274.982433319092 5021.6804661750793 7793.383632183075 20778.646410942078 59618.181864738464 42295.326454639435 14608.092845201492 139503.64898180962 29607.990648269653 48708.792390584946 27298.786805152893 109660.07539701462 8340.5437614917755 71565.182466268539 832.52699565887451 56071.159507274628 33193.327140569687 38424.24161529541 65174.323212146759 47751.563512325287 6103.8637478351593 6192.0367693901062 40692.965550899506 32721.958901643753 3907.5874629020691 34390.9373087883 4390.1851596832275 2398.2583191394806
leaf_count=3341 732 5966 7659 691 1901 23817 3208 3262 18446 761 9070 5659 2390 4867 3106 2618 23647 19601 858 15904 26480 11270 3727 110640 7682 7770 676 3563 6040 107901 2386 7122 11525 33245 4669 1153 1165 2430 18138 20701 3446 32080 4905 10482 5930 96387 1842 20012 278 7457 5132 5658 16916 11235 1328 3061 6726 6333 1463 5418 959 899
internal_value=7.36918e-06 0.00180974 0.00253928 -0.00207121 0.00534803 0.00682711 -0.00300411 -0.00218873 -0.00165483 0.00428931 -0.00103732 -0.00572177 0.000226934 -0.00759141 0.000134449 0.00153867 0.00216358 -0.00226268 -0.000346845 0.00088941 0.00153679 0.0121087 0.0136722 0.0022867 -0.00883813 0.00509433 0.00406197 -0.00840396 0.000342544 0.00360569 0.0144275 -0.0018426 -0.00222843 -0.00144681 -0.00343263 0.00865439 0.0128571 -0.00447918 -0.00720555 -0.00155273 0.00615638 -0.000907657 -0.00505916 0.000412723 0.00626049 -0.00110637 0.00613024 -0.0046653 -0.013965 -0.000702453 0.00138853 -3.9059e-05 -0.00215042 -0.00134477 0.00990545 0.00452939 0.000725234 -0.00177282 0.0227301 -0.00187845 0.00643898 0.00875359
internal_weight=2.36038e+06 1.26418e+06 1.00632e+06 1.0962e+06 264330 209823 770366 592599 545718 50627.7 257860 177766 36145.3 122737 325833 741994 591019 495091 54506.9 280013 519031 51841.4 45846.7 404319 105770 157981 25371.7 46881 191991 229698 14482.4 458488 414757 314034 36967 16194.6 11172.9 45819.7 80225.8 55029.5 17539.9 150975 65869.8 263818 125551 114712 22395.7 100723 25544.5 150890 182388 106009 261975 196801 14055.1 12734.2 94818.5 81430.8 5855.55 67584.3 10494 8626.86
internal_count=793734 514305 474141 279429 71047 54415 221957 158363 151538 13436 40164 63594 7956 36624 57472 403094 368396 138102 16632 51936 344749 16898 14997 245021 31757 37517 5566 6825 29293 134381 5480 119656 100055 72921 12328 3009 1856 5536 23797 26970 4304 34698 10871 48927 29747 99728 4890 27134 7960 23253 32112 16208 61396 44480 3048 6269 15796 16815 2195 10550 2287 3285
cat_boundaries=0 1 2 4 8 9 13 17 21 25 29 30 34 38 42 43 47 49 53 57
cat_threshold=1 6 34224615 132104 2165309464 536979456 142872577 2056 12 556803728 18383936 1883898132 1099586 2106304 16777216 1610620928 1081936 270536714 3221537392 2418336071 70924 18887552 1622016 1346589184 2114 17624 3222491713 1623200514 1066624 22 2106992 16787008 3238085044 32768 1358987264 3221357056 539111232 8192 2686452864 1885184 1342912128 33810 6 538978176 262144 1879704192 32832 2438017983 34080 555778576 1322632 3624603648 10 2110400 1074863104 1619001984 51776
is_linear=0
shrinkage=0.05


Tree=52
num_leaves=63
num_cat=24
split_feature=5 3 10 5 10 0 20 0 13 0 21 11 0 19 1 3 0 13 8 19 0 13 19 20 8 11 6 17 7 21 8 17 10 17 10 19 17 3 10 20 3 0 13 8 5 17 17 10 0 17 17 17 17 8 17 17 17 8 20 7 8 19
split_gain=3178.7 890.807 1099.18 974.589 805.304 653.636 738.825 723.97 655.309 805.703 537.011 518.613 511.5 438.536 416.442 411.798 396.437 428.472 396.295 388.892 356.398 332.946 440.075 321.67 383.414 320.37 292.341 297.058 281.137 280.343 279.777 274.855 264.793 262.896 263.046 259.438 249.12 262.787 242.372 239.059 330.489 232.446 274.896 254.955 230.013 223.014 221.391 211.011 206.495 212.663 203.717 202.33 201.537 200.413 197.293 191.037 190.234 187.629 186.703 243.562 207.96 173.563
threshold=0.76200284439213395 298.50000000000006 1.5000000000000002 0.21165907563652656 2.5000000000000004 155.50000000000003 0 2.5000000000000004 3.5000000000000004 6.5000000000000009 1 0.027779660824065411 1.0000000180025095e-35 2 1.0000000180025095e-35 4.5000000000000009 335.50000000000006 8.5000000000000018 1.2038970548353856 3 1.5000000000000002 12.500000000000002 4 5 1.0789925845541692 0.012364406720735134 0.62905480563990024 6 31.500000000000004 7 1.9987834549878347 8 6.5000000000000009 9 3.5000000000000004 10 11 14.500000000000002 2.5000000000000004 12 125.50000000000001 3.5000000000000004 4.5000000000000009 1.0834002140181918 1.2287991476632454 13 14 5.5000000000000009 23.500000000000004 15 16 17 18 1.2345916429249766 19 20 21 1.625508130081301 22 238.50000000000003 1.0606674027726661 23
decision_type=2 2 2 2 2 2 1 2 2 2 9 2 2 9 2 2 2 2 2 9 2 2 9 1 2 2 2 9 2 9 2 9 2 9 2 9 9 2 2 1 2 2 2 2 2 9 9 2 2 9 9 9 9 2 9 9 9 2 1 2 2 9
left_child=1 2 11 25 5 6 8 21 9 35 19 12 14 51 50 -10 17 39 28 31 -17 22 -8 24 -5 -4 46 -28 -3 -14 48 -11 58 -25 -35 56 37 -27 45 40 -6 42 -15 -44 -29 -30 -22 -18 49 -9 -1 -13 -23 -7 -31 -16 -2 -46 59 60 -19 -26
right_child=4 18 3 23 16 53 7 30 15 10 -12 13 29 41 55 20 47 32 -20 -21 26 52 -24 33 61 36 27 44 38 54 -32 -33 -34 34 -36 -37 -38 -39 -40 -41 -42 -43 43 -45 57 -47 -48 -49 -50 -51 -52 -53 -54 -55 -56 -57 -58 -59 -60 -61 -62 -63
leaf_value=0.0021409694287815991 -7.3529281306672096e-05 0.029900256073082845 0.0039031670103124479 0.0012267404153446654 0.02306049103593158 -0.015615397473760713 0.011286702459477013 -0.0062370041430610161 -0.0069014503866982983 0.0036787815977941483 -0.0078884475098494247 -0.0050449229744434793 -0.010006201595652381 0.018890812027082059 0.0067495273275910463 0.0020111705093981548 -0.0097486928273187515 -0.002703746156020247 0.0016274455854652752 0.0075011929477702428 -0.00084098822248597027 0.0017644854685466714 -0.0027350372443770855 0.010215773338712052 0.001873703707869539 0.0082676196321425765 0.00080216453483635409 -0.0010118167638802737 -0.0029144284463203992 -0.0066325825264849873 -0.03204537675637454 -0.013596913649638373 0.004001988961883648 -0.0026253734002139712 0.004374339211981622 0.024644249204093138 0.0081454657739700297 0.017964184450110152 -0.001310741032743552 -0.00055340466333594245 0.0064993783752031716 0.00077717201807370921 0.0039707445980671704 0.0093420718627301065 -0.0036649807098068444 -0.0095339242057826835 -0.0058751230124620534 -0.0017671644181707512 -0.022205519668327546 -0.0120914562670001 -0.0009924324728159213 0.0014888617205478022 -0.0055540706410861481 -0.0056909737414800494 -0.00065936155751228462 0.0021668165202237341 0.014531528151331989 -0.019581296126556815 -0.0028898391955135849 -0.0024459436779997669 0.0023916822837879801 0.0073008926380238098
leaf_weight=75191.191658973694 3416.2709193229675 630.73744940757751 18763.886473655701 58361.248147964478 3750.5278196334839 12121.846115112305 9007.5171067714691 45689.639176130295 43737.658206939697 4693.4041578769684 14432.800150632858 13256.509088516235 12692.888032436371 3872.793708562851 35816.513031244278 53626.054074287415 13758.677073478699 24479.967960596085 62938.746275186539 21407.477918386459 29819.591355323792 11336.801507711411 14738.435818910599 6198.6141901016235 17985.360040903091 10773.863766908646 94922.666434049606 140832.17493391037 26880.334317207336 17832.078243017197 1313.3191196918488 4504.3574740886688 38356.840617656708 45406.597847223282 19052.827132940292 3969.5362133979797 30246.452779769897 19894.660977363586 56997.78520488739 7983.2724342346191 15298.577863454819 28688.657319545746 86040.034024953842 29725.300861597061 136832.61941576004 24203.9650182724 81758.377490520477 20797.874616146088 2748.1837453842163 23566.217833518982 167195.77925086021 110812.76512932777 55235.625673770905 8767.6890306472778 61409.068375587463 62360.002696275711 6441.9745771884918 1876.0971124172211 60052.761548757553 56585.283121109009 109998.18053984642 82065.426086902618
leaf_count=58535 1326 166 6130 13859 769 1674 3868 12735 22346 1030 3177 7230 3170 1387 15583 22363 1677 5354 8902 4530 7793 4865 6466 1487 3899 4146 20442 29847 4218 4407 438 999 5795 11571 4024 1559 9487 5494 8534 1797 2253 5618 52089 8966 33799 3831 21796 2396 510 6873 132698 58417 24348 1192 15146 28346 2518 578 13250 7806 20815 17396
internal_value=-2.70816e-05 0.00180094 0.00236501 0.00485284 -0.00186665 -0.00271856 -0.00249221 -0.00549143 -0.00172796 0.00329988 5.85387e-05 0.00127532 0.000199002 0.00298423 0.00109239 -0.00223531 0.000139721 0.000694914 -0.00152999 0.00380764 -0.00185713 -0.00249527 0.00258766 0.00319603 0.00444725 0.00961592 -0.00228393 -0.00161455 -0.00335797 -0.00311047 -0.00918301 -0.00478766 0.00013272 0.000390157 -0.000556286 0.0138564 0.0113756 0.0145534 -0.00355233 0.00671487 0.00975597 0.00481892 0.0057885 0.00535002 -0.00243513 -0.00605334 -0.00453035 -0.0049452 -0.00876557 -0.00823194 -2.03634e-05 0.000790357 -0.00430834 -0.0114504 -0.00200428 0.00383963 0.00947586 -0.0038804 -0.000458307 0.00030609 0.00146411 0.00632623
internal_weight=2.36315e+06 1.18529e+06 1.01364e+06 308749 1.17786e+06 826796 805907 163636 642271 58865.8 45038 704894 432498 272396 340563 583405 351062 316505 171652 30605.2 539668 90318.4 23746 229070 158412 79678.9 486042 374464 108713 91934 73317.4 9197.76 289473 70658 64459.4 13827.8 60915 30668.5 108082 27032.4 19049.1 148327 119638 115765 279541 51084.3 111578 34556.6 72004 69255.9 242387 124069 66572.4 20889.5 79241.1 98176.5 9858.25 138709 251116 191063 134478 100051
internal_count=793720 494736 469085 77493 298984 237072 234206 60103 174103 15139 9736 391592 257885 133707 235162 158964 61912 57839 25651 6559 136618 39547 10334 52236 35154 25257 114255 84666 16749 22723 20556 2029 53020 17082 15595 5403 19127 9640 16583 4819 3022 68060 62442 61055 64224 8049 29589 4073 20118 19608 191233 65647 29213 2866 19553 43929 3844 34377 47225 33975 26169 21295
cat_boundaries=0 1 3 4 5 6 7 11 13 17 21 22 26 27 31 35 39 43 47 51 55 59 62 63 64
cat_threshold=22 34287843 1024 1591201 549891 264912 6 1073767832 2165379153 1623200562 1099392 592617472 5636 4680 65552 411123712 32768 1074798800 541065280 3221225752 2048 606531 1630544848 1631608848 1082130688 1092174 22 553661120 1627455504 1745485824 1051138 2148540544 553856001 536937475 83776 3149632 557844160 4035135904 34894 2181072064 574696704 1216488480 9759491 3489702272 537937600 1210073089 67608 2181039200 1665401872 1216352036 2099208 2134024 2149517440 10638976 68672 2148566768 574629376 1216414948 107032 2684354560 273408 786433 22 541057
is_linear=0
shrinkage=0.05


Tree=53
num_leaves=63
num_cat=16
split_feature=5 12 0 15 12 20 8 4 12 15 8 13 8 19 8 5 4 5 19 21 0 0 4 19 6 20 0 19 13 10 7 5 8 13 10 2 6 4 13 10 19 19 19 13 19 20 1 21 20 3 19 10 13 6 6 6 5 6 19 0 1 13
split_gain=2909.26 1137.59 1236.98 1040.84 884.507 764.619 756.444 699.227 654.111 571.319 524.677 492.954 626.849 624.513 446.051 441.591 434.009 755.817 427.029 398.304 351.469 341.46 419.082 313.512 300.233 291.329 276.082 265.611 257.823 257.709 256.132 252.921 248.173 246.032 244.722 246.088 241.92 239.09 238.544 234.336 228.418 225.408 225.086 256.09 222.135 230.565 221.821 220 208.866 206.514 203.237 202.983 198.319 246.547 197.253 185.809 185.73 184.013 181.512 185.735 180.678 179.316
threshold=1.0003933910306848 0.4720258179132148 12.500000000000002 11.500000000000002 0.32316908787235421 0 1.1419177943995276 286.50000000000006 0.076023523968114251 94.500000000000014 1.2023989354049778 4.5000000000000009 1.0022624434389142 1 1.9987834549878347 0.21165907563652656 7.5000000000000009 0.3328716528162512 2 3 220.50000000000003 1.0000000180025095e-35 3.5000000000000004 4 2.3346196660482379 5 1.0000000180025095e-35 6 10.500000000000002 1.5000000000000002 655.50000000000011 1.6252208480565373 1.1273009599096557 80.500000000000014 2.5000000000000004 69.500000000000014 0.45748900293255135 48.500000000000007 52.500000000000007 1.5000000000000002 7 8 9 49.500000000000007 10 11 4.5000000000000009 12 13 397.50000000000006 14 2.5000000000000004 12.500000000000002 0.56376459204307228 2.3130306056930876 0.58541953724746365 0.21165907563652656 2.368851049191607 15 266.50000000000006 1.5000000000000002 98.500000000000014
decision_type=2 2 2 2 2 1 2 2 2 2 2 2 2 9 2 2 2 2 9 9 2 2 2 9 2 1 2 9 2 2 2 2 2 2 2 2 2 2 2 2 9 9 9 2 9 1 2 9 1 2 9 2 2 2 2 2 2 2 9 2 2 2
left_child=1 2 3 5 9 6 21 27 50 11 39 12 18 -14 31 42 -5 33 48 20 25 22 28 -17 44 34 -10 32 -1 37 54 -13 -3 -18 35 -15 -33 41 -25 -4 -35 -23 -8 -44 -6 -46 -24 -20 -2 -41 -7 -28 53 -39 61 -31 60 -12 -38 -60 -29 -11
right_child=4 7 10 16 24 8 15 -9 26 30 57 14 13 19 -16 23 17 -19 47 -21 -22 29 46 38 -26 -27 51 56 -30 55 -32 36 -34 40 -36 -37 58 52 -40 49 -42 -43 43 -45 45 -47 -48 -49 -50 -51 -52 -53 -54 -55 -56 -57 -58 -59 59 -61 -62 -63
leaf_value=0.019559783257223941 0.006630410993985137 0.00063152837077785949 -0.0052709622467472751 0.0020320279073327801 -0.0071185376773169997 -0.00056239337421052998 0.0056769656145703278 -0.0072495544677513308 -0.0008033649152667066 0.0029325719317692634 0.0026277648509113981 -0.0015736600647173098 -0.010214419880567798 0.0081862758549515711 -0.021971532867936419 -0.0019103239069980821 0.010860473523227228 0.0049515126016475711 0.019255995814923516 -0.0069370493927513009 -0.0097358974341314533 -0.0022632588447758493 0.0057025367456974936 0.0074936282808242081 -0.0098198186076831132 -0.0060436184158992913 -0.0081916014812472154 -0.00078351805499028747 -0.00088217190111189317 0.00060242196904249264 -0.0040055195695569276 0.00084545023917766127 0.0072526057021786924 0.039600092161803629 0.016663232501847865 -0.00015012234931827898 -0.0096174826518118043 -0.014643613043950246 -0.0047282725230837798 0.0010080099635631048 0.016646940334373382 0.0061906279010487788 0.019012874632472577 0.0028819986352402755 -0.0027751826737447112 -0.0089274569625114111 0.019057418862799009 0.0067525339510465235 -0.0067761454973219726 -0.0026737073328402874 0.0038424928299386676 -0.0011206184058366712 -0.00061267660990464343 -0.0030860730431138319 0.014389138204005196 0.0060108654394728633 -0.0030130353545128703 -0.0031914517630211529 -0.0037196967232423642 -0.012498510485764018 0.004026992585187978 0.025441349041507869
leaf_weight=1607.3487176895142 6679.8426170349121 57478.21765089035 44757.91030216217 43309.281807661057 51749.564421415329 37266.810323238373 7281.0703389644623 40996.290564775467 77714.085681915283 58481.387073993683 118232.77245235443 241639.19440412521 15118.908084392548 19930.621279478073 2984.0703003406525 12432.536935329437 43210.62490940094 89788.046456813812 7891.5485858917236 12435.671375989914 4873.9627332687378 13467.504151105881 80008.803528308868 63642.524885177612 27095.120513677597 5853.0281195640564 29192.597578525543 148653.34834599495 37657.133817672729 32836.102478981018 11779.49916934967 20453.172665119171 18774.806636095047 1250.6470754146576 4659.5981125831604 15926.329647541046 18324.473479747772 6406.1294357776642 4258.9157130718231 64333.298812866211 8528.3843250274658 19000.975831747055 14149.421358346939 2978.808845281601 154853.63748407364 16886.322366952896 3234.2470316886902 6411.7769482135773 5123.8924894332886 93359.841461658478 88076.733706235886 15558.917504549026 45399.231473445892 16493.543516635895 4277.5914750099182 30753.126700401306 84840.520560503006 15347.716554641724 102304.77873563766 6401.370777130127 22468.67857503891 897.43364667892456
leaf_count=1050 2314 29275 7446 32730 16599 18760 2163 7056 50960 11750 17451 53262 3631 4897 1103 3046 16610 22758 3144 2774 659 4116 43244 14839 10270 1647 8446 107480 31643 7789 1400 8453 4816 514 812 2664 6286 1584 1151 11180 3335 5664 4194 1110 45165 6393 832 2671 2337 13486 40700 3668 11040 3411 895 7008 22174 2268 30795 818 7242 174
internal_value=2.65129e-05 0.00131269 0.00208431 0.00312535 -0.00237187 0.00216756 0.00354292 -0.00108881 -6.05652e-06 -0.00128739 -0.000473129 -0.00190277 0.00114156 -0.00108317 -0.00271726 0.0071797 0.00641639 0.0077463 0.00785618 0.00108635 0.00303453 0.00221512 0.00421319 0.00539003 -0.00484931 0.00437768 -0.00260489 -0.000328537 -4.48739e-05 0.000725789 0.00276707 -0.00256955 0.00226153 0.0124817 0.00588329 0.00448366 -0.00420121 -0.00084701 0.006726 -0.00207799 0.0196437 0.00268531 0.0130693 0.0161984 -0.00424666 -0.00338064 0.00622164 0.0136605 0.000809858 -0.0011717 0.00253311 -0.00573329 -0.00252625 -0.00631977 0.00402037 0.00321812 -0.00110019 0.00195915 -0.00501377 -0.00423637 -0.000151868 0.00327319
internal_weight=2.35778e+06 1.53475e+06 1.16154e+06 825504 823033 639417 391607 373212 247809 572448 336032 497012 104905 78798.1 392107 104743 186087 142778 26107.1 63679.2 51243.5 286864 122508 80334 250585 46369.6 122466 332216 39264.5 164357 75435.9 389123 76253 52989.7 40516.5 35857 147484 100767 67901.4 202451 9779.03 32468.5 24409.3 17128.2 223490 171740 83243.1 14303.3 11803.7 157693 125344 44751.5 68298.9 22899.7 63656.4 63589.2 255963 133580 127031 108706 171122 59378.8
internal_count=793152 572239 394196 342365 220913 266418 143884 178043 122534 142486 51831 128267 27550 17084 100717 26503 75947 43217 10466 13453 10679 117381 76769 19036 78427 10020 63074 170987 32693 40612 14219 99614 34091 20459 8373 7561 46352 25815 15990 32112 3849 9780 7467 5304 68157 51558 44076 5815 4651 24666 59460 12114 16035 4995 12819 14797 136896 19719 37899 31613 114722 11924
cat_boundaries=0 1 2 3 5 6 7 8 9 10 11 12 13 15 16 17 18
cat_threshold=6 1590289 680993 768999 1024 548992 22 43018 8193 901282 942113 1835952 14 302590295 132096 6 1859872 541952
is_linear=0
shrinkage=0.05


Tree=54
num_leaves=63
num_cat=15
split_feature=12 15 13 7 20 19 10 13 7 15 17 21 17 3 6 9 13 13 3 17 16 16 16 16 19 16 9 2 6 2 9 17 17 16 16 16 16 9 6 16 9 17 12 16 16 16 16 16 17 20 16 16 16 17 9 13 15 19 2 17 11 16
split_gain=1257.77 1226.5 874.041 960.824 1386.43 822.632 671.687 550.467 541.598 630.305 567.464 526.412 508.53 496.538 493.983 450.648 468.265 442.076 385.242 413.68 379.699 897.531 911.61 432.135 401.239 344.968 338.168 337.529 341.92 337.506 334.543 333.863 332.331 322.525 322.504 985.13 756.422 700.377 508.696 341.686 377.224 332.439 313.068 364.632 450.536 302.983 340.863 483.881 363.712 299.391 373.269 616.114 494.908 412.179 377.017 351.251 340.909 335.091 305.182 293.434 292.059 289.001
threshold=0.50014288216145319 12.500000000000002 53.500000000000007 64.500000000000014 0 1 1.5000000000000002 4.5000000000000009 113.50000000000001 262.50000000000006 2 3 4 139.50000000000003 1.0910220682383072 0.81390315111245359 8.5000000000000018 53.500000000000007 528.50000000000011 5 26.500000000000004 18.500000000000004 10.500000000000002 45.500000000000007 6 17.500000000000004 0.51904311989346008 3.5000000000000004 1.0465522612452764 9.5000000000000018 0.47376679145562656 7 8 16.500000000000004 16.500000000000004 9.5000000000000018 25.500000000000004 0.49983860555196907 0.10011933174224345 44.500000000000007 0.70593924223461157 9 0.30105869642799277 25.500000000000004 18.500000000000004 51.500000000000007 46.500000000000007 28.500000000000004 10 11 8.5000000000000018 16.500000000000004 23.500000000000004 12 0.95007331378299131 37.500000000000007 107.50000000000001 13 4.5000000000000009 14 0.071488661580256338 6.5000000000000009
decision_type=2 2 2 2 1 9 2 2 2 2 9 9 9 2 2 10 2 2 2 9 2 2 2 2 9 2 10 2 2 2 8 9 9 2 2 2 2 8 2 2 8 9 2 2 2 2 2 2 9 1 2 2 2 9 10 2 2 9 2 9 2 2
left_child=1 2 3 4 5 31 32 11 10 -10 33 26 20 49 -4 16 -6 59 19 -8 21 22 -9 -22 -23 -18 -7 -17 -29 -28 -24 -1 -5 61 35 -14 38 -37 -36 -38 -41 -40 -19 44 -44 46 47 -27 -49 50 57 55 56 -54 -55 -52 -53 -2 -51 -12 -33 -3
right_child=13 8 14 6 15 7 18 12 9 -11 17 -13 34 -15 -16 27 25 42 -20 -21 23 24 30 -25 -26 45 29 28 -30 -31 -32 60 -34 -35 36 37 39 -39 41 40 -42 -43 43 -45 -46 -47 -48 48 -50 58 51 52 53 54 -56 -57 -58 -59 -60 -61 -62 -63
leaf_value=-0.01711920560838311 -0.0026999256937152208 0.011437172602164661 -0.0015707167360732147 -0.016347259108401777 0.0060770976805139404 0.022491467535617496 0.0026096158265465725 0.0076155125559733625 -0.0046215259256755471 0.0026708233936498867 0.012094300878524398 0.0017813641087679169 0.0034461062007920071 -0.007024543879006008 -0.007606754191735586 -0.00046949384029148881 -0.0045553209242623375 0.0035789867360049646 -0.0024389093156786741 -0.0026590946719763898 -4.146210254207458e-05 0.0059465462756506356 -0.02145961265435449 0.0065073712351997534 0.016079872524423673 0.0052697815388084027 0.019550817040181724 -0.0008330423398460777 -0.007257044861451266 0.0065484323979849678 -0.0011151946964493788 0.0015779911132905331 -0.0045705336320255134 0.010634114063747393 0.024312926471960185 -0.023004133568222195 -0.0022125362784974471 -0.0046596726938028157 -0.0081481011740010979 0.01257052418299065 0.00074866201172614098 0.0080776636084526881 -0.00019236008213973225 -0.0031097541829061435 0.0097082479906522579 -0.014392851255961667 0.0080946942441358204 0.0023771657338464976 -0.0067993638909795602 -0.0029593731309887506 -0.01486812574818437 0.0030826577051101395 0.013906736764262535 -0.0035622344160494792 0.0014865415015847001 -0.0046946800472589083 0.018396030270948615 0.0053647056185057735 -0.010724714605667013 0.0038948266037748475 -0.0064274693733748492 -0.00090610498171210931
leaf_weight=4097.7733082771301 19840.536440610886 7023.6433074474335 88316.499605417252 6400.7541961669922 29584.478544235229 6053.6268293857574 120462.36535835266 54573.185317993164 47233.751472473145 79510.047240257263 18983.261686325073 21440.446305751801 37448.187678098679 52031.108263254166 55007.799070835114 61308.519061088562 43136.229594707489 132853.77433204651 156125.62476968765 53925.711386680603 78502.05588722229 16058.361269950867 2124.9356598854065 37091.679833650589 25100.282538175583 26949.579282045364 6444.3338179588318 30321.525791406631 65369.768273830414 22125.763555526733 40823.156343221664 23903.363386392593 92173.986733913422 41574.229127645493 4439.7973349094391 6649.1045157909393 63184.783116102219 23915.86442232132 3557.7205626964569 9330.1164407730103 24375.223188638687 27568.842198371887 38495.364264249802 50992.489350557327 16379.013828516006 3137.2371363639832 15700.141914367676 17786.515182256699 27460.808126688004 56168.983251571655 11377.906817436218 20447.557301998138 4116.2299966812134 125683.31410288811 52389.353877544403 33360.971901893616 4419.2419757843018 36686.119805335999 16330.81866645813 25724.05163693428 21766.877391815186 14594.508035182953
leaf_count=1883 9279 2185 51985 1127 11408 1737 20042 16679 7178 10907 6789 5937 12065 8910 21467 31635 22417 43332 21330 9107 24577 5369 599 12012 7601 14633 2544 8882 18912 5028 12765 8827 15248 12613 3589 1993 20451 8054 1017 2675 8623 7774 16141 19510 6437 1305 7327 7917 14017 39884 3997 11913 1850 61900 17975 17192 2000 15143 4784 9279 8982 4524
internal_value=-7.54229e-06 0.000539518 -0.000180271 0.00022519 0.00116988 0.00266995 -0.00171517 0.00326783 0.00275005 -4.68395e-05 0.00377274 0.0079425 0.00269156 -0.00244311 -0.00388738 -0.00145179 0.000383242 0.00281712 -0.000634805 0.000980373 0.00417613 0.00594029 0.00332705 0.00205996 0.0121319 -0.000872284 0.0117537 -0.00336586 -0.00522151 0.00948186 -0.00212225 -0.00346593 -0.00533751 0.00805705 0.000808288 -0.00199033 0.00224538 -0.00865095 0.00848169 -4.39076e-05 0.0040214 0.00622286 0.00196264 -6.57531e-05 0.00276292 0.000872939 0.00141797 -3.40662e-05 -0.00319312 -0.00181714 -0.00113717 -0.0019615 -0.000811804 -0.00171492 -0.00207676 -0.00728225 0.00580473 0.00253454 -0.00470802 0.00738019 -0.00223706 0.00310452
internal_weight=2.35996e+06 1.92711e+06 1.45374e+06 1.31042e+06 881330 560575 429088 510807 473364 126744 346620 56064.2 454743 432852 143324 320755 163755 283428 330514 174388 254274 138680 97521.3 115594 41158.6 134171 34623.7 157000 95691.3 28570.1 42948.1 49768 98574.7 63192.4 200470 68013.2 132456 30565 35566.4 96890.1 33705.3 31126.6 238721 105867 54874.4 91034.3 87897 72196.9 45247.3 380821 308321 251795 207056 182189 178073 44738.9 24866.8 56526.7 72499.8 44707.3 45670.2 21618.2
internal_count=793262 598435 459540 386088 319234 180781 66854 161089 138895 18085 120810 15246 145843 194827 73452 138453 79024 101488 50479 29149 79602 43013 30043 36589 12970 67616 9309 59429 27794 7572 13364 19692 16375 19322 66241 22112 44129 10047 12380 31749 11298 8791 85420 42088 22578 45199 43894 36567 21934 185917 141249 116827 95638 81725 79875 21189 13913 24422 44668 16068 17809 6709
cat_boundaries=0 1 2 6 8 12 16 17 21 24 28 32 33 37 38 42
cat_threshold=6 540672 34652370 558037509 1216352529 17288 80119 1024 537928852 1966657 269107350 1361472 555758472 1091635264 1610769344 1099858 205216 2150675648 536937472 1074020356 2048 3221258248 401408 134224897 1075871744 0 11009 73728 19928560 537149952 295716367 2636 14 2 16384 10485764 8712 926337 16777216 786432 274942496 80
is_linear=0
shrinkage=0.05


Tree=55
num_leaves=63
num_cat=13
split_feature=5 16 16 16 16 9 16 12 0 9 16 6 16 13 12 9 16 16 3 6 19 19 16 16 9 0 19 13 16 19 19 5 13 22 20 16 9 0 19 16 16 16 16 16 9 20 19 16 6 19 16 12 9 6 12 16 13 16 13 19 12 19
split_gain=2828.8 1040.71 2633.03 2254.39 1564.89 1541.2 1034.46 1496.47 1034.35 1071.33 999.311 1495.23 952.276 806.238 743.806 743.977 809.453 741.346 733.918 1359.55 721.954 690.685 604.226 744.081 597.714 576.136 528.272 524.104 514.978 510.527 498.934 487.324 481.077 476.171 466.82 486.53 461.668 545.477 450.742 435.784 628.514 425.107 995.402 800.575 645.41 421.195 420.635 406.422 401.89 393.019 391.93 460.997 388.243 374.014 450.782 370.343 369.402 368.474 347.134 343.71 325.837 319.536
threshold=1.0003933910306848 16.500000000000004 9.5000000000000018 25.500000000000004 45.500000000000007 0.48882155092520285 14.500000000000002 0.10507431926645623 1.0000000180025095e-35 0.054158809972763469 21.500000000000004 0.68924961311777699 51.500000000000007 38.500000000000007 0.32316908787235421 0.77784748361912748 51.500000000000007 11.500000000000002 18.500000000000004 0.12016597510373446 0 1 39.500000000000007 33.500000000000007 0.8670366498585661 4.5000000000000009 2 12.500000000000002 15.500000000000002 3 4 0.15142106520181517 4.5000000000000009 5 6 14.500000000000002 0.32620137299771174 14.500000000000002 7 42.500000000000007 48.500000000000007 12.500000000000002 8.5000000000000018 21.500000000000004 0.083551483420593389 8 9 25.500000000000004 0.9001573976915006 10 48.500000000000007 0.11811355057954005 0.72633357041251789 1.3771151941907802 0.10004174890957081 49.500000000000007 16.500000000000004 23.500000000000004 21.500000000000004 11 0.46110240617259923 12
decision_type=2 2 2 2 2 8 2 2 2 10 2 2 2 2 2 10 2 2 2 2 9 9 2 2 8 2 9 2 2 9 9 2 2 9 1 2 10 2 9 2 2 2 2 2 10 1 9 2 2 9 2 2 8 2 2 2 2 2 2 9 2 9
left_child=1 2 33 10 20 8 7 30 28 17 11 18 24 -9 15 16 32 -10 49 -20 52 -12 23 29 60 -19 -13 50 -4 -17 -7 -8 61 -1 47 -36 -23 45 -25 -24 -41 42 -34 -43 -44 -38 -15 57 -11 -3 -26 -52 -5 58 -55 -42 -14 -31 -35 -60 -6 -2
right_child=14 3 5 4 12 6 31 13 9 48 21 26 56 46 -16 22 -18 25 19 -21 -22 36 39 38 27 -27 -28 -29 -30 34 -32 -33 41 53 35 -37 37 -39 -40 40 55 43 44 -45 -46 -47 -48 -49 -50 -51 51 -53 -54 54 -56 -57 -58 -59 59 -61 -62 -63
leaf_value=-0.0018028862899714219 -0.00057354865183777495 -0.0037611319876340258 -0.0068740875957803123 0.005775266713323287 0.010851038851408175 0.011684374706058497 -0.0041824123814503998 -0.01117673206098194 -0.020933490796703751 -0.020656099393771301 0.006334822160836708 0.011543948225532575 -0.013774505893292283 0.0082527096043246082 -0.0046656827900204492 -0.0059267000710738378 -0.014863438155779705 -0.039059341698449511 0.044206996454323945 0.011004097767055847 -0.0015377458311261513 0.0058571033138272747 -0.011911895981701637 0.022654986182612052 0.0027682445230481898 -0.08277983816679875 -0.0023524974518409842 0.0050416132449054825 0.041473372697981514 0.0011846551265649705 0.0017508594664110745 -0.014382325979067382 0.0019394623760144666 0.00069248201426338367 0.0012428273902326164 -0.0088765047385692148 0.027356342646870858 0.0086417330297142055 0.0038057510580726955 0.00034562083671731641 -0.015236320274350955 0.013509076302142889 -0.031942285225420815 0.00070613810577956028 -0.0081298685115786026 0.013656372591429364 -0.0031640405793745227 -0.0054316681205407238 -0.0032523328313333322 0.0075541877034183014 -0.017945502175820454 0.0059585527533315575 3.8407440303226916e-05 0.0051839164815070775 -0.0033236599227589748 -0.0034662079820657445 -0.00076225079452364795 0.013741809420192401 0.011418946303323713 0.0047561099338209794 0.0018911919104080577 0.011500549452734285
leaf_weight=52001.69229054451 7854.1479911804199 10528.380840301514 19001.675081253052 58192.410435914993 58794.351517677307 22785.112979412079 24010.593585252762 30436.270390510559 2970.9671263694763 8610.5013537406921 60946.496287107468 7532.0782804489136 7365.7522482872009 10104.905077457428 250596.05734562874 70768.15989780426 7845.3377931118011 1997.0246272087097 3499.3002917766571 25877.784167051315 438946.69663977623 11869.961872816086 25598.251316547394 4202.9242770671844 10988.100801229477 1212.9334111213684 73267.727125644684 96935.460158586502 566.23814845085144 103640.47266745567 28405.741088628769 22859.766810894012 28341.887545347214 40929.826452255249 19178.771388292313 31201.553409337997 13703.156073570251 12116.218946933746 12880.773595333099 34300.213981151581 14629.459109544754 13520.029634237289 3711.9090969562531 125947.79323601723 12186.325802326202 9635.2312796115875 39842.389175415039 22887.118574380875 5396.0989351272583 28259.414646863937 6933.3199498653412 2843.655727148056 59793.757640361786 26718.671806573868 37313.029071331024 12304.687738656998 21009.417677640915 6190.0387306213379 23688.883697509766 106095.12604498863 12264.061342716217 18152.452220201492
leaf_count=19225 2355 8603 8234 17313 13869 6834 16452 10794 731 1845 22406 1678 1937 4595 78424 20506 1685 511 1741 6258 155117 6658 6721 1132 3229 215 17781 45509 279 23997 9505 5163 6422 12717 5600 8439 4256 1823 3417 9477 3525 3596 1061 28244 2499 3137 20502 4854 1084 23663 2106 720 28140 7119 12721 3474 8454 1512 9500 44809 5237 4511
internal_value=-3.23755e-05 0.00123632 -0.000623514 0.00214693 0.000799307 -0.00476252 -0.00277904 -0.000506867 -0.0136652 -0.0216052 0.00620214 0.00354524 0.00439977 -0.00476215 -0.00239215 -0.00140189 0.000903833 -0.0389433 0.00899908 0.0149605 -0.000604428 0.00985757 -0.00280394 -0.00164072 0.00568358 -0.0556005 -0.00105582 0.00349738 -0.00547301 -0.00232044 0.00617505 -0.00915735 0.00149375 0.00252606 -0.000926212 -0.00502333 0.0143897 0.0172502 0.00845957 -0.00643356 -0.00414325 0.000592697 -0.0036778 0.00194734 -0.0136912 0.0217187 -0.000853165 0.000629365 -0.0139519 0.00448377 -0.00371131 -0.0109931 0.00286769 0.00348496 0.000226344 -0.00985955 -0.0041404 0.00189249 0.00470741 0.00597357 0.0093047 0.00785842
internal_weight=2.36219e+06 1.53625e+06 504947 1.0313e+06 774067 218200 178445 131574 39755.4 20187.5 257236 148965 217134 80383.6 825938 575342 217560 6180.93 68164.9 29377.1 556933 108271 357782 270950 188759 3209.96 80799.8 117701 19567.9 253866 51190.9 46870.4 209715 286747 183098 50380.3 47324.6 35454.6 17083.7 86832.6 61234.4 183708 44240.1 139468 15898.2 23338.4 49947.3 132718 14006.6 38787.8 20765.1 9776.98 117986 234746 64031.7 26934.1 28375.2 109831 170714 129784 71058.4 26006.6
internal_count=793921 572470 192835 379635 281631 86744 73845 52230 12899 4386 98004 59724 81061 35891 221451 143027 50373 1457 40265 7999 200570 38280 92654 69457 70670 726 19459 51564 8513 64908 16339 21615 48688 106091 44402 14039 15874 9216 4549 23197 16476 41822 9982 31840 3560 7393 25097 30363 2929 32266 6055 2826 45453 86866 19840 6999 10391 25509 67026 54309 19106 6866
cat_boundaries=0 1 2 3 4 5 6 7 8 9 10 11 12 13
cat_threshold=8577 1450481 35328 1597857 1489008 149071954 28 139648 4 1181730 542080 34826 664065
is_linear=0
shrinkage=0.05


Tree=56
num_leaves=63
num_cat=20
split_feature=5 16 16 16 9 16 17 5 9 17 17 12 16 17 9 16 16 20 17 2 16 16 17 17 9 12 16 16 17 2 16 16 17 16 16 16 19 22 17 17 16 8 17 16 16 17 4 20 17 4 4 16 9 16 16 4 2 17 17 16 4 16
split_gain=2544.75 980.698 2126.62 1875.23 1630.19 1306.94 1158.92 1135.62 998.313 841.327 818.792 747.056 745.229 626.724 618.013 799.692 621.544 601.155 596.259 583.092 530.477 528.73 639.878 523.031 517.13 498.73 775.17 540.313 515.42 496.175 471.979 435.504 866.236 800.026 561.527 1122.59 476.473 433.174 431.932 402.476 395.563 386.738 386.443 381.724 1734.23 514.962 367.5 372.465 358.61 333.381 329.923 324.265 323.376 313.005 310.443 309.552 307.869 306.7 306.211 294.808 293.44 326.824
threshold=0.90925559947299084 17.500000000000004 25.500000000000004 9.5000000000000018 0.47376679145562656 45.500000000000007 0 1.0000000180025095e-35 0.07659713168187747 1 2 0.32748793019274874 51.500000000000007 3 0.77784748361912748 51.500000000000007 14.500000000000002 4 5 135.50000000000003 44.500000000000007 11.500000000000002 6 7 0.84629120879120889 0.13279141085108356 14.500000000000002 16.500000000000004 8 46.500000000000007 15.500000000000002 39.500000000000007 9 32.500000000000007 37.000000000000007 33.500000000000007 10 11 12 13 48.500000000000007 1.1999484801648637 14 37.000000000000007 32.500000000000007 15 425.50000000000006 16 17 2.5000000000000004 6.5000000000000009 4.5000000000000009 0.3335334133653462 49.500000000000007 16.500000000000004 141.50000000000003 26.500000000000004 18 19 11.500000000000002 551.50000000000011 21.500000000000004
decision_type=2 2 2 2 8 2 9 2 10 9 9 2 2 9 10 2 2 1 9 2 2 2 9 9 8 2 2 2 9 2 2 2 9 2 2 2 9 9 9 9 2 2 9 2 2 9 2 1 9 2 2 2 10 2 2 2 2 9 9 2 2 2
left_child=1 3 9 18 7 6 43 30 19 -3 -6 14 24 -8 15 20 21 29 -1 59 -2 51 -23 -18 57 26 28 -28 -12 49 -5 32 33 -15 35 -34 -35 -20 -26 -14 54 -40 -13 44 -4 -46 47 50 -24 -11 -39 -16 -22 -42 -25 -52 -41 -7 -10 -9 61 -51
right_child=11 2 5 4 10 12 13 8 58 17 25 42 39 31 16 -17 23 -19 37 -21 52 22 48 40 38 -27 27 -29 -30 -31 -32 -33 34 36 -36 -37 -38 46 41 56 53 -43 -44 -45 45 -47 -48 -49 -50 60 55 -53 -54 -55 -56 -57 -58 -59 -60 -61 -62 -63
leaf_value=-0.0014478988243384933 0.00033046402199793379 0.0019372944370607062 -0.0015523681077360177 -0.0064295652425832754 0.011353616195713871 0.014295536853311322 0.014068969494352039 -0.01977816176085323 -0.022776537970310141 0.0058632212186287115 0.011088562298595509 -0.00056809925976761472 0.010007339156299564 0.00210770681073209 0.0038496482347616344 -0.013684512504490778 -0.0073823259445483409 0.0046798535430429573 -0.0019379059894844234 -0.078226493172385406 0.011609034271346602 0.033644591281973592 -0.0070471317877049263 -0.0066630696833576766 -0.0085157374130731441 -0.004924550318170455 -0.011388721045375329 0.00092390688509566348 0.00021819666137947509 0.0068440459179682474 0.039614767344044288 -0.0015130096319685531 0.0011110470324897706 0.018841390629133887 0.0097440982012379045 -0.01004789442390646 0.0070781531450752992 0.0025104643647437513 0.002526430626512496 -0.0013908089906551776 -0.014118206523892099 0.0092420307517422622 -0.005019738486816961 -0.00063058222164903916 -0.026760641959120347 -0.011938034992939448 -0.00056165215627731807 0.0022709645116677302 0.0078165050425862883 0.011963106827852696 0.011840032415456133 -0.0029412654474317863 0.0028622019785577435 -0.0026677562169558069 -0.00091309244976448206 0.0046838896423234359 -0.013714794144209798 0.0068312044642689215 -0.0062472778981830634 -0.044263053367694795 0.068734086821392065 0.02051019279854505
leaf_weight=68950.385515451431 209979.59049963951 59266.03759098053 56289.416742086411 18593.373428583145 11043.040498256683 20826.387735128403 9071.8940234184265 2260.4545981884003 5346.4809787273407 9286.6840496063232 18402.922483921051 61968.81778049469 4550.0581881999969 57203.149147510529 24606.281429767609 9129.494411945343 65559.825878143311 50379.461230993271 26506.881883144379 837.19637393951416 17636.066282272339 2071.2415869235992 5089.7830104827881 26892.023134231567 6837.2705249786377 105084.22594285011 17761.822326660156 17877.779535055161 26752.193481683731 34712.455648422241 572.74341225624084 133251.21759200096 102541.98748612404 13954.559581518173 12509.44141459465 28886.250410318375 22569.221371412277 22114.792776346207 74989.60715675354 12514.517944574356 12020.655088186264 30020.176852226257 228789.63242506981 42696.34778380394 9144.3545861244202 16487.302585601807 25419.931352376938 45156.621930360794 19890.917015790939 23953.381374597549 46761.670841932297 61541.067852497101 26361.981841802597 11853.639571428299 184649.95265889168 22329.852124452591 8515.4001865386963 40803.560760736465 5930.4493136405945 2701.5290582180023 264.00410628318787 20991.763065099716
leaf_count=26612 47944 26790 18832 8109 4808 5751 4036 560 1077 7716 5924 18116 1757 22001 6913 1945 17477 20557 10118 128 4660 587 1309 6176 3637 51679 6677 5564 9191 5558 281 50775 35074 5817 4913 10265 8861 16336 39170 6439 2841 7079 70938 18583 3059 6167 3976 22401 5124 10636 15385 16225 5424 3210 45810 4377 1504 11271 1279 637 75 7521
internal_value=1.78298e-05 0.00138629 0.00236426 -0.000413513 -0.00366107 0.00107401 -0.000279405 -0.0134063 -0.0227826 0.00692989 -0.00186747 -0.00195125 0.00450486 0.00109284 -0.00104117 0.000853832 -0.00224498 0.00904883 0.0025301 -0.0396399 0.00137648 0.00091335 0.0070112 -0.00343285 0.00567963 -0.00265346 0.000300091 -0.00521252 0.00465105 0.0115153 -0.00505162 0.000775063 0.00205795 0.00579836 -0.000378072 -0.0013416 0.01158 0.00398668 0.00365314 -0.00346208 -0.00233254 0.00444593 -0.00407117 -0.00446341 -0.00646155 -0.0172421 0.00495744 0.00598664 0.00478629 0.0144927 0.00782513 -0.00100155 0.00636844 -0.00843338 -0.00164408 0.00952732 -0.0063784 0.00935722 -0.014111 -0.0331151 0.0162651 0.0159554
internal_weight=2.36096e+06 1.39292e+06 902516 490404 233164 703662 504605 36242.2 17076.1 198854 196922 968041 199057 379988 677283 263107 414175 139588 257240 5799.18 253978 113199 27051.9 300976 173477 185879 80794.7 35639.6 45155.1 89208.3 19166.1 370916 237665 93726.9 143938 131428 36523.8 188290 111847 25580 235416 105010 290758 124617 81921.1 25631.7 161783 136363 24980.7 54495.8 91206.3 86147.3 43998 23874.3 211542 69091.5 21029.9 61629.9 11276.9 4961.98 45209.1 44945.1
internal_count=793662 538963 343844 195119 95914 264991 188383 12071 3681 78853 83843 254699 76608 141742 165645 59973 105672 52063 99205 1325 58028 30158 7020 75514 66908 79035 27356 12241 15115 31506 8390 137706 86931 36679 50252 45339 14678 72593 49886 9700 58037 46249 89054 46641 28058 9226 62475 58499 6433 25948 36098 23138 10084 6051 51986 19762 7943 17022 2356 1197 18232 18157
cat_boundaries=0 4 8 12 16 17 21 24 28 32 36 37 38 42 46 50 53 54 58 62 66
cat_threshold=1073774728 3222503512 3909236896 99587 1361066016 1079820928 2422242208 73730 144 4227136 2147618816 1130496 32 33575424 16392 648 12 2415956256 1107322504 287597833 77324 80 0 134352928 1074825248 541641920 2290497219 10247 1090528328 1310720 1218989024 34882 2166362432 21769216 276825364 278596 140704 10922002 2416969728 2147502592 2157978819 74240 1074798720 16777232 1744965648 32770 1107297936 2147580992 1207959624 33284 128 32832 1073872896 6 1090523392 1627676672 276840577 16 2147495944 537398272 12649091 34826 2149581576 17039360 268959745 80
is_linear=0
shrinkage=0.05


Tree=57
num_leaves=63
num_cat=15
split_feature=5 1 10 4 20 15 10 16 16 16 9 6 17 17 16 10 5 10 4 13 19 5 17 17 2 16 9 16 16 17 21 3 13 4 11 20 4 13 20 6 2 16 16 17 16 9 17 2 13 1 11 5 16 16 4 16 16 9 16 19 19 17
split_gain=2420.49 1346.76 1172.6 558.516 789.808 579.86 566.275 529.648 1420.48 1019.07 1555.79 856.483 539.14 499.154 477.098 462.323 457.931 451.565 441.217 596.929 452.486 407.874 386.214 376.722 349.29 345.548 343.122 342.084 493.104 441.283 352.826 341.616 334.517 325.028 323.017 316.463 329.302 375.451 315.886 308.662 298.861 298.447 353 396.972 396.967 296.214 294.86 287.214 278.93 274.551 271.45 268.448 257.261 369.058 245.005 407.393 299.131 242.379 416.265 254.128 241.508 237.943
threshold=0.28352332824068638 1.0000000180025095e-35 1.5000000000000002 587.50000000000011 0 29.500000000000004 3.5000000000000004 18.500000000000004 25.500000000000004 10.500000000000002 0.47376679145562656 1.8992364632511514 1 2 51.500000000000007 1.5000000000000002 1.0000000180025095e-35 4.5000000000000009 157.50000000000003 12.500000000000002 3 0.10020920502092052 4 5 12.500000000000002 6.5000000000000009 0.037268518518518527 44.500000000000007 48.500000000000007 6 7 12.500000000000002 8.5000000000000018 29.500000000000004 0.10157097708433868 8 133.50000000000003 44.500000000000007 9 1.3478347687178778 129.50000000000003 51.500000000000007 19.500000000000004 10 14.500000000000002 0.85735481136074621 11 5.5000000000000009 97.500000000000014 502.50000000000006 0.021110169822350148 1.0746431331083006 32.500000000000007 37.000000000000007 177.50000000000003 15.500000000000002 20.500000000000004 0.88881441763479307 51.500000000000007 12 13 14
decision_type=2 2 2 2 1 2 2 2 2 2 10 2 9 9 2 2 2 2 2 2 9 2 9 9 2 2 10 2 2 9 9 2 2 2 2 1 2 2 1 2 2 2 2 9 2 10 9 2 2 2 2 2 2 2 2 2 2 10 2 9 9 9
left_child=1 54 7 4 6 41 18 9 11 23 33 12 -9 14 48 21 24 49 19 20 34 31 -12 -2 -17 -21 40 29 -29 30 -15 -3 -8 -11 -4 36 37 60 -14 -39 -18 42 43 44 -6 -44 -20 -30 -10 -5 -23 -27 -31 -54 -1 -56 -57 58 -49 -59 -25 -24
right_child=2 15 3 17 5 -7 32 8 13 10 22 -13 38 27 -16 16 26 -19 46 25 -22 50 61 35 -26 51 -28 28 47 52 -32 -33 -34 -35 -36 -37 -38 39 -40 -41 -42 -43 45 -45 -46 -47 -48 57 -50 -51 -52 -53 53 -55 55 56 -58 59 -60 -61 -62 -63
leaf_value=0.00056621280660804681 -0.0067052937730703865 0.0033554648149404127 0.0067352523279586574 -0.002466210246468252 0.0011529423949503861 0.0028372856471024261 0.021228985780329737 -0.0012845774714581187 0.00094675861598979879 -0.019282431739941763 -0.00031478610276589069 -0.0035423501469999171 0.011584606042746451 -0.0017099049883243711 -0.015118878432774666 0.0093471699171350561 -0.0043649735275797718 0.00080023152980174652 -0.01236088350164226 0.0072635576544551467 0.017123616735304419 -0.0086935066439606853 -0.015529935946082336 0.00037458956072110517 0.019733774000367511 0.0026889138386016619 0.0056820132327912529 0.0026301623252782996 0.0012827836390287162 -0.006003317094217607 -0.0067891003208869795 0.0083734495276006644 0.0056312532372614441 -0.041431114150604138 -0.012440130856994663 -0.0063775799045197971 -0.0037396771247214019 0.0020378797920460388 0.0028172692168320912 -0.0092092982371263909 -0.045573545301968436 -0.015743314634164576 0.001147360143861773 -0.010472628948879625 -0.011208851260726621 -0.0045687660558567621 3.3381965521482946e-05 0.0045197463003513487 0.026056882380390296 -0.0082605026514662797 0.0018212947960908139 -0.0014585269986979019 -0.022092902637042434 -0.0083768310170947366 -0.0071344729672339806 0.055697458583837262 0.0036167711799267458 0.0098344492320923804 -0.015221258482054002 -0.012249778803118937 0.0082245566258668853 -0.007176834025188969
leaf_weight=370357.45674014091 30936.398730993271 114714.90027594566 27778.094934940338 164013.22421002388 23994.448939561844 54153.685322761536 3666.8000710010529 15687.558413982391 77879.660739421844 2984.3597745895386 19025.606454372406 27815.905180215836 38956.916757822037 79767.741903305054 4683.9218671321869 35170.424612998962 2201.8466172218323 114207.31566762924 4900.1681554317474 24193.244239807129 10857.987238168716 9311.2384824752808 9896.0175635814667 15236.561036586761 10515.104434490204 87851.46191740036 38002.666592121124 39930.909209251404 13141.922727584839 22862.66223025322 59860.879408121109 48155.598930120468 54776.03153181076 3730.1997330188751 2383.8545274734497 19199.327866792679 29934.033758401871 16208.817537307739 13984.815673589706 9779.8854312896729 548.93973970413208 4565.2861604690552 62185.544677019119 25860.633636474609 8903.2430067062378 35660.243481874466 209355.22863030434 8245.5253856182098 1120.8911933898926 23354.382245540619 18006.252696037292 70184.47306060791 8017.4302592277527 12633.344866991043 935.87814950942993 763.2058732509613 431.54466271400452 1391.7894234657288 3948.2104682922363 19266.137718677521 27481.78879737854 62213.645334005356
leaf_count=281597 9463 55045 5995 24931 6260 12259 591 5201 22576 1210 5414 8537 11575 23094 1266 12215 485 15428 927 6363 2259 2015 3080 4638 2602 22507 7722 12219 5959 6605 17731 15636 10375 897 558 7610 5640 5900 4567 3711 82 1096 15383 6796 2240 9316 38760 1866 357 2868 3874 18657 2374 4155 287 423 173 362 891 4618 7916 17784
internal_value=2.6977e-05 0.00262616 -0.000960442 0.000125219 0.000889752 -0.00163884 0.00198757 -0.00254074 -0.00151858 -0.00440244 -0.00836556 0.00385868 0.00685837 -0.00298877 0.000383968 0.00526894 0.00830096 -0.00167794 0.0013701 0.00292562 0.00837494 0.00389088 -0.00665403 -0.00179589 0.0117382 0.00169893 0.00444759 -0.00403762 -0.00143494 -0.00525892 -0.0038878 0.00483916 0.00661023 -0.0315912 0.00521763 -0.000506372 0.000636974 0.0025439 0.00926974 -0.00219477 -0.012602 -0.00314295 -0.00277553 -0.00583882 -0.00219216 -0.000935928 -0.000250715 -0.00496418 0.00130336 -0.00318848 -0.00176289 0.000847019 -0.00965536 -0.0137028 0.000663499 0.0175662 0.0369046 -0.00746316 -0.00187292 -0.0107627 0.00542676 -0.00832537
internal_weight=2.35778e+06 649115 1.70867e+06 1.01285e+06 711270 215323 495947 695823 449196 246627 97849.8 96445.2 68629.3 352751 83684.5 276627 86439 301575 437505 223249 41019.9 190188 91135.3 148777 45685.5 182229 40753.5 269067 85924.5 183142 139629 162870 58442.8 6714.56 30161.9 117840 98641.1 68707.1 52941.7 25988.7 2750.79 161169 156604 58758.3 32897.7 97845.8 214255 45993.6 79000.6 187368 27317.5 158036 43513.4 20650.8 372488 2130.63 1194.75 32851.7 12193.7 20657.9 42718.3 72109.7
internal_count=792941 382156 410785 203569 160342 53350 106992 207216 133953 73263 28385 29880 21343 104073 24199 99676 23106 43227 96026 56339 8812 76570 26278 44878 14817 47527 8289 79874 25915 53959 40825 70681 10966 2107 6553 35415 27805 22165 16142 9611 567 41091 39995 15296 8500 24699 39687 13696 22933 27799 5889 41164 13134 6529 282480 883 596 7737 2757 4980 12554 20864
cat_boundaries=0 1 5 9 10 14 18 22 24 25 26 30 34 35 36 40
cat_threshold=6 1092653056 17563776 2428529536 92162 2166379554 2199936513 276842036 288384 738499 2147483856 32784 3892449428 1101570 2451610880 91776 2254802 76300 838871888 1612521664 6881347 1048656 2148154323 134656 22 28 1076930136 558407744 3227648274 34882 1343225856 49168 2098209 8192 51200 540675 1092653312 1074023040 14700290 8192
is_linear=0
shrinkage=0.05


Tree=58
num_leaves=63
num_cat=18
split_feature=5 10 12 15 13 16 16 4 16 19 15 0 10 17 17 17 4 13 21 0 17 2 10 13 19 0 16 17 9 0 17 17 17 17 9 16 17 12 16 16 16 0 16 9 19 9 9 4 5 4 13 16 19 5 0 12 7 17 21 15 17 13
split_gain=2175.98 1043.34 1033.26 756.686 688.891 573.559 819.303 733.16 589.118 564.179 515.745 494.678 523.76 477.624 461.663 439.177 494.769 480.724 505.778 435.11 421.454 409.945 341.774 334.149 331.748 327.351 322.437 455.941 317.735 303.223 300.82 288.376 287.718 284.57 280.809 339.568 377.43 279.645 272.757 312.962 738.385 364.385 340.643 529.255 317.256 296.564 294.117 272.465 321.557 268.642 267.779 265.258 259.885 258.762 256.726 248.448 237.196 221 213.775 213.621 210.485 209.53
threshold=0.36394297102560175 1.5000000000000002 0.46682227580098012 33.500000000000007 53.500000000000007 17.500000000000004 25.500000000000004 13.500000000000002 8.5000000000000018 0 5.5000000000000009 156.50000000000003 2.5000000000000004 1 2 3 119.50000000000001 11.500000000000002 4 1.0000000180025095e-35 5 12.500000000000002 3.5000000000000004 8.5000000000000018 6 1.0000000180025095e-35 44.500000000000007 7 0.022293219737309199 5.5000000000000009 8 9 10 11 0.98132087227414344 19.500000000000004 12 0.11470672862957033 51.500000000000007 16.500000000000004 25.500000000000004 2.5000000000000004 9.5000000000000018 0.18534132783711202 13 0.9945799413765416 0.8985904308119913 183.50000000000003 0.10020920502092052 2.5000000000000004 53.500000000000007 46.500000000000007 14 1.1765543824367357 2.5000000000000004 0.022389900061729421 211.50000000000003 15 16 334.50000000000006 17 97.500000000000014
decision_type=2 2 2 2 2 2 2 2 2 9 2 2 2 9 9 9 2 2 9 2 9 2 2 2 9 2 2 9 10 2 9 9 9 9 10 2 9 2 2 2 2 2 2 10 9 10 10 2 2 2 2 2 9 2 2 2 2 9 9 2 9 2
left_child=1 5 3 4 9 8 7 14 33 57 -6 12 15 -4 -7 -11 17 18 24 21 -10 37 -13 -14 -17 -22 27 -8 -23 -12 -26 56 -21 -1 35 36 -9 -3 39 42 41 -41 -18 -44 -45 -43 51 -36 -49 -28 -35 -42 -51 -19 -20 -33 61 -2 -57 -58 -29 -5
right_child=2 19 13 31 10 6 26 34 20 11 29 22 23 -15 -16 16 38 53 54 32 25 28 -24 -25 30 -27 49 60 -30 -31 -32 55 -34 50 47 -37 -38 -39 -40 40 46 45 43 44 -46 -47 -48 48 -50 52 -52 -53 -54 -55 -56 58 59 -59 -60 -61 -62 -63
leaf_value=-0.0022945525178136158 -0.0039709545383068883 0.013074076828808824 -0.00032571540847319501 0.0055763080799630061 -0.009713963827937995 -0.0024350156367676642 0.0047928723076982706 0.064160300863348993 0.00015780185408087712 -0.0041893224396859679 0.00018726268011655441 -0.0080235688638134444 0.007520922835306483 -0.0049854669841644774 0.0070916894446590847 0.013215180895324511 -0.0013801298763044456 0.0013347461708774844 0.0051923669763913691 0.0059943256256612858 -0.0046683389565200292 -0.002013299081618829 -0.0011182990675956833 0.0014640465625255518 0.0086139784477890276 -0.016915200195831953 -0.00037195960780925501 -0.0042270622559779404 0.02089880155105546 -0.0065016363492297821 0.0016089247252784177 0.008869422520326891 -0.00019133370651884795 0.0066830432813805539 0.0086564839281307072 0.015121037069672575 0.021030008902670608 0.004973464201955902 -0.012860643143830397 0.029458248231108982 -0.0018495249563106689 0.0084619621409371577 -0.039002420363543899 0.0097768789521682099 -0.0083554951826841448 0.00025906993422357432 -0.0049805341731981399 0.055462230266788426 0.013907865821451216 0.0014006711356569796 0.00040336368733258636 0.0060013987390776877 0.0079711267877177489 -0.0024471020314710784 -0.0020998001184734431 0.0025837242228683691 -0.0073165592139930796 -0.011986432368363949 -0.00080517775926963037 0.0033474259073587136 -1.5478556500757487e-05 0.026361992533566553
leaf_weight=25178.083482980728 42644.726336240768 14874.877298593521 75078.210338354111 58708.864248752594 35804.28143787384 19635.45018029213 39977.787975788116 874 54715.589991092682 77818.91482925415 44365.530740737915 33027.746368408203 26096.994923591614 205647.26848459244 36069.022763729095 13369.853716611862 43636.25465297699 89892.943289041519 16725.00691151619 49823.825641155243 56991.078883171082 1775.3478772640228 39171.260576248169 178634.11700963974 26366.620722532272 6033.3555047512054 28189.946622848511 41872.427285909653 10237.087335348129 27410.363048791885 36617.769449710846 9281.7851979732513 30193.952879905701 38539.427170276642 17076.910853385925 4863.9492585659027 1275 37548.365657567978 5514.6946206092834 1474.9506359100342 45542.017017364502 21217.990537881851 1331.5659980773926 2628.0054693222046 28484.927608251572 22920.89977145195 58702.107939243317 697.52388453483582 1398.8594670295715 24228.109606027603 30340.845855951309 14085.674105882645 39788.394797563553 91034.698912858963 43355.134452104568 75619.340058803558 6967.1401543617249 10775.973011493683 120953.71951460838 14402.350640296936 101719.57981681824 1237.0863859653473
leaf_count=15795 12077 5293 20558 13523 12090 15617 24561 874 34260 22194 15319 4406 4850 59527 26502 3288 8177 25443 6617 10320 39017 412 4842 32793 7019 1342 24222 27014 2564 5668 9814 2170 6329 21320 6384 2467 1275 13709 969 476 8332 3905 260 448 5278 4156 10865 207 252 12839 20723 2553 21218 31732 10665 15239 986 3293 25480 1884 62045 270
internal_value=2.29426e-05 0.00232842 -0.000976679 -0.00040883 -0.00101607 0.00136572 0.00258681 0.00697829 -0.000696349 -0.000595491 -0.00481238 -0.000304669 3.45754e-05 -0.00373944 0.00373444 -0.000668902 -0.000182133 0.00112174 0.00336268 0.00612354 -0.00305327 0.00918151 -0.00427721 0.00223615 0.0060627 -0.00584006 0.00128275 7.10497e-05 0.0175127 -0.0023672 0.00454238 0.00187204 0.00366098 0.00225399 0.0138783 0.0224395 0.0389891 0.00727218 -0.00186741 -0.00161478 -0.000384852 0.00501967 -0.00426508 -0.00814503 -0.00682319 0.00420238 -0.00246822 0.0107459 0.027754 0.00369505 0.00391641 5.1452e-06 0.00548595 -0.000568114 -6.97549e-05 0.000876021 0.00439284 -0.00558996 0.00049859 -0.000129555 -0.00124384 0.00600569
internal_weight=2.36047e+06 713919 1.64655e+06 1.36582e+06 1.07865e+06 569465 357667 81890.7 211798 971071 107580 917650 845451 280725 55704.5 640720 562901 317362 136434 144453 117740 64435.7 72199 204731 76354.2 63024.4 275776 183570 12012.4 71775.9 62984.4 287170 80017.8 94058.4 26186.2 7012.95 2149 52423.2 245539 240024 163944 45613.8 76080.8 32444.5 31112.9 44138.9 118330 19173.3 2096.38 92206.5 68880.3 59627.7 64016.5 180928 60080.1 205855 81315.4 53420.7 196573 21369.5 143592 59946
internal_count=793727 396561 397166 317081 257529 357934 225477 53578 132457 224452 33077 209082 199834 80085 42119 162191 139997 94578 37403 38627 74619 21978 9248 37643 20121 40359 171899 113620 2976 20987 16833 59552 16649 57838 11459 4616 2149 19002 45419 44450 30287 8537 14163 5986 5726 8061 21750 6843 459 58279 42043 10885 34057 57175 17282 42889 16663 15370 40719 2870 89059 13793
cat_boundaries=0 1 5 9 13 15 19 20 24 28 32 36 40 44 45 46 50 52 56
cat_threshold=1589248 268436114 1258576 1207959632 1081876 1362106408 1091322560 274746204 522 1377863680 1111541160 157433171 8196 268564675 9344 536904352 22052944 3892516966 99395 301064 50339104 51013120 278938396 287240 9728 1704528 276905984 1081362 3221229696 3779766785 1757495585 18056 1630549760 1627923024 1074397250 1083984 2415956018 3791931008 287590669 68364 2147492416 536882176 142606337 34818 32800 1598593 553648136 18620544 806027317 80 1671776868 163840 1342210200 3222306896 3775271072 9536771
is_linear=0
shrinkage=0.05


Tree=59
num_leaves=63
num_cat=23
split_feature=5 16 12 13 16 0 16 16 19 16 8 1 12 5 16 16 16 16 17 16 16 17 16 17 16 17 20 17 17 16 17 17 12 19 17 17 16 17 20 7 2 1 17 17 16 16 16 16 16 17 16 17 17 16 17 4 5 16 10 17 20 16
split_gain=2103.36 865.446 1038.67 895.394 809.276 769.457 597.565 733.342 720.786 621.433 835.588 588.133 576.109 502.569 476.034 559.282 461.817 762.617 457.058 446.198 1071.24 1543.14 678.196 455.706 535.212 518.117 421.86 392.485 389.674 376.596 375.056 365.782 353.055 343.622 336.559 330.975 443.705 316.703 315.127 315.641 314.373 309.034 297.22 295.299 294.165 293.389 797.257 791.165 788.056 287.654 280.351 321.557 278.411 284.4 274.38 274.321 502.943 260.188 241.65 238.882 237.645 237.344
threshold=1.0197189357329337 45.500000000000007 0.14450892485460484 29.500000000000004 51.500000000000007 1.5000000000000002 33.500000000000007 18.500000000000004 0 9.5000000000000018 1.0897148441991493 2.5000000000000004 0.32316908787235421 0.62896172330134603 14.500000000000002 11.500000000000002 48.500000000000007 46.500000000000007 1 39.500000000000007 33.500000000000007 2 42.500000000000007 3 26.500000000000004 4 5 6 7 16.500000000000004 8 9 0.59999999656574798 10 11 12 37.000000000000007 13 14 108.50000000000001 8.5000000000000018 39.500000000000007 15 16 32.500000000000007 31.500000000000004 37.000000000000007 16.500000000000004 10.500000000000002 17 31.500000000000004 18 19 32.500000000000007 20 8.5000000000000018 0.25078616352201261 33.500000000000007 2.5000000000000004 21 22 27.500000000000004
decision_type=2 2 2 2 2 2 2 2 9 2 2 2 2 2 2 2 2 2 9 2 2 9 2 9 2 9 1 9 9 2 9 9 2 9 9 9 2 9 1 2 2 2 9 9 2 2 2 2 2 9 2 9 9 2 9 2 2 2 2 9 1 2
left_child=1 2 5 45 18 11 7 9 -8 -7 30 49 16 52 15 -12 17 19 -3 20 23 -22 59 50 26 44 37 -6 -5 -16 -11 -17 38 -20 -24 36 -10 -25 39 55 -29 -13 -18 -15 -26 47 57 48 -4 -1 -2 -52 53 -9 -14 -30 -57 -47 -35 -21 -42 -27
right_child=12 4 3 28 27 6 8 13 35 10 14 41 54 43 29 31 42 -19 33 22 21 -23 34 24 25 61 -28 40 32 -31 -32 -33 -34 58 -36 -37 -38 -39 -40 -41 60 -43 -44 -45 -46 46 -48 -49 -50 -51 51 -53 -54 -55 -56 56 -58 -59 -60 -61 -62 -63
leaf_value=-0.00098961529817919087 -0.0062070490353949639 0.0093564204836281729 -0.0022132613515849857 -0.0026556026371339319 0.014680058745729307 0.0032071977953179787 -0.026314164733649167 0.010359621554826356 -0.026830088680340331 -0.021519593171929072 -0.0049736567393783432 0.0090179876684855515 -0.0078269827606399934 -0.0012187805185269144 -0.01410638884950079 0.019756469687258783 0.001874573641360658 0.0090433215951128826 0.00020388579426393316 -0.0024369231820920599 0.019323044369533301 -0.0035632866948969097 0.0060318209548508124 0.005495687639977773 -0.013076645892360423 -0.0098269937446479657 -0.0039012252786286986 0.0011255757687614583 0.00040465700831008927 -0.0015617733910305047 -0.0071816339320539511 0.0046106584844032867 -0.0018316482038820609 0.0040778198785764806 -0.0033060549633795195 -0.00065583610930955926 -0.0041879610543116511 0.00052441226932795472 -0.001713170609998829 -0.0023303326490801378 -0.0072234042734019184 0.054500566909877105 -0.0076094762420655139 0.0046413910817348731 -0.040435255847558589 -0.007221990337173469 -0.00075112438807662296 0.0024555284040724597 -0.012690309316624349 0.0042234996099478539 0.030840976648593938 -0.0043894445068646329 0.0039132525437240544 0.028912555290181264 -0.0033341800225867532 0.0074720455865301258 0.0020941716943100614 -0.017046425505545412 0.010074619305090434 -0.011092514073674673 -0.023165516959958204 -0.0014171290784137291
leaf_weight=33479.436154603958 51504.215767621994 48659.212444067001 61706.758032560349 87708.53289937973 2588.0290715694427 62227.207658529282 3115.066211938858 26668.451225280762 2854.0131785869598 7134.0524997711182 11786.59583735466 49239.59751868248 40640.611248254776 35042.370043516159 8375.5158505439758 5473.6161968708038 10343.358826398849 19214.014000892639 46280.293531179428 10699.860816240311 15898.535081148148 13714.124022722244 15158.424771308899 38690.56803560257 5070.1436192989349 10573.91870880127 45442.487715482712 10217.194705247879 82359.607787132263 20936.477813959122 12720.256685018539 14675.853798627853 89964.13230919838 72762.067087173462 26507.113251209259 75257.350688695908 8938.0628137588501 186096.65052938461 58421.780018091202 33120.959738254547 12888.19230723381 375.36717700958252 41035.360076665878 55599.244479417801 1218.3228094577789 12086.369746446609 28526.577444076538 53732.620607376099 25309.106869220734 126242.63308525085 1108.4464423656464 1536.3143899440765 18362.666176795959 2238.4827568531036 207778.84394550323 64322.503611087799 134134.50376844406 15239.059951066971 21842.280731678009 31496.818589448929 2856.6912205219269 40599.836688041687
leaf_count=20488 14613 18177 17344 42250 1026 12023 536 4894 523 1527 2139 14614 13492 6359 1526 932 2429 5140 17546 2514 4087 3575 3773 8184 1076 2316 14738 6197 61983 3626 2724 2662 50813 30909 6970 14003 1758 43342 35099 4976 2533 65 10093 10227 225 3083 10454 14938 9045 73722 327 461 3376 411 64511 27609 33456 3785 4009 7918 659 9880
internal_value=-5.95565e-06 0.00107762 0.000598012 -0.000635519 0.00399662 0.0021839 0.000817523 0.0019531 -0.00272455 -0.000551372 -0.0034352 0.00460811 -0.00206241 0.00455596 -0.000545587 0.0036774 -0.00118127 -0.000729914 0.00517869 -0.00110905 -0.000431535 0.00872956 -0.00443309 -0.00114202 -0.000439755 -0.00482175 0.000492041 -0.00385107 0.000399677 -0.00514659 -0.0123488 0.0087379 0.000979342 0.00373479 9.18942e-05 -0.00187686 -0.00966161 0.0013803 0.00165852 0.00228596 -0.0057023 0.00936318 -0.0057013 0.00237622 -0.0183535 -0.00353169 -0.00659788 -0.00231492 -0.00526069 0.00313098 -0.00539074 0.010482 0.00873556 0.0117932 -0.00406967 0.00283052 0.00383724 -0.0127014 0.00546188 -0.00890102 -0.0101365 -0.00315438
internal_weight=2.3598e+06 1.54547e+06 1.32737e+06 746633 218094 580742 371405 281241 90164.5 143330 81102.4 209337 814328 137911 61248.1 31936.1 565909 514530 189544 495316 411454 29612.7 83862.2 381841 327692 57462.2 270230 28550.1 550032 29312 19854.3 20149.5 462323 140885 41665.5 87049.4 11792.1 224787 372359 313938 25962.1 49615 51378.7 90641.6 6288.47 196600 55852 140748 87015.9 159722 54149 2644.76 47269.6 28906.9 248419 280817 198457 27325.4 94604.3 42196.7 15744.9 51173.8
internal_count=793690 574026 492970 314835 81056 178135 69246 52426 16820 27159 15136 108889 219664 25267 10885 5733 141661 129139 70641 123999 102824 7662 21175 95162 79761 13497 66264 10415 256186 5152 4251 3594 213936 52464 10743 16284 2281 51526 163123 128024 9389 14679 12522 16586 1301 58649 17322 41327 26389 94210 15401 788 8681 5305 78003 123048 61065 6868 34918 10432 3192 12196
cat_boundaries=0 1 5 9 13 16 17 21 25 29 33 34 38 41 45 46 50 54 58 61 65 69 73 74
cat_threshold=51200 2164303000 1614816256 1082526104 1363214 18878720 17580672 276906624 1616 1127256064 3221251720 287321987 74253 128 65536 3221360672 14 1073741952 1073741824 1744965632 32768 285255754 537330072 2166368736 531463 2147484224 1075055744 276825601 2112 8384 0 1611268096 32770 1888385 2166371328 1074688 278940545 1536 536875008 40976 134352896 128 196673 3758227488 1098880 14 1057920 1091569664 1744961824 52226 1092658256 1611171985 2558665504 35330 1344278528 3222388952 2703633937 335885 2101248 0 268435456 536875856 555032592 1485504512 80 19968264 1074528912 2153787296 265472 268436496 1090546176 278939265 1536 22
is_linear=0
shrinkage=0.05


Tree=60
num_leaves=63
num_cat=19
split_feature=5 16 16 16 9 16 17 17 0 9 17 20 16 16 16 9 17 17 16 16 17 16 17 20 16 17 17 2 17 17 16 16 9 16 16 16 17 16 0 10 9 12 0 4 16 16 2 20 4 22 9 16 16 17 16 16 16 4 17 9 16 17
split_gain=1892.52 901.465 1615.98 1592.31 1040.72 927.287 916.54 765.093 720.735 729.957 693.314 607.555 627.895 1448.49 929.181 2187.03 868.55 675.574 947.591 732.006 589.988 584.165 579.05 552.53 523.195 526.979 496.942 476.865 452.51 448.684 428.317 422.696 422.2 412.093 409.429 618.156 594.203 420.51 401.234 448.176 397.294 384.918 378.154 478.126 338.54 855.724 392.055 325.399 324.938 319.646 313.101 309.136 757.928 993.768 346.403 304.648 824.391 302.746 300.845 298.549 294.789 294.307
threshold=0.75691787167197011 17.500000000000004 9.5000000000000018 25.500000000000004 0.48882155092520285 44.500000000000007 0 1 1.0000000180025095e-35 0.07659713168187747 2 3 25.500000000000004 18.500000000000004 8.5000000000000018 0.31647252895232975 4 5 44.500000000000007 48.500000000000007 6 10.500000000000002 7 8 15.500000000000002 9 10 135.50000000000003 11 12 11.500000000000002 15.500000000000002 0.72633357041251789 51.500000000000007 48.500000000000007 49.500000000000007 13 47.500000000000007 2.5000000000000004 1.5000000000000002 0.51904311989346008 0.14014878682115847 3.5000000000000004 4.5000000000000009 31.500000000000004 37.000000000000007 26.500000000000004 14 8.5000000000000018 15 0.89477666925543153 31.500000000000004 39.500000000000007 16 45.500000000000007 39.500000000000007 37.000000000000007 332.50000000000006 17 0.55563197310102408 20.500000000000004 18
decision_type=2 2 2 2 8 2 9 9 2 10 9 1 2 2 2 10 9 9 2 2 9 2 9 1 2 9 9 2 9 9 2 2 8 2 2 2 9 2 2 2 10 2 2 2 2 2 2 1 2 9 10 2 2 9 2 2 2 2 9 10 2 9
left_child=1 2 29 7 8 6 32 -3 31 27 -6 38 13 14 58 21 24 19 22 51 50 -16 -19 42 25 30 44 -10 48 -1 -17 -4 -5 -30 37 40 -37 -20 -2 -40 -36 -27 43 -9 -8 46 -46 -22 -7 -31 60 -14 53 -53 59 56 -24 -45 -13 -54 -15 -11
right_child=11 3 4 5 10 28 26 23 9 61 -12 12 17 20 15 16 -18 18 34 -21 47 -23 55 -25 -26 41 -28 -29 33 49 -32 -33 -34 -35 35 36 -38 -39 39 -41 -42 -43 -44 57 45 -47 -48 -49 -50 -51 -52 52 54 -55 -56 -57 -58 -59 -60 -61 -62 -63
leaf_value=-0.0012404815180350277 -0.0016233326777827378 0.0016423144670201465 -0.006697374141430493 0.0092392679219042949 0.0073570858335127737 0.0022329123266302078 -0.0007573694059668846 0.0066412267670944523 -0.030129307904378445 0.0054163344731781521 -0.0031325885186584768 0.0031307304352932346 -0.0020200769927758246 0.023778336985179591 -0.014478394599798853 0.0024278968021297226 -0.0056281697461944081 -0.0090597050253551099 0.0010831070091527901 -0.0069182016574462213 0.0069669080074111394 -0.035533307061617198 -0.0034307760412420085 0.0045953875887501643 -0.0046452046992917911 0.0047699444057611468 -3.4495504476306094e-05 -0.076147965708470655 0.0036974124162039638 0.0050113878441909237 0.018626481254895265 0.037135123718806035 0.0016588155144105531 -0.0046453904952671798 0.0070642091626669503 0.012511595589417829 -0.0020103462893785689 0.010976473465203416 -0.013815947156329276 -0.0048118878402363553 -0.011520788370704534 -0.0053529208636127765 0.0071186758071660437 0.017425387540390351 -0.0083682991692716133 -0.0011053329194000386 -0.021055823985905657 0.00096430024748633564 0.011202365216072794 -0.00074327091445806784 -0.0074927295352219189 0.022399900669273911 0.0047612387164047794 -0.00099736731973165704 0.0076695109881417161 -0.0065892241922713979 0.010706225165137574 0.057355708320314072 -0.0010348440248425289 -0.0047519585102638526 0.00050546753256262443 -0.016743277982066262
leaf_weight=56837.801342964172 68704.126852750778 49716.344714403152 18793.052815198898 31820.476868867874 17552.263956546783 14722.820938110352 38365.721649169922 13077.562633037567 3840.6728682518005 1851.9242794513702 152841.60507798195 90457.713048219681 22391.192043781281 1501.3349094390869 7884.130265712738 7261.2649066448212 97428.331982135773 62678.847019433975 43744.421510696411 22720.231205940247 101576.62505936623 5660.9680230617523 140964.26951909065 42824.084630250931 25053.303712368011 24681.142863512039 236037.54527187347 659.48604106903076 127052.21840333939 129147.60928058624 9317.0677971839905 565.61480760574341 43448.622252464294 16752.613590240479 3366.2285180091858 9339.5539388656616 28550.3001537323 14235.081218719482 17859.745003938675 61099.612769842148 19704.617509365082 15156.87691116333 26824.549954414368 30361.537798881531 14523.964957237244 29386.798216819763 10485.910384654999 29048.691141605377 32143.149904489517 29678.725253343582 14292.851114034653 11582.214512109756 13147.090203523636 7464.9082887172699 15970.720115661621 60588.18999171257 11125.361376047134 481.44254183769226 83206.996627807617 22124.072471618652 14429.755776882172 7823.3005797863007
leaf_count=23690 30148 24660 8160 10518 7814 11397 13300 10422 921 380 70114 22428 5653 465 2001 1682 23651 13967 10956 5152 24429 1543 33160 19036 5251 4881 93447 101 53004 54350 2050 280 21018 6833 852 2324 7259 3594 5526 15470 4773 3918 4581 12660 8018 13675 1805 6813 9087 12347 3916 2937 3204 1880 3722 14967 2780 138 20365 4947 3513 1626
internal_value=-5.35519e-06 0.00141399 -0.000445399 0.00244322 -0.00363638 0.00124247 -0.000113746 0.00681674 -0.0116879 -0.0202536 -0.00205176 -0.00141667 -0.000989218 0.000220995 -0.00151659 -0.00390946 -0.00244271 -0.00224043 -0.00322517 0.00112437 0.00417588 -0.0232799 -0.00483621 0.00908093 0.00136727 0.00403756 -0.00125313 -0.0368886 0.00411654 0.00257193 0.0115252 -0.00541484 0.00486293 0.0027253 0.000504264 -0.00235665 0.00157221 0.00351227 -0.00441717 -0.00684866 -0.00880889 0.000918304 0.011795 0.0146536 -0.00435363 -0.00689079 -0.0136884 0.00563223 0.00838295 0.00393608 -0.00211949 0.00309616 0.00472599 0.0132418 0.00156039 -0.00359085 -0.00239659 0.0180505 0.00113503 -0.00120594 0.00270004 -0.0125133
internal_weight=2.36194e+06 1.17762e+06 419592 758025 203928 594740 404069 163286 33534.1 14175.4 170394 1.18432e+06 1.03665e+06 526957 366108 192443 178898 509697 394297 115400 160849 13545.1 275357 113569 81469.7 56416.4 328800 4500.16 190671 215664 16578.3 19358.7 75269.1 143805 118940 60960.7 37889.9 57979.5 147663 78959.4 23070.8 39838 70745.1 43920.5 92762.4 54396.7 25009.9 130625 46866 158826 30223.9 92680.2 70289 19047.1 51241.9 212678 152090 30843 173665 35271.2 15931.1 9675.22
internal_count=793559 493382 179783 313599 89396 242102 161781 71497 11468 3028 77928 300177 249033 126906 87770 44977 41433 122127 94632 27495 39136 3544 64874 46837 17782 12531 130245 1022 80321 90387 3732 8440 31536 59837 29758 15208 9583 14550 51144 20996 5625 8799 27801 23220 36798 23498 9823 31242 20484 66697 7894 22343 16690 4817 11873 50907 35940 12798 42793 8151 3978 2006
cat_boundaries=0 4 8 12 13 17 21 25 29 30 34 38 42 46 50 51 52 56 60 64
cat_threshold=2164266272 54820353 278940952 287244 1361090600 2182660736 2422242084 10242 144 33587264 3355580448 1163521 1 9936 131136 1073877680 1166658 2164281378 2164547073 276843409 1394312 1092653056 819264 406874755 74242 1073741952 1073905808 1744973856 41222 12 80 131072 135200 49154 1073741976 3221389384 3909234848 98563 17835144 1078985792 1753618840 1100046 2415921520 1644185224 287598089 76044 1073750144 16 1744961536 34818 12 1060176553 16781312 17056256 268451840 512 1074791064 555399185 1757614080 1098066 0 536879104 8454144 32770
is_linear=0
shrinkage=0.05


Tree=61
num_leaves=63
num_cat=4
split_feature=5 1 10 12 16 16 16 9 6 12 7 10 4 16 2 21 16 15 6 9 16 16 15 16 11 12 5 16 6 16 4 16 16 5 16 16 9 16 6 16 16 6 6 16 4 22 12 16 11 13 1 5 15 13 3 18 22 10 3 16 1 5
split_gain=1764.09 1146.29 1022.99 585.882 485.616 1019.51 840.499 1043.34 703.87 461.672 441.787 475.326 391.25 363.201 423.842 348.073 406.292 343.639 307.535 306.084 439.651 304.349 296.841 291.572 279.408 276.594 267.283 263.485 259.586 277.974 255.921 360.42 273.509 251.122 242.972 316.023 603.328 548.418 366.171 288.411 284.638 274.908 267.784 252.438 242.108 239.355 239.754 427.993 293.551 231.77 231.249 228.572 209.27 208.465 208.138 206.369 204.953 203.347 199.498 199.336 196.192 188.741
threshold=0.26679751390251888 1.0000000180025095e-35 1.5000000000000002 0.035214930439658072 18.500000000000004 25.500000000000004 10.500000000000002 0.46292252951641605 2.5001530924678508 0.16678269718356967 271.50000000000006 3.5000000000000004 510.50000000000006 46.500000000000007 111.50000000000001 0 44.500000000000007 11.500000000000002 0.092200546578844647 0.98132087227414344 21.500000000000004 48.500000000000007 565.50000000000011 46.500000000000007 0.025406779837794605 0.57588341437691093 1.0435436417129782 45.500000000000007 1.1803436520128792 48.500000000000007 174.50000000000003 15.500000000000002 20.500000000000004 0.10020920502092052 8.5000000000000018 16.500000000000004 0.14302761677463352 26.500000000000004 0.12016597510373446 21.500000000000004 11.500000000000002 1.000392233771328 0.40012890750886249 14.500000000000002 39.500000000000007 1 0.029440441365108986 14.500000000000002 0.08642920132584965 4.5000000000000009 61.500000000000007 1.4786262331019366 630.50000000000011 53.500000000000007 69.500000000000014 2 3 1.5000000000000002 24.500000000000004 51.500000000000007 4.5000000000000009 1.1765543824367357
decision_type=2 2 2 2 2 2 2 10 2 2 2 2 2 2 2 9 2 2 2 10 2 2 2 2 2 2 2 2 2 2 2 2 2 2 2 2 10 2 2 2 2 2 2 2 2 9 2 2 2 2 2 2 2 2 2 9 9 2 2 2 2 2
left_child=1 30 4 12 6 8 56 58 18 17 11 25 52 14 57 21 -17 33 -6 -20 -21 23 51 49 -22 26 27 34 -18 -30 -1 -32 -33 50 -5 36 40 38 -37 41 -36 -40 -38 -44 -15 46 47 48 -9 -7 53 -12 -4 -3 -23 -51 -2 -11 -8 -46 -35 -57
right_child=2 9 3 10 5 15 7 45 -10 13 22 -13 -14 44 -16 16 28 -19 19 20 24 54 -24 -25 -26 -27 -28 -29 29 -31 31 32 -34 60 35 37 42 -39 39 -41 -42 -43 43 -45 59 -47 -48 -49 -50 55 -52 -53 -54 -55 -56 61 -58 -59 -60 -61 -62 -63
leaf_value=0.00029805559506956836 -0.00099616874079017244 0.0083116175890876991 0.0043682028790990026 0.0031809477708010362 0.033739674869545898 0.0040802245714845198 -0.018265081697200047 0.0073756637745187679 -0.0054495764291701033 0.0014780104264595338 -0.0031214180365110125 0.0026247915056436758 -0.00021298995887234358 0.0054081546676043556 -0.010924971017650267 -0.0061399306625729436 0.0030465766238204207 0.014131585580944612 0.0082174728089191677 -0.0029896585686481798 -0.0014165574055173655 -0.0025025536356991828 0.0015802779718681612 0.0058888341063181053 0.012005395365336133 -0.0046801526996381963 -0.0016642029710047291 0.0042460086657138503 0.002476657679404283 -0.0088531100664060586 -0.0055918935051196151 0.052218847493395483 0.0023586505633666922 -0.008487094166355914 -0.016172794775078353 0.047725483651138101 -0.012334343086855142 -0.0017680292515757923 0.0055025936925692763 0.0083255003514917832 -0.052429315229009038 -0.0041932658149128861 0.00064818148429435229 -0.01041886126495375 0.020149124614330809 -0.012688315503600701 -0.0068117749264185144 -0.010220585146347638 -0.029141499492199126 0.010870685911095111 0.040139826394306577 -0.009491982247683434 0.034777415379711449 -0.00020425482723082308 -0.010200545784365906 -0.00040541662440880344 -0.0062966739230984631 0.0057300727100014102 -0.035594438277916328 -0.0078681892035517061 0.0036576038302513873 -0.0043470836190006327
leaf_weight=370321.89712667465 127781.6311044693 60916.583146572113 112605.71528220177 50148.359021663666 939.72888350486755 19313.784918546677 3367.3499693870544 11013.398152112961 18862.517577648163 98918.588426589966 104034.47397089005 148225.70565247536 71041.364404678345 13020.312838554382 5964.9272441864014 105017.91618776321 24287.308055639267 15345.610100269318 37209.640437841415 21175.844617605209 5721.4996316432953 24544.733327150345 29935.411043167114 17044.61045217514 12028.304958820343 38112.514385938644 201326.75496506691 44466.065687417984 8929.308819770813 13748.575964927673 953.74559640884399 812.68472981452942 415.63991069793701 4012.9075474739075 1535.5932655334473 484.56948018074036 6551.0107953548431 103367.7140519619 15140.127322912216 22754.706888914108 836.28081250190735 14134.960249900818 28903.097340345383 6269.5168919563293 5919.9600994586945 12713.401109695435 60709.986927986145 6837.7089688777924 578.30661654472351 3123.7546536922455 539.54577922821045 16283.524940490723 567.64510154724121 8147.5651671886444 13671.839303970337 69778.675589084625 21265.270660638809 39283.821599721909 3284.4053342342377 710.56766676902771 19387.094578742981 53774.191155672073
leaf_count=281552 38463 23572 24721 11073 431 5234 1353 3193 6009 42115 13901 27811 9823 5783 921 31456 7819 5128 11292 6315 1924 8185 3776 4891 3790 9660 47551 9811 2719 4169 298 453 170 978 359 137 1579 22542 3351 5110 193 2827 6387 1380 1454 3879 16906 2242 193 832 83 2177 110 3534 2437 17137 6402 11386 746 174 3934 19336
internal_value=-2.86594e-05 0.00220087 -0.000867504 0.000143839 -0.00234335 -0.00136338 -0.00412146 -0.0077052 0.00320745 0.00466745 -0.000420762 0.00011977 0.00269539 0.00299267 0.00212343 -0.0026048 -0.00441084 0.00719958 0.00532612 0.00497498 0.00187529 -0.00124061 -0.00287514 -0.000299263 0.00767911 -0.000575527 -0.000260069 0.000699531 -0.00054535 -0.00439216 0.00039868 0.0174679 0.0353628 0.00605565 6.90431e-05 -0.000711341 -0.00444843 0.000345819 0.00450661 0.00410319 -0.0289729 0.000821135 -0.00305362 -0.00132476 0.00936934 -0.00632026 -0.00529484 -0.000300534 0.00555148 -0.00102177 0.00756209 -0.00398367 0.00452103 0.007307 -0.00525668 -0.00179967 -0.00175294 0.00268669 -0.0268258 0.0171459 0.00157461 -0.00212081
internal_weight=2.35812e+06 644671 1.71345e+06 1.01673e+06 696724 449172 247551 98504.6 95937.5 272167 832510 682257 184215 163818 144167 353235 151983 108349 77075 76135.3 38925.6 201252 150253 163035 17749.8 534031 495919 294592 46965.2 22677.9 372504 2182.07 1228.32 93003.7 250126 199978 44095.5 155882 52514.4 52029.8 2371.87 29275.1 41723.6 35172.6 19650.8 91852.8 79139.4 18429.4 11591.7 145990 69603.7 120318 113173 69064.1 38216.6 126677 149047 138202 6651.76 6630.53 23400 123553
internal_count=793167 381535 411632 204279 207353 133976 73377 28512 29761 99062 169625 149771 34654 61833 54422 104215 46163 37229 23752 23321 12029 58052 19854 47430 5714 121960 112300 64749 14707 6888 282473 921 623 32101 54938 43865 9898 33967 11425 11288 552 6178 9346 7767 7411 26413 22534 5628 3386 42539 27189 16078 24831 27106 10622 37305 44865 53501 2099 1628 4912 36473
cat_boundaries=0 2 3 4 5
cat_threshold=2219203475 4608 237045393 4096 371287969
is_linear=0
shrinkage=0.05


Tree=62
num_leaves=63
num_cat=12
split_feature=0 1 20 12 7 19 17 15 13 0 3 1 6 15 9 17 6 0 12 9 16 16 9 16 16 16 16 16 13 17 16 20 17 16 17 16 17 16 0 19 16 16 20 16 4 17 16 16 16 16 16 16 6 16 3 13 16 16 16 16 16 13
split_gain=1553.82 1505.37 879.167 796.718 580.407 646.755 717.332 468.745 464.244 556.069 588.681 453.727 453.214 440.799 439.876 400.76 400.545 344.807 340.652 332.33 613.783 1053.04 765.736 619.673 409.642 337.948 328.159 441.013 317.339 316.22 309.807 301.92 299.879 289.76 815.197 402.128 304.971 300.252 288.29 288.034 283.592 431.578 388.042 460.366 354.25 278.922 323.041 292.193 264.423 327.757 578.662 361.335 260.21 251.966 245.055 243.806 236.14 235.57 429.83 233.365 228.563 234.923
threshold=1.5000000000000002 2.5000000000000004 0 0.51088302634255645 287.50000000000006 1 2 25.500000000000004 3.5000000000000004 1.0000000180025095e-35 5.5000000000000009 56.500000000000007 1.4349170775437026 590.50000000000011 0.87962219844242329 3 0.57900476381794197 1.0000000180025095e-35 0.17783665741991392 0.89294019933554825 15.500000000000002 8.5000000000000018 0.083551483420593389 51.500000000000007 10.500000000000002 20.500000000000004 39.500000000000007 37.000000000000007 18.500000000000004 4 49.500000000000007 5 6 31.500000000000004 7 37.000000000000007 8 32.500000000000007 8.5000000000000018 9 17.500000000000004 10.500000000000002 10 26.500000000000004 133.50000000000003 11 46.500000000000007 25.500000000000004 45.500000000000007 24.500000000000004 16.500000000000004 6.5000000000000009 0.8675328491667017 37.000000000000007 21.500000000000004 6.5000000000000009 2.5000000000000004 31.500000000000004 37.000000000000007 20.500000000000004 51.500000000000007 10.500000000000002
decision_type=2 2 1 2 2 9 9 2 2 2 2 2 2 2 10 9 2 2 2 10 2 2 10 2 2 2 2 2 2 9 2 1 9 2 9 2 9 2 2 9 2 2 1 2 2 9 2 2 2 2 2 2 2 2 2 2 2 2 2 2 2 2
left_child=1 8 7 4 5 6 55 14 31 10 -10 17 -11 33 60 -5 28 54 29 20 21 56 24 25 -23 -22 27 32 -7 57 -20 -1 -21 36 35 37 -6 -35 -16 -33 41 -12 43 44 -42 -27 47 -47 49 50 51 -30 -24 -51 -3 -4 -8 -18 -59 -52 61 -2
right_child=2 11 3 15 13 16 19 -9 9 12 40 -13 -14 -15 38 -17 18 -19 30 26 23 22 52 -25 -26 45 -28 -29 48 -31 -32 39 -34 34 -36 -37 -38 -39 -40 -41 42 -43 -44 -45 -46 46 -48 -49 -50 53 59 -53 -54 -55 -56 -57 -58 58 -60 -61 -62 -63
leaf_value=0.023710777569137326 0.0020749733843790411 0.0063866018261555073 -0.010611597474441306 -0.00011934938434880433 -0.00018366351442851897 -0.0056848693883363522 -0.00387832548250008 0.0020578170320933046 0.00022020124766096747 -0.00028591545153234545 0.0053365211093254136 0.062437851776997101 -0.0061307898166130907 0.002455763851108927 -0.0082988102646281269 -0.0056053687915303867 0.0070902941765327437 0.0045377152748778352 -0.00022507590988622521 0.00050372231384475418 0.023353507283678444 -0.01378512235244897 -0.01271762719109636 -0.013552425470119006 -0.044795078435701297 0.0076129071055204348 -0.0044929660659606971 0.015612259853570624 0.0066106404588790043 0.0019640656875990997 0.0089836235677049764 0.015198723745784621 -0.0047370353154204186 -0.0076236370232608446 -0.0035295039289082752 -0.0083911063247839816 -0.0056989377854667041 -0.032926389197827671 -0.019780439617959049 -0.0016123246959713112 0.014407505702155097 -0.0026814875499913803 0.0017413376701227918 0.0057965672446204462 0.04911391349639517 0.0065279558042063805 0.0089406032392108474 -0.00065371014864775443 0.0076742233515221907 -0.0080511068753038456 0.017186521511174759 -0.0059466918588122596 -0.001508315365040756 -0.00032237367787425807 0.013668355254337239 -0.0038475476607520696 0.004988512143112871 -0.010078283057501093 0.0048235061524975944 0.0044293375870276541 -0.018109126451032454 -0.0047864318550915365
leaf_weight=3073.312427520752 17245.333895921707 24874.880036115646 16858.248203754425 47852.029464960098 73401.816469192505 27129.386660814285 10330.070315361023 20647.679162025452 358742.01258516312 112728.11384654045 33297.000598907471 358.85158538818359 46990.520817041397 36396.712193965912 39908.186183691025 109438.98514842987 74272.710633993149 97797.91325211525 132215.44954013824 122092.16715407372 2205.5619022846222 2046.850564956665 9625.6378121376038 5259.079906463623 2221.9853465557098 32567.234741210938 62953.633069753647 4271.8289844989777 8611.2130644321442 144726.43244838715 9810.1902334690094 4576.0650923252106 35144.2657558918 1555.3244295120239 50435.698599815369 5695.2995572090149 38054.874234199524 4770.5901327133179 6334.9884669780731 5733.7195284366608 11768.408536672592 33836.903359413147 40866.525462388992 46899.460307836533 783.49265265464783 18362.665694475174 15188.7857670784 61917.477717638016 11167.482916593552 18006.074899673462 7151.6975224018097 17109.068957090378 11202.487014532089 25449.490571498871 21579.855285644531 63508.861696243286 27486.663663625717 6036.1325399875641 24383.307041883469 7188.492439031601 2567.090003490448 45092.862224578857
leaf_count=1625 4792 8432 3873 11357 9702 5765 2168 5126 276696 48110 14449 60 22039 4545 12609 25961 14760 29382 28663 27562 600 487 2092 1108 503 6938 14424 1003 1968 28640 2080 2407 8328 208 6690 764 5104 635 1436 3039 5455 15140 18131 20127 382 4136 3265 13311 2612 3902 1730 3880 2271 5803 5806 15017 5995 1164 4922 1704 694 12072
internal_value=-8.3045e-07 0.00171874 -0.000958121 -0.000586527 -0.000156992 0.000337688 -0.000935998 -0.00486009 0.000758414 0.000578454 0.0013628 0.00636251 -0.00200555 -0.00254794 -0.00614566 -0.00393675 0.00158651 0.00622259 0.00236572 -0.000112996 0.00137784 -0.00270334 -0.0106437 0.00327276 -0.0299329 0.00395225 -0.00143084 -0.000237244 -0.000917351 0.00347876 0.000411059 0.009981 -0.000667943 -0.00359512 -0.00632148 -0.0180162 -0.00206732 -0.0267075 -0.00987211 0.00585761 0.00381063 0.0012953 0.00549389 0.00807164 0.0165776 0.00361787 0.00225394 0.00098903 0.000448717 -0.000517533 0.00274475 -0.00174237 -0.00668902 -0.00352493 0.00976945 -0.00526587 0.0025664 0.00557191 0.00186631 0.0107923 -0.00349055 -0.00288828
internal_weight=2.35981e+06 843907 1.5159e+06 1.3841e+06 1.22681e+06 1.0165e+06 503244 131796 699296 685912 526194 144612 159719 210310 111148 157291 513257 144253 391444 422876 198415 62913.7 25097 135501 4268.84 130242 224462 161508 121813 249419 142026 13383.1 157236 173914 62456.9 12021.2 111457 6325.91 46243.2 10309.8 167452 67133.9 100318 59451.4 12551.9 128036 95468.9 80280.1 94683.5 83516 40060.5 25720.3 20828.1 43455.6 46454.7 80367.1 37816.7 104692 30419.4 14340.2 64905.3 62338.2
internal_count=793649 471280 322369 285640 248322 220674 113081 36729 427600 420529 350380 43680 70149 27648 31603 37318 107593 43620 80229 94191 42874 13516 5353 29358 990 28250 51317 36893 27364 49486 30743 7071 35890 23103 8297 1607 14806 843 14045 5446 73684 29589 44095 25964 5837 27650 20712 17447 21599 18987 9282 5848 4363 9705 14238 18890 8163 20846 6086 3434 17558 16864
cat_boundaries=0 1 2 6 10 14 15 19 23 27 28 29 33
cat_threshold=1 608131 1880140066 33588228 1621885984 2179098 5760 1074867216 1207959637 1311250 536896384 3221225472 1610752032 17408 6 4688 1638480 272699414 1081408 536872064 537919488 1610743840 16384 536880064 1073815552 3758835713 1065026 1411792 28 4232 1071617 268451841 1048704
is_linear=0
shrinkage=0.05


Tree=63
num_leaves=63
num_cat=24
split_feature=12 15 20 7 13 19 17 8 6 17 13 10 13 10 4 13 7 9 17 7 17 4 13 19 21 17 17 17 13 1 9 10 15 4 17 13 19 20 6 19 7 3 9 17 17 21 17 13 7 15 17 9 9 9 17 13 20 4 10 21 21 11
split_gain=788.213 948.284 807.184 941.768 763.228 677.682 569.941 564.396 548.036 651.618 566.758 527.969 471.517 442.845 452.853 407.781 563.071 486.855 391.466 419.754 367.563 364.648 326.501 447.021 304.868 303.61 272.126 249.423 246.154 246.143 242.92 238.835 235.856 230.798 226.845 267.358 214.458 213.211 207.685 207.599 207.44 201.426 194.677 193.699 192.964 218.125 190.864 190.27 188.31 270.065 187.451 187.413 185.408 182.918 179.051 284.723 177.147 173.899 173.863 169.677 168.403 165.672
threshold=0.50014288216145319 12.500000000000002 0 64.500000000000014 53.500000000000007 1 2 1.0022624434389142 0.71436131607596476 3 17.500000000000004 2.5000000000000004 52.500000000000007 1.5000000000000002 613.50000000000011 13.500000000000002 9.5000000000000018 0.81085412335412343 4 25.500000000000004 5 344.50000000000006 11.500000000000002 6 7 8 9 10 81.500000000000014 37.500000000000007 0.87962219844242329 3.5000000000000004 54.500000000000007 32.500000000000007 11 82.500000000000014 12 13 1.5006251736593501 14 449.50000000000006 18.500000000000004 0.90918462980318659 15 16 17 18 55.500000000000007 142.50000000000003 314.50000000000006 19 0.77784748361912748 0.75024366471734905 0.88898369359120222 20 97.500000000000014 21 38.500000000000007 2.5000000000000004 22 23 0.035101574688205427
decision_type=2 2 1 2 2 9 9 2 2 9 2 2 2 2 2 2 2 10 9 2 9 2 2 9 9 9 9 9 2 2 10 2 2 2 9 2 9 1 2 9 2 2 10 9 9 9 9 2 2 2 9 8 8 10 9 2 1 2 2 9 9 2
left_child=1 2 7 4 5 20 -5 22 10 57 25 29 27 40 31 16 59 36 28 34 -4 26 23 41 -19 -7 42 -3 -14 30 -9 53 -21 -27 -20 -36 -18 -22 -6 -26 -8 52 -2 -12 -16 -46 -24 -13 -34 -50 -32 -25 -1 -15 55 -30 -44 -10 -17 -11 -54 -61
right_child=21 12 3 6 38 8 13 11 9 15 43 47 18 14 44 58 17 24 19 32 37 -23 46 51 39 33 -28 -29 54 -31 50 -33 48 -35 35 -37 -38 -39 -40 -41 -42 -43 56 -45 45 -47 -48 -49 49 -51 -52 -53 60 -55 -56 -57 -58 -59 -60 61 -62 -63
leaf_value=0.017130018041265647 -0.0013952846195724258 0.0029965395943609913 -0.022562380551308048 -0.011087321898281828 -0.0015949470913637403 -0.0093139017617385571 -0.0034724678042473548 -0.0031830414656960002 0.0024485953825886778 0.0026462692192472806 -0.00068217790623764998 -0.00013375209044052191 -0.00027456626681301218 0.003832800627673068 -0.0037800267281023858 0.0030525813153653211 0.0091822644108236953 0.0066798059624499266 0.0047897353053486785 -0.0038667921313653153 0.0041147795032756311 -0.0070654310024493502 -0.0035561406497338719 0.0052136989323913249 -0.0024743828370585213 0.0090807272185777967 -0.0027282866701908749 0.010481272726980089 0.0052613962018990303 -0.020976327939795793 -0.0057690254949247163 0.007938763707830648 0.0047190344818529408 -0.0023587774188140211 0.0082513476570239934 0.024071692301791778 0.021213034194145657 -0.0036935912878551264 -0.0078466450062660547 0.011947757588625131 -0.014192287636969378 -0.0028728560677418595 -0.0071647195939219229 0.0033196349370647072 -0.026097089570364551 -0.00019211045653538147 -5.4013720114768677e-05 -0.0095327570747994073 -0.0051169354089326997 0.0028874095207859348 -0.011584091491629773 -0.003287544102147438 -0.0016319012053395401 -0.0002286990977691352 0.00052707436085868992 0.024470758031992345 0.0026005473185261286 -0.0028769089495937362 0.0089856758296429293 0.025105925969840348 0.010922646176496888 0.014210280077792452
leaf_weight=6607.7587990760803 114405.1652109623 19711.879680633545 2277.007087469101 14535.552636146545 63537.792493343353 14957.741631031036 89333.607423305511 36958.625017881393 30193.977580308914 2216.311297416687 38340.985403776169 60165.555490970612 191080.12229132652 45123.257415294647 70710.316721439362 114388.74632978439 9153.1493766307831 42616.610360383987 68490.360400676727 17439.352061748505 10979.514915466309 31891.630342006683 71288.545716285706 9015.1267278194427 19007.346726417542 4964.5502264499664 213551.0517642498 25642.642090797424 18760.811769247055 2959.2516264915466 30704.787500143051 15519.251129150391 46704.009157657623 39350.903301000595 14945.687173366547 3251.2282304763794 6287.885187625885 42764.310528755188 16795.738461017609 2861.0587632656097 4752.172577381134 3372.478818655014 4980.0287992954254 143095.25844907761 808.04549264907837 103366.11360454559 85637.691147089005 5912.7844150066376 15706.285419940948 32019.191063404083 25386.75973200798 23073.573814153671 4032.836386680603 71882.484780311584 19000.344414949417 2149.2612614631653 66977.642483711243 31134.630675077438 13841.313093185425 4957.0122284889221 7909.2848989963531 11802.217999696732
leaf_count=2522 60334 6313 1156 2476 34939 4463 14955 10326 10072 835 15502 12961 59548 7535 10076 33737 2043 9397 28166 3331 3647 5323 43448 3539 4281 2940 105593 7803 5170 538 9882 2544 8879 10517 5901 1122 1395 17738 7054 625 627 988 2268 55224 109 14486 50407 1397 2330 4312 8176 12726 2208 11905 5800 591 21282 6823 3033 1873 4131 4328
internal_value=1.08016e-05 0.000442959 -0.000190403 0.000501324 0.00166787 0.00229522 -0.00136478 -0.00219596 0.00284882 0.00431874 0.0010874 -0.00441469 0.00238289 -0.00101246 -9.3812e-05 0.00555347 0.00796605 0.00612767 0.00187093 0.0034989 -0.00293394 -0.00192025 -0.000491142 0.00286189 0.00421797 -0.00315734 -0.00150992 0.00723138 0.000471373 -0.00678207 -0.00633043 0.00211071 0.00147534 -0.00107682 0.00611063 0.011073 0.0141022 -0.00209788 -0.0029021 -0.000582466 -0.00401406 0.00836297 -0.00011365 0.00247412 -0.00176437 -0.000395781 -0.0016452 -0.00097492 0.00246197 0.000253156 -0.00840415 -0.000898803 0.0104103 0.00133764 0.00404276 0.00723346 0.00192399 -0.000254959 0.00369307 0.0157087 0.00669099 0.0174239
internal_weight=2.36129e+06 1.92948e+06 1.45458e+06 1.08155e+06 665524 585191 416031 373025 529170 288460 240709 162088 474901 401495 307409 227132 98901.6 79926.1 429547 198556 56020.8 431806 210937 54011.1 64485 59273.2 399914 45354.5 230991 96009.4 93050.2 132525 111869 44315.5 86687.3 18196.9 15441 53743.8 80333.5 21868.4 94085.8 21922.4 186363 181436 174884 104174 156926 66078.3 94429.5 47725.5 56091.5 32088.7 18549.9 117006 39910.4 20910.1 71957.7 61328.6 128230 18975.5 11942.1 16759.2
internal_count=793650 598850 459584 296335 231622 189629 64713 163249 167088 78442 88646 43280 139266 62237 46655 61547 24777 17741 125150 54041 22541 194800 119969 26114 14303 17920 189477 14116 71109 28922 28384 21984 18852 13457 35189 7023 3438 21385 41993 4906 15582 9849 83884 70726 24671 14595 93855 14358 15521 6642 18058 16265 8861 19440 11561 5761 23550 16895 36770 7036 6339 6201
cat_boundaries=0 1 2 6 10 14 18 19 21 25 29 33 37 38 39 40 44 48 49 53 57 61 62 64 66
cat_threshold=9 540672 3489693712 164864 136320001 8704 2419099728 1627466881 9809 338692 555753736 1900688 2418573024 1090644 2149618880 536970368 1082131456 4194304 68304 286372131 131080 287314240 1090521104 809637952 10242 536872640 1107420224 1233269329 1092124 3761243912 1611735056 1611146944 1099776 3221263888 3271688192 1623392262 67842 200771 2 67019 1362104456 3221733904 148908386 11280 538973192 537149952 4719232 1084432 35651584 1660946969 1079042696 825448961 16384 556828272 304704 3762504706 35396 16777480 1310720 268977792 64 1 194380288 1024 696459280 99328
is_linear=0
shrinkage=0.05


Tree=64
num_leaves=63
num_cat=24
split_feature=5 12 0 15 19 13 19 8 12 17 17 11 13 19 17 0 10 0 17 17 13 8 17 21 7 8 19 17 8 5 1 21 21 17 8 0 13 3 17 0 10 22 17 15 3 15 21 15 21 3 13 17 0 17 17 0 1 21 12 5 3 5
split_gain=1571.17 677.75 584.992 580.796 560.017 549.378 572.661 509.953 483.442 422.716 344.051 330.886 435 315.928 342.813 308.581 365.828 303.118 279.133 272.873 247.284 298.975 243.804 239.078 236.027 289.345 230.848 204.097 199.871 194.83 193.156 189.131 184.68 177.45 172.754 170.83 181.112 163.778 162.984 158.732 157.504 155.868 150.968 148.457 151.479 146.284 142.916 142.447 142.028 141.939 137.639 136.654 136.313 139.977 133.769 130.221 146.013 129.437 130.409 129.398 346.417 127.687
threshold=0.90925559947299084 0.24009603394385534 8.5000000000000018 9.5000000000000018 0 54.500000000000007 1 1.9987834549878347 0.037363651649821979 2 3 0.025406779837794605 23.500000000000004 4 5 484.50000000000006 3.5000000000000004 61.500000000000007 6 7 8.5000000000000018 1.049636590817099 8 9 98.500000000000014 1.0897148441991493 10 11 1.1228221938930372 0.23553051495212957 71.500000000000014 12 13 14 2.510869565217392 7.5000000000000009 2.5000000000000004 15.500000000000002 15 2.5000000000000004 2.5000000000000004 16 17 309.50000000000006 528.50000000000011 1.5000000000000002 18 10.500000000000002 19 276.50000000000006 4.5000000000000009 20 1.5000000000000002 21 22 1.0000000180025095e-35 1.0000000180025095e-35 23 0.066688894361792719 0.32035634743875285 5.5000000000000009 0.10020920502092052
decision_type=2 2 2 2 9 2 9 2 2 9 9 2 2 9 9 2 2 2 9 9 2 2 9 9 2 2 9 9 2 2 2 9 9 9 2 2 2 2 9 2 2 9 9 2 2 2 9 2 9 2 2 9 2 9 9 2 2 9 2 2 2 2
left_child=1 2 3 5 24 6 22 8 13 28 43 12 42 14 35 16 17 26 -5 -19 21 31 46 30 25 39 52 -14 50 37 -23 -15 51 -28 -9 -2 -37 -30 -13 -3 41 -12 -6 44 -4 -7 -1 -22 -43 -29 -8 -11 -10 -54 61 56 -34 58 -57 60 -20 -47
right_child=7 4 10 18 11 45 9 34 15 32 40 38 27 20 -16 -17 -18 19 59 -21 47 23 -24 -25 -26 -27 33 49 29 -31 -32 -33 55 -35 -36 36 -38 -39 -40 -41 -42 48 -44 -45 -46 54 -48 -49 -50 -51 -52 -53 53 -55 -56 57 -58 -59 -60 -61 -62 -63
leaf_value=-0.0073098368803695777 -0.0029583740469134104 0.0023959970124589518 0.0032848020382267198 0.0034020340243811282 -0.012111008759334546 -0.0067674907766066446 0.012938654567952172 -0.011880953247407504 -0.00088077164334032689 0.0081875512827479409 -0.010982116225790949 0.0031111403026837119 -0.0035540278367393245 0.016216389104999056 2.6730912400998079e-06 -0.0098527048690814634 0.00078695443504269455 -0.0034740814911814692 0.0050511615138162432 -0.010718685728004624 -0.0013106125814032765 0.007806874121750274 -0.0064954902503088878 -0.0041264814393804309 -0.0020915931103659162 0.0060547112284990295 0.00097014728398049492 -2.9226779417737458e-05 0.0080859434210748243 0.006741356542431895 0.0010478051279389411 0.0048441190904906671 0.0010399065833884649 -0.0019045786017095681 -0.034992764468868447 -0.021715913459068901 -0.0074403875084479536 0.019191953798103498 -0.00028371393062509277 -0.003180017227972072 0.00046627390852480884 -0.00089232557927785075 -0.0047698175891357384 0.0065701705582072488 -0.00080089763346910731 -0.0016479481335401084 0.0017272457937182999 0.0037506407148210743 -0.0058684287392137043 -0.0043994743208816273 0.0042545259369051935 9.888053402606423e-05 -0.0034147087209681856 -0.0073205064544592767 0.0027524057770019275 0.0031165777960694839 0.0061503846761351011 -0.0046873620255643593 -0.0020796710399705941 0.0069006337788703317 0.017105258311980755 -0.014917590331359263
leaf_weight=4947.9666447639465 12932.420686483383 78763.5323574543 54689.324557781219 29433.424809932709 8507.1074514389038 16362.999048471451 4855.6005909442902 6103.3498892784119 29903.630327701569 19629.08494591713 5430.335015296936 62171.47189450264 62170.85794377327 7299.1381325721741 75769.974073410034 12557.075675964355 104412.9147131443 40536.066091537476 10158.857639789581 19148.442744255066 53728.237201929092 19566.359516859055 16567.879046201706 10951.448937177658 24764.765548706055 55141.708532094955 63502.736017942429 240830.42081093788 6215.0618720054626 29543.637640953064 22988.285173892975 7375.0161747932434 33750.968603372574 346976.81710720062 931.53359746932983 3081.8742036819458 7961.7404475212097 7130.2855050563812 81947.234922647476 15230.280679225922 68044.174787521362 54138.434465408325 39822.317238092422 17816.464264392853 38766.598825454712 7040.2964305877686 37138.39168715477 18753.677932739258 19501.348170757294 20131.479096889496 75501.13230919838 7123.3686788082123 69125.144075155258 34387.161501407623 12951.866213083267 29627.529123544693 23855.621468544006 12501.121380805969 20379.03194475174 22906.412029504776 14424.609865903854 2440.7365121841431
leaf_count=2371 4986 46219 9537 12650 2757 10366 1947 2315 14314 7240 908 25231 35365 2592 20682 1455 17877 6005 7501 2903 13475 4701 7966 2439 3772 13734 17865 129169 2363 7299 3477 2912 24328 102509 313 699 1567 1839 36192 3335 10280 8989 12352 2459 5318 4704 16321 4110 3347 3132 33512 3106 18052 9579 6860 7348 9343 3209 5103 5842 4792 649
internal_value=1.32356e-05 0.00108885 0.00218142 0.00328122 -2.49532e-05 0.00245438 0.00311841 -0.00153391 -0.00143571 0.00409074 0.000289512 -0.000852538 -0.00164153 0.000505829 -0.00164653 -0.0020835 -0.00194569 -0.00241841 0.00723204 -0.00580087 0.00203208 0.00419374 -0.00135977 0.00245971 0.00242858 0.00317935 -0.00204723 -0.000979802 0.00625005 0.00900669 0.00415472 0.0105159 0.00227838 -0.00145983 -0.0149459 -0.006856 -0.0114258 0.0140208 0.001181 0.00149246 -0.00129723 -0.00281497 -0.00606576 0.00238725 0.00159002 -0.00317274 0.000663151 -1.05067e-06 -0.00221078 -0.000366364 0.00477942 0.00603471 -0.00385403 -0.00471332 -0.000550482 0.00144127 0.00315629 -0.000139069 0.000998766 0.00960295 0.0121244 -0.00505988
internal_weight=2.36035e+06 1.39235e+06 702873 444486 689481 367563 328767 967993 960958 270112 258387 515581 371462 240408 99746 720550 707993 603580 76923.3 59684.5 140662 68180.2 58654.2 53506.1 173900 149136 543895 323133 123246 42889 42554.6 14674.2 146867 410480 7034.88 23976 11043.6 13345.3 144119 93993.8 147114 79070.1 48329.4 111272 93455.9 38795.9 42086.4 72481.9 73639.8 260962 80356.7 26752.5 133416 103512 22432.9 120114 57606.6 62507.7 50006.6 47489.9 24583.5 9481.03
internal_count=793582 538755 227497 186659 311258 155874 133295 254827 252199 106637 40838 244198 182775 61640 27934 190559 189104 171227 30785 8908 33706 16121 26658 10617 67060 63288 162319 167666 46960 11501 8178 5504 59677 120374 2628 7252 2266 4202 61423 49554 23524 13244 15109 17314 14855 22579 18692 17585 12336 132301 35459 10346 41945 27631 12213 49331 33671 15660 12451 18135 12293 5353
cat_boundaries=0 1 2 6 10 11 15 19 23 27 29 30 34 36 38 42 46 47 51 53 55 59 63 67 69
cat_threshold=43018 1630240 537928888 545720097 544814 3146838 16789912 1074069633 1619150912 1068098 615683 1646298496 42152 1611531331 530 3760230424 3222340736 805856961 1090588 538977216 1091568640 1610637312 1098322 553650176 18612224 3766714385 8438355 34290311 164864 1574320 1663080522 2689500056 16795688 787712 34113939 1024 306262025 172072 17536 2302685185 1210073124 2147972 570434576 1090551824 671762492 1081410 279316498 3221226504 17170624 69668 67584 1619042368 132994 1074369043 229632 2166358592 1075355792 268633856 34816 16781584 17514576 273158226 1081360 571474440 1074014720 403397153 520 545800294 65920
is_linear=0
shrinkage=0.05


Tree=65
num_leaves=63
num_cat=18
split_feature=0 1 20 12 19 17 7 15 1 17 12 15 0 3 19 0 14 3 15 17 0 8 11 21 17 17 19 17 11 3 14 4 17 16 14 6 3 19 8 6 20 16 16 21 16 16 16 6 11 12 17 16 16 16 16 20 15 8 17 16 16 16
split_gain=1254.91 1255.36 821.804 639.689 545.47 458.564 453.348 518.184 447.964 430.853 416.091 375.919 375.252 519.299 373.727 361.072 358.897 384.986 341.334 334.415 302.533 302.529 288.34 330.299 283.783 280.332 273.32 253.023 243.56 240.438 232.33 240.665 238.822 232.136 230.67 474.872 238.048 243.218 228.495 227.406 238.324 281.366 298.295 256.216 234.301 556.493 314.566 294.758 200.103 192.191 191.407 191.097 200.762 405.578 246.555 246.256 184.239 184.035 183.336 183.104 221.737 182.645
threshold=1.5000000000000002 2.5000000000000004 0 0.42869395672585303 1 2 211.50000000000003 126.50000000000001 56.500000000000007 3 0.30010002410457803 21.500000000000004 1.0000000180025095e-35 9.5000000000000018 4 1.0000000180025095e-35 1.0000000180025095e-35 37.500000000000007 512.50000000000011 5 23.500000000000004 1.1169030969030971 0.084465947544032888 6 7 8 9 10 0.050830509824057422 25.500000000000004 1.0000000180025095e-35 1.5000000000000002 11 47.500000000000007 1.0000000180025095e-35 1.3335401157981805 10.500000000000002 12 1.0789925845541692 0.66423067269746505 13 51.500000000000007 2.5000000000000004 14 16.500000000000004 20.500000000000004 10.500000000000002 0.27283152627189328 0.077101693302392971 0.11470672862957033 15 6.5000000000000009 16.500000000000004 23.500000000000004 10.500000000000002 16 1.0000000180025095e-35 1.1319516036655213 17 31.500000000000004 25.500000000000004 45.500000000000007
decision_type=2 2 1 2 9 9 2 2 2 9 2 2 2 2 9 2 2 2 2 9 2 2 2 9 9 9 9 9 2 2 2 2 9 2 2 2 2 9 2 2 1 2 2 9 2 2 2 2 2 2 9 2 2 2 2 1 2 2 9 2 2 2
left_child=1 12 10 4 22 61 7 14 15 -9 11 27 13 30 19 29 38 48 24 20 58 51 23 -4 -8 -15 -23 -2 -19 -3 31 -1 -32 -33 35 50 37 -36 -16 44 41 42 -41 56 46 47 -21 -46 -18 -17 -14 -7 54 -54 -53 -56 -42 59 -6 60 -11 -5
right_child=2 8 3 5 6 21 18 9 -10 57 -12 -13 34 25 16 49 17 28 -20 39 -22 26 -24 -25 -26 -27 -28 -29 -30 -31 32 33 -34 -35 36 -37 -38 -39 -40 40 43 -43 -44 -45 45 -47 -48 -49 -50 -51 -52 52 53 -55 55 -57 -58 -59 -60 -61 -62 -63
leaf_value=-0.0017029284027235336 -0.010855430093685585 0.0063936428882848534 -0.015617232895229616 0.00026073409668304854 -0.012068787188930256 -0.00080709691850419641 -0.00074951028398827235 0.010561852944280256 0.061970445247447214 1.2689746129374424e-05 -0.010567346886345365 0.0032680452930275074 -0.0030994327951125479 0.0064975971558055463 -0.0018082968906870318 0.0067775128535776698 0.016487420776810785 0.0057583370143521016 0.0024723621876075051 -0.0018585742726553089 -0.010468422953415392 -0.0056270424756961375 -0.013702357738590899 -0.0012224946667553985 -0.0044091453034052486 0.0010523407984192356 -2.0140612788527397e-06 -0.0034975574448525507 -0.0049531202137156772 0.013757840711085141 -0.0019688240879518902 0.00056492529791618595 0.010156176415176339 0.0051221553614658397 0.016173880248116543 -0.006360400389330792 -0.011184161304882785 0.0014938414455384884 0.0021295732914987054 -0.020616269380538912 0.0029278696661428389 -0.024319030789774751 -0.00087192786750021141 -0.0015054520933038436 0.024355581243183086 -0.0019869886846361445 -0.012035196152925269 0.0053322192686993198 -0.0058296692358729731 0.0021946323835677186 0.0013032263147485187 -0.0056762577548262671 0.0053777084685243046 -0.0063044750113332082 -0.0053937441970736237 -0.021933938976586076 -0.001331903859212743 0.0050526580769800298 -0.0013538255576124917 0.0053264148655437007 -0.011574187110787856 0.0085975384500080014
leaf_weight=109343.10331964493 13836.022489786148 28426.334590196609 4702.1703004837036 48682.081525325775 4257.9236600399017 19183.376346349716 117566.53371667862 21315.390300750732 352.87337923049927 21002.380956888199 24205.901921272278 18061.879741191864 37480.40603685379 64991.04020524025 49852.120772838593 36629.953768491745 9930.4422693252563 23340.576581716537 43226.493032932281 22906.138037919998 12719.959573745728 30782.047562599182 8832.0061116218567 25837.016039609909 96425.737889766693 37166.157268047333 72310.700709581375 75134.633037090302 6867.8402473926544 18170.693973064423 6118.7582824230194 271555.0752696991 12069.696004867554 31147.733884811401 4797.5189862251282 43761.000406265259 1981.9743881225586 6849.5722072124481 141101.58350896835 2017.9297382831573 168008.93133330345 1452.5188853740692 36439.776690483093 57570.842820644379 2836.4433431625366 61498.088436126709 11358.545769929886 7214.3994905948639 1116.946560382843 60931.736372947693 72272.629393577576 12219.730596542358 8315.2585277557373 69701.598259210587 3456.9512100219727 6565.2071344852448 29900.127703905106 35774.474160194397 61743.878745555878 11408.030171394348 5138.3796529769897 7593.6633846759796
leaf_count=96174 4152 9496 1092 11031 1025 4478 16053 4211 60 4786 7174 4351 16084 25780 12008 10974 2756 4192 5518 5338 2244 6422 2398 5984 13292 15236 15213 20904 1261 4797 3475 185539 6500 20816 2399 20766 615 3408 28801 445 35307 320 8559 12933 743 14372 2619 1672 322 18401 30894 2972 2353 17313 840 1604 7171 6804 15242 2488 1092 1846
internal_value=-4.47598e-06 0.00154024 -0.000865981 -0.000506932 3.37802e-05 -0.00264675 0.00024766 0.000830425 0.00578274 0.00430643 -0.00464698 -0.00330841 0.000663807 0.00131267 0.000368478 0.00564478 0.00201512 0.00624414 -0.00158019 -0.000428276 -0.00340766 -0.00366636 -0.0057447 -0.00344483 -0.00239881 0.00451731 -0.00168215 -0.00464352 0.00332302 0.00926557 0.000551739 0.000307616 0.00608184 0.00103387 -0.00140299 -0.00195645 0.00483073 0.00755669 0.00110151 0.000156398 0.000868863 -0.00272398 -0.00190845 0.00143018 -0.0018325 -0.000204281 -0.00523232 0.0107027 0.0142307 0.00391535 -0.00020045 -0.00537925 -0.00625407 -0.0050593 -0.0104445 -0.0162571 0.00228418 0.00248605 -0.00204728 4.13215e-05 -0.00226525 0.00138556
internal_weight=2.35746e+06 844046 1.51341e+06 1.38217e+06 1.10336e+06 278811 1.06399e+06 806774 144512 94638.7 131238 107033 699535 532392 712135 144159 232210 41255.8 257219 479926 78721.8 222535 39371.2 30539.2 213992 102157 103093 88970.7 30208.4 46597 430234 412046 18188.5 302703 167143 153514 13629.1 11647.1 190954 401204 295390 39910.2 38457.7 255480 105814 71548.9 34264.7 10050.8 11047.4 97561.7 109753 119442 100259 78016.9 22241.9 10022.2 197909 73323.3 66001.8 37548.8 26140.8 56275.7
internal_count=793115 471414 321701 285120 221048 64072 211574 176711 43728 19381 36581 29407 427686 353520 157330 43668 49340 8531 34863 107990 18511 51195 9474 7076 29345 41016 21635 25056 5453 14293 312504 302529 9975 206355 74166 67744 6422 5807 40809 89479 64735 9324 9004 55411 24744 16787 7957 2415 3078 29375 46978 29560 25082 19666 5416 2444 42478 15170 16267 8366 5878 12877
cat_boundaries=0 1 2 6 10 11 15 17 21 25 26 30 34 35 36 38 42 43 47
cat_threshold=1 540672 1073743504 1129536 1207959569 1049088 1073746048 1090808321 146950307 18176 67523 3490744740 1107299504 1625949857 2113544 576249920 2184 16790464 1090856960 2687191041 1097794 1612720080 1095435264 1216950274 1091666 796577 1107296328 540680 672664067 2588 1108350032 1106112 1103106583 35337 1317594 8 68137395 32804 2434799880 1108681344 2955041313 11522 2 268437504 1107296256 547357312 2113536
is_linear=0
shrinkage=0.05


Tree=66
num_leaves=63
num_cat=23
split_feature=0 10 1 20 12 12 20 0 16 17 16 17 17 16 1 0 0 16 9 10 12 17 16 16 16 4 16 17 17 17 4 4 17 17 17 19 9 17 8 17 16 16 16 9 16 16 9 16 19 20 14 4 19 20 16 16 9 17 7 17 19 22
split_gain=1134.23 1168.38 1150.15 808.69 416.689 400.725 388.724 464.883 416.506 578.105 516.29 677.633 606.513 429.285 378.279 374.307 351.705 343.124 707.953 385.116 341.785 408.517 303.014 557.254 417.062 414.583 319.95 408.151 318.078 299.883 335.341 298.712 289.286 278.826 271.936 261.037 260.059 258.014 256.442 251.069 246.914 243.477 639.819 994.95 238.083 691.838 367.214 323.032 264.69 237.06 231.938 401.88 255.119 226.436 212.595 409.975 261.487 209.843 223.131 205.133 218.747 203.224
threshold=1.5000000000000002 1.5000000000000002 2.5000000000000004 0 0.035214930439658072 0.15277807414075203 1 66.500000000000014 45.500000000000007 2 25.500000000000004 3 4 18.500000000000004 56.500000000000007 69.500000000000014 1.0000000180025095e-35 9.5000000000000018 0.3335334133653462 3.5000000000000004 0.076023523968114251 5 17.500000000000004 26.500000000000004 8.5000000000000018 123.50000000000001 46.500000000000007 6 7 8 4.5000000000000009 587.50000000000011 9 10 11 12 0.88898369359120222 13 1.0698299574893724 14 51.500000000000007 16.500000000000004 10.500000000000002 0.14302761677463352 16.500000000000004 10.500000000000002 0.61844397579314159 25.500000000000004 15 16 1.0000000180025095e-35 6.5000000000000009 17 18 15.500000000000002 9.5000000000000018 0.10021834061135372 19 15.500000000000002 20 21 22
decision_type=2 2 2 1 2 2 1 2 2 9 2 9 9 2 2 2 2 2 10 2 2 9 2 2 2 2 2 9 9 9 2 2 9 9 9 9 10 9 2 9 2 2 2 10 2 2 10 2 9 1 2 2 9 1 2 2 10 9 2 9 9 9
left_child=2 3 5 15 31 37 -6 8 10 -10 11 41 -12 17 16 20 49 -13 -19 -20 21 -2 24 25 28 34 27 -25 -7 -28 -31 35 -9 -22 53 -3 54 -1 -14 -15 -11 42 -8 -44 45 61 -47 -46 -49 -4 51 -39 -52 -24 55 -23 -57 58 -38 -17 -61 -35
right_child=1 4 14 -5 6 22 7 32 9 40 12 13 38 39 -16 59 -18 18 19 -21 33 36 23 26 -26 -27 29 -29 -30 30 -32 -33 -34 44 -36 -37 57 50 -40 -41 -42 -43 43 -45 47 46 -48 48 -50 -51 52 -53 -54 -55 -56 56 -58 -59 -60 60 -62 -63
leaf_value=-0.00091029234278570286 0.0025765287429796442 0.0077070274491402267 0.0026110923715678934 -0.0082735938709148915 -0.0036566214176903932 0.011817388187811072 -0.00073367630770405196 -0.00055871352256207701 0.0094309249792648916 0.0022447951081664866 0.0039480732694365779 0.0039469680605710216 -0.0062875129278339133 0.0039159225440376123 0.059190724644429177 -0.0031810983875417915 0.0037156104639099589 -0.025120068270999909 -0.0016968918705764645 0.0079651694364837513 -0.0079714985917116298 0.0021928804436867426 0.011850174418974783 0.0035088322591367328 -0.0041723995995566077 0.037727710632475354 -0.0023221744275077976 -0.0025986898762617649 -0.00013637927451490951 0.0003239329567330131 0.0095550538031059767 -0.0002927972440475122 -0.0048052356114133667 0.0045160085346137944 0.0016031575709639662 0.0024198478653756047 -0.00038963638808585708 -0.00052864813209390683 -0.0018363319053264695 0.01054844634833405 -0.0074876467776543373 0.0022016659844907873 -0.050220230346996603 -0.0084773640555926462 0.00321993071016395 -0.033949838466003884 -0.010156177319492305 0.010880489317463786 -0.0029318651104214303 0.010978424819545987 0.015426127683354583 0.0046971996695899789 0.0044148865361020142 0.0026260814420979504 0.0034135202302767623 -0.032238730747132384 -0.0076015057084047113 -0.0027934854382832279 -0.016811255479978051 -0.039437136276130824 -0.010674288641422803 -0.0031793477715789152
leaf_weight=46729.841140270233 81208.338542938232 32550.89523434639 11135.513308286667 58019.382519721985 76906.983801364899 5986.1379492282867 38885.175291776657 101963.3586063385 31090.105882644653 43380.73527431488 38382.130071878433 76665.465129852295 44214.797670125961 34035.613999128342 326.82354736328125 12026.030501365662 97917.70020198822 2891.1398634910583 54011.065103054047 12746.111690044403 24888.117914915085 9179.0241219997406 16466.674654960632 33857.378657579422 91015.942831039429 942.6599862575531 19010.613696813583 142250.51097106934 77230.488165855408 18186.969831943512 21431.000451564789 66539.757638454437 66107.245758056641 11226.13666677475 38024.347208023071 82607.754942417145 3225.4355244636536 62845.640025615692 120660.81116223335 24614.502046346664 7667.961193561554 20416.283887863159 1583.8533878326416 14386.158364534378 31960.160859584808 1759.7953062057495 20548.959855079651 3574.1268558502197 107263.74059677124 35597.560955286026 7513.653256893158 88731.542052507401 17583.908748865128 11193.981667757034 30381.923363208771 1609.7070803642273 3252.8536367416382 69388.186147928238 5766.4787669181824 690.73607540130615 12620.626838207245 36275.453830003738
leaf_count=27796 18091 6591 3569 18608 19509 3533 7938 13739 6411 9073 8080 16296 10163 7204 55 1759 29474 605 11403 2324 6235 2084 10170 20722 58957 391 11871 87916 47155 14372 10538 9104 9080 2964 25769 17711 1037 46952 23498 5211 1609 4317 324 2924 8577 430 5138 783 26936 10760 3626 41802 8790 7031 6969 400 703 16597 1223 111 1923 8874
internal_value=1.83354e-05 -0.000799013 0.00148764 -0.00270686 0.000210114 0.000647025 -0.000274977 7.95414e-05 0.0007656 0.00405739 0.000206364 0.00159786 -0.00171212 0.00308776 0.00554056 -0.00201479 0.00541893 0.00163913 -0.000901236 0.000148001 -0.00167566 -0.000174672 -0.000173479 0.000786144 -0.0018333 0.00482176 -0.000359342 -0.00142443 0.000725043 0.00283993 0.0053162 0.00237424 -0.00222934 -0.00296502 0.00434895 0.00391526 -0.00199406 0.00239376 -0.00302986 0.00670208 0.000782626 -0.0024592 -0.00419436 -0.0126202 -0.00237844 -0.00477155 -0.0120345 -0.00120865 -0.00248565 0.00898767 0.00326753 0.00253051 0.0077198 0.00811981 0.00106207 -0.00402566 -0.0157624 -0.00372643 -0.0109093 -0.0079247 -0.0121981 -0.00136035
internal_weight=2.36115e+06 1.51717e+06 843979 524865 992308 699001 810609 733703 565632 82138.8 483493 280235 203258 204964 144978 466846 144651 146314 69648.3 66757.2 441508 204012 475597 301364 174233 66627.7 234736 176108 83216.6 58628.6 39618 181698 168071 237496 65685 115159 122804 223405 164876 58650.1 51048.7 75271.5 54855.2 15970 212608 69810.3 22308.8 142798 110838 46733.1 176675 151577 25097.6 27660.7 44423.5 14041.6 4862.56 78380.1 8991.91 25337.4 13311.4 47501.6
internal_count=793805 322556 471249 129442 193114 427391 159708 140199 117380 17093 100287 58546 41741 43043 43858 110834 43803 30628 14332 13727 107041 47104 298425 188780 109645 43361 145419 108638 50688 36781 24910 33406 22819 59937 42970 24302 29013 128966 33661 12415 10682 15503 11186 3248 53702 17406 5568 36296 27719 14329 101170 88754 12416 17201 10156 3187 1103 18857 2260 3793 2034 11838
cat_boundaries=0 1 2 6 10 14 18 22 26 30 34 38 42 43 47 51 52 53 54 55 58 62 63 64
cat_threshold=22 1 1090531784 1628972032 1619137024 51202 2166395232 537775616 278948928 339464 2164298056 553675265 278940753 328328 26048 18240081 1885868100 1164608 50336800 570967552 276840989 520 34603136 64 1744838752 1089536 1126182936 1644979848 2418035251 263172 9168 1090550784 1619609600 1097810 271614040 537264656 2390720 1124610 2684388560 1611768896 1745556994 1092096 1478696 1344279553 1083293912 556179987 598021 1073751568 1048656 4850304 32850 8192 1 4698 20 3489693696 2684390400 8408193 2098112 16777216 1610817536 33344 524289 68159107
is_linear=0
shrinkage=0.05


Tree=67
num_leaves=63
num_cat=21
split_feature=12 15 13 20 7 10 3 19 13 17 16 7 17 15 19 6 9 16 21 17 17 17 3 2 10 13 13 16 16 16 9 16 6 3 6 17 19 13 16 3 16 9 19 16 1 21 16 16 16 17 17 17 9 2 17 17 17 19 12 6 12 20
split_gain=709.251 659.936 770.554 555.06 977.138 657.506 534.286 526.638 606.258 478.853 433.994 378.205 413.675 401.644 374.564 361.154 361.089 391.799 358.744 354.674 332.796 323.358 308.948 292.399 344.566 290.62 288.598 288.49 753.246 759.915 703.694 513.732 463.069 521.443 364.666 353.851 287.507 286.388 272.165 267.062 250.82 356.65 248.42 246.073 243.416 241.452 239.54 411.21 286.898 315.254 250.182 238.088 232.946 230.587 228.971 228.636 221.737 221.121 251.99 268.384 220.734 217.226
threshold=0.4720258179132148 11.500000000000002 53.500000000000007 0 36.500000000000007 1.5000000000000002 298.50000000000006 1 8.5000000000000018 2 51.500000000000007 71.500000000000014 3 192.50000000000003 4 1.5274400446179588 0.81823556813702669 44.500000000000007 5 6 7 8 100.50000000000001 6.5000000000000009 2.5000000000000004 11.500000000000002 53.500000000000007 8.5000000000000018 16.500000000000004 26.500000000000004 0.47376679145562656 45.500000000000007 0.13765979846593474 37.500000000000007 0.61805810166713404 9 10 81.500000000000014 40.500000000000007 5.5000000000000009 22.500000000000004 0.79991181657848343 11 32.500000000000007 9.5000000000000018 12 43.500000000000007 32.500000000000007 37.000000000000007 13 14 15 0.7451139546727783 15.500000000000002 16 17 18 19 0.15277807414075203 0.54555919905114092 0.20004067987323296 20
decision_type=2 2 2 1 2 2 2 9 2 9 2 2 9 2 9 2 10 2 9 9 9 9 2 2 2 2 2 2 2 2 8 2 2 2 2 9 9 2 2 2 2 10 9 2 2 9 2 2 2 9 9 9 8 2 9 9 9 9 2 2 2 1
left_child=1 2 3 4 7 18 36 21 14 -10 16 12 37 51 19 -4 17 25 55 -9 46 -1 -22 45 -25 54 56 -11 30 32 -29 35 33 42 -32 38 -7 -3 43 -21 41 -34 -30 -31 -12 -18 47 50 49 -49 -2 -13 -33 -39 -5 -6 -14 58 59 -42 -36 -28
right_child=20 11 15 10 5 6 -8 8 9 27 44 13 26 -15 -16 -17 23 -19 -20 39 22 -23 -24 24 -26 -27 61 28 29 31 34 52 40 -35 60 -37 -38 53 -40 -41 57 -43 -44 -45 -46 -47 -48 48 -50 -51 -52 -53 -54 -55 -56 -57 -58 -59 -60 -61 -62 -63
leaf_value=-0.022844922090310388 0.0073845724199375689 0.0055807243817466642 -0.0023752034800438842 0.011125370550538452 -0.00036957849991951124 4.4080886614504102e-05 -0.0010125977950485769 -4.3753853635819081e-05 -0.0026301334989670727 0.0065913185164752849 -0.0070301151206913302 -0.0096507332008688891 0.010851940600576308 0.001969388715450558 0.013634417207233544 -0.008729913280701853 0.00080853231810198544 0.0055805959358836829 -0.0083706697161207485 0.020044343945216828 -0.0020986930939127053 -0.0015106725613076247 -0.0065912174777407921 -0.0087245575154205734 -0.00073067182884799329 -0.002256705894427018 0.0043583699476623947 -0.018888762648548638 0.02635037794550097 0.0034933209876736588 -0.0059661553578376032 0.013511013012140092 0.016364091050484836 0.041336649996737279 0.0073277847769288133 -0.0021337522689364214 0.0046682374913948506 0.026276687759456043 -0.0035882444697371164 0.0066868338771594697 0.0064578008386155863 0.0012315818362457855 0.0052976704994810008 0.017998687070724183 -0.026081599025458514 -0.004950270182233877 0.0033621885503243056 -0.022591600531451261 -0.00025514246418863591 -0.0064835641885932814 -0.00034155123200918882 -0.0016207521361230389 0.0042700476506877987 0.0095420878226924917 0.0010408025053212536 -0.0047884866239921832 0.0032353846406243075 0.0056745208163840773 0.0077969043742745093 0.030713459532185256 -0.0027699033628850074 0.00068443517900256901
leaf_weight=1834.5928814411163 11358.56730389595 35124.227844953537 99326.254256010056 6998.5494499206543 70337.93625831604 54318.396950244904 223156.9416642189 19722.815508842468 43287.047844409943 47049.512107372284 4960.5125861167908 11653.245242595673 15821.174165487289 102755.10414075851 17886.773655653 28852.810747861862 52209.566359758377 29008.240923881531 29380.475855350494 4311.7910199165344 237405.14687418938 47335.666377067566 45622.553394317627 37461.471235990524 21057.585601329803 96754.842393398285 53989.235900402069 6267.525244474411 2091.4038646221161 6406.859427690506 19400.465080022812 8569.6099932193756 4635.6777000427246 2041.594277381897 13802.660762786865 70498.110342741013 88206.034396648407 3232.6192636489868 5232.6857235431671 28294.722475528717 1627.833911895752 24299.939657449722 4255.2618463039398 5378.067399263382 2532.4841339588165 27930.991555690765 38207.872777938843 3545.7943670749664 16245.479155540466 21091.826055288315 133588.56495308876 44320.887047290802 33390.189475536346 5669.782527923584 28609.689564466476 50136.565176010132 24182.913150072098 10304.086300611496 4866.5718710422516 3812.812744140625 8901.8738574981689 157868.81213951111
leaf_count=996 3956 11713 54266 2754 12313 9990 32256 5841 16419 16395 2179 1876 5927 14738 5109 11569 24418 11917 5356 2031 122303 19764 8205 10411 4816 47722 19517 1991 1806 2380 8079 2687 1455 752 3984 24943 16099 1342 1776 7342 502 7416 3455 1984 526 13260 16278 1249 8533 8003 54017 7164 12634 1231 11274 9016 9012 3194 1547 1062 2640 59594
internal_value=-2.63726e-05 0.000427407 -0.000111161 0.000262147 0.000853777 -0.000628302 0.000514774 0.00256884 0.0031743 0.00226697 -0.00158673 0.00208207 0.00313834 0.000113067 0.00738877 -0.00380569 -0.00128992 0.000317971 -0.00341766 0.00525011 -0.00168318 -0.00231161 -0.00282279 -0.00316116 -0.00584809 -0.000835402 0.00235634 0.00301646 0.00230322 0.00373898 -0.00325936 0.00160919 0.00849861 0.0193622 -0.000932456 -0.000571638 0.00290624 0.0076095 0.0058972 0.00845116 0.00665907 0.00365639 0.012288 0.0101138 -0.0134718 -0.00119911 -0.000243369 -0.000984722 -0.00541336 -0.00881442 0.000264428 -0.00329467 0.00615764 0.015621 0.00302653 -0.00220882 0.00625137 0.010874 0.0160499 0.0234587 0.00336879 0.00162094
internal_weight=2.35843e+06 1.85136e+06 1.39675e+06 1.26857e+06 961043 515536 365681 445506 396336 326120 307524 454618 295889 158729 70216.1 128179 300031 161371 149855 52329.3 507066 49170.3 283028 138660 58519.1 132363 251862 282833 235783 187411 48372.5 129476 57935.2 8388.26 42105 87515.7 142524 44026.6 17017.6 32606.5 49546.9 28935.6 6346.67 11784.9 7493 80140.6 224038 185830 40883.1 24637.6 144947 55974.1 41959.8 8902.4 35608.2 120475 40004.1 20611.3 10307.2 5440.65 22704.5 211858
internal_count=792984 570440 438326 372491 243214 85030 58345 158184 137424 117101 129277 132114 108336 23778 20323 65835 126572 73667 26685 15214 222544 20760 130508 52905 15227 61750 94050 100682 84287 67593 16694 46404 21189 6013 14703 31083 26089 14286 6140 9373 15176 8871 5261 4364 2705 37678 92036 75758 17785 9252 57973 9040 15321 2573 14028 21329 14939 6305 3111 1564 6624 79111
cat_boundaries=0 1 2 6 10 11 13 17 21 25 29 30 31 33 37 41 45 49 53 57 58 59
cat_threshold=22 540672 287344896 1090568272 543177024 276482 34652370 557907461 1114417 17288 206019 136000439 165120 1610645840 537406464 1082656321 1147392 838861440 1107377232 1233134227 1106454 2150666304 536937600 1073742848 4259840 4112 527872 268453508 67328 704643 299009 33604391 43022 128 64 1207959552 1048576 128 4160 1090527232 1048576 17825936 537935872 1342314208 32768 3149616 16779776 8409128 518 2106064 1092356608 1879728128 1082434 16777216 786560 276978176 80 15434 9
is_linear=0
shrinkage=0.05


Tree=68
num_leaves=63
num_cat=17
split_feature=12 16 16 16 9 17 17 17 16 16 9 16 16 17 16 17 16 1 12 20 9 16 9 6 16 16 16 16 16 16 12 17 16 16 6 17 1 6 20 16 16 17 12 2 4 16 17 13 2 17 16 17 17 21 6 6 17 16 13 16 16 17
split_gain=707.214 497.237 2182.57 1378.63 2002.63 1004.25 998.7 892.873 952.304 2109.24 734.414 1178.7 1158.97 823.652 608.244 814.577 663.873 593.352 559.956 540.832 521.843 644.517 509.01 482.382 479.298 465.215 1028.33 923.088 743.054 1154.83 785.137 562.221 942.6 454.88 417.23 399.252 397.088 377.525 369.456 368.64 367.684 360.444 348.541 348.073 345.455 342.713 341.672 338.772 334.633 352.91 327.211 326.985 323.003 322.152 317.067 301.705 301.184 297.935 279.197 277.457 396.65 607.198
threshold=0.50014288216145319 18.500000000000004 25.500000000000004 8.5000000000000018 0.31647252895232975 0 1 2 37.000000000000007 32.500000000000007 0.7451139546727783 51.500000000000007 46.500000000000007 3 14.500000000000002 4 11.500000000000002 6.5000000000000009 0.14450892485460484 5 0.030315122493893447 10.500000000000002 0.88898369359120222 1.2353519768563166 27.500000000000004 39.500000000000007 37.000000000000007 43.500000000000007 48.500000000000007 49.500000000000007 0.12505105956539955 6 31.500000000000004 20.500000000000004 1.4226372773152742 7 38.500000000000007 1.2236146980555929 8 11.500000000000002 15.500000000000002 9 0.13279141085108356 6.5000000000000009 171.50000000000003 46.500000000000007 10 97.500000000000014 195.50000000000003 11 16.500000000000004 12 13 14 2.5723960012899072 0.56376459204307228 15 51.500000000000007 7.5000000000000009 28.500000000000004 31.500000000000004 16
decision_type=2 2 2 2 8 9 9 9 2 2 8 2 2 9 2 9 2 2 2 1 10 2 8 2 2 2 2 2 2 2 2 9 2 2 2 9 2 2 1 2 2 9 2 2 2 2 9 2 2 9 2 9 9 9 2 2 9 2 2 2 2 9
left_child=1 3 5 35 17 19 14 8 9 24 11 12 13 47 15 16 -6 40 39 36 21 -19 33 50 -4 26 31 -27 45 43 52 32 -12 -7 41 -1 -3 -22 -37 -17 58 -24 -15 -30 -2 -29 -13 -9 49 -14 -16 -8 -31 -34 -23 -41 -11 -32 -5 -33 -61 -62
right_child=44 2 7 4 6 22 51 10 -10 56 25 46 48 42 23 18 -18 20 -20 -21 37 54 34 -25 -26 27 -28 28 29 30 57 59 53 -35 -36 38 -38 -39 -40 55 -42 -43 -44 -45 -46 -47 -48 -49 -50 -51 -52 -53 -54 -55 -56 -57 -58 -59 -60 60 61 -63
leaf_value=0.006048982647749405 -0.0012671675698435305 0.013033539883369983 -0.0099826410236451713 0.007551303611696529 0.0039445521552988186 0.021171257049759584 -0.0070191401339385591 0.0054932012330715235 0.00059804293301908649 -0.028294701198178097 -0.0013886287800340838 -0.00191654960005845 0.0064646826500972731 0.0015052045080297975 -0.0024752863396813934 0.0016450543705365324 0.031826101430846354 -0.012993967362709075 -0.0025534078883145575 0.0030635488278428417 -0.020086934810456574 -0.050745542935946943 -0.0045743211026175717 -0.0062228721744842569 0.00034752887140431762 -0.0057867288574613715 0.011066107377015178 0.00052261989904247425 -0.0035017508130283067 -0.0011124369835454762 0.0079790384791880546 -0.0048139353612525583 0.018333121603531018 0.0047139623914297067 -0.0053339220796658005 0.0022932090435147192 0.005939436643825579 0.0022527761133950695 -0.0019519530057280068 -0.0041327878675824752 0.03662917981783529 0.0038055572962521576 -0.0031689074027868741 -0.016647969306286106 -0.0052666187290172656 0.0062091694090145857 -0.017370135137276012 0.02829761252107715 0.0023557039961869478 0.014982626152331951 0.0073009569188117246 -0.0025643184165482454 -0.011442815805317568 0.0024661889633948398 -0.014170094011239224 0.012985227442668357 -0.015156274182383253 -0.0010959910797289116 -0.011619881248488015 0.0036470438730515117 0.0043158203945567334 -0.0073059333627764483
leaf_weight=48316.1182076931 369284.98296737671 54440.92751455307 16294.31650352478 2180.9233100414276 3935.8725488185883 4552.1996321678162 55063.639646530151 66361.466299533844 60866.034716367722 10304.389168262482 23435.835030078888 5913.0581867694855 22753.952977895737 93044.297761917114 17728.144953727722 21489.407385826111 4665.7960252761841 2742.8950707912445 29401.975309848785 34799.717628717422 6370.3684191703796 3374.3224844932556 16323.668504238129 33028.462233304977 36113.975095510483 103184.69373941422 23197.286852359772 66362.635315656662 7185.0625610351562 15908.383449792862 24920.937912464142 46382.345338582993 12240.928999662399 53957.424937725067 25919.505696058273 180448.02025818825 30938.083315372467 2689.2006433010101 71574.258709907532 2956.4243502616882 449.61643576622009 59862.361541748047 69804.840868473053 16831.036875247955 63237.197106838226 44103.588071107864 9087.6321637630463 1668.6310067176819 14370.923223972321 26254.919330120087 16546.834612369537 163621.76302933693 14436.901844978333 4349.1861748695374 719.85816359519958 19878.777516841888 7736.7416751384735 14195.352617740631 14665.110118150711 39990.701144695282 17660.278240680695 30876.742359876633
leaf_count=15560 183310 19314 4115 847 1464 1308 20095 16548 22333 2881 9573 1369 6360 20510 6345 5577 1705 573 10203 11212 1204 668 7573 7390 9599 33066 8074 22937 4382 4990 8770 13370 4891 13435 6787 51004 4730 533 28343 1466 220 23213 19529 3519 11663 15632 2049 404 1989 7230 6362 54832 4620 1924 160 4542 2342 4557 5785 12285 6157 10260
internal_value=-2.46618e-05 0.000385159 0.000992467 -0.000676241 -0.00259283 0.00486335 -0.00153275 -0.0001567 -0.00398256 -0.00794058 0.000460144 0.00237919 0.00307616 0.00143205 0.0016148 0.0044972 0.0190481 -0.0143556 0.00279635 0.00831998 -0.0213285 -0.0317562 0.00227627 -0.00191084 -0.00286436 -0.000714457 0.00117449 -0.00193304 1.6734e-05 -0.00326409 3.74353e-06 -0.000137241 0.00506592 0.00599472 0.000145667 0.00188596 0.0104618 -0.0134562 0.00108755 0.00634563 -0.00794584 0.00200994 -0.000498317 -0.0127152 -0.00185192 0.00279301 -0.0112919 0.00605206 0.00906515 0.0110325 0.00224444 -0.00368631 -0.00603151 0.0141865 -0.0443197 0.0107689 -0.0226857 0.00468575 -0.00913764 -0.00168122 -4.00575e-05 -0.00307795
internal_weight=2.361e+06 1.92848e+06 1.22663e+06 701848 401509 280794 368317 945837 131315 70449.4 814522 309260 294259 230879 149632 82328.3 8601.67 33192.3 73726.6 120179 15896.6 6837.08 160615 67303.4 52408.3 505262 198133 307129 203944 93477.7 69461.6 174936 40026 58509.6 102106 300338 85379 9059.57 252022 44324.6 17295.6 76186 162849 24016.1 432522 110466 15000.7 68030.1 63379.8 49008.9 34275 218685 30345.3 16590.1 4094.18 22835.2 18041.1 39116.3 16846 134910 88527.7 48537
internal_count=793688 598715 373837 224878 129971 87572 119981 286265 41270 18937 244995 75988 72570 56991 45054 24957 3169 9990 21788 35256 3138 1401 52316 20097 13714 169007 66534 102473 69407 30838 22937 58460 16388 14743 37573 94907 24044 1737 79347 11585 6852 30786 40039 7901 194973 38569 3418 16952 15579 13590 12707 74927 9610 6815 828 6008 5223 13327 6632 42072 28702 16417
cat_boundaries=0 4 8 12 16 20 21 25 29 30 34 38 42 46 50 52 55 59
cat_threshold=2717909904 2151881745 1611334738 1328396 8944 37783616 3372355890 1166659 1375766656 4423768 3910545442 102657 2166378784 2298764800 278938696 648 0 4194368 135456 16640 28 19927328 17580544 283132180 2114056 1074790528 541241345 3892449280 1360002 6 1092616192 541312 2155891488 10240 2110464 17564160 4210688 2130 19922992 1090800256 283134208 592 50336000 3221570209 270544448 270348 16786504 1092354176 272630016 3154 1208105587 66816 128 32832 3355582464 1088 10368 68608 2128
is_linear=0
shrinkage=0.05


Tree=69
num_leaves=63
num_cat=8
split_feature=0 10 1 20 4 0 4 1 16 16 8 16 12 0 15 13 6 0 20 16 2 11 3 16 16 19 0 12 19 13 13 16 13 4 19 13 1 20 16 6 16 16 13 16 12 16 16 12 16 3 16 6 10 16 16 18 16 16 18 13 12 3
split_gain=1118.8 1071.02 1023 891.727 518.694 477.186 463.698 452.776 426.917 829.97 713.513 528.976 405.377 396.639 390.233 358.744 356.742 335.233 333.414 353.688 330.389 320.85 308.072 306.088 275.987 285.721 274.7 270.907 260.214 359.431 257.392 254.721 254.233 380.882 244.593 241.158 237.897 229.786 225.91 224.324 223.41 218.268 211.708 203.212 502.321 369.905 321.658 200.343 195.277 538.535 299.41 203.605 192.618 188.366 418.457 310.768 303.38 458.453 347.529 186.17 185.803 185.474
threshold=1.5000000000000002 2.5000000000000004 1.5000000000000002 0 119.50000000000001 1.0000000180025095e-35 1422.5000000000002 4.5000000000000009 16.500000000000004 10.500000000000002 1.100143266475645 25.500000000000004 0.047954522822917463 1.0000000180025095e-35 17.500000000000004 2.5000000000000004 0.14481478320245819 5.5000000000000009 1 4.5000000000000009 12.500000000000002 0.10157097708433868 9.5000000000000018 49.500000000000007 51.500000000000007 2 270.50000000000006 0.55617581697926866 3 53.500000000000007 2.5000000000000004 51.500000000000007 12.500000000000002 137.50000000000003 4 2.5000000000000004 5.5000000000000009 5 18.500000000000004 1.0588672102504371 14.500000000000002 48.500000000000007 3.5000000000000004 49.500000000000007 0.10210207172242126 48.500000000000007 46.500000000000007 0.33658992556633971 15.500000000000002 133.50000000000003 11.500000000000002 2.077088147903599 4.5000000000000009 31.500000000000004 27.500000000000004 6 37.000000000000007 39.500000000000007 7 9.5000000000000018 0.099339378339525622 11.500000000000002
decision_type=2 2 2 1 2 2 2 2 2 2 2 2 2 2 2 2 2 2 1 2 2 2 2 2 2 9 2 2 9 2 2 2 2 2 9 2 2 1 2 2 2 2 2 2 2 2 2 2 2 2 2 2 2 2 2 9 2 2 9 2 2 2
left_child=2 3 13 4 7 20 18 15 9 -6 -11 16 40 22 17 -2 -10 -5 19 -3 60 28 59 32 25 -13 43 -14 -9 -30 -18 38 33 -21 -23 37 42 -15 -20 -37 -12 -19 -7 45 -45 46 53 -16 50 -50 -24 -52 -8 54 -27 -56 58 -58 -55 -1 -4 -17
right_child=1 6 5 14 8 36 52 21 11 10 12 24 27 35 47 61 30 41 31 23 -22 34 48 -25 -26 26 -28 -29 29 -31 -32 -33 -34 -35 -36 39 -38 -39 -40 -41 -42 -43 -44 44 -46 -47 -48 -49 49 -51 51 -53 -54 56 55 -57 57 -59 -60 -61 -62 -63
leaf_value=0.0051175864699272216 0.010928284208776529 0.008855049264544914 0.0092595962471428254 -0.0051304033189759016 -0.0017940732506124221 0.013933421554415805 -0.0040151378187563789 -0.00023962275685880077 0.0264056919704392 -0.01866016021343107 0.0047161344996161127 0.0097626548133137939 -0.0090322475734677717 0.023769154104322468 0.0044818158150942795 -0.006715712757698996 -0.020229765088222277 -0.0094506904259986178 -0.0027533270904168835 0.0193081672303398 0.013205511217304781 -0.013288889163471604 0.0049998094995949132 0.0092557161014256827 -0.010778003250779503 -0.0067839169585703811 -0.016039130668763047 -0.037924394877612566 0.0040456692781041994 -0.0012356717704899768 0.0022482980113403724 -0.013607014801035489 0.0011840439521663756 0.0037912473919495329 0.0026551197181198471 -0.0010075078396522314 0.0068711852780740908 0.00077306178328656182 0.0016607555217198267 -0.0057999244196576798 -0.010425448073122755 -0.021056037201377008 0.0013293591107875072 -0.0067441891723127763 0.010451483699665337 -0.012918708723741699 0.0047488013266687445 -0.0062579219718209558 0.0051661882957092838 0.056105481396913764 -0.0064003832926633033 0.038342327513376739 -2.9489814474461672e-05 -0.0033710241693362675 0.0068657054780423919 -0.002146952529018207 0.0089205922323225915 -0.0036078177579529913 -0.013004968997080951 0.00018733538779792391 0.0038603675482692529 -0.0019042519352029748
leaf_weight=20138.185902357101 4332.4426965713501 22337.56640124321 23503.309069871902 80515.395829200745 88294.498904943466 3420.1864171028137 50518.660986661911 155351.53673911095 1508.444349527359 15791.457635164261 10018.663215398788 4902.8780813217163 18911.60080742836 1623.728147983551 12973.184841394424 33356.205281019211 1295.7277779579163 24096.86590886116 44414.827647686005 4519.5676574707031 17748.000597476959 6788.628577709198 15902.192729711533 14874.25739812851 9701.7703359127045 18010.951092243195 3645.5566301345825 846.84080100059509 119232.89774775505 44141.884651184082 71287.360052347183 3466.4289567470551 205041.12604427338 31604.413111209869 3722.6994771957397 61959.638181447983 26299.219109296799 3252.5357375144958 83440.409939050674 40299.245322465897 3217.7146906852722 4870.692449092865 127287.23262357712 7500.020542383194 9789.1946978569031 8412.9837005138397 15268.537091970444 6525.861508846283 50281.767476797104 523.28030371665955 11831.218158721924 258.86254715919495 75791.752481937408 21042.441379308701 19545.801272153854 18715.251301288605 8303.9896697998047 60464.723737955093 16887.562919855118 388840.37321591377 49482.474134683609 50133.582312107086
leaf_count=12068 1842 4099 8480 25890 16279 1389 6793 38111 442 3170 1668 822 3400 959 3529 12915 201 5708 9375 915 4391 1689 6627 2697 1682 3173 479 162 28418 11238 12945 700 37907 4714 909 29140 6739 1921 17244 19471 539 1153 43588 1324 1765 1543 2843 1945 21688 210 4623 67 9601 3927 3390 3346 1624 11419 3107 291362 18012 15684
internal_value=4.03244e-05 -0.000771808 0.00150085 -0.00175516 -0.00116754 0.00420052 0.00102498 9.11884e-05 -0.00237893 -0.00468609 -0.00991999 -0.00131146 -0.00573647 0.000376617 -0.00562897 -0.0030986 0.0023471 -0.00679005 0.00184154 0.00282116 0.00708713 0.000942053 0.000981676 0.00229483 -0.00253145 -0.00215488 -0.00243675 -0.0102724 0.00122552 0.00261856 0.00184675 -0.000235257 0.00186546 0.00573309 -0.00765255 -0.00237814 0.00253232 0.00848406 0.000127366 -0.00289619 0.00103476 -0.0114027 0.00165927 -0.00219365 0.00299208 -0.002674 -0.00219038 0.000887347 0.00384439 0.00569195 0.000491044 -0.0054393 -0.00162359 -0.00284053 -0.000499791 0.00245849 -0.004075 -0.00209487 -0.00766489 0.000430114 0.00559916 -0.00382661
internal_weight=2.35807e+06 1.51541e+06 842651 979406 850424 247740 536009 417060 433364 137081 48786.3 296283 32994.8 594911 128982 87822.2 74091.5 109483 409699 278377 90733.8 329238 487776 256039 222192 212490 207587 19758.4 318726 163375 72583.1 131322 241165 36124 10511.3 107135 157007 4876.26 127855 102259 13236.4 28967.6 130707 203941 17289.2 186652 178239 19499 78797.3 50805 27992.3 12090.1 126310 162971 56272 38261.1 106699 68768.7 37930 408979 72985.8 83489.8
internal_count=793061 322326 470735 228281 190056 82599 94045 110806 79250 25218 8939 54032 5769 388136 38225 30441 13588 32751 77651 50332 30883 80365 336645 46233 40444 38762 37940 3562 77767 39656 13146 27319 43536 5629 2598 51491 51716 2880 26619 48611 2207 6861 44977 37461 3089 34372 32829 5474 33215 21898 11317 4690 16394 29986 9909 6736 20077 13043 7034 303430 26492 28599
cat_boundaries=0 1 2 3 4 5 6 7 8
cat_threshold=22 6 8192 606499 541824 6 16432 97
is_linear=0
shrinkage=0.05


Tree=70
num_leaves=63
num_cat=25
split_feature=0 3 10 16 16 16 9 17 17 12 17 17 16 21 4 17 20 16 16 9 16 16 16 17 17 17 15 0 16 16 17 16 19 12 16 17 1 17 9 12 9 20 17 19 16 17 16 19 16 16 16 17 16 17 16 19 17 4 16 16 17 17
split_gain=1012.33 1165.3 921.087 434.383 794.18 748.718 1013.51 440.574 398.012 383.028 366.55 355.833 374.535 401.999 334.159 332.785 330.735 476.479 450.085 993.365 713.508 689.396 631.814 526.866 482.218 449.574 423.414 354.042 329.772 371.955 376.549 326.002 315.718 313.065 392.871 346.25 302.11 297.542 282.966 277.05 327.04 274.071 270.583 270.32 270.189 264.584 254.677 254.196 253.175 579.651 563.045 910.095 554.126 552.24 451.284 316.349 247.613 246.543 245.008 242.141 239.008 234.925
threshold=1.0000000180025095e-35 16.500000000000004 1.5000000000000002 18.500000000000004 25.500000000000004 10.500000000000002 0.57900856793145661 0 1 0.034133062968377266 2 3 51.500000000000007 4 262.50000000000006 5 6 7.5000000000000009 16.500000000000004 0.32620137299771174 25.500000000000004 10.500000000000002 44.500000000000007 7 8 9 24.500000000000004 2.5000000000000004 39.500000000000007 32.500000000000007 10 45.500000000000007 11 0.20524554412381166 14.500000000000002 12 5.5000000000000009 13 0.030315122493893447 0.11134807418163413 0.84629120879120889 14 15 16 10.500000000000002 17 44.500000000000007 18 27.500000000000004 31.500000000000004 37.000000000000007 19 39.500000000000007 20 32.500000000000007 21 22 491.50000000000006 28.500000000000004 15.500000000000002 23 24
decision_type=2 2 2 2 2 2 10 9 9 2 9 9 2 9 2 9 1 2 2 10 2 2 2 9 9 9 2 2 2 2 9 2 9 2 2 9 2 9 10 2 8 1 9 9 2 9 2 9 2 2 2 9 2 9 2 9 9 2 2 2 9 9
left_child=1 39 3 5 7 15 -7 -5 -3 14 -8 46 13 47 56 -2 17 42 19 21 27 -19 25 59 43 28 -18 57 29 -22 -31 -15 -12 34 35 -34 -10 -14 -23 40 -1 -9 -11 -24 -25 -29 -6 -13 61 53 51 -51 -52 58 -53 -56 -4 -20 -50 60 -21 -27
right_child=2 8 9 4 11 6 10 41 36 16 32 12 37 31 -16 -17 26 18 20 23 22 38 24 44 -26 48 -28 45 -30 30 -32 -33 33 -35 -36 -37 -38 -39 -40 -41 -42 -43 -44 -45 -46 -47 -48 -49 49 50 52 54 -54 -55 55 -57 -58 -59 -60 -61 -62 -63
leaf_value=0.0085372065506292335 -0.006170168463910275 0.0017535452204666836 0.0075660019533004084 -0.0027834947297906451 -0.0082485962095047646 -0.022324134119904537 -0.015069975566789795 0.0066513398171888158 0.0083955751215827306 0.0067469574747977996 -0.023761513890078276 0.0096446239120785305 -0.028715727906314388 -0.004790328138438351 0.000368152786532397 -0.00028240684857577602 -0.0033689863457276648 -0.005855740955732879 0.011421722683240466 0.012293107431373589 0.0024666603947585421 -0.047232189039874833 -0.0056834232141455103 6.8829119448248779e-05 0.0068663563771504668 -0.0016926817820669745 0.0014312823619104702 0.0058745572282105588 -0.0022573619504338534 0.029294782830074972 0.0059554827341244797 0.0013398625513907055 0.022356092684533473 -0.0077831428290389224 -0.0051552219364392159 0.0015036388329583944 0.020197846333165851 -0.0066187995518205301 -0.022034896303634834 0.00017972076651648071 0.0017768159262325279 -0.00026261063105409416 0.0013405836439766353 0.0017950329573400874 -0.0068067643258385825 0.00088776646512324234 -0.00031883159168107403 -3.2360596016175363e-06 -0.0007616724321940797 -0.00062563380125349552 0.011624647372354106 -0.0034301638244325209 -0.0029711220657405607 -0.0031041331560499727 -0.029351189142463492 -0.01468949388840405 0.0022018416516753829 0.054542337143340718 0.0096484980122067045 -0.0067560918485532933 0.0022764046995109167 -0.010694840076948724
leaf_weight=21151.34926199913 29679.342006206512 22176.950093746185 39837.169953107834 25450.591150999069 36414.707996368408 9648.193785905838 8740.1173515319824 54722.6090528965 50846.423278570175 41781.130087852478 2030.3593642711639 7098.7107303142548 1701.085191488266 92492.10345864296 94322.065482854843 125234.19987893105 142922.02633905411 5618.0341656208038 9847.0191774368286 7385.890983581543 14816.144761562347 1821.1318516731262 15999.107305526733 22106.867143630981 41262.050332546234 11891.778347492218 67696.852665901184 48207.135234117508 17491.678847312927 3134.7728168964386 3875.5104267597198 28330.0964179039 2202.8173053264618 31690.51229929924 30621.979596853256 19807.445551633835 6069.2417981624603 14108.229563474655 2877.4631593227386 361079.39713120461 115977.52329754829 19426.678825855255 51905.113587379456 49258.341893672943 40400.439605712891 59353.515269756317 14025.080496311188 171865.72603797913 7792.3802947998047 21039.746382713318 7465.639333486557 6839.0626947879791 50369.635106801987 28066.585066318512 4908.2744858264923 15110.521912813187 46821.007665395737 342.12594127655029 20575.033784151077 5781.6192655563354 30644.222420454025 18606.112141370773
leaf_count=10038 8735 7713 9133 8224 10882 2902 2698 16007 17438 8397 574 1799 438 27584 13781 37436 34679 1098 2941 1496 2999 372 2980 4455 8101 2243 14420 8798 3269 709 776 8821 667 9423 8065 5516 1512 4022 568 251490 78687 6289 10184 9709 7933 10787 4544 48922 1401 4129 1575 1300 9994 5162 847 2891 11257 81 3760 1043 6032 3426
internal_value=-1.84392e-05 0.00180141 -0.000607517 -0.00198001 -0.00106626 -0.00361862 -0.00688384 0.00289229 0.00743937 0.000333215 -0.00531705 -0.0021434 -0.00151997 -0.00112446 0.00242751 -0.00141087 -9.88768e-05 0.00044687 -9.37193e-05 -0.00286555 0.000614873 -0.0176779 -0.000551311 -0.00142809 0.00263652 -0.00201507 -0.001826 0.00396735 0.00285698 0.00695683 0.016445 -0.00335266 -0.00432751 -0.00385653 -0.0014929 0.00360234 0.00965276 -0.00902045 -0.0318091 0.000906342 0.00281962 0.00484016 0.00375257 -3.91019e-05 -0.00437442 0.00312344 -0.00604253 0.00038002 -0.00300934 -0.00222345 -0.00440736 -0.00841667 -0.00108687 0.00186826 -0.0145141 -0.0183076 0.00466896 0.0128748 0.00678656 0.00277588 0.00422587 -0.00718894
internal_weight=2.36076e+06 577301 1.78346e+06 725291 465636 259655 104741 99599.9 79092.6 1.05817e+06 95093.2 366036 315596 299787 180980 154914 877193 666574 572888 116636 456252 10316.6 338502 106319 106519 231983 210619 117750 39318.1 21826.4 7010.28 120822 86353.1 84322.8 52632.2 22010.3 56915.7 15809.3 4698.6 498208 137129 74149.3 93686.2 65257.4 62507.3 107561 50439.8 178964 192665 162167 105733 47897.6 57835.3 56434 26857.9 20018.8 86658.2 10189.1 28367.4 43811.7 38030.1 30497.9
internal_count=793152 366878 426274 213548 137532 76016 29845 30520 26663 212726 26943 107012 91586 87126 34171 46171 178555 129456 110875 22997 87878 2038 65271 20959 20790 44481 49099 22607 7753 4484 1485 36405 24245 23671 14248 6183 18950 4460 940 340215 88725 22296 18581 12689 12388 19585 15426 50721 36728 31059 20736 9167 11569 10323 5038 3738 20390 3022 5161 8571 7528 5669
cat_boundaries=0 4 8 11 15 17 21 22 26 30 34 38 39 43 47 48 52 53 57 58 62 65 66 70 74 78
cat_threshold=1092648960 17621120 2562747265 76290 2432733192 2147823232 2426429093 327688 1090523136 3221506688 14700051 1343258776 4358168 3242602688 35076 2215532747 5120 2449513736 124544 2123206 76300 6 1075848848 1048576 4325507 1098818 808453696 17154576 271139905 9808 2164265280 17071617 278940737 1049472 4096 278528 268435456 512 16384 64 32784 134352896 1050624 2147483648 536880128 1 512 28 3222274192 1628973056 1757631489 33362 795776 2684355464 1073751040 1619599360 1064960 8208 2106904 524288 590336 2128 536871560 537952256 1749549056 166016 823175128 344768 1342771616 1051660 16 0 4325378 49152 2097672 537460736 138478080 2128
is_linear=0
shrinkage=0.05


Tree=71
num_leaves=63
num_cat=18
split_feature=5 16 16 16 9 16 17 17 17 17 13 16 0 9 16 16 17 16 17 16 16 17 11 13 16 17 13 16 16 17 16 2 9 6 21 3 11 13 0 19 17 17 9 16 16 17 16 9 17 16 6 17 16 13 16 9 16 9 7 13 17 19
split_gain=1210.23 539.423 1585.94 1277.21 1204.45 743.88 778.174 650.655 583.568 549.434 510.275 558.157 508.478 575.128 463.289 440.019 615.609 700.875 422.782 409.371 665.434 551.156 391.721 381.46 369.988 369.767 329.115 327.722 1278.56 441.777 312.204 294.638 294.152 291.427 286.529 281.526 271.512 298.6 396.245 408.646 341.778 309.253 300.204 272.796 596.342 541.689 445.751 535.082 363.211 549.84 370.274 360.959 337.247 321.28 270.547 269.296 291.412 343.686 269.257 340.648 265.054 261.861
threshold=1.0003933910306848 18.500000000000004 25.500000000000004 9.5000000000000018 0.46292252951641605 45.500000000000007 0 1 2 3 12.500000000000002 48.500000000000007 2.5000000000000004 0.013129165709032407 11.500000000000002 39.500000000000007 4 32.500000000000007 5 37.000000000000007 33.500000000000007 6 0.029222768703417442 5.5000000000000009 4.5000000000000009 7 26.500000000000004 37.000000000000007 32.500000000000007 8 15.500000000000002 1.5000000000000002 0.94121665059466419 1.1432772800546271 9 11.500000000000002 0.10157097708433868 11.500000000000002 30.500000000000004 10 11 12 0.90918462980318659 12.500000000000002 25.500000000000004 13 10.500000000000002 0.15395388924800693 14 44.500000000000007 1.2144303065355699 15 48.500000000000007 34.500000000000007 51.500000000000007 0.9926017150155082 21.500000000000004 0.62527533039647587 1.5000000000000002 36.500000000000007 16 17
decision_type=2 2 2 2 8 2 9 9 9 9 2 2 2 10 2 2 9 2 9 2 2 9 2 2 2 9 2 2 2 9 2 2 8 2 9 2 2 2 2 9 9 9 10 2 2 9 2 10 9 2 2 9 2 2 2 10 2 10 2 2 9 9
left_child=1 3 7 25 12 6 27 -3 61 -8 11 -7 23 14 -14 16 17 -11 35 20 22 26 -18 -5 -2 -1 -22 28 -4 31 -25 -30 -9 -13 -27 -12 37 38 39 -26 -40 -41 -42 46 45 -45 -39 -48 52 51 -51 -50 -46 -49 -20 56 57 -47 -19 -60 -34 -6
right_child=24 2 5 4 8 10 9 32 -10 15 18 33 13 -15 -16 -17 19 58 54 -21 21 -23 -24 30 36 34 -28 -29 29 -31 -32 -33 60 -35 -36 -37 -38 43 40 41 42 -43 -44 44 48 55 47 53 49 50 -52 -53 -54 -55 -56 -57 -58 -59 59 -61 -62 -63
leaf_value=0.0078945141265538612 0.0021055611010157194 0.0093753522048068035 -0.0014522140514047644 0.023061433772390835 0.013884564341473758 0.0041779876515787807 0.011538536065625819 0.0069568429220724206 -0.0029539732685117002 0.0017250354695112101 0.0031265169185177633 -0.016992564560916728 -0.01813172141886522 -0.013254388549130098 -0.057378948335039641 -0.0018531727759100482 -0.00070788034962871664 0.0038154091282884234 0.003371628153190729 0.0075852294131319876 -0.01833779343506883 0.00022933551076689341 0.0047171237482317423 -0.0090137303463229731 0.0096159794206344407 0.0046305875863653636 -0.005798692053951073 -0.00032977195775338016 -0.0052808897188846553 -0.0064134398256949767 0.02775659945786732 -0.022144782102780657 0.0035493260386603312 -0.0039583340137051828 0.00056513259266993297 0.010325189452540403 -0.0087575643153124331 -0.002771741400325746 -0.015937129511482441 0.0048684028591541766 0.001965597044587983 -0.0012444206507521509 -0.0044798672288694566 -0.0035291398200500944 0.0019753001158074358 0.017122124189546881 -0.03295132153586517 -0.01634401680890343 -0.012445705581114115 0.0018709496308271533 -0.0058586605076087726 -0.0048786480344080304 -0.0064246085905186549 -0.0037978114738217504 -0.0036434698326209924 -0.00021395601874570761 0.0022230352871080456 0.0045461834141594234 0.0089112127370889263 0.023428037624510477 -0.0026657955312213207 0.0016752296739896398
leaf_weight=24033.831991195679 63769.703890323639 72022.887061834335 65148.553870677948 1019.6894268989563 4723.2472891807556 18131.189796209335 11304.442024230957 38309.370890855789 179588.13534736633 33344.613770484924 21638.485427618027 6133.2773122787476 1473.6683120727539 9996.9729051589966 1537.1490294933319 143536.50639820099 95460.096385717392 5616.2072567939758 105168.27012848854 17739.439275979996 9836.666574716568 18167.788868188858 51078.998321056366 24069.16323018074 14940.11217546463 54794.78430557251 11183.272816181183 50164.344151735306 3162.9756164550781 11401.87104511261 590.51304292678833 14317.564865112305 55626.741220712662 14254.829629182816 207211.72182750702 36481.1765666008 14001.069198608398 78456.064225912094 4583.47483253479 30488.568930625916 30212.99310874939 64324.658858060837 44929.093670845032 50941.353652715683 53161.36601805687 8774.589893579483 2384.6760146617889 7727.4191875457764 17811.138102293015 50766.316585302353 22297.666825056076 137072.57472681999 15412.714168071747 15021.553978681564 15809.3859603405 44581.269845485687 38389.672950983047 14264.948904037476 7712.3074910640717 8492.991813659668 24793.229381322861 60849.631655693054
leaf_count=9509 17885 25276 20533 383 1904 4780 4795 10566 75372 13239 14826 2034 303 1862 296 53214 33621 4509 41830 6808 2261 6941 15609 9541 4015 20202 4784 20450 2675 3938 288 3322 23220 3228 76199 8176 4486 21961 791 8896 4663 19769 7289 14450 14839 3024 895 1873 4596 14512 6393 37610 3916 4068 6254 12651 9675 2824 1895 2378 12192 23440
internal_value=-7.17089e-06 0.000822274 0.00154197 -0.000397703 -0.00277387 0.000537071 -0.000430425 0.0056262 -0.00148001 0.00067259 0.00301638 -0.0022043 -0.0109728 -0.0190266 -0.0381815 0.000366855 0.00159895 0.00628316 0.00413923 0.000328561 -0.000364569 -0.00615193 0.00118313 -0.00689262 -0.00155266 0.00196025 -0.0116616 -0.00359305 -0.00533432 -0.0140906 -0.00813212 -0.0190829 0.00335078 -0.00788001 0.00141552 0.00764384 -0.00185939 -0.00173001 -1.54207e-05 0.00193335 -0.00269816 0.000721583 -0.00188804 -0.00231321 -0.00178437 0.000707853 -0.00462822 -0.010423 -0.00310352 -0.00406323 -0.000488021 -0.00575003 8.72573e-05 -0.00806006 0.00245467 0.00274395 0.00489102 0.00933626 0.0132507 0.0165203 0.00163332 0.00255686
internal_weight=2.36024e+06 1.53593e+06 966037 569889 283848 775285 557669 190752 245161 413473 217617 38519.3 38687.2 13007.8 3010.82 402169 258632 55166.1 179097 203466 185727 39187.7 146539 25679.4 824313 286040 21019.9 144195 94031 28882.4 24659.7 17480.5 118729 20388.1 262007 58119.7 760543 746542 189479 109753 79725.6 94813.2 75142.1 557063 453474 156952 103590 25133.6 296522 227948 73064 154884 68574.1 22749 120978 106010 61429.2 23039.5 21821.5 16205.3 80420 65572.9
internal_count=793734 572653 353354 219299 113389 282100 200972 71254 100716 150054 81128 10042 12673 2461 599 145259 92045 22021 71086 70024 63216 13986 49230 10212 221081 105910 7045 50918 30468 9935 9829 5997 45978 5262 96401 23002 203196 198710 45423 32680 12743 28665 11952 153287 124490 42624 28797 6836 81866 63111 20905 42206 18755 5941 48084 28174 15523 5848 8782 4273 35412 25344
cat_boundaries=0 4 8 12 16 20 24 28 32 36 38 39 43 47 51 55 59 63 64
cat_threshold=1073784984 3221389400 3909236896 98563 2718959056 2147683329 1627983939 1327389 8944 4238400 3372357680 1166595 32 33575424 16408 8844 18878720 21761056 276824388 262144 1090528984 537926720 1082266140 1362190 537920000 1114112 524291 1064960 1074790528 2151684097 3355580416 1097728 1073741952 32832 3892457472 32768 447287557 114976 301064 2147483656 1610620928 142611457 8704 2434803456 1507904 270618656 1065472 1093701632 18629248 417352582 9024 33559650 2734980609 278938069 16908 1073741952 1073741840 3221368832 8192 12808 554704912 2554487940 34368 198656
is_linear=0
shrinkage=0.05


Tree=72
num_leaves=63
num_cat=15
split_feature=5 16 16 16 9 16 17 17 6 17 16 9 13 16 16 17 16 8 20 17 16 6 0 17 17 12 0 12 9 16 16 16 9 16 13 16 16 16 7 9 17 17 17 16 17 9 12 16 6 16 3 6 11 13 6 16 17 17 2 17 0 16
split_gain=1169.49 539.884 1457.35 1132.32 1039 719.272 768.863 600.966 456.585 454.774 444.709 462.687 434.69 434.264 465.374 432.509 428.814 423.868 422.45 421.851 359.595 332.988 332.28 329.123 324.702 314.655 313.735 322.317 384.329 481.975 619.275 565.159 473.996 430.255 332.417 300.559 904.177 338.494 292.467 446.814 289.119 285.86 280.338 321.132 273.523 268.393 265.391 442.433 669.261 541.835 365.691 373.617 258.261 255.63 251.663 250.246 248.8 247.633 243.465 242.101 239.512 341.993
threshold=1.0003933910306848 18.500000000000004 25.500000000000004 9.5000000000000018 0.5263592148688554 45.500000000000007 0 1 1.4349170775437026 2 51.500000000000007 0.84629120879120889 11.500000000000002 39.500000000000007 32.500000000000007 3 15.500000000000002 1.9987834549878347 4 5 4.5000000000000009 1.4762531328320805 2.5000000000000004 6 7 0.14014878682115847 291.50000000000006 0.41901674266490441 0.85388936905790846 12.500000000000002 8.5000000000000018 21.500000000000004 0.07659713168187747 51.500000000000007 5.5000000000000009 31.500000000000004 37.000000000000007 28.500000000000004 10.500000000000002 0.18534132783711202 8 9 10 32.500000000000007 11 0.59528708602782687 0.24009603394385534 14.500000000000002 0.64050368905820532 16.500000000000004 70.500000000000014 0.17656592620840886 0.10157097708433868 36.500000000000007 0.24986486486486489 46.500000000000007 12 13 3.5000000000000004 14 4.5000000000000009 11.500000000000002
decision_type=2 2 2 2 8 2 9 9 2 9 2 8 2 2 2 9 2 2 1 9 2 2 2 9 9 2 2 2 10 2 2 2 10 2 2 2 2 2 2 10 9 9 9 2 9 10 2 2 2 2 2 2 2 2 2 2 9 9 2 9 2 2
left_child=1 3 7 15 8 6 13 -3 16 -6 11 41 -13 14 -4 -1 38 20 22 35 59 40 -9 -12 -15 -23 27 28 29 30 -22 45 -32 34 -33 37 42 -8 -5 60 -17 -7 43 -37 -11 -31 47 -46 49 -49 -51 -52 -30 -48 -16 -36 -10 -56 -45 -2 -40 -62
right_child=17 2 5 4 9 10 19 18 56 44 23 12 -14 24 54 21 -18 -19 -20 -21 26 25 -24 -25 -26 -27 -28 -29 52 31 32 33 -34 -35 55 36 -38 -39 39 -41 -42 -43 -44 58 46 -47 53 48 -50 50 51 -53 -54 -55 57 -57 -58 -59 -60 -61 61 -63
leaf_value=-0.0012785488701782721 0.0099885092714754736 0.0021840080783327087 0.0029688127644036263 -0.0079232630850051486 0.0043936979968991407 0.011959273776539908 -0.0054291317951192658 0.013664747453188195 -0.0094850043682930887 -0.0057955578355260206 0.0033488145163795054 -0.0050055785323796457 0.0033168219095811159 -0.0017006738307314394 0.00098244102964088254 0.010445396400143281 0.028767507727002723 -0.014150925152682679 0.0033166130305822684 -0.00028247340488888267 0.0014959337997506794 0.0041122971278962613 0.0069871403613690668 -0.0075721056002206466 0.011023865458553397 -0.0038003242476420764 -0.00640362389223417 -0.0035073323077410277 -0.0017536489926408877 0.016185990249989204 -0.023390694066256254 0.0073575880775431611 -0.0059865801266835508 -0.0095492794184569851 -0.00039392515122579745 -0.0021511433308128176 -0.00089744889170735294 0.0028755672653224505 -0.018658666971261111 -0.0098774239856468989 0.003460994479966624 0.0050029185696444933 -0.0079719390787134914 -0.0075677530360902402 0.0041790809313985459 0.0040235856171353225 -0.0076737694077683681 -0.004957122810214017 -0.0069848563550886089 0.0056232651071848735 0.058666033602265868 0.017787221022732197 -0.0093151387974811165 -0.0014570953392044046 -0.00014598494079324237 0.005185493036074333 0.0076240788032549472 0.017669261470364094 -0.02530100685563326 0.00098986289925682698 -0.021524784864772616 -0.052911696756773256
leaf_weight=80111.745837926865 8651.4510982036591 80524.567036628723 30921.743381023407 15752.576409578323 30361.930467844009 21440.322716474533 21494.443405389786 33715.174049854279 3612.0293509960175 41358.590245008469 12172.492139101028 18569.279873609543 101159.51804471016 36903.000914573669 3763.5478718280792 16603.351744651794 626.0490837097168 6568.1019115447998 34905.924346208572 338149.02894616127 23959.508711099625 21870.303576946259 41644.087508201599 15901.741315603256 5790.4157824516296 29524.117527723312 33895.627140045166 154316.20890974998 321627.07347726822 9106.3612589836121 5175.1741650104523 20759.180842876434 16024.303296327591 9404.0167846679688 115473.847853899 2750.6947906017303 42397.339249372482 28588.211607694626 5403.1554298400879 9978.4458689689636 137606.20913958549 47622.759802341461 18483.984763860703 2509.0412497520447 43890.16721868515 9038.6676774024963 24366.764804124832 7377.9236011505127 32084.127548217773 6155.6879940032959 693.1555507183075 2879.0694098472595 11702.321808338165 51454.208031654358 2261.5666086673737 24330.496346712112 5127.8582558631897 14564.132468700409 8482.8661425113678 54561.091512680054 1963.0115375518799 1558.1349940299988
leaf_count=29770 2270 32906 12108 6868 12224 5689 6894 17418 1289 18986 4612 5280 46578 12184 3138 6862 300 2479 13462 120928 5776 6081 7520 5757 2461 10596 4152 50190 86363 2816 1562 5305 3564 2093 27620 1028 17719 8769 1277 1944 52492 12959 6675 1873 14302 2021 9317 3734 7614 4209 235 546 3741 28211 662 5800 1910 4418 1777 15398 365 271
internal_value=1.79829e-05 0.00083381 0.0015548 -0.000385689 -0.0026177 0.000589904 -0.000361165 0.00546881 -0.00968018 -0.0013256 0.00303289 0.00390601 0.00202603 0.00375605 0.006847 0.00183794 -0.0122145 -0.00150077 0.00786669 -0.0011992 -0.00139918 0.00305217 0.00997347 -0.00283854 2.75294e-05 -0.000433185 -0.00170255 -0.00148151 -0.000929769 0.000626871 -0.00401169 0.00174044 -0.0102361 0.000844957 0.00145379 -0.00368471 -0.0056959 -0.000688676 -0.0129557 -0.0171488 0.00421395 0.00716509 -0.0120085 -0.0174183 -0.0021516 0.010128 -0.00125899 0.000529742 -0.00272643 0.00526072 0.0130099 0.0257336 -0.00201914 -0.00345504 0.012671 0.000577105 0.000550815 0.0152852 -0.0212542 0.00222332 -0.0252771 -0.0354248
internal_weight=2.35967e+06 1.53507e+06 964716 570359 284643 773926 557060 190790 44021.3 240622 216866 188792 119729 94204.4 51511 285716 35281.4 824593 110265 462856 818025 205604 75359.3 28074.2 42693.4 51394.4 754813 720917 566601 233272 45159 188113 21199.5 169968 160564 124707 74623.9 50082.7 34655.3 18902.7 154210 69063.1 32226.6 13742.6 210260 18145 168901 93080.1 49190 17105.8 9727.91 3572.22 333329 75821 20589.2 139804 8739.89 16825.7 10991.9 63212.5 8924.3 3521.15
internal_count=793368 572218 352815 219403 113602 281509 200634 71306 14224 99378 80875 70506 51858 34971 20326 105801 11025 221150 38400 165663 218671 76031 24938 10369 14645 16677 201003 196851 146661 56557 10902 45655 5126 40818 38725 44735 29072 15663 10725 3857 59354 18648 11353 4678 87154 4837 68168 30640 16338 8724 4990 781 90104 37528 8218 33420 3199 5080 3650 17668 1913 636
cat_boundaries=0 4 8 12 16 17 21 25 29 33 37 40 44 48 51 55
cat_threshold=318771488 50626081 278938972 8844 1361096704 22856320 283143044 75842 144 4205632 3380746288 114945 2415921448 33572488 287663173 339724 28 1073744008 3221389400 3909234848 98563 1093673664 18350096 1757548546 32834 16781568 17050624 276825156 512 1107296384 2151848001 1208096768 1097856 2147529736 1610615808 1082196643 52234 128 32832 1610743808 318804224 3254993544 270558912 270340 2149582144 288768 415776769 64 0 11264 1088 1073742216 8192 3892322304 40960
is_linear=0
shrinkage=0.05


Tree=73
num_leaves=63
num_cat=19
split_feature=5 8 7 8 6 10 16 16 16 0 8 5 12 15 13 11 0 19 13 2 20 20 12 16 20 17 17 17 13 17 17 16 16 17 17 17 17 16 16 15 16 0 17 5 11 17 17 4 19 8 10 13 15 12 15 19 17 13 4 0 16 16
split_gain=1060.14 537.382 612.262 511.696 481.019 411.876 345.25 314.955 659.883 377.92 291.026 290.154 275.497 292.238 308.462 274.435 274.261 312.083 330.619 300.939 283.801 265.927 263.554 262.757 258.19 234.866 233.651 232.068 230.42 227.998 226.191 404.539 358.129 237.783 225.571 215.65 208.35 207.809 418.846 368.244 320.095 253.853 212.319 201.901 195.839 195.031 190.229 189.676 186.472 185.965 185.18 179.877 174.38 169.799 168.625 166.082 159.799 166.328 160.759 158.885 158.188 205.325
threshold=0.90925559947299084 1.1792513226874111 32.500000000000007 1.9987834549878347 1.6669143140168401 1.5000000000000002 4.5000000000000009 16.500000000000004 9.5000000000000018 1.0000000180025095e-35 1.038554440728354 0.39989954796584637 0.41901674266490441 19.500000000000004 53.500000000000007 0.10157097708433868 220.50000000000003 0 13.500000000000002 7.5000000000000009 1 2 0.08201202207325177 51.500000000000007 3 4 5 6 52.500000000000007 7 8 31.500000000000004 37.000000000000007 9 10 11 12 16.500000000000004 25.500000000000004 70.500000000000014 10.500000000000002 1.0000000180025095e-35 13 0.21165907563652656 0.0074185417299222093 14 15 115.50000000000001 16 2.510869565217392 1.5000000000000002 46.500000000000007 5.5000000000000009 0.045648943733871634 5.5000000000000009 17 18 3.5000000000000004 1.5000000000000002 9.5000000000000018 11.500000000000002 14.500000000000002
decision_type=2 2 2 2 2 2 2 2 2 2 2 2 2 2 2 2 2 9 2 2 1 1 2 2 1 9 9 9 2 9 9 2 2 9 9 9 9 2 2 2 2 2 9 2 2 9 9 2 9 2 2 2 2 2 2 9 9 2 2 2 2 2
left_child=1 2 5 6 11 22 24 8 -4 -9 -10 21 13 14 15 16 17 34 19 25 26 54 48 30 36 -19 -21 -12 -15 -6 31 -11 33 -33 59 -23 -2 40 39 42 45 -42 -39 -7 -29 -24 -14 -28 -1 -5 -18 -38 -16 -45 -3 -22 -50 -58 -59 -8 -30 -62
right_child=3 4 7 49 29 43 12 9 10 23 27 -13 46 28 52 -17 50 18 -20 20 55 35 37 -25 -26 -27 47 44 60 -31 -32 32 -34 -35 -36 -37 51 38 -40 -41 41 -43 -44 53 -46 -47 -48 -49 56 -51 -52 -53 -54 -55 -56 -57 57 58 -60 -61 61 -63
leaf_value=-0.00080276011106705661 0.010720337700773588 -0.0022957204413059872 -0.00055240966692143335 -0.011486218717486698 -0.008302279536826683 0.0059744812766644988 -0.0027123799143231441 0.032277825187517865 -0.019859761754669671 0.00086497453581131439 -0.00091561482066913045 0.0026719381391779595 -0.0068848767378027215 0.0069361752873972719 -0.0090160440063847807 -0.0082079914023139092 -0.019901459002539146 0.012506580517683306 -0.0012264659548813434 -0.00058619026637658105 -0.013115085978565064 0.0016957261992227278 0.0039368266748840168 -0.011993164606156594 -0.003850831797584435 0.00033170648357490643 0.010044577371985259 -0.038861410166719734 -0.0033898568567984032 0.00030304252075179228 0.0013826973948505548 6.7322639100141424e-05 -0.0019966851772009494 -0.014477525428836596 -0.0012012744951961953 0.0095138259533177668 0.0044619000743968988 0.0055841013430795415 -0.00038981413543431946 0.01321807401241294 -0.003138860444068645 -0.012290876775029626 -0.00050957296183104072 0.0070579624852575617 -0.0093568376707753292 -0.0012017330444959607 -0.0024566300109856217 0.0029396278023872836 -0.0014987686312910166 -0.035150999805779702 -0.0044088174057704752 -0.001794849899910684 -0.0026312020491936414 0.0013980904674626487 0.00961215623576182 -0.00105666161976522 0.013708075459151974 -0.0015864259295051198 0.004260573262656402 -0.0086892370390855359 0.0094098553007730523 0.00052941287251892933
leaf_weight=38564.765460729599 8688.6480951309204 11848.869551420212 56575.485809326172 5973.2194087505341 8528.4194967746735 49918.145848274231 27267.395933866501 876.63696813583374 5379.0119481086731 53534.762570381165 9897.33575963974 172797.94533491135 28776.722891569138 14349.874872684479 19964.748171329498 13525.033358335495 2054.6072859764099 11926.459396839142 122753.52455115318 22413.085673332214 3113.7715191841125 10922.938374757767 25145.605377197266 4938.2525835037231 14586.133620262146 5940.2471499443054 15808.391623258591 576.41086673736572 24273.155010461807 78048.883935689926 97523.656282424927 3583.7241005897522 26121.492610454559 13134.049698352814 169070.8764359951 46216.645959854126 34057.906144142151 29264.295676469803 222628.08896827698 9542.9381494522095 49044.49428153038 8960.5786666870117 27938.083055496216 15312.212911128998 21837.970302581787 69414.081086397171 154353.84704184532 23149.971694946289 15846.926583766937 963.67052745819092 31293.297596931458 17332.809545755386 23030.411422967911 98427.247224569321 3967.6841320991516 33210.240054607391 4139.3230967521667 13551.989281654358 88668.381446361542 18776.406599760056 6893.3753907680511 116439.8934867382
leaf_count=22695 2121 4123 9940 2260 2165 16853 9573 176 1058 9320 1767 32908 9761 3419 7366 4186 284 4980 31312 4337 764 3121 15633 859 5011 2525 3530 103 5397 16801 17050 625 4623 2289 43493 12717 8183 18562 137288 6078 35635 2527 19778 4077 3849 42898 48012 3728 9216 326 3937 5057 7568 26257 1259 7069 1946 11973 42578 3642 1580 25694
internal_value=2.09552e-05 0.000904865 0.000355009 -0.00124813 0.00265925 0.00109915 -0.00115066 -0.00158487 -0.00396696 -0.000460486 -0.0090922 0.0037883 -0.00142512 -0.000976435 -0.00153214 -0.00118288 -0.00098767 -0.000665805 0.000580466 0.00249989 0.00140869 0.00643236 0.00049513 -0.000604985 0.00211484 0.00846616 0.0034816 -0.00729914 0.000887732 -0.000545647 -0.000314887 -0.00203265 -0.00565412 -0.0113684 -0.00204642 0.00801991 0.00356328 -0.000135501 0.00065176 0.00412587 -0.00162871 -0.00455284 0.00260883 0.00332358 -0.0101128 0.000165045 -0.00315302 0.00582134 0.00222864 -0.0147783 -0.00536391 0.0023512 -0.00559614 0.00216011 0.000691429 -0.00209399 0.00318506 0.003883 0.00348539 -0.00514873 0.000299676 0.00102583
internal_weight=2.36267e+06 1.39268e+06 1.06035e+06 969988 332331 766367 963051 293979 94266.2 199713 37690.7 245754 888385 705255 543298 500303 486778 453430 238316 115562 97695.5 72956.1 602710 198836 74665.5 17866.7 61371.4 32311.7 161956 86577.3 193898 96374 42839.3 16717.8 215115 57139.6 60079.4 441938 289373 66745.3 152565 58005.1 57202.4 163658 22414.4 94559.7 183131 38958.4 160771 6936.89 33347.9 51390.7 42995.2 113739 15816.6 36324 122207 106360 102220 46043.8 147606 123333
internal_count=793862 538747 465653 255115 73094 413994 252529 51659 16717 34942 6777 54128 232157 174384 138294 123360 119174 114953 58245 26933 19428 21220 366807 34766 20372 7505 11595 5719 36090 18966 33907 16857 7537 2914 56708 15838 15361 278399 181706 44418 96693 38162 38340 47187 3952 58531 57773 7258 88408 2586 4221 13240 14934 30334 5382 7833 65713 56497 54551 13215 32671 27274
cat_boundaries=0 1 2 3 4 8 12 16 20 24 28 31 35 38 42 46 50 51 52 56
cat_threshold=1786659 20 1 22 538977152 1048576 269161248 1083922 528 18415632 13113536 34386 536884672 8192 1212293121 2 1073747032 1610637504 136319651 2056 539001984 1753664 1747662752 40978 2098176 524288 65536 16 1645257856 44168 1636171779 2147488008 537413648 142623361 1050626 1073741960 16785408 1744920576 2719003840 1610722304 1745556481 298048 1108346576 2148763712 1744975968 1343506 1093705736 1628177024 2690657032 3328 1622176 294928 1344278528 3242246344 1629490008 8704
is_linear=0
shrinkage=0.05


Tree=74
num_leaves=63
num_cat=12
split_feature=5 12 0 10 5 8 8 0 10 13 8 21 5 1 16 16 9 19 16 9 12 21 19 8 10 19 3 0 3 19 12 21 16 11 10 11 16 16 9 16 15 16 19 3 16 16 9 16 16 16 19 19 16 13 16 19 16 16 21 13 2 1
split_gain=910.803 460.923 500.625 532.71 439.85 418.271 311.221 282.018 372.453 262.475 418.764 296.282 249.68 241.387 231.854 560.515 330.138 306.475 298.259 323.228 268.862 231.592 224.698 211.574 211.148 205.301 201.608 186.237 219.015 181.649 180.007 179.828 175.747 187.79 170.669 180.919 167.864 319.653 704.728 269.383 174.079 168.315 166.61 154.436 151.287 417.252 284.542 675.64 253.359 459.961 258.579 206.033 203.094 188.912 188.588 184.776 226.882 179.573 165.308 162.06 146.758 146.526
threshold=0.96850270168007135 0.50002012981399768 12.500000000000002 1.5000000000000002 0.29893774672793622 1.9987834549878347 1.1034697738412591 478.50000000000006 3.5000000000000004 3.5000000000000004 1.0022624434389142 0 2.0016920473773268 109.50000000000001 18.500000000000004 25.500000000000004 0.76933041052212048 1 9.5000000000000018 0.92003717472118973 0.14450892485460484 2 3 3.0714285714285716 5.5000000000000009 4 153.50000000000003 1.5000000000000002 5.5000000000000009 5 0.022389900061729421 6 21.500000000000004 0.044050847978464203 2.5000000000000004 0.032872379769043891 12.500000000000002 23.500000000000004 0.63641519405024305 20.500000000000004 189.50000000000003 6.5000000000000009 7 25.500000000000004 26.500000000000004 19.500000000000004 0.15395388924800693 10.500000000000002 44.500000000000007 48.500000000000007 8 9 1.5000000000000002 24.500000000000004 47.500000000000007 10 49.500000000000007 8.5000000000000018 11 96.500000000000014 107.50000000000001 10.500000000000002
decision_type=2 2 2 2 2 2 2 2 2 2 2 9 2 2 2 2 8 9 2 8 2 9 9 2 2 9 2 2 2 9 2 9 2 2 2 2 2 2 10 2 2 2 9 2 2 2 10 2 2 2 9 9 2 2 2 9 2 2 9 2 2 2
left_child=1 2 3 13 34 7 -4 8 9 10 22 42 27 14 18 17 20 32 -1 43 -17 -19 -2 -7 -8 -18 -3 28 -11 -22 -10 -6 -16 -34 35 -5 41 38 39 -38 -40 61 -12 -20 45 46 47 57 50 54 59 -47 -48 -53 -50 56 -51 -29 -54 -46 -44 -14
right_child=5 26 6 4 31 23 24 -9 30 12 11 -13 36 -15 15 16 25 21 19 -21 29 -23 -24 -25 -26 -27 -28 44 -30 -31 -32 -33 33 -35 -36 -37 37 -39 40 -41 -42 -43 60 -45 48 51 52 -49 49 55 -52 53 58 -55 -56 -57 -58 -59 -60 -61 -62 -63
leaf_value=0.0016608677741768033 0.00065096269262115438 -0.00048228062530798635 -0.0032951994053542601 0.0034475834855094405 0.007234697494329697 -0.011406953455173931 -0.00030382066193121346 -0.007396411176671034 0.008423919239602352 -0.0019468792536900788 -0.0038901569855562391 -0.0057902881414757905 -0.0057097550070358879 0.039780753342452353 0.0059538385789611034 0.0070698741850845018 -0.0032846672539489381 -0.0010354827792126832 -0.0038355050597997653 -0.00086330568903222069 0.0047607869053964171 0.0059257840627878929 0.010588164275553631 -0.051431236218206937 0.0033906762260338848 0.00053205712811392968 -0.0044525771635646567 -0.0017454843822739437 0.0032193103892557747 -0.0031393076635761862 0.0010473894475759072 0.0019284644090730549 0.010040924806164843 0.023481654679979282 0.010285922563239808 0.0095019976936306268 0.021817507056766876 -0.004386701027214771 -0.0057036973897376169 0.0059381636315394325 0.013294929566546638 -0.009996129844168717 0.0061847009335872158 -0.012520302368645084 0.0018981968070703023 0.0079569104724009874 0.0066139467154757428 -0.040204004913710061 0.0015357207696053456 -0.0074745988884442728 -0.0046284788011190991 0.0041187356923778036 0.0029273978079964263 -0.0013010527436512988 0.0097042692474221225 -0.0078586106323260477 0.0039058495967829836 -0.016422156473183309 -0.0025733860228196572 0.031476298838050677 -0.0017675172155517825 0.0052764507028683454
leaf_weight=95634.019003629684 9234.512535572052 274189.87800812721 73648.6583070755 41295.184237718582 17437.581567049026 6715.2810842990875 202131.02198505402 17776.143036365509 8974.0220024585724 36984.952003955841 9935.2423069477081 21077.775572061539 12153.16548871994 398.84342908859253 10948.061855554581 31145.647856235504 46724.364855527878 18496.166722774506 11236.368025064468 91157.888586759567 13179.539771795273 33740.882676124573 14842.123985052109 346.37872409820557 47822.995979785919 143149.04616165161 36194.356161355972 9025.2470796108246 46066.30181646347 16217.408262729645 105347.22112560272 188625.70529294014 7285.2103011608124 4041.4863402843475 23644.452589273453 17597.257305145264 3784.9320247173309 77973.961380004883 18293.519574642181 9071.9360284805298 1289.8389229774475 17956.027680873871 18452.319904088974 9402.9445791244507 11395.808404684067 12938.532731056213 7146.6689169406891 1554.5614008903503 27312.117257356644 7375.4312469959259 122217.60408449173 28429.624588727951 15198.226365566254 37004.477762460709 9531.0399258136749 18089.097811937332 10778.183630228043 2709.0250661373138 134163.76275086403 481.72639632225037 8461.9640002250671 4044.2257792949677
leaf_count=48360 3658 148678 12092 12862 4094 2539 31196 2071 1427 16560 2286 4961 5654 62 5190 10629 26366 11053 4840 51788 5435 17848 6180 109 6530 77023 6162 2211 19253 6801 17955 45055 3475 1622 5768 5272 1560 28501 6611 3276 358 6830 4430 2377 2661 2871 1695 389 6522 1679 28442 6090 3675 9264 2280 4198 2591 657 30951 122 1327 849
internal_value=-1.05552e-05 0.000763741 0.00122703 0.00188329 0.00361336 -0.00125691 -0.000438643 -0.00116148 -0.00103543 -0.00143324 0.0012396 -0.00106395 -0.00175417 0.000946082 0.000916912 0.00175063 0.000617823 0.00555765 -0.000389053 -0.0021426 0.00383285 0.00346123 0.00678164 -0.0133772 0.000403048 -0.000407326 -0.000945276 -0.00125878 0.000918672 0.000403136 0.0016265 0.00237797 0.0104674 0.0148384 0.0066976 0.00525679 -0.00359909 -0.00265146 0.00151941 0.0106142 -0.00445176 -0.0066625 0.00164071 -0.00779258 -0.00165592 -0.000823201 -0.00221607 -0.0092401 -0.00265338 -0.000284987 -0.00394422 0.00219449 -0.00161962 0.00105359 0.00364907 -0.00428421 -0.000717549 -0.00513492 -0.00201362 0.00309776 0.00368315 -0.00296652
internal_weight=2.35948e+06 1.45534e+06 1.14496e+06 821358 288600 904133 323603 897071 879295 764974 82003.9 57927.3 682970 532758 532359 324928 250416 74511.8 207431 111797 60542.6 52237 24076.6 7061.66 249954 189873 310384 538402 83051.3 29396.9 114321 206063 22274.8 11326.7 82536.9 58892.4 144568 110414 32440.2 12856.9 19583.4 34153.4 36849.5 20639.3 455351 248170 169797 13288.8 207181 73085.9 134095 78372.6 156509 65434.1 36843.2 36242.7 18153.6 11734.3 149362 11877.5 26914.3 16197.4
internal_count=793271 550578 395738 345920 73051 242693 49818 240045 237974 218592 22842 13004 195750 272869 272807 165442 126254 39188 107365 59005 22865 28901 9838 2648 37726 103389 154840 142111 35813 12236 19382 49149 10287 5097 23902 18134 53639 40306 11805 4836 6969 13333 8043 7217 106298 57803 39578 3257 48495 17270 31225 18225 36321 15354 8802 8468 4270 2868 34626 2783 5757 6503
cat_boundaries=0 2 3 5 6 7 8 10 11 12 13 14 16
cat_threshold=440519 1024 104970 702424424 9732 541697 1591297 140707 8668480 41100 550419 1056896 54784 510290 402661380 41216
is_linear=0
shrinkage=0.05


Tree=75
num_leaves=63
num_cat=19
split_feature=5 10 10 8 5 0 5 1 1 4 17 16 16 16 17 17 12 11 17 1 17 12 20 4 0 12 11 17 9 17 16 3 17 3 20 8 8 16 7 20 17 8 9 16 16 16 20 17 16 16 17 16 17 17 9 8 17 16 16 4 17 16
split_gain=914.954 522.851 409.897 431.234 398.944 382.419 325.081 404.499 306.921 306.474 265.538 259.657 447.211 654.331 392.482 353.979 251.553 250.389 249.156 235.708 233.141 229.383 227.011 377.869 367.453 238.724 278.489 251.598 328.313 216.35 212.05 207.268 236.321 202.256 201.03 193.528 193.517 185.108 178.071 172.555 171.722 168.103 227.873 199.574 429.248 244.151 168.099 167.114 169.889 254.683 162.992 159.531 158.636 156.738 155.318 152.233 154.459 149.604 492.791 298.157 231.226 195.051
threshold=0.6155905673977965 1.5000000000000002 2.5000000000000004 1.5719738276990187 0.18241235888294713 155.50000000000003 0.10020920502092052 1.0000000180025095e-35 2.5000000000000004 812.50000000000011 0 45.500000000000007 33.500000000000007 37.000000000000007 1 2 0.037363651649821979 0.011432452901156949 3 39.500000000000007 4 0.10837010555881423 5 119.50000000000001 2.5000000000000004 0.10507431926645623 0.1167979848545951 6 0.73916228698837405 7 39.500000000000007 14.500000000000002 8 109.50000000000001 9 1.0813480809226699 2.510869565217392 32.500000000000007 106.50000000000001 10 11 1.1449544744356448 0.79991181657848343 13.500000000000002 10.500000000000002 51.500000000000007 12 13 48.500000000000007 19.500000000000004 14 51.500000000000007 15 16 0.14302761677463352 1.0556054258926792 17 10.500000000000002 12.500000000000002 9.5000000000000018 18 23.500000000000004
decision_type=2 2 2 2 2 2 2 2 2 2 9 2 2 2 9 9 2 2 9 2 9 2 1 2 2 2 2 9 10 9 2 2 9 2 1 2 2 2 2 1 9 2 10 2 2 2 1 9 2 2 9 2 9 9 10 2 9 2 2 2 9 2
left_child=1 6 3 5 17 10 7 -1 -8 16 -2 12 14 15 -6 -14 -4 38 -13 34 -11 37 23 25 -24 26 27 -12 40 -10 -15 -19 -33 46 35 -9 -5 52 -3 55 -29 42 43 44 -25 -45 -31 -26 49 -49 -32 -35 -16 -44 -46 56 -18 59 -59 -27 -61 -60
right_child=2 4 9 36 11 -7 8 19 29 20 22 18 13 30 21 -17 39 31 -20 -21 -22 -23 24 41 47 57 -28 28 -30 33 50 32 -34 51 -36 -37 -38 -39 -40 -41 -42 -43 53 45 54 -47 -48 48 -50 -51 -52 -53 -54 -55 -56 -57 -58 58 61 60 -62 -63
leaf_value=-2.9763897974328372e-05 0.0014051697550538636 0.0014851828788745951 0.004843604040997717 -0.0083301231345471582 0.0049725003388487862 -0.0079648918452321013 -0.0084277998466162126 0.0030818880621437499 -0.0076496900304005386 -0.0047168683159889294 -0.0010610593355551493 0.012123522912071916 -0.020285880226624177 0.0092562184842611608 0.0058954599972790541 -0.0042714191764992712 0.0030356583948068856 0.0035040615846325127 0.0029982503428475651 0.030273472817156144 -0.00023809290256150735 -0.0021983437858064179 -0.00086285958123495784 -0.0027619142159736247 0.0015399343891415362 -0.0065528210800449051 -0.0077992895311731958 0.0052479239431387891 0.0019829840243015986 -0.0081549280071383477 -0.0035277785955406499 0.0030957398403437075 0.011874337275152316 -0.0024488942457675991 0.00053138975150495706 0.0084474399822371451 -0.0326254561382869 0.020035813526459403 -0.024195335956756187 -0.0011142730347786216 0.015383674657890754 -0.00099839475788660622 -0.0038427582751986936 0.0007238064540449141 -0.040282380745140213 -0.015350178058022749 0.0017875772093570285 -0.0090906052207327479 -0.012240572855730034 -0.0027776266683623672 0.0046008357535089923 -0.020043849728028154 -0.0013197425703090685 -0.0087856106181364874 -0.015789729041300087 0.0025251233353553969 -0.0050307913243465762 -0.012171642790512336 0.0019172877816004742 -0.0068415062692762582 0.0046540071595098991 -0.0020634532198442876
leaf_weight=353557.95557022095 90846.608084917068 15508.074676036835 45162.135382652283 14811.18806886673 76462.132339000702 21121.904352664948 15304.979044914246 81914.985376596451 11084.266911268234 38587.429042100906 52003.740572214127 10636.230396509171 6895.486757516861 5829.6795675754547 15678.81451177597 6934.2378780841827 9914.6986563205719 22329.797099351883 25231.042073249817 786.17070722579956 117554.02581620216 48489.672681808472 94107.71199297905 18780.02677321434 7884.998503446579 9687.3320593833923 7915.1028242111206 10026.057260036469 92868.501259803772 4503.5609493255615 21219.596961259842 10479.500737667084 28812.016026496887 45896.708487272263 59473.268656253815 21143.247282743454 866.80899310112 1561.9330966472626 704.75045680999756 79678.147792816162 7202.9326865673065 99724.844792842865 40993.257879018784 49023.231061697006 869.71961426734924 2480.9907259941101 72963.195075035095 25974.012738227844 9838.9097063541412 41505.981414794922 8681.608592748642 1324.511435508728 14805.722635746002 26408.17382144928 2533.6789374351501 119303.16072297096 14754.310352802277 10726.376720666885 40287.034069538116 4988.7061524391174 35072.131740093231 130284.46540188789
leaf_count=275306 23545 5155 8545 4656 15385 2892 4547 36662 2551 5335 14736 2154 1232 1242 2977 1401 2109 8598 5100 130 15824 10037 40290 3625 1704 4602 2479 2639 25797 1249 4347 2856 7869 8241 27364 6728 302 298 108 17086 1840 17695 8319 9297 175 450 18220 7120 2642 11115 1873 228 2967 5453 482 22372 3296 3373 13680 1521 10552 43464
internal_value=-3.93726e-05 0.00112091 -0.000874004 -0.001452 0.00278185 -0.00131383 0.000324544 0.000920891 -0.00171571 0.000416537 -0.00115979 0.00178191 0.00110001 -0.00304074 0.00240716 -0.0122749 0.0014399 0.00589626 0.00570878 0.0029789 -0.00134528 -2.90528e-05 -0.00144354 -0.00100411 -0.0030164 -6.4079e-05 0.00135797 0.00180515 0.00315879 -0.000959035 0.000533598 0.00735089 0.00953693 -0.000363563 0.00284669 0.00418234 -0.00967536 0.00325327 0.000367461 0.000752565 0.009498 -0.00256972 -0.00368035 -0.00175852 -0.0057233 -5.07705e-05 0.00120865 -0.0053953 -0.00610198 -0.00520768 -0.00116726 -0.00294283 0.00239275 -0.00578136 -0.0220587 0.00178568 -0.00178963 -0.0011105 -0.00177698 0.00131833 0.00322181 -0.00112324
internal_weight=2.362e+06 988213 1.37379e+06 948834 320260 933156 667953 516876 151077 424954 912035 242426 206559 49560.6 156998 13829.7 268812 77834.1 35867.3 163318 156141 80536.1 821188 641876 179312 401062 170016 162101 110097 135772 35730.9 61621.3 39291.5 124688 162532 103058 15678 32046.5 16212.8 223650 17229 240814 141089 73687.6 22183.4 51504.2 77466.8 85203.9 77318.9 67480 29901.2 47221.2 30484.5 67401.4 3403.4 143972 24669 231046 181298 49748.2 40060.8 170571
internal_count=793837 454825 339012 264445 73599 259487 381226 346190 35036 74567 256595 49013 41759 10095 31664 2633 53408 24586 7254 70884 21159 16279 233050 170179 62871 124683 47491 45012 30276 30489 7462 19323 10725 27938 70754 43390 4958 6242 5263 44863 4479 45496 27801 14029 4282 9747 19469 22581 20877 18235 6220 8469 5944 13772 657 27777 5405 77192 60517 16675 12073 57144
cat_boundaries=0 4 8 12 16 19 20 24 28 32 33 34 38 39 43 47 51 55 59 63
cat_threshold=268453042 3376616033 3221225648 1132160 3759145616 1611967568 3897164802 1065536 536871040 0 1611268096 32768 16785864 1581056 1623326720 34818 553649160 1074291200 2420248577 6 3222307328 536882176 412997 295170 1342210072 2147508352 2123712 67584 2147483648 1900544 3089127137 8192 6 6 8264 32768 139002368 2128 1 8256 0 0 32772 2686453264 786448 944308768 82 12552 17367040 16672 2066 1629500232 32784 78336 34880 16781832 537666048 952107520 264192 2166358344 537183232 536876544 2048
is_linear=0
shrinkage=0.05


Tree=76
num_leaves=63
num_cat=12
split_feature=5 10 10 8 1 20 15 8 5 16 16 20 16 9 7 16 5 16 16 6 9 16 6 16 6 22 21 18 16 16 16 9 16 6 16 6 16 12 20 16 6 6 16 12 16 16 20 11 22 9 1 7 8 20 15 16 16 3 18 11 18 20
split_gain=806.281 460.551 399.469 382.844 367.179 383.55 462.54 447.662 356.796 302.935 597.839 448.814 358.11 326.565 269.863 261.565 254.846 228.644 800.731 366.88 339.938 1082.27 330.191 325.145 372.846 271.204 257.904 250.227 243.954 307.961 363.31 357.339 324.378 245.277 242.225 317.735 322.81 428.492 386.689 295.258 407.276 284.294 279.817 271.481 228.846 227.565 227.4 225.634 219.5 210.664 208.307 204.979 207.206 302.041 193.634 192.725 349.352 187.745 187.485 183.633 179.416 178.595
threshold=0.5883080055260671 1.5000000000000002 3.5000000000000004 2.0078740157480319 301.50000000000006 0 16.500000000000004 1.0022624434389142 1.0000000180025095e-35 18.500000000000004 25.500000000000004 1 8.5000000000000018 0.99535960378983646 8.5000000000000018 4.5000000000000009 1.7546633381873658 18.500000000000004 25.500000000000004 0.056633471262547273 0.12523062730627307 10.500000000000002 2.5001530924678508 27.500000000000004 2.8421954887218051 2 3 4 44.500000000000007 48.500000000000007 49.500000000000007 0.49983860555196907 47.500000000000007 0.80775494863442765 15.500000000000002 0.48083597678604589 11.500000000000002 0.18934970627546446 5 10.500000000000002 1.6669143140168401 0.12016597510373446 14.500000000000002 0.40011430258658209 26.500000000000004 8.5000000000000018 6 0.10157097708433868 7 0.79991181657848343 687.50000000000011 271.50000000000006 1.1087337909992374 8 150.50000000000003 39.500000000000007 37.000000000000007 1.5000000000000002 9 0.027101825679150916 10 11
decision_type=2 2 2 2 2 1 2 2 2 2 2 1 2 8 2 2 2 2 2 2 10 2 2 2 2 9 9 9 2 2 2 10 2 2 2 2 2 2 1 2 2 2 2 2 2 2 1 2 9 10 2 2 2 1 2 2 2 2 9 2 9 1
left_child=1 9 3 4 5 15 7 -7 14 12 11 -11 61 -14 -3 -2 -9 20 19 -19 21 45 46 27 28 34 -26 -20 33 32 31 -31 -30 -25 35 -22 39 42 -39 40 -37 -36 47 -40 -29 -17 60 -38 -32 -48 -4 52 -10 -54 57 56 -35 -13 -50 -12 -21 -1
right_child=2 8 50 -5 -6 6 -8 16 51 10 59 54 13 -15 -16 17 -18 18 23 22 25 -23 -24 24 26 -27 -28 44 29 30 48 -33 -34 55 41 36 37 38 43 -41 -42 -43 -44 -45 -46 -47 49 -49 58 -51 -52 -53 53 -55 -56 -57 -58 -59 -60 -61 -62 -63
leaf_value=0.0027069209305231262 0.0023975280158798082 0.0040516717854650807 0.001671569502058171 -0.022292370154098292 -0.0059648664947001082 -0.0014493737286079803 0.0022367404330804323 -0.0047505095848905492 0.00066067756158659573 -0.0011750010925334195 -0.00059498116966969893 0.0022632850232413601 -0.0068427578425338288 -0.0012511947026491068 0.011250078179361096 0.0024342433117151745 -0.010775132684172965 0.04992634752906841 0.0025962523181613274 0.0086378024971420411 -0.0058564843262858485 -0.031528401608818334 -0.002980554941691139 -0.0041400521790151126 0.0056821195416121226 -0.0056362859527001128 -0.0022489850476674973 -0.0031489205585037098 0.0008299054371626697 0.0081220348880476322 -0.011087655148815413 -0.010115435365387547 0.009087416998776781 -0.00033274454522946016 0.029575857486363679 0.0030009737917030647 0.011622010735511076 0.0082014499399413396 -0.0013656588021849863 -0.0071841126378657597 -0.0046195607049896474 -0.0048459687858644794 0.00040579543732328612 -0.01790544592528474 -0.010752097529742398 -0.011399744545341413 0.0063998508188272398 -0.019200256139013317 -0.0014291914530465493 -0.0030145374558858905 -0.0026701656451002848 -0.0014995861903693236 -0.0022856830684628514 0.0050515739218563631 0.01783536998454709 -0.0036091830595682524 0.012022648539948784 0.0086086656590465323 0.005678082885052619 0.0018898663448094098 0.0037635009699867649 -0.0015302985560099712
leaf_weight=71623.9995470047 73164.627999544144 46240.668518781662 212041.3934776783 2130.2424297332764 37252.282399654388 91839.444597005844 37426.064737796783 61625.525588989258 84329.827476024628 20585.318592786789 203423.36900520325 16988.809062957764 33900.307518959045 113652.65795922279 18123.025727272034 9324.839676618576 24545.516437292099 416.67838287353516 8701.3387017250061 26698.813459157944 19752.140493869781 4003.3415887355804 19813.42494726181 100616.79220294952 34607.480496406555 33523.673143148422 14558.213817596436 20798.933096885681 47701.465428113937 3157.2646996974945 3600.792060136795 17964.718683004379 15842.178467273712 74006.681889772415 608.37186193466187 52351.381620645523 21349.725163698196 5552.1875624656677 6021.6241528987885 15098.926953315735 26360.728660106659 38434.942926168442 9270.2603316307068 4218.6062562465668 18881.884776115417 4362.6836724281311 8727.3133368492126 609.87975406646729 20290.662695884705 18614.535015583038 31763.423875331879 37757.688296794891 16492.444925785065 93700.785508871078 4140.5991635322571 40490.046778202057 6199.5893051624298 37149.581645488739 17083.815279483795 117181.2127532959 64659.488071918488 38085.541085958481
leaf_count=36797 18850 17225 35623 656 4886 37624 11613 16296 19192 14347 124104 14987 12671 75041 4762 2598 7600 186 2150 6678 5683 1114 5316 27559 8663 8514 3937 5105 12003 814 836 4517 3986 17108 245 12807 4733 1341 1570 3586 6244 8987 2034 1153 4521 1211 2363 181 5103 4586 3660 5019 4052 18897 2388 9093 1400 15351 4281 58155 16538 24751
internal_value=2.69148e-05 0.0011494 -0.000734179 -0.00112017 -0.00108128 -0.000919254 -0.00281575 -0.00387818 0.00278452 0.000410808 0.00127259 0.00517257 -0.000927337 -0.00253589 0.00607869 -0.000468966 -0.00646671 -0.000720361 -0.000177608 0.00313565 -0.00198273 -0.00866466 0.00299453 -0.00121318 -0.000740565 -0.0014757 0.00333438 -0.00508252 -0.00131802 0.000441629 -0.00206246 -0.00738909 0.00288871 -0.00231698 -0.000776663 8.20988e-05 0.000915032 0.00429615 -0.00241573 -0.000779762 0.000448826 -0.00430887 0.0076902 -0.00817256 -0.00676532 -0.00197563 0.00399191 0.0107652 0.000683432 -9.40759e-06 0.00110591 0.00187171 0.00252609 0.00395366 0.00741357 -0.000797182 0.000622411 0.00661754 0.00182025 0.000313236 0.00518885 0.00123608
internal_weight=2.35944e+06 953376 1.40606e+06 1.16226e+06 1.16013e+06 1.12288e+06 215437 178010 296644 656731 399469 78864.3 257263 147553 64363.7 907440 86171 834275 583432 138930 250843 17690.9 138514 444502 396120 233152 49165.7 48382.2 346954 125641 62097.3 21122 63543.6 221313 199629 160585 140833 47022.3 15792.4 93811 78712.1 39043.3 31229.9 10240.2 39680.8 13687.5 118700 21959.6 40975.3 27341.8 243805 232281 194523 110193 58279 120696 80206.3 54138.4 37374.5 320605 91358.3 109710
internal_count=793291 447739 345552 306269 305613 300727 73133 61520 69147 378592 229332 47073 149260 87712 21987 227594 23896 208744 146743 35667 62001 4923 35481 111076 99300 57078 12600 11776 86700 31540 15551 5331 15989 55160 48564 39332 33649 11012 4064 22637 19051 9232 6948 2723 9626 3809 30165 4914 10220 6949 39283 47160 42141 22949 32726 27601 18508 30338 9384 182259 23216 61548
cat_boundaries=0 1 2 3 5 6 7 8 9 10 11 12 13
cat_threshold=22 1 505480897 553785555 3072 6145 2 20 142764034 1 6193 149520 22
is_linear=0
shrinkage=0.05


Tree=77
num_leaves=63
num_cat=26
split_feature=0 10 20 4 13 20 15 7 19 15 4 16 16 16 4 9 16 16 17 19 17 17 11 8 17 13 17 20 20 4 17 19 17 17 0 13 16 9 17 19 16 17 13 4 17 19 16 8 16 16 17 16 13 16 9 17 21 17 21 17 9 16
split_gain=739.643 791.633 665.257 604.692 698.422 538.427 529.917 480.596 459.928 388.281 383.146 348.62 1280.58 971.755 924.701 410.378 430.603 374.953 408.476 355.055 354.053 316.754 311.754 298.03 386.836 354.224 397.318 297.373 290.941 283.242 269.57 269.444 264.602 263.57 262.595 241.202 234.833 230.21 227.211 223.84 213.097 210.303 207.498 213.806 206.435 204.452 204.45 203.966 203.117 199.338 196.31 194.581 190.933 189.407 203.984 185.429 184.155 183.545 225.129 182.007 181.853 181.116
threshold=1.5000000000000002 2.5000000000000004 0 8.5000000000000018 10.500000000000002 1 6.5000000000000009 168.50000000000003 2 10.500000000000002 812.50000000000011 8.5000000000000018 16.500000000000004 25.500000000000004 207.50000000000003 0.99175254225759291 21.500000000000004 44.500000000000007 3 4 5 6 0.097053564731411801 1.0870105991780232 7 4.5000000000000009 8 9 10 45.500000000000007 11 12 13 14 5.5000000000000009 54.500000000000007 4.5000000000000009 0.76933041052212048 15 16 19.500000000000004 17 7.5000000000000009 125.50000000000001 18 19 40.500000000000007 1.0626401345291481 18.500000000000004 49.500000000000007 20 19.500000000000004 7.5000000000000009 50.500000000000007 0.97437538986834771 21 22 23 24 25 0.62527533039647587 1.5000000000000002
decision_type=2 2 1 2 2 1 2 2 9 2 2 2 2 2 2 10 2 2 9 9 9 9 2 2 9 2 9 1 1 2 9 9 9 9 2 2 2 8 9 9 2 9 2 2 9 9 2 2 2 2 9 2 2 2 10 9 9 9 9 9 8 2
left_child=3 2 7 4 8 6 37 22 60 34 27 30 20 14 15 32 29 18 31 -19 47 -9 23 25 -25 26 -2 36 -10 -17 -7 41 51 -27 -4 -6 -3 -5 -8 61 48 -15 43 -38 -18 -24 -43 -13 -16 59 -21 -14 -49 54 -36 -23 -30 -12 -59 -44 -1 -26
right_child=1 10 9 5 35 11 38 21 28 -11 57 12 13 17 40 16 44 19 -20 50 -22 55 45 24 39 33 -28 -29 56 -31 -32 -33 -34 -35 53 -37 42 -39 -40 -41 -42 46 49 -45 -46 -47 -48 52 -50 -51 -52 -53 -54 -55 -56 -57 -58 58 -60 -61 -62 -63
leaf_value=0.027134201261552082 0.011016657734747764 0.0085197623484445009 -0.0046610142176155773 0.00078973570131535319 0.0005349715801915984 0.010435567451019145 0.02428504714530666 -0.0011041429072994608 0.014420302305744133 0.00080521554664892943 -0.0029386645503701042 -0.0028236999001522347 0.039314062616278969 0.035025663755033756 0.039380671101193955 -0.0011301115625796242 0.0035313316037565707 -0.0026036379905964762 -0.001085460621778931 0.010910551221538368 -0.0074939458928333204 -0.015562290078185083 -0.010449794991367872 -0.0054245562665875303 0.010161385514497072 -0.0039587803172357701 -0.002046542705070075 -6.1354792017006066e-05 0.0053338703026486007 0.0096075087705133552 0.0030895184855265173 0.0013741870750455857 0.011098292978991037 -0.00083008442134416152 -0.0057991519077206927 -0.0019947363539345848 0.019276317298790729 -0.0047947055025415498 0.0052521727456647689 0.002514984214274736 0.012584578413290025 0.012402444361671934 -0.0020614383423855826 0.0049864763077739653 0.019685095702932968 -0.00092473825066813624 -0.00033709793821878176 0.034626241047943755 0.077621820127644237 0.0084811995357514918 0.0039931089265978666 0.018558611977923065 0.0039993802783505261 -0.023244324392443148 -0.015234156012154831 -0.0055705573619023868 -0.0035901386228828569 -0.02610406180722168 0.00041315010329131792 0.0023535797953666139 0.011191292737040393 -0.00019785812180426692
leaf_weight=2139.9194464683533 11555.353454351425 17825.088449716568 76379.148534297943 30661.727083921432 175204.85839390755 29029.872756481171 1745.1561336517334 52048.796154975891 4264.4545691013336 24561.634176254272 69150.893784046173 21612.426885843277 1642 798.13136982917786 1332.2489590644836 16689.902090549469 2782.0155856609344 9450.5474288463593 74511.055583953857 25352.172853946686 29541.710682630539 5043.4357852935791 12831.562344312668 25203.318447113037 4299.5880506038666 105709.45561313629 11716.454767227173 122513.53380465508 10122.27424120903 9716.3093056678772 21962.736574888229 18950.211815595627 10003.481073379517 185350.79523682594 16833.848335504532 203873.70559382439 3355.0728530883789 46352.185081720352 14899.345839738846 144367.62603592873 503.01550841331482 11247.571431159973 27867.757994174957 11901.956684350967 6984.8936541080475 10054.401212692261 4373.8568003177643 532.73523378372192 471.57488536834717 11337.916444540024 17289.903467416763 3624.9620435237885 10941.513389348984 2572.4917619228363 8684.6071214675903 58406.399919986725 13448.828598976135 794.40371227264404 129311.73379302025 143585.75040197372 10897.296023130417 223228.86130023003
leaf_count=1002 3135 3430 24581 11829 126459 11134 633 7513 2221 6997 9624 9348 1642 287 460 6858 1098 3844 29868 10007 11859 747 3354 5774 982 27532 3015 26000 5436 3266 8876 7412 5893 45810 3864 149342 680 21503 6066 31160 152 4335 5303 1786 2721 2424 1649 142 176 2154 6908 1628 3320 597 2190 8547 7588 109 17564 27567 5844 49773
internal_value=6.46533e-07 -0.000659375 -0.00150602 0.00118804 -0.000155988 0.00252236 -0.000822834 -0.00099805 0.00605372 -0.00485107 0.000882048 0.00347358 0.0027774 0.00460471 0.0104301 0.00904088 0.00613904 0.00267151 0.0010151 0.00616536 -0.00351675 -0.00399618 -0.000526492 -0.000341709 0.000568787 -0.00149195 0.00444389 0.00190629 0.0024197 0.00282107 0.00727437 0.00543888 0.015914 -0.00196656 -0.00618136 -0.000825542 0.00302284 -0.00257138 0.00726683 0.000975088 0.0413933 0.010126 0.00252821 0.00812992 0.0151084 -0.00627038 0.00883004 3.67e-05 0.0494155 0.00206061 0.00810752 0.024988 0.00542424 -0.0103149 -0.00901061 -0.00636733 0.00024285 -0.000857372 0.000249048 0.00163598 0.0137994 -2.05638e-06
internal_weight=2.35945e+06 1.51649e+06 978848 842955 419951 423003 93658.4 849816 40872.8 129032 537644 329345 278352 215724 53750.4 51443.6 36173.1 161973 109881 52092.6 62628.4 115499 734317 711431 397099 314332 23271.8 338387 27835.6 26406.2 50992.6 35369.8 15270.4 291060 104470 379079 215874 77013.9 16644.5 371896 2306.84 16419.6 198048 15257 9766.91 22886 15621.4 33086.7 1803.82 182791 42642.1 5266.96 11474.2 28090.9 25518.5 63449.8 23571.1 199257 130106 171454 13037.2 227528
internal_count=793018 322212 227995 470806 297892 172914 40031 189766 22091 38229 94217 132883 112873 88204 23894 23106 13943 64310 43551 20759 24669 16807 172959 167181 87689 79492 6150 66920 15245 10124 20010 13683 9163 73342 31232 275801 40920 33332 6699 81915 788 6271 37490 2466 3819 5778 5984 12810 636 35024 16915 3270 3462 6651 6054 9294 13024 27297 17673 32870 6846 50755
cat_boundaries=0 1 2 3 7 8 12 16 20 24 25 26 30 31 35 39 43 44 48 52 53 57 61 63 67 69 73
cat_threshold=22 1 269018 19928320 554192384 276915856 270920 548992 1879048848 18383376 1074466818 1147970 16785856 1092092944 1610762240 1081922 2416967688 570453504 8678465 67584 538982272 17645568 1879777280 3152 6 6 1630545536 1411072 1749680160 1081426 435585 2147516608 1610886144 1753285635 35858 1899005188 1075052688 544091904 8258 34603008 4211200 260 2048 737731 0 16794112 0 512 2166366216 555229184 146952193 2048 541824 1610614736 1628521488 1220740608 1081666 2147484672 262144 134223488 8192 275834895 10248 536876040 1091060240 272765472 32768 2097152 65536 3240100096 16942096 1073816768 1051650
is_linear=0
shrinkage=0.05


Tree=78
num_leaves=63
num_cat=28
split_feature=0 1 10 20 13 0 12 17 20 16 16 17 17 15 17 16 20 7 17 20 16 17 16 16 17 17 17 16 13 16 17 16 13 19 20 1 19 16 21 17 16 16 16 16 11 0 10 19 19 19 19 21 16 16 17 16 19 16 17 16 16 17
split_gain=654.591 749.625 689.356 540.142 349.759 318.612 315.561 343.363 273.352 332.91 689.88 453.122 439.414 320.754 274.693 263.663 273.863 298.393 287.101 259.668 259.642 258.64 247.86 347.082 326.98 318.794 288.673 245.258 286.121 244.23 239.088 233.748 229.191 228.968 223.733 218.889 217.347 203.017 202.659 198.544 197.815 456.282 288.639 249.871 217.125 189.712 185.934 185.344 180.787 180.1 179.028 177.843 177.566 384.469 396.738 226.844 377.5 188.459 227.337 177.035 172.091 259.522
threshold=1.5000000000000002 3.5000000000000004 1.5000000000000002 0 3.5000000000000004 69.500000000000014 0.26684458489896123 1 2 16.500000000000004 25.500000000000004 3 4 107.50000000000001 5 4.5000000000000009 6 624.50000000000011 7 8 44.500000000000007 9 19.500000000000004 25.500000000000004 10 11 12 8.5000000000000018 55.500000000000007 9.5000000000000018 13 22.500000000000004 12.500000000000002 14 15 56.500000000000007 16 14.500000000000002 17 18 16.500000000000004 10.500000000000002 12.500000000000002 23.500000000000004 0.026198446983471516 1.0000000180025095e-35 7.5000000000000009 19 20 21 22 23 31.500000000000004 42.500000000000007 24 11.500000000000002 25 39.500000000000007 26 2.5000000000000004 14.500000000000002 27
decision_type=2 2 2 1 2 2 2 9 1 2 2 9 9 2 9 2 1 2 9 1 2 9 2 2 9 9 9 2 2 2 9 2 2 9 1 2 9 2 9 9 2 2 2 2 2 2 2 9 9 9 9 9 2 2 9 2 9 2 9 2 2 9
left_child=1 4 3 -2 30 22 15 -8 -6 12 11 -11 -10 48 -12 34 17 18 52 36 33 -18 26 24 -24 50 -5 28 -14 -28 -1 -23 47 -16 -4 45 37 -9 -27 -22 41 -21 -43 -42 -45 -3 -20 -29 -13 -31 -25 -7 55 54 -54 -17 60 58 -56 -36 61 -57
right_child=2 35 6 5 8 51 7 19 9 10 14 13 27 -15 20 16 21 -19 46 40 39 31 23 25 -26 38 29 32 -30 49 -32 -33 -34 -35 59 -37 -38 -39 -40 -41 43 42 -44 44 -46 -47 -48 -49 -50 -51 -52 -53 53 -55 57 56 -58 -59 -60 -61 -62 -63
leaf_value=9.1274239454994171e-05 -0.0080284699139469909 0.0089435615500158532 0.0068248699725846395 -0.0080413017644407284 -0.00057647549617202091 -0.0042829714463732916 0.0019846989568267168 0.0065055910535955566 -0.0052527666775746412 -0.00041398198900398218 0.0097921074724247256 0.0003352867254544745 0.0071210129166728855 0.01949063235378571 0.0054836291780950095 0.00031287408644079033 0.00025665283402735999 -0.0020622013476281563 0.00027457720472240659 -0.0027839848676219584 -0.0021952646275373074 -0.007650394339516556 0.0072406807945186898 -0.0071125608638842198 -0.0003909033085136936 0.0022922306910465162 -1.2656008038429653e-06 0.002008274865193789 -0.00038950449135858093 0.0035847300715474723 0.01308851057161343 -0.0013283399911256785 -0.0019536013202224806 -0.0014938751265436282 -0.0081910726125514616 0.045819415223466893 -0.0042230054920523678 -3.3856806889798462e-05 -0.0016359491512813074 0.0046454374353839699 0.0056673213899661925 -0.019384367406516435 -0.0059880379841510236 -0.0039612551860497237 0.00084725688554737318 0.0038470972799681106 0.0068043939734771719 0.030755932873240594 0.0090406167672987692 -0.0047990289418037256 -0.0022062623250069472 -0.013345706561252236 -0.011593956795330651 0.0049108629010167978 0.019281095431739018 0.048470880689483825 0.0021907678226562879 -0.00462713973186252 0.0013155877058371598 0.0055985454813386746 0.0080157295106674988 0.013636114436381366
leaf_weight=5695.2987582683563 35324.645415782928 26032.642486333847 30474.932167768478 22978.976781845093 334200.81423211098 17662.175963401794 70782.421385288239 18342.278891563416 37334.537802457809 16384.574673891068 8347.3751785755157 7141.0113346576691 26718.915216445923 6541.3557875156403 13104.450306653976 22471.282474517822 131817.53008341789 58652.971212863922 208806.77471280098 51410.773309469223 13532.369527816772 23030.249985694885 25718.621639966965 24378.073567152023 30887.287443876266 66300.361277103424 74971.954354763031 1341.5040719509125 24134.868405818939 7055.5716781616211 9359.8650314807892 40039.303550958633 52158.399854183197 113570.53104567528 5181.6443686485291 334.74188137054443 17099.378605604172 33622.777697563171 65026.199846744537 49008.761645793915 10507.59961771965 7742.4736964702606 8366.7931940555573 72811.786938667297 34646.670687913895 61161.942178487778 11501.332911968231 961.50720739364624 36483.321469306946 69055.704821109772 78404.357497692108 7818.9837493896484 9295.0725836753845 31163.492901086807 2427.6405513286591 595.25044465065002 34506.92023396492 7150.0767242908478 6358.4465668201447 4224.0382349491119 35095.950197696686 4927.1200988292694
leaf_count=2939 11881 7426 5594 5633 202670 2621 14993 3664 21922 10639 4578 4326 14053 3880 7372 4282 26159 7095 40184 10843 8007 5085 6491 6221 8003 15906 18365 582 14770 1656 4796 8532 30235 64641 1140 57 3442 6794 15862 28560 2527 1687 1759 15562 7210 17239 1714 410 22052 16825 18880 1190 1683 5836 491 123 6306 1341 1098 976 6233 910
internal_value=2.67031e-05 0.00114349 -0.000593632 -0.00205793 0.000636321 -0.00162752 0.000181364 -0.00109554 0.000483019 0.00135349 0.00240476 0.00680763 -0.00059283 0.00916449 0.000921606 0.00080351 0.000553094 0.0012537 0.00177334 -0.00195206 0.000529684 -0.00100335 -0.00132909 -0.000435644 0.00307775 -0.00128517 -0.00282131 0.00105956 0.00355663 -0.00202666 0.0081808 -0.00363639 -0.00127193 -0.000771704 0.00474567 0.00552399 0.000665045 0.00227404 0.000347223 0.00316566 -0.0029265 -0.00508491 -0.0124274 -0.00169131 -0.00241091 0.00536877 0.000615472 0.0141608 0.0076178 -0.00402197 -0.00337058 -0.00707124 0.00342957 0.0011962 -0.00339185 0.00472042 0.00603878 0.00139901 0.00630462 -0.00199618 0.00930485 0.0175115
internal_weight=2.36218e+06 843549 1.51864e+06 525583 756019 490258 993053 325333 740964 406763 264114 66550.3 142650 50165.7 197563 667720 627839 432952 374299 254551 189216 194887 464777 290715 56605.9 234109 174062 105315 50853.8 151083 15055.2 63069.6 54461.4 126675 39880.6 87529.3 69064.4 51965.1 131327 62541.1 185486 67520 16109.3 117966 107458 87194.6 220308 2303.01 43624.3 76111.3 102782 25481.2 153991 56394.7 25231.2 97596.5 75125.2 15936.2 8786.09 9405.68 40618.3 5522.37
internal_count=793951 471154 322797 129534 446432 117653 193263 68481 438697 236027 154055 40897 81972 30258 113158 124782 117072 77296 70201 53488 108580 39776 113842 71363 14494 56869 42479 60050 28823 36846 7735 13617 31227 72013 7710 24722 13900 10458 31768 36567 39588 14289 3446 25299 22772 24665 41898 992 26378 18481 25101 3811 28303 10449 4613 17854 13572 2930 1589 2116 7266 1033
cat_boundaries=0 1 5 6 10 14 18 19 23 24 28 32 36 40 44 45 46 47 49 53 54 55 56 57 59 63 64 67 70
cat_threshold=1 3222279824 1064000 3892314329 1049096 19 1361056008 1074381344 274757890 1114112 2419069282 1107379856 279195396 6668 16777250 17920 8404992 2114056 28 555790728 1092166209 1610762258 1068168 2 537923928 787088 2154449194 32850 537920960 1074988048 1619722240 1099264 1880129736 537337937 139344064 35098 3491790864 3221319168 10512193 2048 1110447128 838272 1639972883 100872 139648 22 657610 75772035 210944 3158024 3238430864 270542912 68864 524931 541088 165920 724226 721046 131072 536871040 65536 1610743810 16384 100457 18878720 524288 16384 0 8192 131072
is_linear=0
shrinkage=0.05


Tree=79
num_leaves=63
num_cat=24
split_feature=5 8 6 0 8 10 10 0 1 0 4 11 14 3 20 17 17 20 4 17 0 20 15 6 20 0 17 1 17 3 20 9 17 2 17 17 1 14 5 0 1 17 17 3 17 17 10 1 0 20 10 17 9 17 11 20 5 17 17 4 7 17
split_gain=679.766 387.725 449.104 358.693 338.084 319.603 267.563 376.773 259.964 246.498 254.924 240.961 231.733 431.332 315.177 292.7 290.326 246.07 242.497 225.826 222.924 244.006 266.957 247.661 205.246 202.121 201.718 191.819 191.525 191.345 250.662 174.144 170.73 169.768 169.234 167.3 167.224 188.061 165.809 164.678 223.975 178.514 153.964 147.844 175.684 167.636 146.297 143.126 142.484 142.023 189.658 141.944 141.268 139.758 139.515 159.694 129.758 128.999 127.378 124.11 123.438 123.044
threshold=0.76942551119766323 1.1999484801648637 1.5881545477797616 13.500000000000002 2.3541666666666674 1.5000000000000002 3.5000000000000004 266.50000000000006 118.50000000000001 1.0000000180025095e-35 1.5000000000000002 0.10157097708433868 1.0000000180025095e-35 27.500000000000004 0 1 2 3 6.5000000000000009 4 1.5000000000000002 5 13.500000000000002 0.70006339146274188 6 2.5000000000000004 7 2.5000000000000004 8 549.50000000000011 9 0.90829510703363925 10 50.500000000000007 11 12 710.50000000000011 1.0000000180025095e-35 1.6410969651581615 1.0000000180025095e-35 4.5000000000000009 13 14 79.500000000000014 15 16 1.5000000000000002 12.500000000000002 85.500000000000014 17 3.5000000000000004 18 0.57159391534391546 19 0.034485609911762992 20 2.9106858054226481 21 22 5.5000000000000009 12.500000000000002 23
decision_type=2 2 2 2 2 2 2 2 2 2 2 2 2 2 1 9 9 1 2 9 2 1 2 2 1 2 9 2 9 2 1 10 9 2 9 9 2 2 2 2 2 9 9 2 9 9 2 2 2 1 2 9 10 9 2 1 2 9 9 2 2 9
left_child=1 3 19 5 6 8 7 11 9 10 -1 12 18 16 15 52 54 25 53 -3 42 23 38 35 28 -18 -4 60 -12 30 57 -19 -5 59 -25 -22 37 -8 -23 40 -7 -41 -20 45 47 -29 -17 -45 -36 -34 -51 -27 -15 -2 55 -14 -9 -21 -13 -30 -11 -16
right_child=4 2 26 32 -6 39 36 56 -10 27 24 58 13 14 61 46 17 31 20 29 21 22 -24 34 -26 51 -28 43 33 -31 -32 -33 49 -35 48 -37 -38 -39 -40 41 -42 -43 -44 44 -46 -47 -48 -49 -50 50 -52 -53 -54 -55 -56 -57 -58 -59 -60 -61 -62 -63
leaf_value=-0.0013415934710433374 -0.0067000246869846946 -0.0026828951554379037 0.0013507009796063657 0.0060506184939412453 -0.024990221360744913 0.0038911538183185935 0.0010970352546564052 -0.0070091363667866809 0.045680030150743657 -0.0048593873806349998 -0.0010033728754871598 -0.0030201830095157658 0.021125102640717791 0.011688951827735966 -0.0032809006390897497 -0.0048076968385992293 0.014966207068759875 0.0042900543337487636 -0.0021915014030254357 0.0067609707073362007 9.1030865811639046e-05 -0.0032122547651373214 0.00058390161837200156 0.0014945285052612488 2.7594370066715817e-05 0.011928844123852726 -0.0042680385778747099 -0.0073904000411835792 0.0013571063859912952 0.001160580779760934 0.0065608125848585072 -0.0041504242951703055 -0.0015014168117960351 0.037531962702440851 -0.00048097085625088378 -0.0035637984483629197 -0.0028500402384440088 0.0093223820054377585 -0.007744005024143949 0.0056786222012776008 0.015386991261046312 0.0010388592857650334 0.0026863857645298165 -0.012135841434865444 -0.00054761041134719624 0.0010574855928071687 0.0014390735454112465 -0.0035321386953697624 -0.0045714127666124709 -0.0085772206208077195 -0.00062249186264612356 0.0014940896764686522 0.0026960388664065971 -0.0020279369187430761 0.0041875472787688437 0.0073348730554801738 -0.01948113574912036 -0.0022705329716677498 -0.011251769614678156 0.0041411037056818794 -0.017030288647022971 -0.010076256750032802
leaf_weight=114550.48066520691 30381.587883472443 11353.102600336075 43554.100714206696 6047.6350674629211 1449.5535304546356 41211.663439035416 158231.69057130814 11848.700356960297 312.83734321594238 15087.786693572998 33897.766206979752 10841.530208587646 4253.5850806236267 5444.3119168281555 18626.045350074768 23034.289949893951 4757.597382068634 9412.0276346206665 21965.214747905731 5539.7932381629944 43509.023658275604 59185.828553676605 31623.98144698143 108995.45724081993 160082.2713406086 4043.3933746814728 25211.464108467102 6374.883074760437 66090.593406200409 31418.871000766754 99361.886022806168 17419.97935628891 85391.174954891205 356.58715915679932 223364.62143969536 111733.08431053162 26069.801638126373 7267.3590493202209 30631.726060390472 24160.589621543884 4721.7447700500488 145774.43745160103 61315.117018222809 7433.0677433013916 28850.786282539368 73018.511856555939 15801.918068408966 13823.395185470581 23531.528817176819 18984.324795722961 12378.895028591156 16665.732417583466 22057.883273124695 33881.724757432938 5715.2958605289459 4212.1277129650116 2530.6741008758545 13730.93013882637 8320.391943693161 101536.58222436905 2416.3482642173767 10392.184260368347
leaf_count=99609 15294 3063 9594 960 475 14591 26664 1497 48 4777 21851 3343 1312 950 3459 4389 2139 3306 9487 1622 10870 15110 8346 22911 105766 1158 6340 1644 49626 4249 24907 6850 13124 67 51364 28274 3007 1225 9568 5499 1237 34121 26329 1671 5863 19085 2739 2652 3401 3031 1894 4777 3900 16910 1842 1537 352 4377 2654 54354 602 1984
internal_value=-9.30676e-06 0.000830425 0.00267394 0.00038957 -0.000866399 0.000758694 -0.000836415 -0.00117191 0.000184874 0.000161975 0.000714153 -0.00105171 -0.00093879 0.000783039 -0.00137225 0.000529266 0.00387451 0.00215212 -0.00129599 0.00411554 -0.00103186 -0.001352 -0.00336656 -0.000873271 0.00136474 0.00567158 -0.000709749 -0.0016279 0.0024249 0.0046298 0.00554897 -0.00118921 -0.00213442 0.00311672 -0.000146381 -0.00253971 0.000871966 0.00145828 -0.00475785 0.00241695 0.00507318 0.00169894 0.00139989 -0.000963848 -0.00309038 0.000378281 -0.00226542 -0.00653808 -0.00087081 -0.00255874 -0.00543592 0.0035384 0.004475 -0.00423817 0.0102172 0.014299 -0.00920533 0.000328147 -0.00660231 0.00304347 -0.00654039 -0.00571739
internal_weight=2.36119e+06 1.19267e+06 230170 962502 1.16851e+06 839700 1.16707e+06 975497 623832 623519 476514 961117 941955 161836 95356.6 66338.4 66479.7 52298.7 780119 161405 715856 632575 121442 511134 361964 25466.7 68765.6 147005 201882 150051 118633 26832 122802 167984 355892 155242 191569 165499 89817.6 215868 45933.4 169935 83280.3 129501 50107.2 79393.4 38836.2 21256.5 246896 116754 31363.2 20709.1 27502.2 64263.3 14181 8465.71 14379.4 19270.7 19161.9 167627 17504.1 29018.2
internal_count=793647 496224 54152 442072 297423 423063 296948 266052 367615 367567 331273 264203 258206 40342 17421 11978 22921 18230 217864 38218 185660 149844 33024 116820 231664 8074 15934 36294 125898 35155 30906 10156 19009 104047 77676 39144 30896 27889 24678 55448 15828 39620 35816 30915 10186 20729 7128 4323 54765 18049 4925 5935 4850 32204 4691 2849 1849 5999 5997 103980 5379 5443
cat_boundaries=0 1 5 9 10 14 15 16 20 24 25 29 33 37 41 45 49 53 54 58 62 63 67 70 74
cat_threshold=20 287324032 1075593216 1881235456 1083394 287318912 16 1342259744 19456 6 2415923208 570452608 2281702023 2060 6 12 553657216 537428480 3758752016 49728 271581194 3221603024 2418338054 9507840 1 16781328 1073743872 671090753 1064960 20936 2299599360 1891637542 1099394 2417008776 553856065 539034787 83776 3222315160 541075456 4196680 1314048 18878728 1074899584 2963292480 1059842 3238039880 538838544 272707072 11280 1074823168 2147485696 2147640256 76288 20 5120 1075068928 146935808 64 2150642456 1090586648 3758698552 1147986 14 1049616 21233664 1610612992 32770 553648128 786432 81920 555745280 17563648 277495808 64
is_linear=0
shrinkage=0.05


Tree=80
num_leaves=63
num_cat=19
split_feature=5 19 16 16 17 16 17 16 16 9 0 6 17 17 8 8 9 13 16 9 17 16 17 4 16 16 17 16 16 6 17 17 16 16 17 17 16 16 16 17 16 16 16 17 9 16 16 16 17 19 16 16 16 16 17 16 16 6 13 6 19 19
split_gain=613.201 360.519 301.654 480.995 692.483 1024.56 612.481 388.79 864.668 385.767 566.416 375.992 352.812 338.148 283.475 278.721 276.249 308.454 292.402 275.71 267.918 263.701 254.206 258.546 237.654 270.135 234.721 231.333 697.775 569.698 533.757 456.901 636.607 477.234 478.415 455.128 410.324 389.893 449.256 663.376 352.925 638.75 329.81 493.464 360.012 307.05 290.783 978.962 516.344 279.195 274.286 583.395 247.646 245.565 242.022 452.221 252.297 232.913 230.235 228.543 226.215 224.497
threshold=0.80044994375703049 0 44.500000000000007 33.500000000000007 1 37.000000000000007 2 16.500000000000004 10.500000000000002 0.18534132783711202 1.5000000000000002 1.6002086593635891 3 4 2.510869565217392 1.0828263683431956 0.74995475931958022 14.500000000000002 48.500000000000007 0.054158809972763469 5 4.5000000000000009 6 3.5000000000000004 32.500000000000007 27.500000000000004 7 18.500000000000004 25.500000000000004 2.9978292329956591 8 9 48.500000000000007 44.500000000000007 10 11 48.500000000000007 15.500000000000002 11.500000000000002 12 32.500000000000007 37.000000000000007 49.500000000000007 13 0.34492053164792275 47.500000000000007 31.500000000000004 39.500000000000007 14 15 39.500000000000007 37.000000000000007 27.500000000000004 43.500000000000007 16 32.500000000000007 27.500000000000004 0.25949712196001912 5.5000000000000009 1.2000471920717322 17 18
decision_type=2 9 2 2 9 2 9 2 2 8 2 2 9 9 2 2 8 2 2 10 9 2 9 2 2 2 9 2 2 2 9 9 2 2 9 9 2 2 2 9 2 2 2 9 10 2 2 2 9 9 2 2 2 2 9 2 2 2 2 2 9 9
left_child=1 -1 3 6 5 -5 15 8 -8 10 58 16 -6 -9 21 -3 -4 18 -18 -12 -11 26 -19 -24 25 -15 -2 30 29 35 37 32 46 34 40 57 45 38 -23 -40 52 -42 44 -44 -38 -35 -30 48 -48 -41 51 54 -33 -49 -36 56 -56 -29 -10 -39 -31 -26
right_child=14 2 11 4 12 -7 7 13 9 20 19 -13 -14 24 -16 -17 17 22 -20 -21 -22 27 23 -25 61 -27 -28 28 31 60 -32 33 -34 36 50 -37 42 59 39 49 41 -43 43 -45 -46 -47 47 53 -50 -51 -52 -53 -54 -55 55 -57 -58 -59 -60 -61 -62 -63
leaf_value=-0.0012467575432592373 0.0083999936777749053 0.0018023969574670143 0.0076877167218085025 -0.013682565586349707 0.014624128650625885 -0.00091856016862064893 0.0012689468714979365 -0.00046278790717993478 0.026821535956809379 0.00030575058073608317 -0.043519705065327492 -0.0024338810458880557 0.00027623184082769349 0.0045888433295709213 -0.027395041216118757 0.0051577691498477969 0.0031425093459387932 -0.0035962389905384892 -0.011951141858469088 -0.011160341267304086 -0.0057363841770896214 -0.00082811189056031004 -0.00082131233227263284 0.0061502865816129492 0.025648180881292022 -0.00035386871784015773 0.00080803790399166511 0.011489100038612152 -0.0020225351483593541 0.0018925738703512538 -0.0041596008971958856 -0.010353826521931489 -0.0059163288327878623 0.0012870340747780683 -0.00033153378366744681 0.0052346873865105233 0.008722705314625526 0.00083163838971257818 0.00042823544612878236 0.03127209892755016 -0.027903526119306576 -0.0060823163388391685 0.0052116478034706145 -0.005726251962113002 -0.0089825028668489102 0.0095377234794619698 0.020900219115878818 -0.002375207361312521 0.0041783984753332197 0.011332455106760682 -0.0051331405237595362 0.008790077871876063 0.00075304603058417218 0.0042816157427925418 -0.0058333471223946561 -0.010329640554996161 0.00049644694721323417 -0.0016631917494847655 -0.008873812124069777 -0.0085020143067049258 -0.0097359709353144631 0.0070725520134025778
leaf_weight=186412.7206556797 11804.606267213821 132300.43947052956 38733.466892957687 24489.381504774094 4436.3875439167023 43911.021430015564 149157.78570175171 96001.23580288887 469.64400267601013 29272.330072164536 1873.8807754516602 26193.089150905609 117069.27617096901 76963.550775766373 1002.5625171661377 116296.09790277481 6323.9259176254272 10398.139846324921 6512.0706021785736 1015.7449750900269 49163.900976419449 75986.588769435883 16771.091337203979 64227.695539951324 2007.530552148819 43136.525304555893 73641.159455537796 3639.5125393867493 21425.21187710762 6244.5683608055115 161083.90259575844 9805.2327070236206 24452.377050638199 45568.378324747086 80368.690186977386 100434.26821708679 3284.749783039093 10201.569355249405 22172.64807844162 2040.2827229499817 5689.4757788181305 8168.1822135448456 23509.328234910965 18350.744510650635 22762.151746273041 14983.57600235939 11657.984084844589 25646.774745464325 7669.3634881973267 12690.946237325668 74674.305832624435 12727.079072237015 10279.287637472153 30126.781061649323 26321.995127677917 22026.797728538513 39164.832204580307 44661.138868570328 11272.669991254807 18363.769520044327 12656.920008897781 8550.1888883113861
leaf_count=85586 2950 67501 11546 8043 1942 18128 60357 38529 177 12664 379 8073 47182 33368 335 24658 2208 5972 2016 203 21835 19329 15870 22992 673 16063 19637 1302 5774 1845 41147 2058 6018 12019 20280 24631 958 2698 5493 558 1352 2272 6275 4893 5691 4018 3178 6385 2010 2985 19447 3379 2407 7508 6007 5438 9534 11172 4704 3889 4078 3186
internal_value=3.24694e-05 0.000783307 0.00113483 0.000773462 -0.00146412 -0.00548779 0.00136572 0.000301953 -0.00109078 -0.00487263 -0.0123255 0.00307329 0.000801375 0.00179035 -0.00083331 0.00337195 0.00408228 0.00274242 -0.00451527 -0.0321527 -0.00348218 -0.000808949 0.00376175 0.00470622 0.00344561 0.00281357 0.00185805 -0.00103484 -0.000539302 0.00227783 -0.0021917 -0.00141602 0.00128973 -0.00219969 -0.00332609 0.00331691 0.000336247 4.95739e-05 0.00137004 0.00589602 -0.00890233 -0.0150427 -0.00233218 0.000416513 -0.00674947 0.00332879 0.00311537 0.00458115 0.0142783 0.0141154 -0.0025842 -0.00153045 -0.00466956 0.00122057 -0.00231289 -0.00413194 -0.00204782 -0.000671794 -0.00744398 -0.00516876 -0.00589845 0.0106378
internal_weight=2.35825e+06 1.26296e+06 1.07655e+06 907388 189906 68400.4 717482 468885 242226 93068.2 14631.9 169159 121506 226659 1.09529e+06 248597 142966 104233 12836 2889.63 78436.2 1.09429e+06 91396.9 80998.8 130658 120100 85445.8 1.00884e+06 706300 167636 302540 538663 120978 417685 289226 148735 128459 141456 112890 36903.9 33942.2 13857.7 67907 41860.1 26046.9 60552 96526.1 75100.9 19327.3 14731.2 255284 180609 20084.5 55773.6 167882 87513.6 65486.8 48300.7 11742.3 28565.3 18901.5 10557.7
internal_count=792805 513855 428269 359592 75295 26171 284297 192138 100319 39962 5463 68677 49124 91819 278950 92159 60604 49058 4224 582 34499 278615 44834 38862 53290 49431 22587 256028 179929 43028 76099 136901 30873 106028 72174 37105 33854 34952 28365 9036 8089 3624 17817 11168 6649 16037 24855 19081 5188 3543 64085 44638 4465 13893 41259 20979 15541 12474 4881 6587 5923 3859
cat_boundaries=0 1 5 9 13 17 21 25 29 33 37 41 45 49 53 57 58 62 63 64
cat_threshold=1589392 1610615000 98392 3909759104 1360000 537920176 2151920704 1208617254 3163008 301989920 33571329 16384 8704 1377839104 1108886176 2153788056 109571 33557504 34603024 2684383233 100418 2418020352 2147803792 2157980899 1792 1073741960 16785408 3892322304 40960 8944 1616511056 3359773218 1098050 304094242 2199147137 276841880 280200 1073741952 1077936152 3758239776 8448 1092620288 554434688 406875008 8770 8704 1612316672 138412546 64 1073750720 1074300928 1749155874 34898 2101248 279040 268451840 512 198656 2164261704 537462784 6357062 1048656 1305096 401696
is_linear=0
shrinkage=0.05


Tree=81
num_leaves=63
num_cat=17
split_feature=5 16 17 16 16 17 9 16 17 16 16 16 9 16 17 17 17 16 17 4 17 19 16 22 8 16 17 16 6 16 17 13 16 6 19 16 9 19 3 0 10 9 8 13 16 16 9 6 16 2 8 11 19 9 16 11 4 6 19 9 17 5
split_gain=551.472 407.065 475.334 507.662 475.864 460.959 441.792 393.772 771.813 1327.43 681.066 945.377 1236.96 875.338 649.386 618.906 528.933 513.141 835.537 475.74 410.191 408.89 370.475 361.772 359.84 341.961 457.132 419.651 359.805 338.332 324.52 319.428 306.17 304.802 292.009 290.992 319.04 290.778 283.583 281.99 282.972 275.111 270.301 257.078 255.386 289.457 502.742 323.557 309.149 299.692 252.654 250.138 270.92 275.974 245.732 566.527 263.302 247.144 240.525 245.486 238.136 229.738
threshold=1.4016065805539493 45.500000000000007 0 48.500000000000007 49.500000000000007 1 0.50012382367508679 33.500000000000007 2 37.000000000000007 18.500000000000004 8.5000000000000018 0.46292252951641605 25.500000000000004 3 4 5 39.500000000000007 6 41.500000000000007 7 8 37.000000000000007 9 1.4994845360824745 14.500000000000002 10 11.500000000000002 0.82764261271763262 39.500000000000007 11 3.5000000000000004 16.500000000000004 2.368851049191607 12 51.500000000000007 0.85018427845067035 13 56.500000000000007 270.50000000000006 3.5000000000000004 0.94744964262508125 1.0748429890190245 4.5000000000000009 10.500000000000002 13.500000000000002 0.013129165709032407 0.97906854476549332 15.500000000000002 16.500000000000004 1.1556003584229393 0.040483982332951425 14 0.78731780867817069 22.500000000000004 0.032872379769043891 327.50000000000006 0.43913836334625039 15 0.8985904308119913 16 0.41224617307091538
decision_type=2 2 9 2 2 9 10 2 9 2 2 2 8 2 9 9 9 2 9 2 9 9 2 9 2 2 9 2 2 2 9 2 2 2 9 2 8 9 2 2 2 8 2 2 2 2 10 2 2 2 2 2 9 8 2 2 2 2 9 10 9 2
left_child=1 7 -3 -4 6 -6 -5 10 9 21 11 23 19 14 -12 -15 25 18 22 43 -19 -9 -10 -1 39 26 27 -14 32 -11 -25 -17 -27 37 -20 36 -7 -16 -8 40 -2 -18 -28 -13 -21 46 49 -48 -47 -46 -29 52 53 -33 57 -56 -57 -39 -59 -60 -22 -38
right_child=24 2 3 4 5 35 38 8 17 29 13 12 16 15 33 31 41 20 34 44 60 -23 -24 30 -26 28 42 50 -30 -31 -32 51 -34 -35 -36 -37 61 54 -40 -41 -42 -43 -44 -45 45 48 47 -49 -50 -51 -52 -53 -54 -55 55 56 -58 58 59 -61 -62 -63
leaf_value=-0.0022258276504266788 -0.0013014840686473318 0.0058793976588103333 0.0038065317485828465 0.00032208209387389012 -0.0093606046710710163 0.0085349949650417398 -0.0087831447436802542 -0.023571987429155221 -0.0056648274043784655 0.005461492547998212 0.00091930750402580749 0.020408256685638931 0.0032035484271985652 -0.0035978219148983695 -0.00053408767427681552 0.017847432906186986 -0.0060591104126224513 -0.0028826964331281264 0.014130397880056154 -0.0070615453958205029 0.01538006068599798 -0.0097848714660800484 0.0063009340471335057 -0.0018787441922867524 -0.0075709275392933017 -0.0027524067488967057 -0.0017828890430601049 0.015363688360156705 -0.0051582326949664503 -0.0024802042339497283 0.0030201372865518352 0.0056894790771724255 0.0084452064727796629 0.00072157296294184418 0.005013349031579328 -0.0032941986837417242 0.0040956567450825499 0.010754247546610758 -0.026489066513818417 -0.0070354702359816702 0.0035265969179408378 -0.0016710884895531645 0.0047791334140733603 -0.0046905299363332389 -0.013717885570615549 -0.0094056350649465506 -0.01948745498359088 -0.0009803088193530915 0.037715244505337066 -0.040384558414457317 0.040923462263200372 0.004498534281132123 -0.0008911560191554815 -0.0012765067785843183 0.00649916581502041 0.020713789705891217 0.0072571758658469951 0.013746927429174677 0.011294260118258459 0.00038418009816097915 0.0017566404387485569 -0.0039906768386019963
leaf_weight=54244.255520582199 406526.94950294495 66201.59846830368 86566.848603248596 6872.7136347293854 11322.832478046417 19526.268320083618 5241.5408504009247 6434.4207737445831 20689.827242136002 15940.071186542511 98671.988954544067 1075.9567017555237 3737.8557674884796 84379.41494011879 11229.40803527832 2907.038526058197 46603.489514350891 102752.40383124352 17017.819903612137 11297.321584701538 3454.4589943885803 33045.839673280716 9409.9764223098755 39967.555811166763 23320.523181915283 11958.876383304596 25280.678955078125 2200.2987430095673 30872.847913503647 84492.746994495392 219112.5779812336 38771.192012071609 12468.137830257416 21762.245452165604 18221.719967365265 23029.387845993042 20249.755227804184 17140.339332103729 3978.5708570480347 19836.6895570755 32795.726662397385 152947.45703077316 41377.729216575623 19375.192128658295 1488.8988981246948 4565.7713971138 7402.3087313175201 3468.0314450263977 375.82007527351379 3614.4435324668884 1726.5138401985168 45767.074333429337 131640.37891769409 22450.767607688904 33865.787438631058 14205.33163022995 4887.1614942550659 5145.2372987270355 6195.5247468948364 30704.410160779953 43271.02162361145 15510.512712240219
leaf_count=18341 128966 23452 30266 4099 4045 4906 2001 1789 6856 5920 36379 394 1555 26312 3688 829 10715 33231 6369 2366 1386 11058 3306 14176 7286 6139 14103 1158 6937 32396 74692 10772 6645 6243 6897 7681 9875 11123 736 2536 6106 67598 8441 8807 493 1228 1598 602 168 714 415 14682 40867 10200 9791 4782 757 1125 1568 7559 15395 3553
internal_value=-4.31097e-06 0.000383036 0.00222557 0.000967304 -0.00135721 6.40971e-05 -0.00927357 8.89553e-05 -0.00138323 -0.00427295 0.000501822 -0.000548513 -0.00221878 0.00178341 0.00404938 8.8306e-05 -0.00108048 0.000499065 0.00419525 -0.00933356 -0.00111658 -0.0120409 -0.0019233 0.00148699 -0.00151211 0.00140631 0.00362162 0.015177 -0.00157083 -0.00121971 0.00226435 0.00137614 0.00296324 0.00617689 0.00941917 0.00142783 0.00339505 0.00713966 -0.0164255 -0.00120436 -0.000941057 -0.00269577 0.00229011 -0.00336912 -0.01312 -0.016392 -0.0196635 -0.0135836 -0.00581507 -0.0326088 0.0266092 0.00117546 0.000386864 0.00313448 0.0079074 0.0103824 0.0172698 0.00569397 0.00363087 0.00221565 0.00276722 0.00058831
internal_weight=2.3606e+06 1.87812e+06 258500 192298 105732 89638.8 16092.8 1.61962e+06 354730 139913 1.26489e+06 695162 381838 569723 243807 325916 329174 214817 65339.3 52663.7 149478 39480.3 30099.8 313324 482480 129623 74323.1 7664.67 55299.9 100433 259080 241536 24427 145135 35239.5 78315.9 55286.5 123373 9220.11 459159 439323 199551 66658.4 20451.1 32212.6 20915.3 15973.7 10870.3 4941.59 5103.34 3926.81 238629 192862 61222 112144 52958.3 19092.5 59185.5 42045.2 36899.9 46725.5 35760.3
internal_count=794073 649179 90614 67162 36896 30060 6836 558565 124603 51163 433962 247285 140076 186677 83015 103662 123706 73440 23428 16370 50012 12847 10162 107209 144894 45393 25672 3128 19721 38316 88868 77350 12784 46636 13266 26015 18334 40393 2737 137608 135072 78313 22544 9201 7169 4803 3407 2200 1396 1207 1573 76521 61839 20972 36705 15330 5539 21375 10252 9127 16781 13428
cat_boundaries=0 4 8 12 16 20 24 28 32 33 34 38 42 43 44 45 46 50
cat_threshold=1090528472 1074795585 1753354396 1427466 2449506336 537027200 2370625 8964 1610648216 100440 3913953316 1392898 1361093632 21807744 283143044 76354 1107337216 3222405321 3777108896 107779 8912 4361280 3381006386 380227 2148540480 3759289344 66755 44048 18879808 2152468480 276889664 2256 34816 142797138 16 4325440 135200 344320 2415923456 1107314376 18892434 331532 401825 1180064 1188001 33280 268435488 33702400 8 8192
is_linear=0
shrinkage=0.05


Tree=82
num_leaves=63
num_cat=17
split_feature=5 12 0 20 8 15 8 9 16 16 16 4 9 17 16 19 9 17 8 13 17 5 16 16 17 16 12 16 5 17 6 4 4 0 15 0 16 17 9 16 16 16 13 17 16 17 16 17 17 19 9 16 16 20 12 16 16 16 17 6 22 17
split_gain=514.568 428.542 329.062 414.735 587.045 397.669 378.997 305.597 284.885 909.282 742.969 568.75 405.351 343.511 294.499 277.726 270.477 626.846 267.521 261.911 247.398 243.192 240.89 237.157 236.893 222.881 209.978 207.02 206.355 197.497 198.827 191.602 190.906 207.792 191.192 189.434 226.033 283.876 277.615 884.915 517.399 549.346 451.797 323.141 318.754 632.309 494.543 268.916 263.266 245.168 240.004 508.194 219.821 212.179 359.948 327.949 272.704 193.051 191.852 191.242 191.16 188.433
threshold=1.0129037629037632 0.59999999656574798 8.5000000000000018 0 1.098229949874687 6.5000000000000009 1.1034697738412591 0.76933041052212048 16.500000000000004 10.500000000000002 25.500000000000004 425.50000000000006 0.83337782523580717 1 19.500000000000004 2 0.71447270007479446 3 1.5568475452196384 7.5000000000000009 4 0.34812907135282539 15.500000000000002 4.5000000000000009 5 21.500000000000004 0.32748793019274874 47.500000000000007 1.778156350558395 6 1.9120025052667542 55.500000000000007 135.50000000000003 1.5000000000000002 202.50000000000003 291.50000000000006 12.500000000000002 7 0.7451139546727783 21.500000000000004 51.500000000000007 46.500000000000007 14.500000000000002 8 15.500000000000002 9 16.500000000000004 10 11 12 0.12169641966689938 8.5000000000000018 24.500000000000004 13 0.18934970627546446 10.500000000000002 11.500000000000002 18.500000000000004 14 0.9313974482426578 15 16
decision_type=2 2 2 1 2 2 2 8 2 2 2 2 8 9 2 9 8 9 2 2 9 2 2 2 9 2 2 2 2 9 2 2 2 2 2 2 2 9 10 2 2 2 2 9 2 9 2 9 9 9 10 2 2 1 2 2 2 2 9 2 9 9
left_child=1 2 3 4 8 7 -4 19 9 29 11 13 22 -10 -13 24 17 27 23 -5 -18 -17 31 -2 -6 32 -7 -12 -20 -1 -31 -11 34 -34 -15 36 37 -25 39 57 41 42 -41 52 45 47 -46 -40 -48 -42 51 -39 -44 -52 56 -56 -55 59 -43 -38 -50 -21
right_child=18 -3 6 5 15 26 -8 -9 10 12 16 14 -14 25 -16 21 20 -19 28 61 -22 -23 -24 35 -26 -27 -28 -29 -30 30 -32 -33 33 -35 -36 -37 38 50 44 40 49 58 43 -45 46 -47 48 -49 60 -51 53 -53 -54 54 55 -57 -58 -59 -60 -61 -62 -63
leaf_value=-0.00075190696388686257 0.0021459524246282536 -0.0020594972508954884 -0.0027419699915484791 0.010440192959130165 0.0042499049882859441 0.0063040015743952198 0.00058082337569283985 -0.0026286795637893959 0.012325390523678327 -0.0064944029708694983 -0.0028690318180055025 0.0508157743439576 -0.0024921832623968614 -0.00090310177214702461 0.0048683704781618794 0.0079201836118186607 -0.0072845699510762701 0.0075197621292240769 -0.0012527316808878372 0.0029046836663763477 -0.00012551520908524557 0.00379901424235108 0.021433850622002263 -0.0063473971435705923 -0.0020206354427274322 0.0073282479267114883 -7.1782517868224918e-05 0.0096792377653958008 -0.011278340398548598 0.0049729620184204562 -0.0034812462304500921 -0.016142011563656584 0.023760670186342363 0.0031706099845502499 0.014405123480539881 -0.0048802527070702113 -0.015686727135070876 0.0020636204541257708 0.023871247641569469 0.0044598383629823619 -0.018293122416371002 0.013894140305965974 0.00047461447299797704 3.3245905160656854e-05 -0.0098730824985259411 -0.0032685145310004863 -0.0041074448197143112 0.0071049902250506823 0.0034859488481136201 -0.0037727034073624559 0.0044412725470006518 -0.020232455433758092 -0.0073999279480023231 6.8464159408576021e-05 -0.0025028442013986219 -0.014592550279592848 0.014810114339913433 0.014027158558849102 0.0045704482463039394 0.012083968858889944 -0.0010692219073501945 -0.0030334338838047953
leaf_weight=33178.957916975021 61748.2904753685 140270.14578294754 115852.56954908371 7346.6107437610626 31837.209138631821 29636.229533910751 330990.18461513519 142291.7767739296 14636.149637460709 9547.3991358280182 33725.731397390366 1058.0141098499298 46662.520034313202 31906.866248369217 520.30976033210754 55888.873595952988 13167.692673444748 37239.326368331909 9626.2666635513306 31482.493417024612 143168.04371261597 99585.1671667099 562.70949935913086 39137.157338380814 28568.926946878433 27499.875425815582 22885.009263515472 3640.82302069664 10994.418707609177 58668.586069822311 7889.0996720790863 11168.871413469315 1850.5279667377472 3624.1538548469543 2177.9620859622955 31393.540855407715 1174.6544058322906 5401.8105912208557 2832.9639949798584 35031.43800163269 5171.6270990371704 7405.0341427326202 12055.772813796997 74559.455774307251 18064.510184288025 19263.175565719604 67693.358579158783 15307.994739294052 25847.879747390747 6662.8239395618439 17906.810425281525 4849.3933937549591 33457.583889961243 34665.605026006699 18410.657214403152 8066.7076661586761 3448.3396701812744 14656.44721698761 21718.166132926941 1310.5317451953888 210681.00007939339 23191.700244188309
leaf_count=15023 17339 76994 20009 2532 8363 12179 51984 85419 7258 3924 12191 281 26504 19510 116 15545 7121 12747 1992 11432 75969 25020 258 10711 7688 13130 13544 1422 3638 29119 3601 2820 689 817 1264 3855 375 1832 754 8228 1319 2002 3540 21041 4478 5151 19376 3889 7033 1714 4351 1669 10360 8983 5754 2245 996 4789 5918 318 56393 8804
internal_value=3.7496e-05 0.00057543 0.000839159 0.00136334 0.00199561 -0.000354481 -0.000280679 -0.00135202 0.00102495 -0.000639247 0.00191303 0.00596191 -0.0051003 0.00538731 0.0356814 0.00416243 0.000453049 0.00293003 -0.000975698 0.00157695 -0.000729018 0.00528017 -0.0108192 -0.000830382 0.00128444 0.00387045 0.00352594 -0.00164572 -0.00659842 0.00239968 0.00397025 -0.0116963 0.00146762 0.0101334 7.54615e-05 -0.00108003 -0.000910749 -0.00277698 -0.000481119 0.000948501 -3.99851e-06 0.000647027 -0.000536092 -0.00199369 -0.00132851 0.00304055 -0.00183559 0.00973615 -0.0013583 -0.0101377 -0.0012695 -0.00848462 -0.00531295 -0.000373016 -0.00170817 -0.00618656 0.00140256 0.0118423 0.00694788 -0.00104323 -0.000571294 0.00038582
internal_weight=2.36026e+06 1.54172e+06 1.40145e+06 954608 697774 256834 446843 204313 481894 167678 314215 83273.9 67941.5 81695.5 1578.32 215880 230942 74605.9 818543 62020.8 156336 155474 21279 797923 60406.1 67059.4 52521.2 37366.6 20620.7 99736.6 66557.7 20716.3 39559.5 5474.68 34084.8 736174 704781 131886 572894 213204 196062 184227 155104 120073 359691 37404.1 322287 18141 304222 11834.5 92749.3 10251.2 45513.4 82498.1 64591.3 26477.4 38113.9 17141.6 29123.2 2485.19 236529 54674.2
internal_count=793320 573277 496283 424290 290380 133910 71993 108187 233764 81249 152515 43065 33506 42668 397 56616 109450 26360 220043 22768 83090 40565 7002 214413 16051 35410 25723 13613 5630 47743 32720 6744 22280 1506 20774 197074 193219 36541 156678 59604 54122 51089 43169 34941 97074 9794 87280 4643 82802 3033 25830 3501 13900 22329 17978 7999 9979 5482 7920 693 63426 20236
cat_boundaries=0 1 5 6 10 14 18 22 26 30 34 37 41 42 43 47 48 52
cat_threshold=14 2148532432 2147593280 1753355264 100104 803969 1610618512 1091731536 1745565856 1082450 2419099712 2147519504 10492929 82176 18915344 1627637328 809506626 42304 2418049344 1627473488 279733828 75020 2183172488 17131008 1881236560 9736 1613758992 1079541968 3897170084 32770 536879824 65536 1611337760 1081346 0 0 1073876992 3491790944 2689379344 138826817 2369538 1062529 2 2147522112 536871936 1025 3082 815810898 1076893040 17091328 277414200 2130
is_linear=0
shrinkage=0.05


Tree=83
num_leaves=63
num_cat=15
split_feature=0 1 10 20 13 3 1 0 3 1 9 19 12 20 7 4 19 15 0 16 16 9 13 10 9 1 7 19 7 12 21 10 20 12 0 12 21 16 9 16 4 7 13 20 16 22 0 15 21 0 16 21 9 13 4 20 22 4 7 19 16 16
split_gain=494.953 724.476 653.205 566.323 395.911 366.633 398.47 336.882 433.662 326.088 310.409 373.934 358.149 286.382 262.591 241.944 235.638 234.684 231.818 211.618 484.617 504.314 207.873 225.902 220.819 207.455 235.694 196.265 189.556 186.74 181.205 176.757 215.832 176.779 173.13 168.741 167.904 162.509 186.34 196.668 160.3 158.497 156.021 153.141 151.979 150.44 170.198 150.316 148.592 146.095 140.851 140.693 140.195 138.887 147.921 233.237 138.255 133.862 133.656 130.259 127.731 380.379
threshold=2.5000000000000004 4.5000000000000009 2.5000000000000004 0 2.5000000000000004 256.50000000000006 7.5000000000000009 1.0000000180025095e-35 9.5000000000000018 67.500000000000014 0.83318209316394454 1 0.38357528175971911 2 967.50000000000011 88.500000000000014 3 21.500000000000004 10.500000000000002 15.500000000000002 10.500000000000002 0.013129165709032407 8.5000000000000018 4.5000000000000009 0.97677116494900995 2.5000000000000004 8.5000000000000018 4 24.500000000000004 0.074492985565176043 5 2.5000000000000004 6 0.57338374046609863 1.5000000000000002 0.065295442554034536 7 51.500000000000007 0.87515133171912851 19.500000000000004 1.5000000000000002 13.500000000000002 2.5000000000000004 8 11.500000000000002 9 4.5000000000000009 5.5000000000000009 10 151.50000000000003 15.500000000000002 11 0.25019083969465655 61.500000000000007 613.50000000000011 12 13 2.5000000000000004 3.5000000000000004 14 15.500000000000002 10.500000000000002
decision_type=2 2 2 1 2 2 2 2 2 2 10 9 2 1 2 2 9 2 2 2 2 10 2 2 10 2 2 9 2 2 9 2 1 2 2 2 9 2 10 2 2 2 2 1 2 9 2 2 9 2 2 9 10 2 2 1 9 2 2 9 2 2
left_child=1 4 3 5 13 6 28 8 40 29 12 18 19 -1 22 30 -15 37 -12 20 -8 44 24 52 -4 26 34 49 42 -3 -13 32 47 60 57 -23 -17 38 39 -5 -6 -27 -2 56 -22 -40 -47 -10 -21 -7 -26 -20 -24 54 55 -54 -29 -9 -44 -14 61 -34
right_child=2 9 14 17 7 27 10 25 31 -11 11 15 59 16 -16 36 -18 -19 51 48 21 35 23 -25 50 41 -28 43 -30 -31 -32 -33 33 -35 -36 -37 -38 -39 45 -41 -42 -43 58 -45 -46 46 -48 -49 -50 -51 -52 -53 53 -55 -56 -57 -58 -59 -60 -61 -62 -63
leaf_value=0.019740817826185416 0.0049502589652315682 0.0072403509741144892 0.0082942508959466289 -0.0092252013519986877 -0.0014312557691139424 -0.0047037203028530141 0.0034884841249308938 -0.0045661077656914302 -0.0029387167754793444 0.051407049576559449 -0.0012065367723487503 0.0036378667873266293 -2.7111676963757087e-05 0.012966092656981232 -0.002879590635128491 -0.0059521148658006938 -0.0026566309707345293 0.0010227706016195574 -0.0046379581707330165 0.0066257611561271294 -0.020262967252522603 0.0014776761075970212 -0.0026272802346923667 0.0024851896187967938 0.0096106599492278844 0.0012340645179133966 -0.0080522472037247474 -0.02339488153886464 -0.013041232525415223 0.0029942614284208021 -0.0013508100747143077 0.010857308016521586 0.0079452401097697446 -0.00095329927943191945 -0.0048751847743509248 -0.016588936786399763 -0.00042691747076607702 -0.017645931948931128 -0.0025283393987877291 -0.001364241895664518 0.00075948397648263393 -0.0045606259479764478 -0.013080645246884477 -0.0053593398411459492 -0.051005230954964245 -0.0067694338408381396 -0.015137617648001167 0.0078809277370991537 0.0019702498410692055 -0.013347492518759342 -0.0020792762645506471 -0.011522709003391583 0.00349214178440381 -0.0016330586135868339 -0.00057996334490410318 -0.0015203054090680837 -0.00084834093342967215 -0.00026245618247402579 -0.0029521874278508639 -0.0062442193725344795 0.0065330803942585825 -0.0038609150262727261
leaf_weight=4119.4278936386108 6067.5251221656799 37573.018793344498 19800.146583557129 11111.26753282547 112619.7616610527 48268.420289039612 25835.658807516098 21036.143640041351 19967.024641036987 367.71950626373291 39114.171191453934 66446.325986385345 25027.56452703476 4213.1942720413208 45340.407457351685 15218.623580932617 5627.8549604415894 12446.761872291565 23273.296987533569 49085.042383909225 803.93257522583008 4117.0604822635651 42311.992403507233 137655.10788059235 3251.1512045860291 102701.4874765873 15318.308938741684 673.92711353302002 4749.8301014900208 83309.213383674622 25066.733615636826 7732.3493130207062 14279.43585729599 14421.333919286728 32938.437036752701 1882.6910033226013 141597.65729951859 3076.5479800701141 7484.9269466400146 28018.838773012161 322938.91649508476 13331.406920433044 3383.3212468624115 25768.359016656876 807.55504870414734 13118.622211933136 11322.64599442482 3824.0288677215576 26378.387330770493 5438.8051786422729 12406.895144462585 10925.411947727203 90207.59415769577 60044.760647058487 78691.312500476837 31242.012529850006 93914.799942493439 128043.02846693993 86784.206356287003 12692.061507225037 51527.484226703644 13062.599048376083
leaf_count=2145 2218 10012 3410 2981 98526 7724 5390 11953 8049 61 9076 15623 5417 2185 5258 3019 2951 3179 4559 10185 174 823 8349 22241 578 34121 4217 105 1028 22235 5891 2284 5387 5720 13140 405 27902 809 2030 7351 215505 3298 1343 4062 172 4153 2972 1510 5560 737 2110 2176 17632 11728 11812 6984 14470 55377 25380 2748 20293 4750
internal_value=-5.79103e-06 0.00083209 -0.000631605 -0.00150272 0.000336918 -0.00105689 -0.000442858 0.00020344 0.000937626 0.00445734 0.000171462 -0.000697725 0.00207807 0.00869027 0.000756126 0.000228654 0.00403885 -0.00532958 -0.00383508 0.00353231 0.000221737 -0.0108659 0.00110273 0.000806033 0.00478554 -0.00110945 -0.00209593 -0.00306505 -0.00329146 0.00431409 0.00227165 0.00353597 0.00305236 0.0041362 -0.00159462 -0.00419335 -0.000963565 -0.00639684 -0.00590955 -0.0035966 0.000193036 0.00056826 -0.00281012 -0.00194292 -0.0356907 -0.0087442 -0.0106422 -0.00119887 0.0049996 -0.00557825 0.000348417 -0.00684242 4.19076e-05 0.000475986 0.00110873 0.00220289 -0.00101168 -0.000869759 -0.00333237 -0.00212084 0.00506734 0.00230494
internal_weight=2.3598e+06 1.00895e+06 1.35085e+06 829901 887702 743321 569257 873742 560373 121250 468272 321642 146630 13960.5 520951 248329 9841.05 86579.6 73312.9 108910 33446.9 7611.24 475611 440153 35458.2 313369 197336 174064 100985 120882 91513.1 124814 117082 93290.9 182018 5999.75 156816 74132.8 71056.3 39130.1 435559 116033 96235.1 120357 1611.49 31926.2 24441.3 23791.1 75463.4 53707.2 15658 34198.7 302498 260186 200141 121450 94588.7 149079 90167.5 37719.6 78869.5 27342
internal_count=793483 523719 269764 179662 491411 156187 129089 484130 362024 32308 99120 68246 30874 7281 90102 52435 5136 23475 15811 22709 6964 1574 84844 78746 6098 122106 84687 27098 29969 32247 21514 47993 45709 36150 80470 1228 30921 20296 19487 10332 314031 37419 28941 18637 346 9155 7125 9559 15745 8461 2688 6735 56505 48156 36428 24616 14575 67330 26723 8165 30430 10137
cat_boundaries=0 1 2 3 4 5 7 8 10 11 12 14 16 17 18 19
cat_threshold=22 541057 6 1346256 803969 1477472631 132104 1 2141490688 199168 20 6343296 1904819507 1280 38670487 199936 22 2048 959555
is_linear=0
shrinkage=0.05


Tree=84
num_leaves=63
num_cat=27
split_feature=5 10 10 12 12 16 0 17 19 2 16 16 17 17 17 16 11 16 16 9 13 19 11 0 17 16 20 17 4 13 9 15 4 17 20 16 16 17 21 10 4 16 16 21 21 19 17 22 21 16 17 17 17 22 21 16 16 16 17 19 13 17
split_gain=487.894 482.748 392.361 360.369 252.707 287.479 245.087 236.092 222.725 208.07 197.542 328.714 314.396 260.009 256.053 247.175 218.458 263.173 211.334 353.728 195.584 195.345 191.452 271.006 279.698 190.239 277.436 245.89 185.932 180.97 176.97 175.663 173.115 291.241 250.386 183.469 175.049 184.661 170.654 170.029 161.674 169.818 213.672 157.763 157.722 151.705 149.706 147.87 147.536 146.313 143.494 141.543 140.803 136.096 135.661 135.173 321.313 187.337 179.57 166.297 149.967 140.77
threshold=0.39221102805763192 1.5000000000000002 1.5000000000000002 0.024626269235992596 0.080026671718788203 45.500000000000007 83.500000000000014 0 1 171.50000000000003 19.500000000000004 25.500000000000004 2 3 4 51.500000000000007 0.032872379769043891 21.500000000000004 10.500000000000002 0.47376679145562656 4.5000000000000009 5 0.035101574688205427 1.0000000180025095e-35 6 4.5000000000000009 7 8 10.500000000000002 97.500000000000014 0.66655458417395208 30.500000000000004 332.50000000000006 9 10 19.500000000000004 14.500000000000002 11 12 3.5000000000000004 207.50000000000003 16.500000000000004 20.500000000000004 13 14 15 16 17 18 48.500000000000007 19 20 21 22 23 31.500000000000004 16.500000000000004 37.000000000000007 24 25 27.500000000000004 26
decision_type=2 2 2 2 2 2 2 9 9 2 2 2 9 9 9 2 2 2 2 10 2 9 2 2 9 2 1 9 2 2 10 2 2 9 1 2 2 9 9 2 2 2 2 9 9 9 9 9 9 2 9 9 9 9 9 2 2 2 9 9 2 9
left_child=1 22 6 28 7 9 10 49 -7 52 14 12 -12 15 -2 29 -14 30 44 -20 -19 -21 23 40 -25 26 27 -5 -4 -13 -18 -9 34 -34 39 36 37 -36 46 -27 -1 -42 -43 -8 -16 -22 -15 -23 -26 -3 -37 -28 -6 -46 -30 56 61 58 60 -58 -57 -35
right_child=2 4 3 25 5 8 43 31 -10 -11 11 13 16 38 18 -17 17 20 19 21 45 47 -24 24 48 32 51 -29 54 -31 -32 -33 33 55 35 50 -38 -39 -40 -41 41 42 -44 -45 53 -47 -48 -49 -50 -51 -52 -53 -54 -55 -56 57 59 -59 -60 -61 -62 -63
leaf_value=0.00019865175642263183 -0.00019907719012839228 0.010837691402415056 0.011951618241600447 0.0084324793746012872 0.0044884301123749252 0.0019299532766518307 -0.0049344634246989236 0.00064191990385143143 0.013212090284487025 -0.0054229143370703864 -0.0045575799923883572 0.0015089130852789341 0.0013876918213307759 -0.00058844753748469106 0.0021971144301789459 -0.010716714591454299 0.022461640152455081 -0.0042665099845579186 -0.019929233450333907 -0.020233107477542259 0.0017320356120273498 -0.0033152410975726861 0.0020308917108544287 -0.011036579532321806 -0.0073598583398257963 0.00042326170716446438 -0.0084063064506828041 0.0014345307680374822 -0.014642591036159511 0.022057678170333078 -0.0023984209070847108 0.015514949115080758 9.3716637789978324e-05 0.011657360580479854 0.0042591558096776371 0.0018354529834034763 -0.011365204368469694 -0.0061772255724941803 -0.0042605235275676124 0.0037245801759279726 -0.0015036767968979222 0.047629315180027762 0.0049886998885052651 -0.017005984747787296 0.00079348767055153102 0.014722901875252504 -0.0042430495801212701 -0.011025218103075151 0.00061423230551649712 -0.0086479782323716139 -0.0028771991512449328 0.0012209142283294311 0.00034906215842599208 -0.0042705919758868538 0.0026074253042772284 -0.010723045549420565 -0.0042127338416561941 -0.0030480998740834058 -0.012788763507229434 0.002432203908575542 0.0064161672053675498 -0.0056995267058763061
leaf_weight=397352.12817764282 84403.770961046219 23334.171662330627 5377.8936138153076 19787.001154899597 34549.742210626602 7962.0994772911072 16294.237373828888 15921.680826187134 9734.9533689022064 10526.955078601837 14036.884076833725 75384.613320827484 41002.072662353516 142878.52665615082 17237.962260484695 4157.0498778820038 789.10326528549194 1951.9598650932312 4186.8179528713226 1988.4310641288757 2727.1056616306305 48006.152245044708 135326.32412004471 10526.898043870926 7937.8405382633209 309690.59482049942 7697.6587743759155 34341.166485071182 1142.3831343650818 1085.9159379005432 7618.6692214012146 2267.0976004600525 184380.33889508247 1198.4470057487488 6246.0516088008881 31057.766016960144 8662.5820069313049 13142.440475225449 67376.130632400513 44620.733655452728 972.76738905906677 598.65485215187073 576.50345206260681 3244.2916378974915 17229.294990062714 13156.059023857117 34851.197190523148 7141.8759813308716 21463.224041938782 1004.1398916244507 33634.531425952911 7565.1559047698975 50673.993057012558 57711.308711528778 99545.524918556213 2361.467601776123 12180.423337459564 52397.192274093628 11046.954429864883 41348.072247743607 2775.0569949150085 35867.816311597824
leaf_count=272338 25269 5804 1931 3949 9752 1997 2382 4023 2625 1511 4673 22845 13504 42843 5251 1200 299 508 1355 630 855 14347 76816 2332 1734 73002 1803 6715 214 357 2200 504 27873 185 1715 8079 2290 3598 20309 8916 305 309 191 495 5688 3829 11244 2259 4715 269 8852 1861 14332 17569 18362 366 1858 8169 1758 6284 442 5686
internal_value=-1.76443e-05 0.00105597 -0.000498789 0.000144461 0.00352294 0.00229069 -0.00143402 0.00681003 0.00814508 0.00120858 -0.00126687 -0.000597839 0.00224666 -0.00130764 -0.00241145 0.00115533 0.00366717 0.00722985 -0.00362768 -0.00590248 0.0106675 -0.0048743 0.000386483 -0.000119932 -0.00404755 -0.00019468 0.00231545 0.00399388 0.00289425 0.001801 -6.28104e-05 0.00249511 -0.000414994 -0.00125898 0.000233601 -0.00207909 -0.00545647 -0.00281606 -0.0021178 0.000839004 0.000272622 0.0139502 0.0267329 -0.00695089 -0.00211468 0.012503 -0.0013053 -0.00431571 -0.0015406 0.0100293 -0.000614896 -0.00363704 0.00202776 -0.00310638 0.00241037 -0.0028257 -0.00155812 -0.00450053 -0.00920257 0.000919763 -0.00146113 -0.00513643
internal_weight=2.36126e+06 730729 1.63053e+06 966067 155975 113448 664459 42527.1 17697.1 95750.7 644921 407015 81281.9 325733 237906 80627.6 67245 26242.9 153502 61323.3 17835.1 57136.5 574754 439428 39928 860001 69391 54128.2 106066 76470.5 8407.77 18188.8 790610 343556 447055 92743.4 28051.1 19388.5 245106 354311 399500 2147.93 1175.16 19538.5 92178.6 15883.2 177730 55148 29401.1 24338.3 64692.3 15262.8 85223.7 74940.6 100688 159175 90594.8 68580.7 16183.5 53528.5 5136.52 37066.3
internal_count=793376 399557 393819 193908 40817 30217 199911 10600 4622 25595 197034 124666 25868 98798 72368 24402 21195 7691 47099 18591 5192 17236 358740 281924 8781 173401 14328 10664 20507 23202 2499 4527 159073 52621 106452 24534 7603 5313 74396 81918 273143 805 500 2877 28508 4684 54087 16606 6449 6073 16931 3664 24084 23257 18576 24748 14013 10735 2566 8142 808 5871
cat_boundaries=0 4 5 9 13 17 18 22 23 27 31 32 36 38 40 42 43 47 48 50 54 58 62 63 64 68 69 72
cat_threshold=1630548248 558121472 4800770 2642 1978545 1092648960 17612800 2151705473 75778 2166377506 2199150144 278938133 352768 269492944 21530641 3372947620 1099008 16640 2149613576 1611410432 4355073 11264 22 1073741968 17834000 1757630464 16466 2164274112 1075453120 1619028033 1099842 14 3150336 5799936 1075986960 2050 2169142203 11809 537591815 163840 413733141 77952 1196177 536916928 1611145344 675876098 1240 103032467 1666375824 33920 1108346520 16777856 2420195359 34838 553652288 512 268517922 576 3794802560 1073752656 3355443715 1049152 68224897 10485760 2097152 16842752 269025280 16 402464 0 0 131072
is_linear=0
shrinkage=0.05


Tree=85
num_leaves=63
num_cat=31
split_feature=12 5 15 19 17 9 11 17 11 12 17 2 19 17 6 21 1 9 3 12 6 9 17 17 0 13 17 21 17 17 5 13 3 21 17 17 21 9 12 17 5 21 21 13 17 17 19 19 5 0 17 21 6 17 8 3 17 17 13 8 21 17
split_gain=475.574 526.119 366.614 394.073 362.399 358.583 304.669 258.561 233.831 219.563 216.307 378.27 202.725 252.273 219.231 190.994 227.923 183.119 178.862 247.749 178.732 267.231 221.049 184.295 175.939 174.11 183.518 168.056 159.114 157.476 155.496 152.55 152.509 134.816 132.984 130.832 130.819 129.849 129.046 122.94 119.506 119.473 117.478 117.013 131.756 115.755 114.596 111.353 107.377 114.846 106.463 105.579 144.119 122.612 111.242 198.663 108.352 104.395 102.86 101.029 100.755 100.232
threshold=0.59999999656574798 0.6155905673977965 19.500000000000004 0 1 0.85686600221483944 0.032429994519559614 2 0.097053564731411801 0.038311122144744199 3 8.5000000000000018 4 5 1.6002086593635891 6 72.500000000000014 0.36548080838387526 200.50000000000003 0.14450892485460484 1.7369237679147445 0.91436210847975563 7 8 1.5000000000000002 61.500000000000007 9 10 11 12 2.154548647699333 3.5000000000000004 61.500000000000007 13 14 15 16 0.1111431131592422 0.08201202207325177 17 0.39221102805763192 18 19 60.500000000000007 20 21 22 23 2.0775432910997016 8.5000000000000018 24 25 0.070775588579061618 26 1.1293239421298817 39.500000000000007 27 28 97.500000000000014 1.0813480809226699 29 30
decision_type=2 2 2 9 9 8 2 9 2 2 9 2 9 9 2 9 2 10 2 2 2 10 9 9 2 2 9 9 9 9 2 2 2 9 9 9 9 8 2 9 2 9 9 2 9 9 9 9 2 2 9 9 2 9 2 2 9 9 2 2 9 9
left_child=1 2 3 5 -4 18 7 17 9 12 11 -7 13 48 61 -16 34 31 19 -1 39 23 60 43 -2 26 40 -15 -21 -26 35 -5 -33 -19 -17 -10 -13 -34 50 -11 59 -28 -40 -22 -45 -29 -32 -20 49 -3 -6 56 -53 58 55 57 -41 -55 -54 -8 -23 -14
right_child=24 8 4 6 38 10 25 -9 30 20 -12 36 14 27 15 16 -18 33 47 28 21 22 -24 -25 29 -27 41 45 -30 -31 46 32 37 -35 -36 -37 -38 -39 42 51 -42 -43 -44 44 -46 -47 -48 -49 -50 -51 -52 52 53 54 -56 -57 -58 -59 -60 -61 -62 -63
leaf_value=0.005889156722727459 -0.0013738252033762724 0.0010986874595223656 0.0071215140731379911 0.042750458545482678 0.011937413711779435 -0.0017674557010102583 0.0049432095304405696 -0.0019686417753393107 -4.9295133485697066e-05 -0.0047088293235712023 -0.001001053097200294 -0.018209281666522494 0.0042681341069425198 -0.0048043272485745392 -0.0036678493934652109 0.011188984972655467 0.0022392858907030193 0.0040326339802790592 -0.020895875921804169 0.0028980206736214462 0.0041305670038474414 -0.019772062443457049 -0.0026609494344283016 -0.001902429643108113 -0.009200647117330962 -0.0012875486722135451 -0.0022887670680477152 0.0076868794760869379 -0.0035767378909964537 -0.0032092012775373174 -0.025128062579430566 0.0001483697883217052 -0.014360436480415087 0.00032260065249577652 0.0036575721933718706 -0.0080901341226169085 -0.0082300279203030204 -0.0017603277582807335 0.003462802639106111 -0.0012232555970432563 0.0030046289631059202 0.0029357230108851546 0.00015260513855146226 0.0076173527725970558 -0.0078799431563584908 0.0010452021772008654 -0.0083768047470329007 -0.0018395187822259501 -0.0066610246713449716 -0.0043835888395294519 0.0035761708742273442 0.015122885588755436 0.0018813091201211694 0.0019345693304119661 -0.00015928009397107748 -0.0030772501022132918 0.0011120941730928253 -0.0013964416276286045 -0.017750173203597102 0.0093934551605382929 -0.0073819385223700268 -0.00065955764219573785
leaf_weight=35453.691803693771 125346.8398399353 18661.15581536293 43435.48831820488 197.4199743270874 4840.1109938621521 34643.201313257217 30060.368402719498 74388.553805351257 13884.451765298843 15924.990587472916 143990.25961565971 4471.3823809623718 12951.916067123413 11925.203924417496 6298.5138721466064 18285.569398641586 26461.845861434937 70691.880516052246 791.93251657485962 21959.067908763885 29062.829505443573 1810.7272841930389 89464.365175962448 51782.73127913475 14531.071951150894 18769.024943828583 13965.489594936371 6903.9598200321198 16690.966657400131 44813.042206764221 1301.9158573150635 38247.215138673782 3664.8749768733978 37475.766581773758 8674.5448803901672 7951.0845692157745 12628.390189647675 4624.3040037155151 40209.192150592804 66195.494762420654 33481.12005853653 50452.740159034729 80366.055562257767 1944.0647602081299 4594.4158132076263 128253.90764117241 4806.2713801860809 17132.583954811096 15326.77898812294 19570.19168138504 17867.840557575226 1430.4549236297607 48049.965767860413 38471.730111598969 193806.84978961945 129447.12780284882 198827.38665795326 60491.861889362335 675.63841223716736 22156.088101863861 17583.307930469513 50597.311817169189
leaf_count=11725 78567 5832 16468 88 1523 25180 17233 37316 3708 4455 76716 1023 2688 3340 1637 5069 3893 20017 133 8295 6441 484 21050 13019 3661 11678 6241 1678 6636 11310 475 30909 692 12155 2571 2194 2750 864 18402 17097 6935 19149 37254 493 1415 30467 1786 2737 5400 3517 6800 577 11467 13822 38502 26251 48380 22124 143 5642 4428 10879
internal_value=1.57991e-07 0.000207088 0.00115695 0.000622256 0.00312122 -0.000787473 0.00164105 0.000454086 -0.000429836 -0.000330555 -0.00199775 -0.00477018 0.000793539 -0.000186966 0.00238928 0.00456458 0.0055349 0.00161758 0.00178656 0.00287066 -0.000714001 -0.00205801 -0.00371111 1.35227e-06 -0.00243569 0.00325263 0.0038203 0.000882917 0.000101709 -0.0046785 -0.0049542 -0.000997719 -0.00118422 0.00274767 0.00877145 -0.00298121 -0.0108559 -0.00733224 0.00190788 -0.000363881 0.0053359 0.00180289 0.0012568 0.00277017 -0.00327212 0.00138506 -0.0120056 -0.00269526 -0.00312469 -0.00170767 0.00536562 -0.000269972 -0.0007181 -0.000766263 -0.00104033 -0.00178794 0.000528761 -0.000101463 0.00160841 0.00683165 -0.0085493 0.00034537
internal_weight=2.35876e+06 2.17407e+06 872655 685936 186719 287761 398175 229290 1.30142e+06 1.27347e+06 195733 51743 323911 200641 123270 59720.5 53422 154901 92028.2 74103.7 949564 196242 108858 87384 184691 168885 150116 147083 38650 59344.1 27943.7 46733.8 46536.4 108168 26960.1 21835.5 17099.8 8289.18 143283 753322 85697.6 64418.2 120575 35601.3 6538.48 135158 6108.19 17924.5 53558.1 38231.3 22708 737397 472374 470943 422218 228411 265023 98963.6 48725.6 52216.5 19394 63549.2
internal_count=793381 699843 384561 304114 80447 135195 168919 102041 315282 307119 105669 28953 76971 50234 26737 13170 11533 64725 29526 26656 230148 47330 25962 21368 93538 66878 55200 35485 14931 14971 8163 32553 32465 32172 7640 5902 3773 1556 63979 182818 29810 25390 55656 8349 1908 32145 2261 2870 14749 9349 8323 178363 112886 112309 100699 62197 65477 35946 11610 22875 4912 13567
cat_boundaries=0 1 5 9 13 14 18 20 24 28 32 34 38 42 44 48 52 54 58 60 62 66 70 71 72 76 78 82 86 90 92 96
cat_threshold=1860273 2148565184 2168519744 1757548561 281480 1611671248 269484048 1879244874 1081362 3489698888 2152990848 1085574663 330240 746819 1646297472 1073769512 2018379715 279040 464523280 65792 2417000520 537206976 149191877 11266 17827714 3238548096 1892176032 1163904 536880256 1441792 1611272462 1065044 683057664 1162 3187816 1090814592 411042465 68170 19955784 18678272 809649664 2048 4044096962 98447 538976640 16777344 1879712416 24576 553648384 786432 81984 1048576 9062404 33792 268437536 33570960 2111488 8448 1100745576 1024 2055330548 32808 1152 20992 1610612736 128 9248 197121 36 1114112 16394 524800 12560 537133072 2336 2 3516138805 192805 33591432 1077950496 2281702431 1328260 18911240 1092132864 3091202626 1327132 3222275648 537167360 1346502848 66064 4718612 134144 512 17039360 196864 17666
is_linear=0
shrinkage=0.05


Tree=86
num_leaves=63
num_cat=26
split_feature=5 10 10 3 20 13 17 4 8 17 19 13 17 19 17 7 17 11 17 15 19 12 17 13 15 20 17 8 10 17 17 17 8 8 5 13 19 5 16 16 20 17 20 6 7 4 16 16 17 3 12 13 15 12 17 17 17 16 17 17 11 3
split_gain=437.301 488.819 416.413 313.897 396.457 322.089 341.32 329.588 294.812 284.134 279.041 402.529 262.331 257.446 328.927 253.22 253.184 211.13 208.604 194.713 193.133 192.862 191.561 187.163 185.158 176.84 213.364 173.598 172.793 172.594 168.022 167.627 160.874 158.203 156.328 154.117 165.687 152.368 150.127 241.998 271.115 189.097 162.818 151.287 148.22 145.504 145.577 180.561 143.121 140.667 138.041 133.604 209.665 284.759 208.58 149.891 131.569 129.619 128.787 126.827 124.491 123.34
threshold=0.28352332824068638 1.5000000000000002 2.5000000000000004 185.50000000000003 0 53.500000000000007 1 51.500000000000007 1.0167366946778713 2 3 14.500000000000002 4 5 6 624.50000000000011 7 0.011562024877515717 8 21.500000000000004 9 0.15277807414075203 10 8.5000000000000018 26.500000000000004 11 12 1.2222944661176134 4.5000000000000009 13 14 15 1.5719738276990187 1.0371231696813095 1.3848076923076926 96.500000000000014 16 1.6523618052684983 25.500000000000004 19.500000000000004 17 18 19 1.3287152444870569 19.500000000000004 3.5000000000000004 18.500000000000004 25.500000000000004 20 5.5000000000000009 0.08201202207325177 11.500000000000002 5.5000000000000009 0.21807675247564365 21 22 23 29.500000000000004 24 25 0.08642920132584965 14.500000000000002
decision_type=2 2 2 2 1 2 9 2 2 9 9 2 9 9 9 2 9 2 9 2 9 2 9 2 2 1 9 2 2 9 9 9 2 2 2 2 9 2 2 2 1 9 1 2 2 2 2 2 9 2 2 2 2 2 9 9 9 2 9 9 2 2
left_child=1 21 3 4 5 7 19 10 51 -10 44 13 -9 14 34 23 27 -3 50 -7 29 30 24 -4 -13 26 -23 -5 31 -14 -1 -25 38 -22 -12 -21 -37 -11 39 40 -8 57 -41 56 -2 -28 59 58 -30 -16 -19 54 -53 -54 -6 -55 -42 -40 -48 -47 -31 -52
right_child=2 17 15 16 8 6 32 12 9 37 11 22 20 -15 49 -17 -18 18 -20 35 33 25 -24 28 -26 -27 45 -29 48 60 -32 -33 -34 -35 -36 36 -38 -39 41 42 43 -43 -44 -45 -46 46 47 -49 -50 -51 61 52 53 55 -56 -57 -58 -59 -60 -61 -62 -63
leaf_value=0.0038216327098316025 -0.0016254679035998428 -0.00033099791435676432 0.0049097610030874594 -0.0025254294924737936 0.0056109301420428845 -0.0027740528958850163 0.0022714430608913529 -0.0038796160564277893 8.938536352100617e-05 -0.0043230838965390419 0.0038141628075517653 0.0041805937035699989 -0.0057943582814899072 0.011629114966780674 0.015856763863832411 -0.0018658103618969081 -0.005079354497752972 0.011980230567519417 0.0027666079378303662 0.0044276499459900811 -0.0018562806209796207 -0.0028529458211000291 0.00026992578469686805 0.0023550573104457518 0.02095515749762708 -0.0012339350909896822 -0.00023802799062089405 0.0011628008953893138 0.0038275873857435286 -2.8029206331229893e-06 0.00064769493823208521 -0.00037951153173581653 -0.015927353698833285 0.0019843276138945629 -0.0053536784076529034 0.044214344746276807 0.0052033141438826312 -0.0090859475527292344 -0.013341641620747125 0.0056099113794895773 -0.00016587016574045346 -0.0021938831706439575 -0.0034676277817996533 -0.0095974238730752622 -0.01438046372469725 0.0058315098258198642 0.0039150333470149411 0.0032758229990040239 0.00017870990720192945 0.0059351329084263186 0.00070544113723899546 -0.0031770105852507117 0.0086137185517492949 -0.0047927054918191154 -0.0028409389160601851 0.0054139621009065735 -0.0073804458049598794 -0.0053960727017989384 0.015880952912732491 -0.0011143031353122322 -0.0095985970022839165 0.0078338959010105548
leaf_weight=67853.736623048782 19337.307061910629 20423.117535829544 31750.094793081284 112638.82351589203 18327.402307271957 10798.393393516541 18309.805309772491 44847.980322599411 28932.010530948639 59529.564895629883 8621.1322610378265 15039.750227689743 19329.783707380295 15086.842856168747 4018.2214241027832 78651.970277786255 70947.806641340256 13315.755388259888 41000.534288167953 23042.227679252625 33225.418257713318 30627.338081359863 103429.42085194588 74344.529021501541 1846.2324097156525 184552.81972312927 58706.354793071747 44511.255210876465 76735.701648950577 68615.173535823822 108179.90760731697 227516.44210553169 2246.0333285331726 138928.87109971046 10092.122727394104 505.78905081748962 598.58604168891907 23390.887918949127 6818.2726061344147 18154.749926567078 16344.384533166885 49671.766167402267 6778.4541015625 12651.809185266495 2580.7940955162048 8527.765983581543 3890.818511724472 48316.095277786255 41367.143899679184 32177.774310112 8364.141530752182 62981.434812545776 10336.023629665375 12465.259533166885 12120.012449979782 5044.6355607509613 10296.785397291183 20768.636423110962 5393.8657121658325 28526.131753206253 3554.119820356369 22106.37911939621
leaf_count=39536 6855 6203 5737 18484 7068 3550 5491 10100 7599 16297 2349 5155 4427 4190 1811 9508 11636 3648 11637 6262 8927 20168 35760 14138 646 129814 48495 6799 12812 15414 64965 44829 744 29874 3078 121 160 7340 2031 6068 5280 15620 2168 4238 579 4369 2374 24595 6958 8357 3241 25395 3854 5246 5020 2127 3397 6729 3102 14746 845 5587
internal_value=8.59009e-06 0.0011127 -0.000411132 -0.000934568 -0.000534969 4.69272e-05 -0.00167522 0.000698394 -0.00232632 -0.00417784 0.002215 0.00283021 -0.00034494 0.00584514 0.00425286 0.000752404 -0.00260032 0.00423272 0.005332 0.00280612 0.000256466 0.000509918 0.00107641 0.00120829 0.00601222 -0.000140391 0.000956524 -0.00148068 0.000928439 -0.00159965 0.00187139 0.000294049 -0.00264166 0.00124302 -0.0011295 0.00530275 0.0235407 -0.00566604 -0.00245499 -0.000972215 -0.00275344 -0.00403901 0.00314287 -0.00509422 -0.00312649 0.00171745 0.00293045 0.00450313 0.00254987 0.00703503 0.00773166 -0.000618818 -0.00157968 0.00203312 0.00224747 -0.00185165 -0.0029573 -0.00735761 0.0108888 0.000485628 -0.000475427 0.00587723
internal_weight=2.35909e+06 649785 1.70931e+06 1.17894e+06 950844 717717 196986 520731 233127 111852 212230 190311 308501 69996.1 54909.3 530366 228098 105210 84786.8 34945 263653 544575 120315 451714 16886 368541 183988 157150 419964 91499.1 176034 301861 162041 172154 18713.3 24146.6 1104.38 82920.5 159795 82536 57602.8 77258.7 24933.2 39293 21918.1 153361 94654.7 57600.8 118103 36196 43786.3 121275 90827.4 27845.9 30447.4 17509.9 26641.2 27586.9 9284.68 37053.9 72169.3 30470.5
internal_count=793553 382480 411073 317091 280172 200226 61859 138367 79946 31236 68780 61346 69587 19785 15595 93982 36919 30316 24113 10093 59487 352164 41561 84474 5801 247663 117849 25283 78737 20686 104501 58967 51766 38801 5427 6543 281 23637 51022 26642 18406 24380 8236 12915 7434 97681 49186 30071 19770 10168 12476 48710 36622 11227 12088 7373 8677 8760 5476 19115 16259 8828
cat_boundaries=0 1 5 9 10 14 15 19 23 27 28 32 33 37 41 45 49 50 51 55 56 60 64 68 72 76 80
cat_threshold=6 3221242002 2164440065 12652611 17024 2140864 21004896 3221291444 51716 540672 3492843520 3221284368 12598721 74240 459971 1610612752 601088 541761 98306 553661376 1628507664 1611163649 1099330 1630548928 1631592464 3368026370 1051214 671875 1074791440 411136 1350582273 1115648 4 2415960330 3758490256 2362500 8658176 536879104 524288 0 18 570427456 38158081 135856292 10767686 2148577992 1611808256 1749037147 82048 8192 2 2098176 1048592 403311104 1082642 4 540018632 1572864 1759642113 18514 2704286256 18099840 3498267172 32770 540029064 18088064 2964000768 82 9984 786432 1208631808 34130 18874368 17317888 281038912 80 144 16777216 1745031168 1081408
is_linear=0
shrinkage=0.05


Tree=87
num_leaves=63
num_cat=31
split_feature=12 5 10 19 0 12 21 10 1 20 0 6 17 10 0 17 12 0 17 7 17 17 0 19 7 17 17 17 20 3 8 21 12 0 21 17 5 20 17 1 0 17 0 7 17 3 17 19 19 0 17 21 21 12 17 10 12 21 17 22 17 10
split_gain=432.789 419.458 421.523 306.989 240.694 214.967 224.529 206.423 307.99 280.634 415.508 208.974 237.394 224.456 232.492 262.62 231.494 207.228 188.905 203.03 188.834 186.649 177.118 176.829 169.998 164.949 154.367 153.742 151.229 151.03 143.692 137.015 136.46 131.185 133.883 127.232 125.24 234.075 187.274 140.073 125.061 123.105 122.993 121.102 122.686 121.002 120.734 119.004 114.331 113.423 127.339 111.919 111.336 133.791 109.685 109.331 114.159 107.919 106.732 98.4518 97.9417 97.777
threshold=0.59999999656574798 0.52185491808024087 2.5000000000000004 0 1.0000000180025095e-35 0.088607202795884868 1 5.5000000000000009 319.50000000000006 2 8.5000000000000018 0.75022281639928712 3 1.5000000000000002 20.500000000000004 4 0.02132114635002719 2.5000000000000004 5 19.500000000000004 6 7 1.5000000000000002 8 142.50000000000003 9 10 11 12 117.50000000000001 1.4738961904185091 13 0.69995356665614483 26.500000000000004 14 15 0.12955677943876218 16 17 118.50000000000001 875.00000000000011 18 24.500000000000004 767.50000000000011 19 4.5000000000000009 20 21 22 44.500000000000007 23 24 25 0.29819693068243525 26 3.5000000000000004 0.086181645130693332 27 28 29 30 2.5000000000000004
decision_type=2 2 2 9 2 2 9 2 2 1 2 2 9 2 2 9 2 2 9 2 9 9 2 9 2 9 9 9 1 2 2 9 2 2 9 9 2 1 9 2 2 9 2 2 9 2 9 9 9 2 9 9 9 2 9 2 2 9 9 9 9 2
left_child=1 2 3 28 -4 6 26 8 9 11 21 12 -3 14 30 31 33 29 -8 -20 -12 51 -2 49 25 -18 -5 -26 45 -14 35 -16 46 54 -35 57 39 38 -38 -7 -10 59 61 44 55 -1 -24 -36 -28 -17 -51 -11 -23 -54 -15 -6 -57 -13 -29 -19 -47 -22
right_child=22 7 4 5 43 36 18 -9 40 10 20 13 17 16 15 23 24 41 19 -21 42 52 32 -25 27 -27 48 58 -30 -31 -32 -33 -34 34 47 -37 37 -39 -40 -41 -42 -43 -44 -45 -46 60 -48 -49 -50 50 -52 -53 53 -55 -56 56 -58 -59 -60 -61 -62 -63
leaf_value=0.0013154915797185434 -0.0012642214894047965 -0.0036602087739899467 0.011392432865438605 -0.0019407286130904814 0.0033949218597939326 -0.0002649146149527331 0.0031871756641876276 0.0018220682015064047 -0.0035694728666623996 -0.0014932700499383396 -0.0032878297959928549 -0.0013358453356942879 0.0018535161256389076 0.014335434740630246 0.0011110682211572743 -0.0077474041954635683 -8.400773390911089e-05 -0.0078247960340717716 -0.0016785463162108307 -0.011709333472687454 -0.011917818926630526 -0.0027980239759112947 -0.007876182923889417 -0.0032862388079637861 -0.010991267254805136 0.0028358617290420163 -0.00039389873968621045 0.0022606402556579509 0.00034815942680639308 0.033082099981853762 -0.0060411594034358203 -0.0053463402481953243 -0.0092843567669992806 0.022632786355637646 0.00495517882330018 5.1224490498353857e-05 -0.0075593007893990406 -0.0097050217816806641 -0.00011616420850171782 0.042554794699140107 -0.017681489266151474 0.0015774110146058958 -0.016001026831585521 -0.0032718347060027675 0.0013774479123987949 0.0030052503759909772 -0.0019682240067438769 -0.0019117794128591095 0.0039519720275611337 -0.0057353529327975822 -0.025516512410832689 -0.0060503732585789676 0.0027747330591130111 -0.0020223002133328426 0.0051247138249282849 0.013673268252316909 0.0056707549811529411 0.0044518001536348936 -0.0013597203767157636 -0.0014676458172957533 0.0065259082865121668 -0.0041520874412810677
leaf_weight=43686.149617195129 125839.87695550919 65976.916049957275 10580.370021104813 16609.565139532089 26218.442593574524 238161.4389064312 15635.370366096497 103577.88790416718 60380.184152603149 78008.830856323242 36442.694633483887 10615.770766019821 69536.181314229965 5624.1806428432465 37959.108709335327 9194.3070940971375 75828.590493202209 6327.8608441352844 29124.227746963501 6100.6171636581421 6566.0631713867188 17268.467303276062 11311.45263338089 22406.115739822388 3492.6325740814209 133579.10943698883 18145.080772161484 28373.322777748108 58642.361569166183 388.34012770652771 8330.9606194496155 10471.621601581573 12195.808113336563 830.75532245635986 16792.790164470673 177676.75453019142 10268.026517391205 10047.60115480423 47532.74405169487 190.14117431640625 1610.939172744751 34375.601965904236 5051.1749339103699 6316.6507740020752 28941.265706062317 44049.952182531357 36715.078568220139 10097.588003158569 91326.874720335007 1311.2455706596375 2228.6941738128662 16281.927823781967 60823.632385253906 19098.618274688721 7680.7074093818665 6619.0366041660309 13645.608050823212 33362.489582061768 71983.185492992401 156307.53602862358 35914.910685300827 10593.969912290573
leaf_count=33477 78896 17382 3080 8421 5316 155078 7675 15029 7766 27484 7269 3163 27007 1354 6459 1736 16171 1419 17045 1178 1498 6179 2825 3894 541 28904 8548 4201 28129 119 2753 1821 3210 134 2683 52619 2253 2622 10635 28 184 7676 887 754 5683 13564 9180 1662 42038 215 381 6052 20051 6922 1828 1171 2515 9581 10736 33478 11069 2212
internal_value=-1.69796e-05 0.000181085 0.0011306 0.00069134 0.00429662 3.16423e-05 0.00141905 -0.000326872 -0.000496411 -0.000325926 -0.00182387 4.84997e-05 -0.000974847 0.000558631 -0.000415722 -0.0026743 0.00142098 -0.000310962 -0.00138519 -0.0034151 -0.00550593 -0.000696066 -0.00233143 -0.00596394 0.000958435 0.00177868 0.00255017 -0.000695566 0.00243962 0.00202742 0.000404995 -0.00028604 -0.00456139 0.00495264 0.0029937 0.000647302 -0.000770092 -0.00266538 -0.00143959 -0.000230577 -0.00393648 -0.00114094 -0.00913934 0.00337803 0.00393498 0.0034314 -0.00336188 0.00237684 0.00323167 -0.0106685 -0.0182812 -0.00228079 0.000841534 0.0016282 0.00903364 0.0055258 0.00828516 0.00305475 -0.000336017 -0.0017155 0.00458775 -0.00712406
internal_weight=2.36028e+06 2.17421e+06 757756 665435 92321.4 483142 176942 1.41646e+06 1.31288e+06 1.25089e+06 250135 1.00075e+06 332912 667840 313557 83571.1 354283 266936 50860.2 35224.8 58653.9 191481 186062 35140.4 313257 209408 126082 103849 182293 69924.5 229986 48430.7 60222.3 41026 27721.1 221655 306200 67848.4 57800.8 238352 61991.1 197011 22211.2 81741 75424.4 123651 48026.5 26890.4 109472 12734.2 3539.94 94290.8 97190.7 79922.3 13304.9 46483.1 20264.6 43978.3 100357 162635 79964.9 17160
internal_count=793840 699729 360279 341760 18519 255521 84905 339450 324421 316471 78554 237917 87081 150836 82622 14506 68214 69699 25898 18223 11866 66688 94111 6226 60553 45075 59007 15478 86239 27126 68116 8280 15215 7661 4479 65363 170616 15510 12888 155106 7950 42573 4597 15439 14685 58110 12005 4345 50586 2332 596 33536 33152 26973 3182 9002 3686 12744 14937 34897 24633 3710
cat_boundaries=0 1 3 4 8 12 16 20 24 25 29 33 37 38 40 42 46 47 51 55 59 63 64 65 69 71 73 76 78 82 83 87
cat_threshold=112650 279302831 253955 22 19927296 1074119184 274741574 1057794 2111424 2165381136 1879581184 1107010 572533008 13897488 151066060 330752 17827400 704 3229831329 18498 1660950536 11028632 2716471347 16961 721923 3224379712 230592 1076565121 338242 1377828896 1050825 562435201 512 1040 536879121 136315968 8192 12 1083324823 33792 2048 32768 16782472 2147668560 417405334 1074816 22 1048792 1612014592 8394369 3328 1879058000 2148007936 1082851488 100432 554709896 1089536 1623327235 2130 2166358024 554467840 805389318 1024 430440 540800 8 0 196608 16 1278863399 164872 2059010184 198920 536883592 606208 269160960 1762380388 5256 2147496320 1074273280 1610643584 1098240 14822400 1610613504 0 2629632 32784
is_linear=0
shrinkage=0.05


Tree=88
num_leaves=63
num_cat=21
split_feature=5 12 16 16 9 16 16 13 13 16 13 17 0 1 15 17 17 16 17 16 16 17 8 17 17 6 16 16 17 17 16 17 17 17 17 17 13 16 16 17 17 7 22 13 16 16 0 18 21 20 16 16 16 16 16 3 13 17 16 10 0 13
split_gain=393.288 426.557 550.184 495.987 601.114 506.076 477.116 376.759 443.786 391.124 343.74 337.85 327.226 375.353 303.086 313.422 300.37 282.987 297.699 282.255 318.673 271.654 255.974 255.016 235.563 229.978 262.14 1080.75 618.491 380.404 381.128 292.068 255.118 227.091 220.392 219.699 211.37 205.689 204.724 204.033 194.311 194.133 193.013 192.004 191.736 290.278 255.9 188.794 186.607 179.059 194.477 583.945 349.091 337.066 267.383 224.902 190.236 189.115 183.391 173.748 172.733 176.643
threshold=1.3667979002624675 0.10004174890957081 46.500000000000007 48.500000000000007 0.71447270007479446 46.500000000000007 51.500000000000007 36.500000000000007 53.500000000000007 40.500000000000007 40.500000000000007 0 10.500000000000002 83.500000000000014 4.5000000000000009 1 2 32.500000000000007 3 25.500000000000004 20.500000000000004 4 1.4994845360824745 5 6 0.60020632737276491 14.500000000000002 21.500000000000004 7 8 26.500000000000004 9 10 11 12 13 19.500000000000004 49.500000000000007 11.500000000000002 14 15 98.500000000000014 16 5.5000000000000009 48.500000000000007 47.500000000000007 5.5000000000000009 17 18 19 7.5000000000000009 16.500000000000004 10.500000000000002 31.500000000000004 37.000000000000007 135.50000000000003 24.500000000000004 20 40.500000000000007 3.5000000000000004 212.50000000000003 11.500000000000002
decision_type=2 2 2 2 10 2 2 2 2 2 2 9 2 2 2 9 9 2 9 2 2 9 2 9 9 2 2 2 9 9 2 9 9 9 9 9 2 2 2 9 9 2 9 2 2 2 2 9 9 1 2 2 2 2 2 2 2 9 2 2 2 2
left_child=1 3 7 5 -5 12 10 23 9 16 24 -12 13 25 -10 -16 -9 -18 -19 20 40 -8 44 -3 -4 36 28 34 -27 -29 31 43 38 -21 -28 -7 -1 -6 -30 -32 -17 -36 -34 -31 45 59 -46 -48 -41 50 55 52 -52 57 56 -25 -55 -53 -56 60 61 -2
right_child=22 2 6 4 37 35 21 8 14 -11 11 -13 -14 -15 15 19 17 18 -20 33 -22 -23 -24 49 -26 26 27 29 32 30 39 -33 42 -35 41 -37 -38 -39 -40 48 -42 -43 -44 -45 46 -47 47 -49 -50 -51 51 53 -54 54 58 -57 -58 -59 -60 -61 -62 -63
leaf_value=-0.001953338813312886 0.00072952431799704932 -0.0046708802104525353 0.0096951397129334971 0.0024167089049973276 -0.018704206767214751 0.015176982977115741 0.0065190981698845978 0.00034188539317936829 -0.0037946747786322664 -0.0033445904589154128 0.0068212731528627737 -0.00087121669867977708 1.4745838264962131e-05 0.04501809955020477 0.002859552659333223 0.0018111901573597006 0.003315588349707885 0.01930174311328485 0.0061543140919065311 -0.0060485619647859656 0.005165270506564114 -0.0057141795800059944 -0.0062728840630243872 0.006247591005608108 0.0014651483390123292 -0.0019094006651555269 -0.013031001310124191 0.0001185616583238176 0.010674301831941851 0.0011974908130011649 0.012213996825899919 0.0075010198640329123 -0.0019468446817679152 -0.0013741149055782108 -0.003946545282569611 0.0053169334857123794 0.002114666460610913 -0.0071088305631735642 0.026282148827529064 -0.0045544909737350201 -0.0021829720533917936 0.01765661281959325 0.0077967191659947203 0.023453198756495916 0.0011473946343808267 0.0091543185080663111 0.015863607923019298 -0.0068006818950492737 0.0043907477784892934 -0.0038636590917035685 -0.00056918838011418501 0.0052470765506714059 -0.0095618441487702148 -0.0088200921248044583 0.0064441496461358373 -0.00089248965311212222 -0.00055160209930000235 -8.4970467163734978e-05 -0.0014768091173342508 0.0023178770991368431 -0.0071099253342229085 -0.0016746488584475109
leaf_weight=53095.248695850372 109409.78158640862 71735.073632955551 33102.182504653931 19152.157683610916 4906.0732350349426 6782.06862449646 5717.4743185043335 64049.991674900055 72964.232070922852 28580.290250778198 21882.800580501556 41007.459978818893 306570.01347923279 510.56807613372803 65709.969706773758 49741.773493051529 75808.842094421387 5965.5914280414581 15539.546499013901 36707.669090509415 29062.292784452438 21859.852452516556 24086.15042591095 19668.052135944366 11811.752637386322 20903.477175951004 6941.7549579143524 36373.745767593384 6857.4111661911011 1142.1228404045105 7307.6686861515045 12099.274735212326 5787.2139649391174 88934.986743450165 34768.501016378403 33921.341922044754 80106.403159856796 17350.157524824142 3029.8743498325348 6605.7317161560059 78476.318445205688 1071.0213027000427 41818.7487885952 6399.9593811035156 17555.794490814209 7443.2390093803406 934.14718222618103 35181.115601301193 49242.915515184402 56063.681615829468 17025.314539909363 35555.956597328186 29476.324248075485 18943.944450139999 9729.8338718414307 25105.842430591583 10992.886893987656 31240.776535749435 29340.246827363968 40163.5443816185 11745.686278820038 253240.93640518188
leaf_count=25261 29299 25789 10395 6750 1390 1865 2093 26528 46705 12592 9525 19202 48362 81 23274 21969 30741 2808 7396 14243 11414 7297 7495 6085 4450 6343 2106 10962 2251 332 2417 3756 1829 35088 10159 9001 45060 4694 928 1995 34533 176 13133 1906 7467 2451 198 7034 14703 26249 4255 9245 8263 3888 3036 4149 2777 7995 9006 6853 1586 85787
internal_value=1.33344e-06 0.000335196 -0.000294034 0.00124413 -0.00407738 0.00154962 0.00269117 -0.00071222 3.98281e-05 0.00204651 0.00419244 0.00180641 0.00122575 0.00221825 -0.000864254 -0.000250947 0.00300138 0.00475126 0.00981402 -0.000973447 0.000438042 -0.00317748 -0.00124427 -0.00200818 0.00753333 0.00215963 0.0030832 0.00193431 0.00545652 0.00438156 0.00625354 0.0123372 0.00813354 -0.00274043 -0.00488269 0.0069652 0.000493124 -0.00966559 0.0154437 0.00436237 -0.000633477 -0.00329957 0.00661207 0.020057 -0.000989626 -0.000631624 -0.00380444 -0.00621152 0.00333202 -0.00133335 -0.000708485 -0.00143367 -0.00626951 0.000222247 -0.00222851 0.00224404 -0.005784 0.00275409 0.000495905 -0.000807348 -0.00114261 -0.000949323
internal_weight=2.3643e+06 1.86454e+06 1.1018e+06 762743 41408.4 721335 135382 966419 611542 189944 107804 62890.3 680632 374062 421597 348633 161364 97314 21505.1 282923 157280 27577.3 499760 354878 44913.9 373551 240349 161953 78396.7 119171 82797.7 19641.4 57493.2 125643 42781.3 40703.4 133202 22256.2 9887.29 63156.3 128218 35839.5 47606 7542.08 475674 422003 53671.1 36115.3 55848.6 283143 227079 182305 46501.6 135804 69006.9 44773.9 29936.8 66796.7 39070.1 414560 374396 362651
internal_count=794620 646450 430990 215460 12834 202626 52962 378028 267291 80065 43572 28727 191760 143398 187226 140521 67473 40945 10204 117247 67916 9390 148170 110737 14845 143317 72996 48512 24484 36071 25109 5994 18141 49331 12441 10866 70321 6084 3179 19115 56502 10335 14962 2238 140675 125976 14699 7232 16698 84948 58699 48465 12518 35947 18707 10234 6665 17240 12042 123525 116672 115086
cat_boundaries=0 4 8 12 16 20 24 28 32 36 40 44 48 52 56 60 64 65 66 68 69 73
cat_threshold=2148542162 17902592 1216551076 1067530 2182104192 2202074688 3368027157 17032 2954895688 1628643456 2818584449 1117190 16777216 541184 268451860 512 1073742480 1048592 1749159936 32770 2147485752 16966848 15031076 27658 555755400 1075576832 268845186 1083474 3254817216 1610640896 1879049281 328204 1109430336 3779627080 2818716325 346114 536871680 65552 1074331650 1048576 1048576 32784 134355236 1060098 40968 1075118096 146080 1082626 3238007808 344272 281035392 512 2147492184 536880256 641 1024 2096 279168 2113816 1049600 1073742352 1074266112 727552 32786 16148498 16384 446210064 131330 22 553652288 537985040 403317760 1049088
is_linear=0
shrinkage=0.05


Tree=89
num_leaves=63
num_cat=13
split_feature=0 1 10 20 4 1 13 0 4 16 16 9 8 6 17 12 0 15 1 16 17 17 12 12 4 20 16 16 13 4 11 16 15 17 6 17 0 16 16 13 9 13 15 17 2 17 0 17 16 15 17 16 12 9 9 9 6 12 15 17 2 17
split_gain=400.197 620.073 472.617 433.018 304.062 335.864 292.814 328.133 294.974 291.914 480.014 583.055 366.424 291.091 262.826 250.188 242.228 241.146 239.055 232.734 423.459 331.778 223.675 223.183 213.265 217.379 220.47 214.969 213.814 225.253 211.963 209.072 212.49 205.386 196.254 191.473 188.72 188.262 180.571 179.605 231.355 177.667 174.833 173.048 172.799 163.668 163.3 162.419 162.049 157.877 155.201 151.074 151.044 150.448 147.401 147.011 145.091 144.532 143.863 141.735 140.978 140.97
threshold=2.5000000000000004 3.5000000000000004 2.5000000000000004 0 119.50000000000001 7.5000000000000009 2.5000000000000004 1.0000000180025095e-35 11.500000000000002 16.500000000000004 10.500000000000002 0.030315122493893447 1.0968215390442524 1.1719046302149179 1 0.500500476078794 4.5000000000000009 4.5000000000000009 60.500000000000007 31.500000000000004 2 3 0.25006250069618258 0.049113700632480946 1141.5000000000002 4 51.500000000000007 49.500000000000007 13.500000000000002 125.50000000000001 0.093203389396270139 48.500000000000007 21.500000000000004 5 1.7859207266721719 6 1.0000000180025095e-35 4.5000000000000009 19.500000000000004 54.500000000000007 0.87515133171912851 2.5000000000000004 81.500000000000014 7 15.500000000000002 8 18.500000000000004 9 11.500000000000002 662.50000000000011 10 47.500000000000007 1.0000000180025095e-35 0.97298474432620796 0.29638689570196425 1.0000000180025095e-35 0.20007581501137228 0.045648943733871634 97.500000000000014 11 6.5000000000000009 12
decision_type=2 2 2 1 2 2 2 2 2 2 2 10 2 2 9 2 2 2 2 2 9 9 2 2 2 1 2 2 2 2 2 2 2 9 2 9 2 2 2 2 8 2 2 9 2 9 2 9 2 2 9 2 2 10 10 10 2 2 2 9 2 9
left_child=1 6 3 4 5 41 14 8 39 10 -6 48 59 33 -1 57 -7 35 23 21 58 -11 -19 -3 25 27 42 28 29 -4 47 32 38 -9 36 -10 44 -30 61 40 -8 -2 46 -15 -25 -39 -27 -18 -12 54 -40 -35 -32 55 -26 -31 -23 -14 -21 -13 -37 -5
right_child=2 18 24 31 9 16 7 13 17 19 11 12 15 43 -16 -17 30 22 -20 20 -22 56 -24 34 49 26 -28 -29 37 53 52 -33 -34 51 -36 60 -38 45 50 -41 -42 -43 -44 -45 -46 -47 -48 -49 -50 -51 -52 -53 -54 -55 -56 -57 -58 -59 -60 -61 -62 -63
leaf_value=-0.0040932613777230793 0.0059171465502427332 0.0066960335639188896 0.015093851914065932 -0.014363216789124382 -0.0015715156326431053 0.0049103433475912346 0.0045098431849945426 -0.0046563999555185292 -0.0024913815131079246 0.002841581744985376 -0.021687083937376443 -0.037421556178415576 0.0010519814321305794 -0.0075440127815772744 0.011828147354403382 -0.021974128537438839 0.0032818692581314309 0.010285184755473548 0.040986290587132906 0.00032951671720741474 -0.0040621244591609916 0.013379408714689348 0.0031885103518213549 0.0045818675372656737 -0.0067238981285486533 -5.8481381744516326e-06 -0.013891641895320203 0.007974611897001993 0.0057334407641505408 -0.01007193864943956 -0.029183575264171265 -0.011041247484910567 0.0026778352708912408 -5.9774008795156058e-05 -0.002008452183940434 0.0011329272689288687 0.002372762931421692 -0.0024733226007160186 0.00035665506105432782 -0.0011687389982690819 0.0001438214369104488 -0.0030230165342186102 0.0035015466840386516 -0.0024691406055891577 0.01544697468022947 0.0012797788584173128 -0.005067610894471824 -2.5740646996191981e-05 -0.057607472501905746 0.0022020572152476772 -0.0059606113535350513 0.0051635436718336231 -0.0050726923632945032 -0.00014282526216837031 -0.0011792555435789049 0.0078727190284087565 -0.0027153547593425 -0.0059386248224457998 0.0076813676250948489 -0.01293469654047779 0.005719546244199316 -0.005876227976122644
leaf_weight=3545.5514268875122 5957.8118696212769 37958.253448963165 4937.1508805751801 6680.194372177124 86135.706168174744 36955.180438280106 37950.192721128464 22369.478268384933 27677.240452528 73491.892331361771 577.61968016624451 618.39011311531067 12629.536633729935 21850.64546751976 9611.5097784996033 1849.8265075683594 50701.658312559128 15304.851335287094 420.56550693511963 45930.207352876663 105176.45429682732 1436.9070887565613 40443.197675466537 11317.772554159164 13476.911076545715 59280.964509963989 3050.9014613628387 14344.796704053879 19420.735519647598 1222.6141881942749 702.64132928848267 11254.327569246292 11024.991234779358 134122.34194684029 21600.064422369003 68071.178117275238 103823.17795133591 35902.073105335236 20078.23975610733 185933.6192688942 151336.83746552467 82469.25665640831 23876.138262987137 72714.210530996323 5407.996853351593 151972.00821638107 21790.11851978302 138428.01610517502 691.85022687911987 31032.377505302429 18844.199540138245 15435.399403095245 8463.3973970413208 14598.079212427139 108330.24562859535 17006.395348072052 53523.891322851181 17833.963878393173 7780.5770199298859 11971.809475898743 22222.330800294876 18464.019696235657
leaf_count=1880 2177 10740 1021 1839 15672 9125 19478 8939 13461 12906 108 113 2092 9219 5080 343 11354 6711 71 8259 19251 372 18546 3469 1848 13632 621 2599 3637 189 175 2998 2809 53147 6192 34789 28767 6638 5311 140887 117826 24563 4433 30267 1282 28411 3793 31266 126 3865 5265 6162 1894 2229 14540 2582 9590 3175 1328 2361 6484 5197
internal_value=-3.0497e-05 0.000722724 -0.000593561 -0.00133439 -0.000945022 0.000206422 0.000144196 2.47975e-05 0.000723643 -0.00183316 -0.00377654 -0.00788987 -0.00694463 -0.00141473 0.00754356 -0.00412505 0.00119389 0.00242705 0.00337804 -0.000938302 -0.00221776 0.000644308 0.00513695 0.00329 0.000587908 0.00124085 -0.000644062 0.00202554 0.00167736 0.00513755 0.000501253 -0.00468568 -0.00373363 -0.000189166 0.00238044 0.00114643 0.00316685 0.00104697 -0.00483698 -6.50002e-05 0.00101919 -0.00242061 -0.000258877 -0.00364289 0.00809563 0.000562502 -0.00136638 0.000861144 -0.0412933 -0.000981657 -0.00270335 0.000479308 -0.00692394 0.00363972 -0.00179277 0.00666869 -0.00229392 -0.00304052 0.00139437 -0.0141803 0.00226155 -0.00813954
internal_weight=2.35903e+06 1.00912e+06 1.34991e+06 829673 743327 323678 828589 815432 548939 419649 132309 46173 44903.5 266492 13157.1 32313.3 235251 173719 180528 287340 158887 128453 55748 180107 520242 367402 107998 259404 245059 37764.2 198296 86346 75091.6 171927 142149 117971 120549 207295 64066.7 375221 189287 88427.1 104947 94564.9 16725.8 187874 81071.1 189130 1269.47 152840 38922.4 149558 9166.04 32827.1 121807 18229 54960.8 30463.5 53710.8 12590.2 90293.5 25144.2
internal_count=793104 523397 269707 179669 156250 80554 472876 465916 358182 75696 23990 8318 8084 107734 6960 5610 53814 79991 50521 51706 28838 22868 25257 50450 90038 69785 22479 47306 44707 6021 44689 23419 20421 68248 39710 54734 33518 38686 17612 278191 137304 26740 21858 39486 4751 35049 17425 42620 234 20253 10576 59309 2069 5000 16388 2771 9962 5267 9587 2474 41273 7036
cat_boundaries=0 1 5 9 13 14 18 22 26 30 34 38 41 45
cat_threshold=22 1074795544 838144 549453843 2048 18882840 1090526209 8408704 50754 554701768 1682513 1745436672 1064976 22 287316232 1108451464 2686470752 9472 2449473578 34890432 2699450725 262664 35660040 1614872664 554181768 330829 1092616192 17424400 86210 1051650 285218058 1075724368 1893798148 1338880 19923712 25280 4035003425 16456 2147483648 1073741824 512 17830152 128 281559553 24
is_linear=0
shrinkage=0.05


Tree=90
num_leaves=63
num_cat=20
split_feature=8 0 1 10 20 13 6 17 16 15 20 1 17 17 16 13 17 10 4 20 13 11 4 17 0 17 16 9 13 17 10 9 16 17 2 4 0 4 13 7 16 16 0 17 22 17 17 9 4 11 4 17 16 9 17 17 20 3 11 0 10 17
split_gain=336.45 324.192 648.537 431.884 294.453 288.71 419.017 342.034 293.22 275.794 274.419 250.074 247.277 244.536 219.702 287.226 276.712 202.896 302.56 392.784 252.229 223.023 256.224 216.311 201.163 199.832 216.569 191.236 185.264 184.94 175.305 175.124 299.253 297.314 176.078 171.275 169.574 167.744 208.629 161.841 160.845 174.439 160.724 160.199 159.439 159.036 156.898 153.662 153.482 150.362 147.309 139.406 135.218 160.883 145.142 131.104 130.478 151.163 149.046 127.001 124.546 123.652
threshold=2.0078740157480319 2.5000000000000004 4.5000000000000009 1.5000000000000002 0 8.5000000000000018 1.5577935222672068 1 46.500000000000007 5.5000000000000009 2 56.500000000000007 3 4 34.500000000000007 62.500000000000007 5 4.5000000000000009 529.50000000000011 6 53.500000000000007 0.10157097708433868 119.50000000000001 7 5.5000000000000009 8 51.500000000000007 0.72745247519546952 13.500000000000002 9 2.5000000000000004 0.80016992353440963 46.500000000000007 10 22.500000000000004 21.500000000000004 1.0000000180025095e-35 3.5000000000000004 16.500000000000004 1141.0000000000002 17.500000000000004 8.5000000000000018 1.0000000180025095e-35 11 12 13 14 0.90829510703363925 3811.5000000000005 0.081847260889870294 30.500000000000004 15 14.500000000000002 0.76933041052212048 16 17 18 6.5000000000000009 0.04557627211324871 1.5000000000000002 3.5000000000000004 19
decision_type=2 2 2 2 1 2 2 9 2 2 1 2 9 9 2 2 9 2 2 1 2 2 2 9 2 9 2 8 2 9 2 10 2 9 2 2 2 2 2 2 2 2 2 9 9 9 9 8 2 2 2 9 2 8 9 9 1 2 2 2 2 9
left_child=1 2 5 4 -3 7 8 27 9 10 14 42 -10 -11 15 16 44 18 19 24 21 22 28 -24 -5 -6 31 -1 45 -22 -25 32 -27 49 -35 -15 -8 -14 -39 -19 41 -18 50 -38 -7 -21 48 -37 -20 -33 -4 -51 54 -54 -9 -26 57 58 -29 -12 -47 -42
right_child=-2 3 11 17 25 6 36 52 12 13 59 -13 37 35 -16 -17 40 39 46 20 29 -23 23 30 55 26 -28 56 -30 -31 -32 33 -34 34 -36 47 43 38 -40 -41 61 -43 -44 -45 -46 60 -48 -49 -50 51 -52 -53 53 -55 -56 -57 -58 -59 -60 -61 -62 -63
leaf_value=0.016839318679993644 -0.011478070013170433 -0.0079128642237216492 0.0021541412768497727 0.00043792404824545897 -6.6792807006042551e-05 -0.0051339032194410552 -0.0010507057995655167 0.023183684864455868 -0.0016191915778270807 0.0050155877977113399 -0.0015159805863881777 0.0415370112385735 0.00035907740310225878 -0.0002491325619988833 -0.0023824333260955336 -0.0030598746609421645 0.002403824749818238 0.0023195251844704504 0.00045391840205135937 0.0022847817523123318 -0.0025031306280641043 -0.007520740175962457 -0.0040052533670771042 0.00055521896523094726 -0.0004998619372145694 -0.0013178619289351257 -0.01130779157807235 0.030198511524565222 0.0027213762091780874 0.0015037680109581798 0.0038381202099720293 -0.0016383834583952402 0.0081659617920785722 -0.0026102905454398343 -0.011217391532327203 0.00032404875643600277 -0.0069486240018023131 -0.0025566652820414558 0.007336823997482235 -0.0019403581540854854 -0.0036252019606999512 -0.0055816520994781066 0.0033002128673763776 -0.0013360651966027994 0.0061431720197443803 0.0094542194060780304 -0.0028178287446672845 0.0057612626435596653 -0.012217950290676731 -0.0018885841408212403 0.012360130902532273 -0.012143687297557984 0.0067190771112025848 -0.0034970204513755081 0.003261371692266589 -0.0049202683228312255 0.0021017475296298926 0.0046108159284358628 0.010006173683137167 -0.005739295551406288 0.035705653706743508 0.0052341241923756611
leaf_weight=5034.7465591430664 6366.6811895370483 18796.784252166748 5466.1460018157959 52093.620234012604 150339.35990285873 3336.9725065231323 67929.333830833435 994.39167046546936 20511.305183887482 40101.330553770065 200162.34918951988 444.3038477897644 16904.377345561981 132184.39092087746 41691.137584209442 24737.946318626404 11759.029509067535 146906.82581067085 71756.672003984451 9733.0266544818878 66856.641136646271 6056.6889362335205 18229.990672588348 115438.02921628952 24204.142051696777 70050.361828327179 6593.8189313411713 1488.2833259105682 54926.049690246582 50571.965327262878 62779.474284172058 130453.20710921288 9437.5956523418427 9454.2993988990784 15996.720437526703 25115.437235832214 33312.253797054291 6071.0841851234436 43545.33475112915 26284.846810340881 4990.3022246360779 16341.910056591034 105507.67678070068 20586.213082790375 50331.096788406372 20447.010694742203 138289.98095798492 26924.136292457581 2470.868718624115 6396.8812417984009 10011.893771409988 6897.1152989864349 4758.3611888885498 20252.131847381592 10237.677123308182 54718.301072835922 10436.062259912491 4970.1211676597595 2369.5266237258911 19537.575487613678 461.17925000190735 18591.194427013397
leaf_count=2047 1884 5697 1634 14189 32439 1785 33416 457 11643 22665 126370 75 15132 89555 22478 17806 5778 23467 10770 2133 14875 1320 3404 21549 5020 15871 1432 787 13545 10587 11537 29384 2063 2737 3146 8664 13991 2690 20665 2984 2733 8067 28074 8658 24132 4457 20755 10373 303 1498 2541 1708 2053 9583 4771 11868 5042 1607 1172 6802 92 9791
internal_value=-4.1691e-07 3.06402e-05 0.000709412 -0.000476753 -0.00179668 0.000239362 -5.30114e-06 0.003572 0.000463938 8.00006e-05 -0.000720986 0.00413597 0.00318049 0.00147783 0.000776115 0.00178845 0.00292693 0.00013069 -0.000225927 0.00040653 0.00117551 0.00197172 0.00217561 0.00118094 -0.00197344 -0.001513 -0.00236466 0.00816013 0.00445916 -0.000777601 0.00171158 -0.00212758 -0.00019176 -0.00303701 -0.00801719 0.000707412 -0.00271237 0.00466 0.00612623 0.00167301 0.000315012 -0.00224011 0.00399828 -0.00480654 0.00544108 0.00757404 -0.00182261 0.0031372 3.1937e-05 -0.00215449 0.00875621 -0.00722015 0.000493367 -0.00155317 0.00505057 -0.00356532 0.00589526 0.0103649 0.0178019 -0.00189149 0.0100301 0.00335993
internal_weight=2.35964e+06 2.35328e+06 1.00664e+06 1.34664e+06 424416 885206 824665 60541.3 702837 615805 391480 121430 87032.1 224325 171780 130088 105351 922225 749034 536516 405500 288071 282015 196447 131016 405619 255280 24298.7 85567.3 117429 178218 248686 79488 169198 25451 184224 121828 66520.8 49616.4 173192 51682.4 28100.9 120986 53898.5 53668.1 30641.2 212518 52039.6 74227.5 143747 15478 13294 36242.6 25010.5 11232.1 78922.4 19264 8827.93 3857.81 219700 20908.2 23581.5
internal_count=793751 791867 523037 268830 95975 490713 463194 27519 407129 356999 225742 32324 50130 131257 92570 70092 52286 172855 146404 114576 83499 58037 56717 36490 31077 90278 57839 10655 20227 25462 33086 56407 17934 38473 5883 108592 56065 38487 23355 26451 26369 13845 32249 22649 25917 6682 31828 19037 11073 32590 4175 3206 16864 11636 5228 16888 8608 3566 1959 133172 4549 12524
cat_boundaries=0 1 5 6 10 14 18 19 23 27 31 35 39 40 44 48 51 54 58 59 63
cat_threshold=1 553658880 361984 3490533536 16402 4 320878632 3259286032 2955176000 1536 51413120 2202197568 1216479549 264964 536876240 395264 1745581186 1147472 25 3492806736 189456 148899073 8704 2121856 3239254609 1889599536 1361600 553649984 1933392 268979777 33874 553654104 524288 5124356 274 2687513352 17104912 541668514 1085014 13008928 2147483728 553774080 541737027 98320 1090532288 1074814016 3758843904 1064960 16777216 524288 4718592 1074790400 2048 131588 16822872 16835136 3221360816 51216 14 269484296 1081856 10750273 2048
is_linear=0
shrinkage=0.05


Tree=91
num_leaves=63
num_cat=12
split_feature=12 19 0 13 3 0 21 20 13 9 16 16 5 8 9 6 19 7 13 16 19 12 16 16 12 16 16 16 6 20 20 8 21 0 9 13 9 4 13 16 16 3 20 9 16 16 5 20 19 3 16 16 16 16 16 16 6 16 9 16 16 20
split_gain=356.814 341.312 362.379 406.108 423.872 409.104 382.087 333.301 278.677 269.216 415.83 445.554 387.684 355.187 308.216 349.33 271.709 264.128 259.294 284.71 262.272 252.705 248.997 299.324 261.776 242.068 536.374 235.172 235.062 227.249 226.685 253.653 219.872 216.262 202.009 198.353 195.04 192.424 323.836 191.135 394.296 379.095 207.025 206.089 189.122 185.699 178.965 177.696 177.493 176.622 173.564 226.469 205.625 173.182 399.102 289.585 361.923 231.635 172.746 164.749 235.018 258.499
threshold=0.57588341437691093 0 5.5000000000000009 3.5000000000000004 14.500000000000002 1.0000000180025095e-35 1 2 12.500000000000002 0.88898369359120222 51.500000000000007 46.500000000000007 2.2228132387706858 1.0897148441991493 0.12169641966689938 0.55415709744204744 3 58.500000000000007 10.500000000000002 47.500000000000007 4 0.16331553507366889 14.500000000000002 11.500000000000002 0.35502562006342891 32.500000000000007 37.000000000000007 16.500000000000004 1.3006884004358414 5 6 1.1419177943995276 7 1.5000000000000002 0.64294755877034371 38.500000000000007 0.59995385325334571 50.500000000000007 16.500000000000004 15.500000000000002 11.500000000000002 171.50000000000003 8 0.74995475931958022 49.500000000000007 1.5000000000000002 1.5389468575588452 9 10 364.50000000000006 48.500000000000007 49.500000000000007 50.500000000000007 6.5000000000000009 16.500000000000004 23.500000000000004 0.092200546578844647 10.500000000000002 0.7743424573744172 11.500000000000002 15.500000000000002 11
decision_type=2 9 2 2 2 2 9 1 2 10 2 2 2 2 10 2 9 2 2 2 9 2 2 2 2 2 2 2 2 1 1 2 9 2 10 2 10 2 2 2 2 2 1 10 2 2 2 1 9 2 2 2 2 2 2 2 2 2 10 2 2 1
left_child=1 8 3 6 18 39 48 34 32 10 11 12 14 17 -9 -16 25 -11 20 33 -5 50 23 45 35 59 -27 -24 -21 -12 31 37 -1 -20 -4 -25 -14 -7 -39 40 -6 42 -41 -42 -23 -18 -29 -26 -3 -17 -13 -52 -53 -40 57 56 -56 -55 -59 -15 -61 -62
right_child=-2 2 7 4 5 30 -8 9 -10 13 29 21 36 16 15 49 22 -19 19 28 -22 44 27 24 47 26 -28 46 -30 -31 -32 -33 -34 -35 -36 -37 -38 38 53 41 43 -43 -44 -45 -46 -47 -48 -49 -50 -51 51 52 -54 54 55 -57 -58 58 -60 60 61 -63
leaf_value=0.0010404091762862117 -0.0018936705134915994 0.0069269034622681455 -0.0013385647837241537 0.0088124389542489096 0.0074067088390559095 0.003001465821165024 0.0010231815826816399 -0.0030670164160326429 -0.00089180374879991751 -0.0020713764870458396 -0.023253305167625537 0.0076034747396466918 0.010997150046158193 -0.00040845175270954638 -0.0030870407243419459 0.0028466662307310674 0.0087838552602573141 -0.008720916749599808 -0.00041948802752563496 0.0049919209233762821 0.00070034897236436291 0.0060390200593991071 -0.0062683219935996326 0.0056041763520844447 0.0069360845144680111 -0.020906495751070328 0.0024537055156679203 -0.00050804775100732943 -0.0024700557744443737 -0.0051904574276526476 -0.0012488411334516973 0.0040320074368970608 -0.008945440991697657 -0.00360781941814173 -0.0078605433599705701 0.016999219814053473 0.00090700509405020806 -0.004974634826503282 0.0063896526994164891 0.009462104120394452 -0.010625460428558754 0.044772406802454451 0.0027870990053234291 0.0024277347702312034 0.020018569290672063 -0.001023865281554697 -0.0037538239510276706 -0.01012688142889112 0.017137470572933269 0.00023117250921400124 -0.0056156664462926739 0.010493723442236591 -0.0010199542455274322 0.0012163276652205211 0.041084818982538879 0.0005653045431575132 0.0065087330466170254 -0.016426505602042989 -0.005215095018110058 0.016344577849775641 0.0069243484891325299 -0.006256354516725314
leaf_weight=7195.5676872730255 225852.36200857162 9394.5028619766235 25081.459336996078 15426.5494389534 14849.213287830353 72277.482083320618 17019.184194087982 65085.034198999405 68725.285248756409 43433.784453630447 2067.1291928291321 16691.445715665817 12571.892041683197 11603.478181362152 50480.548485279083 121691.41150212288 5201.0752153396606 22758.753447532654 390798.98234200478 39405.707716703415 28122.391131162643 5104.1620764732361 25321.785979270935 11718.578521490097 2704.818400144577 3193.0502560138702 10652.059909343719 195870.72238874435 14413.684909343719 10893.868705272675 72330.076533079147 93589.841651439667 23604.588364601135 61563.056275844574 22544.504406929016 5665.4729371070862 7736.4231333732605 28092.82405090332 13282.735090732574 27688.106056928635 6686.2926280498505 660.56384921073914 20056.908079624176 5519.2538385391235 4600.5579917430878 66809.641438007355 54225.544830322266 3474.0007030963898 7853.8031618595123 137455.9980173111 8463.1776502132416 7511.5326569080353 8014.6590592861176 8849.7283515930176 798.84369087219238 59118.928434848785 14096.393011808395 5129.8584251403809 10404.796218395233 5135.9602663516998 21401.694818973541 4494.6952681541443
leaf_count=2084 109788 3902 5434 6774 5061 21345 7288 11999 32020 9972 384 2824 2839 2114 9368 23218 968 3997 247611 24907 13391 955 4439 2118 492 519 2039 33687 6401 1835 20000 24202 7496 22228 5272 1019 1556 6939 3413 9885 2038 200 6974 1806 796 12560 10873 618 3133 18856 1460 1256 1352 2315 297 15417 3718 1272 2707 893 3485 745
internal_value=-3.68858e-06 0.000196094 0.000335782 0.000990409 0.000807568 0.00193924 0.00634282 -0.000343576 -0.00266279 -0.000139347 0.000733228 0.000990134 0.000425341 -0.000949535 6.06741e-05 0.000718135 -0.000421775 -0.00435776 -0.000125865 -0.000444381 0.00357625 0.005418 -0.000913638 0.00128526 0.00617679 0.00280862 -0.0029349 -0.00167672 0.00299348 -0.00809479 0.00126817 0.00186381 -0.00661514 -0.000853403 -0.00442502 0.00931859 0.00715356 0.000906934 -0.000176166 0.00530047 0.00193443 0.00718173 0.00666073 -0.00472319 0.0126675 -0.000315377 -0.0012118 -0.00266271 0.0115841 0.00145937 0.00368832 0.000964005 0.00455065 0.0010309 0.000307465 0.00213522 0.00836571 -0.00524018 -0.00891815 0.00467439 0.0065749 0.00463675
internal_weight=2.36247e+06 2.13661e+06 2.03709e+06 1.03743e+06 1.00316e+06 453432 34267.5 999659 99525.4 952033 458368 445407 395021 493665 374713 309628 427473 66192.5 549730 506181 43548.9 50385.5 370992 95573.6 23562.9 56480.9 13845.1 275418 53819.4 12961 377972 305641 30800.2 452362 47626 17384.1 20308.3 212052 139774 75460.3 27054.8 48405.6 47745 12205.5 9704.72 72010.7 250096 6178.82 17248.3 259147 40680.8 23989.4 15526.2 111681 98398.5 74014.2 14895.2 24384.4 15534.7 42635.8 31032.4 25896.4
internal_count=794554 684766 643166 463224 448901 127589 14323 179942 41600 169236 78698 76479 67836 90538 63441 51442 76569 13969 321312 301147 20165 8643 66774 17775 4247 9795 2558 48999 31308 2219 101625 81625 9580 269839 10706 3137 4395 57423 36078 25964 8905 17059 16859 3844 1751 13528 44560 1110 7035 42074 6892 4068 2608 29139 25726 19432 4015 6294 3979 7237 5123 4230
cat_boundaries=0 1 2 3 4 5 6 7 9 10 11 12 13
cat_threshold=540672 6683423 1 38912 4826 8 14 193267333 197248 12 2 238851 12
is_linear=0
shrinkage=0.05


Tree=92
num_leaves=63
num_cat=24
split_feature=12 5 1 15 0 20 19 17 0 15 13 16 16 17 16 16 17 16 17 17 17 16 17 16 16 22 19 16 16 17 12 0 16 21 21 6 13 17 17 22 6 16 16 16 13 16 22 12 20 17 7 16 7 13 6 17 12 12 6 17 17 21
split_gain=340.927 358.49 374.836 252.308 282.903 228.035 227.333 301.933 210.106 217.681 208.069 207.63 468.053 864.183 803.839 748.951 646.321 484.66 470.355 376.464 373.482 340.051 319.827 311.063 379.439 324.866 289.861 284.144 278.76 261.585 256.528 286.541 246.66 240.7 234.406 206.005 228.267 201.194 191.983 190.221 189.911 194.053 242.7 189.022 182.62 180.94 179.55 174.926 183.307 207.155 186.054 185.663 197.937 171.957 171.632 176.424 171.252 168.935 207.966 168.65 167.488 164.296
threshold=0.59999999656574798 0.25078616352201261 1.0000000180025095e-35 590.50000000000011 153.50000000000003 0 1 2 11.500000000000002 10.500000000000002 8.5000000000000018 44.500000000000007 31.500000000000004 3 37.000000000000007 39.500000000000007 4 32.500000000000007 5 6 7 28.500000000000004 8 26.500000000000004 21.500000000000004 9 10 48.500000000000007 37.000000000000007 11 0.41016407246285802 5.5000000000000009 39.500000000000007 12 13 2.4003089598352223 26.500000000000004 14 15 16 0.10011933174224345 17.500000000000004 19.500000000000004 47.500000000000007 36.500000000000007 27.500000000000004 17 0.10004174890957081 18 19 108.50000000000001 49.500000000000007 78.500000000000014 14.500000000000002 2.9487907925407932 20 0.29295442209390732 0.031473497810444236 1.6002086593635891 21 22 23
decision_type=2 2 2 2 2 1 9 9 2 2 2 2 2 9 2 2 9 2 9 9 9 2 9 2 2 9 9 2 2 9 2 2 2 9 9 2 2 9 9 9 2 2 2 2 2 2 9 2 1 9 2 2 2 2 2 9 2 2 2 9 9 9
left_child=1 2 -1 4 5 8 7 39 9 38 -9 12 18 14 17 16 44 -14 21 -19 -13 23 -23 24 25 -8 -18 43 35 -17 31 59 -16 46 -20 36 -28 -27 53 -7 41 -36 -43 -22 -15 -25 -29 -4 49 50 -49 -51 -53 -3 55 -33 -34 -39 -59 -26 -11 -40
right_child=-2 3 47 -5 -6 6 11 10 -10 60 -12 20 13 15 32 29 26 19 34 -21 27 22 -24 45 30 37 28 33 -30 -31 -32 54 56 -35 40 -37 -38 57 61 -41 -42 42 -44 -45 -46 -47 -48 48 -50 51 -52 52 -54 -55 -56 -57 -58 58 -60 -61 -62 -63
leaf_value=0.00012805349618953129 -0.002071804443146415 0.0025387965299153836 0.0046040468755287984 0.0026447929122532907 -0.0030526207292307771 -0.0022149795982695417 -0.005333934192056463 -0.015662463210764449 -0.0068835396208818235 0.0077935837590991505 -0.0043970629154009106 0.0049047522159486592 -0.0016048444172184493 0.010058708322993789 0.0060859319653456118 0.012916916507889465 0.016114843492739901 -0.022398274336493704 0.0015330803117622274 -0.010191412856308153 0.00105881174609305 0.010411230608024817 0.0010719785460319049 -0.0078929410558815638 0.0045847055008736617 0.00033179484691865061 -0.0074440576083176476 0.0026166705807591072 0.0093397673004538152 -0.003299506049185952 -0.0019667385698157861 0.020109595584463652 -0.0052714864768286344 0.0030055405262975673 -0.0010656108978932286 0.0087595543173925195 0.001287113764250932 0.0091621835244532265 -0.0029926584568516247 0.0020733339857998182 -0.0013693738688263946 0.060485887091097416 0.0090649080035838051 0.0076374388666024841 0.023451678133196676 0.00036303833785374627 -0.0055290753269113162 -0.00099425560517123657 -0.0010985500560694464 0.0029952389256681232 -0.021228652324703522 0.0076741348768250631 0.029667786826595821 -0.002562449289576209 -0.0048406068208028665 0.0048407415587198264 0.00077200536580972938 0.004494809674117489 -0.002288843179224172 0.016609500982343921 -0.00010711744076032434 -0.010197086729479528
leaf_weight=303853.3008043766 185549.75725150108 31030.562428474426 84906.709412813187 74089.131233215332 90633.801229000092 81535.023697853088 18838.893642187119 5526.0872595310211 18436.094165086746 10243.288821935654 15866.268014431 64302.516679763794 12613.058668613434 5427.0889995098114 9459.0266807079315 2570.7388436794281 3634.4321908950806 8218.6072702407837 100726.32530331612 27600.937021017075 44494.435795068741 21796.812761306763 15834.208992481232 13145.278145551682 4220.3853895664215 121424.2411506176 11856.980709075928 8263.0320394039154 9061.4547257423401 68061.357529163361 9937.0028538703918 2004.7073223590851 28037.327451229095 16455.944350004196 996.18220615386963 5238.2273993492126 20301.845002889633 11828.995493650436 60663.726930379868 37859.58213186264 289456.3666164875 393.6178617477417 549.3432765007019 14469.063829421997 4796.8240735530853 13401.913527965546 37236.509065628052 13044.101810455322 40728.982217550278 83502.158468961716 1243.4451546669006 7403.1342225074768 1186.3094244003296 35324.739586830139 4307.3042373657227 31586.878404140472 20142.799887895584 40121.605322599411 15725.738251686096 9624.9161739349365 19404.807224273682 9097.7072787284851
leaf_count=228639 93937 10284 29776 12599 11657 20734 4663 1431 3677 3051 4557 14894 2804 1275 2248 612 768 1688 23251 6089 10648 4518 3394 2912 1329 29157 2405 1980 2146 15679 2879 368 6651 4126 359 1209 4845 2737 20962 9335 66911 146 219 3458 1337 2765 8516 4714 16292 30306 190 2590 182 12031 855 5818 5133 9567 3545 3112 6229 3373
internal_value=-1.45771e-05 0.000161028 0.0012836 -0.000206249 -0.000341327 -0.000174516 6.06569e-05 -0.00183555 -0.00182004 -0.00125696 -0.00730433 0.000293184 -1.70382e-06 -0.00193086 -0.00528509 0.000786502 0.00487844 -0.0100339 0.000628189 -0.0130019 0.00182627 0.0020076 0.00648469 0.00143879 0.00194726 0.000925666 0.00253754 0.000188743 0.00147183 -0.00270775 0.00539117 0.0068042 -0.00129562 -0.00217575 -0.000546095 -0.000434411 -0.00193221 0.0015495 -0.00210258 -0.000855106 -0.00126483 0.0143263 0.0305708 0.00267324 0.0163281 -0.00372519 -0.00404948 0.00279693 0.0017539 0.00284584 -0.00275469 0.00371496 0.0107148 -0.000176861 0.00455509 0.00575997 -0.0027449 0.00373387 0.00258463 0.01296 0.0026253 -0.00393366
internal_weight=2.35929e+06 2.17374e+06 535868 1.63787e+06 1.56378e+06 1.47315e+06 1.28895e+06 140787 184201 165765 21392.4 1.14816e+06 962941 237021 106072 130949 60316.9 48432.6 725921 35819.5 185222 333799 37631 296168 269621 207939 50092.9 120919 46458.5 70632.1 61681.2 51744.2 57639.2 61955.5 392122 37397.1 32158.8 189101 136117 119395 291396 1939.14 942.961 58963.5 10223.9 26547.2 45499.5 232015 147108 106379 14287.5 92091.6 8589.44 66355.3 37898.9 33591.6 48180.1 67676.3 55847.3 13845.3 29648.1 69761.4
internal_count=793562 699625 312689 386936 374337 362680 303073 36057 59607 55930 5988 267016 223394 54889 24613 30276 13985 10581 168505 7777 43622 77619 7912 69707 64030 49669 11373 28728 10605 16291 14361 11482 14032 14622 90886 8459 7250 45006 46650 30069 67635 724 365 14106 2612 5677 10496 84050 54274 37982 4904 33078 2772 22315 7041 6186 11784 15849 13112 4441 9280 24335
cat_boundaries=0 1 2 6 10 14 18 21 25 29 30 31 35 37 39 43 47 48 49 50 54 58 62 66 68
cat_threshold=1 540800 555746888 17580032 806060048 64 1611694232 538157136 1749692451 1360130 18878464 802816 268451840 512 536871640 2819856449 1749159970 1098114 1074790528 32832 1744961536 1090560152 1611674625 1887574657 1428482 536871040 1081344 1744961536 1064960 411166770 139264 268435456 1073758720 2099200 9216 1778568134 35840 1151927573 100360 536871512 2685474816 4194306 1064960 3152432 286532736 3496038702 2 116523331 71303425 22 2415951960 536939584 144715392 273410 16 1114176 0 1064960 72 536905728 138412032 32770 36701184 1851904 1074268709 34820 85133367 41992
is_linear=0
shrinkage=0.05


Tree=93
num_leaves=63
num_cat=21
split_feature=5 16 16 9 17 16 16 16 17 19 16 16 9 16 17 17 17 4 17 16 16 7 9 19 20 20 17 17 13 8 17 13 9 1 16 0 4 17 13 4 16 16 19 17 16 19 16 8 0 17 16 17 17 16 4 0 4 16 17 8 0 8
split_gain=295.537 302.792 425.586 437.334 397.596 365.801 903.489 741.867 1988.16 555.614 533.149 816.896 1068.54 744.307 515.217 495.718 484.943 413.148 399.222 345.286 683.044 349.479 339.872 335.309 333.256 331.672 372.483 329.333 275.61 264.063 263.88 260.777 257.058 376.618 385.632 254.058 243.842 327.235 334.122 249.544 241.765 309.954 285.295 247.226 239.991 370.088 267.339 239.097 230.108 229.58 227.121 365.497 268.849 251.25 261.554 388.937 258.337 226.489 211.905 211.086 208.314 207.41
threshold=1.6410969651581615 45.500000000000007 51.500000000000007 0.74995475931958022 0 39.500000000000007 37.000000000000007 33.500000000000007 1 2 18.500000000000004 9.5000000000000018 0.5263592148688554 25.500000000000004 3 4 5 38.500000000000007 6 48.500000000000007 49.500000000000007 12.500000000000002 0.12169641966689938 7 8 9 10 11 3.5000000000000004 1.4546536796536798 12 29.500000000000004 0.12523062730627307 2.5000000000000004 11.500000000000002 4.5000000000000009 177.50000000000003 13 51.500000000000007 13.500000000000002 32.500000000000007 28.500000000000004 14 15 14.500000000000002 16 11.500000000000002 1.2272975658221561 8.5000000000000018 17 14.500000000000002 18 19 16.500000000000004 121.50000000000001 3.5000000000000004 241.50000000000003 15.500000000000002 20 1.3182500682500684 270.50000000000006 1.1704255757201423
decision_type=2 2 2 8 9 2 2 2 9 9 2 2 8 2 9 9 9 2 9 2 2 2 10 9 1 1 9 9 2 2 9 2 10 2 2 2 2 9 2 2 2 2 9 9 2 9 2 2 2 9 2 9 9 2 2 2 2 2 9 2 2 2
left_child=1 5 3 30 -4 6 7 10 23 -10 11 25 17 14 -12 44 40 -13 -7 47 21 -21 -8 -9 35 36 -27 -22 -18 60 -3 -25 33 57 -35 -16 37 -1 -39 -40 41 -15 -43 -42 45 46 -14 -5 -36 -30 51 61 -52 -54 -55 56 -56 -19 -34 -48 -2 -17
right_child=29 2 4 19 -6 18 22 8 9 -11 13 12 15 16 24 50 28 32 -20 20 27 -23 -24 31 -26 26 -28 -29 49 -31 -32 -33 58 34 48 -37 -38 38 39 -41 43 42 -44 -45 -46 -47 59 -49 -50 -51 52 -53 53 54 55 -57 -58 -59 -60 -61 -62 -63
leaf_value=-0.0024282758232166825 -0.00070290113397019358 0.0032151328924414379 0.0022917309368355081 0.001742838350396651 -0.0078856113120049608 0.0028983471894479316 -0.0010600319204517937 -0.021800511720377447 0.015487756831746522 0.00093537178584740261 0.00085150878689079434 -0.0031671099618021795 0.0038922740539424844 -0.0057433793659717458 0.0097689104275074448 -8.735164361414795e-05 0.015314316254192734 -0.0088628915661659261 -0.0026275195337374328 -0.0045101269107509362 -0.012314173728210503 -0.01950406084058745 0.0098573124160881709 -0.013540127152748946 0.0018551580302725069 -0.0040084482635809075 0.0018582346544305445 0.0021440546835798722 0.0066834366609212492 -0.006647188368129317 0.0091318725976399593 -0.0056239859588553239 0.00038527267834266793 -0.01342161132609143 -0.027541350542559042 0.00481423460311085 0.00026216107936266278 0.0063255601013604947 -0.002331263578162717 0.0044173349331372803 -0.016864459053491605 0.0053194675475544901 -0.0025253035330397439 -0.0020595663064839789 -0.00010881524749618679 0.0031306998471245921 0.018123853333856268 0.007933456222732135 -0.054206923412671748 0.00051388858325921685 -0.010322848928606347 -0.0030848090512365974 -0.0054221182895246543 -0.0033050149185146257 0.0081208646177539003 0.00078528875487309977 0.035618499542949017 0.032067349264343785 -0.011759121950677248 0.044261144319751339 -0.0069484732259965376 0.0057658270549946385
leaf_weight=21272.309902667999 336270.20357584953 45585.61309170723 18195.790107727051 59658.294825553894 20289.819655179977 38710.962666511536 9078.8516817092896 6362.9233412742615 8689.4956719875336 26672.152826786041 108604.85808992386 19556.932286739349 2597.7224555015564 35129.192308664322 44842.525274753571 40638.521413803101 3370.2184150218964 3741.2353024482727 209740.56894016266 9876.236275434494 4225.2277572154999 6407.4988658428192 33187.414067268372 20233.398458957672 47140.308748483658 56995.105298995972 51489.293442726135 56081.195033788681 16130.795118570328 21599.13503909111 32163.393747806549 21418.277567386627 4847.4787192344666 4698.2681891918182 3347.7526619434357 61168.471049547195 110668.32357931137 79192.845172166824 25793.139162063599 29209.653433322906 6009.4760320186615 18454.146671056747 31115.583340406418 5326.5995378494263 25780.309126853943 19493.681771039963 3350.4762561321259 21117.858355998993 1068.5904722213745 229080.87090563774 13285.82147860527 71976.366415262222 48483.446431398392 34031.061081171036 2231.0971596240997 19296.752829551697 1383.8258440494537 370.56063747406006 13925.047484636307 1004.2741405963898 13902.004736423492 24116.097329378128
leaf_count=8381 110952 12083 6083 26548 6439 13631 6252 1753 3381 9594 38945 8755 951 10082 20510 17775 940 1228 71741 6240 1814 1279 8632 4986 16731 24923 21397 20059 5957 6837 8590 8688 984 1004 749 10789 18736 26204 17797 8651 1859 5113 10039 1862 8702 6361 1320 4950 180 72092 5795 27362 19027 17327 686 3193 390 173 2894 231 1807 5064
internal_value=1.20916e-05 0.000254077 0.00179872 0.00259656 -0.00307534 7.55322e-06 0.000308245 9.43537e-05 -0.00448183 0.00451507 0.000379046 -0.000527467 -0.00223105 0.00147613 0.00348612 -0.00111474 -5.05844e-05 -0.00889267 -0.00176652 0.00108079 -0.00132444 -0.0104109 0.00751228 -0.0111064 0.00535399 0.0011061 -0.00122407 0.0011292 0.00111523 -0.00128183 0.00566446 -0.00946742 -0.0123918 -0.0177308 -0.0233972 0.00690948 0.00205592 0.00333291 0.00424603 0.00125265 -0.00306801 -0.00215048 0.000395812 -0.00992542 0.00332346 0.00667045 0.0165652 0.00336137 -0.0340042 0.00092006 -0.00202221 -0.000633079 -0.00362235 -0.00277662 -0.000524556 0.00360527 0.0186542 -0.0051673 -0.00862938 0.0241603 -0.000950872 0.00209224
internal_weight=2.35969e+06 1.98791e+06 273601 235115 38485.6 1.71431e+06 1.46586e+06 1.4236e+06 83376.2 35361.6 1.34022e+06 733846 359225 606373 261756 307669 344617 51555.9 248452 157366 76590.2 16283.7 42266.3 48014.6 153151 374621 108484 60306.4 248582 371771 77749 41651.7 31998.9 13226.4 9114.61 106011 266136 155468 134196 55002.8 96035 84698.9 49569.7 11336.1 52226.5 26446.2 6952.47 80776.2 4416.34 245212 255443 136731 118712 105426 56942.7 22911.7 3614.92 4111.8 18772.5 4354.75 350172 64754.6
internal_count=793498 673902 94085 81563 12522 579817 494445 479561 28402 12975 451159 256240 130151 194919 86975 114184 107944 15967 85372 60890 29392 7519 14884 15427 48030 126089 46320 21873 78989 119596 20673 13674 7212 3334 1933 31299 79769 61033 52652 26448 28955 25234 15152 3721 17565 8863 2502 31498 929 78049 96619 50201 46418 40623 21596 4269 1076 1401 3878 1551 112759 22839
cat_boundaries=0 4 8 9 13 17 21 25 26 27 28 32 36 40 44 45 49 50 54 58 62 66
cat_threshold=1074799232 1092386832 1757548866 32850 1611702936 1286224 3892981923 1097730 139680 1361092608 558645888 417360769 76354 8432 11328 2298614064 118017 1107304576 1074937993 3777116832 99587 303047712 3792851649 2117145 57868 34816 28 6 1627396560 571483008 287918339 2097756 2415951872 536896128 10502209 74240 19923248 1096573440 409683968 33360 2147516738 1610695680 2369348 76544 624658 128 0 3758239744 32768 1248290 16781344 2147786240 16390 279180 1344275968 1091731472 13126276 1310802 1375732736 1079018112 14699204 270336 1048576 537403392 142623233 34818
is_linear=0
shrinkage=0.05


end of trees

feature_importances:
week_of_year=1364
product_type_name=814
online_share_w4=335
units_w1=329
discount=320
trend_1_4=315
garment_group_name=273
weeks_since_launch=265
index_group_name=257
units_w12=197
n_active_articles_w4=179
units_w8=162
trend_4_12=144
buyers_w4=143
units_w2=135
repeat_rate_w4=131
units_w4=123
ly_units_h=118
colour_group_name=94
avg_price_w4=68
is_new=31
graphical_appearance_name=21
product_group_name=10

parameters:
[boosting: gbdt]
[objective: regression]
[metric: l2]
[tree_learner: serial]
[device_type: cpu]
[data_sample_strategy: bagging]
[data: ]
[valid: ]
[num_iterations: 94]
[learning_rate: 0.05]
[num_leaves: 63]
[num_threads: 0]
[seed: 42]
[deterministic: 1]
[force_col_wise: 0]
[force_row_wise: 1]
[histogram_pool_size: -1]
[max_depth: -1]
[min_data_in_leaf: 100]
[min_sum_hessian_in_leaf: 0.001]
[bagging_fraction: 0.8]
[pos_bagging_fraction: 1]
[neg_bagging_fraction: 1]
[bagging_freq: 1]
[bagging_seed: 400]
[bagging_by_query: 0]
[feature_fraction: 0.8]
[feature_fraction_bynode: 1]
[feature_fraction_seed: 30056]
[extra_trees: 0]
[extra_seed: 12879]
[early_stopping_round: 0]
[early_stopping_min_delta: 0]
[first_metric_only: 0]
[max_delta_step: 0]
[lambda_l1: 0]
[lambda_l2: 1]
[linear_lambda: 0]
[min_gain_to_split: 0]
[drop_rate: 0.1]
[max_drop: 50]
[skip_drop: 0.5]
[xgboost_dart_mode: 0]
[uniform_drop: 0]
[drop_seed: 17869]
[top_rate: 0.2]
[other_rate: 0.1]
[min_data_per_group: 100]
[max_cat_threshold: 32]
[cat_l2: 10]
[cat_smooth: 20]
[max_cat_to_onehot: 4]
[top_k: 20]
[monotone_constraints: ]
[monotone_constraints_method: basic]
[monotone_penalty: 0]
[feature_contri: ]
[forcedsplits_filename: ]
[refit_decay_rate: 0.9]
[cegb_tradeoff: 1]
[cegb_penalty_split: 0]
[cegb_penalty_feature_lazy: ]
[cegb_penalty_feature_coupled: ]
[path_smooth: 0]
[interaction_constraints: ]
[verbosity: -1]
[saved_feature_importance_type: 0]
[use_quantized_grad: 0]
[num_grad_quant_bins: 4]
[quant_train_renew_leaf: 0]
[stochastic_rounding: 1]
[linear_tree: 0]
[max_bin: 255]
[max_bin_by_feature: ]
[min_data_in_bin: 3]
[bin_construct_sample_cnt: 200000]
[data_random_seed: 175]
[is_enable_sparse: 1]
[enable_bundle: 1]
[use_missing: 1]
[zero_as_missing: 0]
[feature_pre_filter: 1]
[pre_partition: 0]
[two_round: 0]
[header: 0]
[label_column: ]
[weight_column: ]
[group_column: ]
[ignore_column: ]
[categorical_feature: 17,18,19,20,21,22]
[forcedbins_filename: ]
[precise_float_parser: 0]
[parser_config_file: ]
[objective_seed: 16083]
[num_class: 1]
[is_unbalance: 0]
[scale_pos_weight: 1]
[sigmoid: 1]
[boost_from_average: 1]
[reg_sqrt: 0]
[alpha: 0.9]
[fair_c: 1]
[poisson_max_delta_step: 0.7]
[tweedie_variance_power: 1.5]
[lambdarank_truncation_level: 30]
[lambdarank_norm: 1]
[label_gain: ]
[lambdarank_position_bias_regularization: 0]
[eval_at: ]
[multi_error_top_k: 1]
[auc_mu_weights: ]
[num_machines: 1]
[local_listen_port: 12400]
[time_out: 120]
[machine_list_filename: ]
[machines: ]
[gpu_platform_id: -1]
[gpu_device_id: -1]
[gpu_device_id_list: ]
[gpu_use_dp: 0]
[num_gpu: 1]

end of parameters

pandas_categorical:[["Accessories set", "Alice band", "Backpack", "Bag", "Ballerinas", "Beanie", "Belt", "Bikini top", "Blazer", "Blouse", "Bodysuit", "Bootie", "Boots", "Bra", "Bra extender", "Bracelet", "Braces", "Bucket hat", "Bumbag", "Cap", "Cap/peaked", "Cardigan", "Chem. cosmetics", "Clothing mist", "Coat", "Costumes", "Cross-body bag", "Cushion", "Dog Wear", "Dress", "Dungarees", "Earring", "Earrings", "Eyeglasses", "Felt hat", "Fine cosmetics", "Flat shoe", "Flat shoes", "Flip flop", "Garment Set", "Giftbox", "Gloves", "Hair clip", "Hair string", "Hair ties", "Hair/alice band", "Hat/beanie", "Hat/brim", "Heeled sandals", "Heels", "Hoodie", "Jacket", "Jumpsuit/Playsuit", "Keychain", "Kids Underwear top", "Leg warmers", "Leggings/Tights", "Long John", "Marker pen", "Mobile case", "Moccasins", "Necklace", "Night gown", "Nipple covers", "Other accessories", "Other shoe", "Outdoor Waistcoat", "Outdoor overall", "Outdoor trousers", "Polo shirt", "Pumps", "Pyjama bottom", "Pyjama jumpsuit/playsuit", "Pyjama set", "Ring", "Robe", "Sandals", "Sarong", "Scarf", "Sewing kit", "Shirt", "Shorts", "Side table", "Skirt", "Sleeping sack", "Slippers", "Sneakers", "Socks", "Soft Toys", "Stain remover spray", "Straw hat", "Sunglasses", "Sweater", "Swimsuit", "Swimwear bottom", "Swimwear set", "Swimwear top", "T-shirt", "Tailored Waistcoat", "Tie", "Top", "Towel", "Trousers", "Umbrella", "Underdress", "Underwear Tights", "Underwear body", "Underwear bottom", "Underwear corset", "Underwear set", "Unknown", "Vest top", "Wallet", "Washing bag", "Watch", "Waterbottle", "Wedge", "Weekend/Gym bag", "Wood balls", "Zipper head"], ["Accessories", "Bags", "Cosmetic", "Furniture", "Garment Full body", "Garment Lower body", "Garment Upper body", "Garment and Shoe care", "Interior textile", "Items", "Nightwear", "Shoes", "Socks & Tights", "Stationery", "Swimwear", "Underwear", "Underwear/nightwear", "Unknown"], ["Accessories", "Blouses", "Dressed", "Dresses Ladies", "Dresses/Skirts girls", "Jersey Basic", "Jersey Fancy", "Knitwear", "Outdoor", "Shirts", "Shoes", "Shorts", "Skirts", "Socks and Tights", "Special Offers", "Swimwear", "Trousers", "Trousers Denim", "Under-, Nightwear", "Unknown", "Woven/Jersey/Knitted mix Baby"], ["Baby/Children", "Divided", "Ladieswear", "Menswear", "Sport"], ["Beige", "Black", "Blue", "Bronze/Copper", "Dark Beige", "Dark Blue", "Dark Green", "Dark Grey", "Dark Orange", "Dark Pink", "Dark Purple", "Dark Red", "Dark Turquoise", "Dark Yellow", "Gold", "Green", "Greenish Khaki", "Grey", "Greyish Beige", "Light Beige", "Light Blue", "Light Green", "Light Grey", "Light Orange", "Light Pink", "Light Purple", "Light Red", "Light Turquoise", "Light Yellow", "Off White", "Orange", "Other", "Other Blue", "Other Green", "Other Orange", "Other Pink", "Other Purple", "Other Red", "Other Turquoise", "Other Yellow", "Pink", "Purple", "Red", "Silver", "Transparent", "Turquoise", "Unknown", "White", "Yellow", "Yellowish Brown"], ["All over pattern", "Application/3D", "Argyle", "Chambray", "Check", "Colour blocking", "Contrast", "Denim", "Dot", "Embroidery", "Front print", "Glittering/Metallic", "Hologram", "Jacquard", "Lace", "Melange", "Mesh", "Metallic", "Mixed solid/pattern", "Neps", "Other pattern", "Other structure", "Placement print", "Sequin", "Slub", "Solid", "Stripe", "Transparent", "Treatment", "Unknown"]]
