tree
version=v4
num_class=1
num_tree_per_iteration=1
label_index=0
max_feature_idx=22
objective=regression
feature_names=units_w1 units_w2 units_w4 units_w8 units_w12 trend_1_4 trend_4_12 buyers_w4 repeat_rate_w4 online_share_w4 n_active_articles_w4 avg_price_w4 discount weeks_since_launch is_new ly_units_h week_of_year product_type_name product_group_name garment_group_name index_group_name colour_group_name graphical_appearance_name
feature_infos=[0:4424] [0:8423] [0:14345] [0:23332] [1:35859] [0:4] [0:3] [0:8950] [0:13] [0:1] [0:35] [0.00023728814267087728:0.50677967071533203] [0:0.98999799984879677] [1:83] [0:1] [0:11920] [1:52] -1:25:95:85:9:46:90:93:77:75:74:104:13:27:100:45:80:3:51:12:41:19:47:8:87:81:7:34:58:72:67:55:40:10:86:21:84:6:36:70:98:59:37:18:42:68:26:4:79:99:38:31:63:43:64:15:56:92:66:62:65:60:88:109:22:71:91:69:33:105:49:102:61:107:5:24:57:97:11:44:103:52:76:30:82:28:39:101:108:35:78:89:96:1:32:50:110:20:73:0:16:29:2:48:53:54:14:23:112:17:111:94 -1:6:5:4:0:11:14:13:12:10:2:16:3:15:1:7:9 -1:6:0:1:7:16:18:3:10:8:19:5:15:17:13:20:12:14:9:11:4 -1:2:0:1:3:4 -1:1:5:0:47:2:24:19:14:17:20:29:7:11:16:42:6:22:4:40:49:23:8:9:48:15:35:27:28:30:43:13:21:25:12:18:39:45:10:3:26:41:32:37:31:44:34:33:46:36 -1:25:0:15:7:26:4:14:10:22:5:21:1:9:11:13:23:18:8:28:17:6:20:3:16:27:24:19:29:2
tree_sizes=7068 7067 7032 7080 7030 7023 7025 7039 7025 7148 7053 7065 7107 7074 6961 6983 7059 7021 7135 7133 6980 7128 6966 7084 6988 7121 7125 7190 7150 7098 6953 7164 7234 7197 7049 7188 7346 7196 7206 7196 7257 7076 7226 6957 7215 7176 7190 7196 7203 6986 7303 7240 7261 6953 7251 7028 7276 7272 7362 7238 7173 7095 7207 7336 7324 7282 7254 7288 7438 6973 7327 7345 7281 7272 7018 7318 7017 7291 7218 7263 7208 7296 7241 6927 7279 7458 7426 7311 7326 7245 7250 6996 7317 7316

Tree=0
num_leaves=63
num_cat=15
split_feature=5 5 2 5 12 2 12 13 5 5 4 17 20 2 9 5 7 2 20 19 13 12 10 13 9 4 5 19 17 5 5 12 2 20 4 4 5 10 7 12 17 12 5 9 12 17 17 2 12 19 10 5 12 19 8 17 12 10 5 2 19 19
split_gain=281302 46191.7 31053.9 33279.9 28209.2 14455.6 9442.46 8939.33 8093.14 4705.48 4276.36 4047 3744.55 3705.03 3565.05 2730.75 2685.59 2587.59 2315.86 1847.49 1760.43 1733.08 1719.64 1650.17 1616.99 1413.22 1397.98 1338.6 1330.87 1320.31 1229.6 1156.02 1136.03 1130.7 1020.67 964.961 941.051 905.785 811.538 779.634 734.95 723.225 709.206 703.664 695.865 658.977 657.553 632.955 625.944 622.986 614.68 595.784 586.652 562.747 541.706 540.972 535.573 532.416 529.901 588.593 528.026 514.892
threshold=0.33385909568874872 1.3326935380678184 1.5000000000000002 1.0000000180025095e-35 0.080361041402882985 4.5000000000000009 0.31006758089379027 2.5000000000000004 2.1341907824222939 0.8485113024615426 4.5000000000000009 0 1 15.500000000000002 0.075093984962406032 0.66709292412617238 55.500000000000007 9.5000000000000018 2 3 10.500000000000002 0.19925545681460691 1.5000000000000002 17.500000000000004 0.15523125809109101 73.500000000000014 0.51251780344991305 4 5 1.598701298701299 3.9921875000000004 0.24200150947518353 68.500000000000014 6 129.50000000000003 6.5000000000000009 0.69586530264279634 2.5000000000000004 1.5000000000000002 0.038491179551041983 7 0.25587278503963856 0.097960815673730522 0.99985465116279082 0.28357166411913587 8 9 2.5000000000000004 0.3001000213562604 10 1.5000000000000002 0.23553051495212957 0.31450975266713416 11 1.0897697540554685 12 0.055869307310956191 1.5000000000000002 2.7514258555133084 1.5000000000000002 13 14
decision_type=2 2 2 2 2 2 2 2 2 2 2 9 1 2 10 2 2 2 1 9 2 2 2 2 10 2 2 9 9 2 2 2 2 1 2 2 2 2 2 2 9 2 2 10 2 9 9 2 2 9 2 2 2 9 2 9 2 2 2 2 9 9
left_child=2 6 10 5 7 21 9 12 29 23 20 15 54 19 -7 46 28 41 -9 49 -1 47 38 34 -18 48 -25 -15 51 -6 -21 -10 57 -11 61 -23 -13 56 -20 -24 -17 -16 -26 -22 -27 -19 -8 -4 -12 -14 -36 -5 -30 -37 -3 -28 -35 -29 -33 -60 -43 -2
right_child=1 4 3 16 8 14 11 18 31 33 25 36 13 27 17 40 24 45 22 30 43 35 39 26 42 44 55 32 52 -31 -32 58 -34 37 50 53 -38 -39 -40 -41 -42 60 -44 -45 -46 -47 -48 -49 -50 -51 -52 -53 -54 -55 -56 -57 -58 -59 59 -61 -62 -63
leaf_value=-0.0014447419525029925 -0.042995657990107808 -0.053804656490103436 0.0059630120599063474 -0.0016334829151840105 -0.066976390708965133 0.0059714076440142774 -0.032117536224196427 -0.071973256949233538 -0.083216780587170705 -0.057776192102684185 -0.0061947798483570279 -0.058036151395308141 -0.056787745324898484 -0.093243026733394574 0.037262227187634736 -0.048440758304862004 -0.076593320849760602 0.057879411775956416 -0.083987316922589192 -0.017438628037901777 -0.028246409362037525 -0.0097406044393953672 -0.041632648381499202 -0.025398463607078453 -0.0018001094343816151 0.064298727826468921 -0.03352833763993672 -0.032684495181674739 -0.019854108878859446 -0.076886280364894311 0.026671299087915393 -0.090648830616387649 -0.05310986193599878 -0.04576701216320761 -0.051172955680022038 0.012393328498680141 -0.069620579173258215 -0.042038330534628153 -0.059628847397974923 -0.053970541203281319 -0.058348234961949894 0.035285111445959624 -0.034889735467321999 -0.019260279369123928 0.0021235905143099018 0.039492396547396516 -0.044283769894568434 0.018969218333043034 -0.015632577535867258 -0.015765531294292964 -0.041833189503567299 -0.015655183105413934 -0.038133583381561004 -6.4972326316498075e-05 -0.08427388311212311 -0.040444677404728117 -0.052647270760254689 -0.0081873416513382688 -0.094226125732369104 -0.10777521620712165 0.017973844828017581 -0.031995251861214609
leaf_weight=7345.9819073677063 16589.023270845413 4873.8928136825562 16820.377652645111 12981.599402427673 60390.115221500397 9961.5357873439789 15579.026987075806 24381.968491077423 20581.373750686646 23005.728108882904 30051.222586631775 32614.515667915344 1171.8197538852692 1019.5659475326538 20340.271327018738 27807.453684329987 2266.7147727012634 15048.44420671463 3692.9003994464874 2241.0385916233063 115117.27380943298 18989.805705547333 23270.89466714859 36346.209405899048 1757.6793761253357 896.9908561706543 62458.691911697388 6528.867027759552 11707.142215967178 75850.51071023941 5365.1355142593384 19115.173669099808 5265.2527775764465 61343.25287437439 28499.317316770554 13382.724147319794 37925.985843896866 81645.682658433914 46165.584425449371 28467.763200521469 57734.768564462662 7117.8041310310364 20438.700943470001 26871.93893289566 906.51115894317627 8359.2966823577881 38607.904093503952 21153.763243675232 42340.268695831299 4298.8765721321106 46131.986400127411 18214.614227056503 7021.7820522785187 30540.385637760162 2081.915130853653 51643.351884365082 52489.860960483551 3358.7293157577515 15676.849762439728 16488.134581565857 13635.106045246124 29616.8987159729
leaf_count=5392 4339 2349 8015 2975 16823 2974 3668 8555 6300 6110 23135 7295 463 209 6798 6413 385 4012 2148 715 106952 8655 4392 7963 292 714 12660 1476 2781 23310 2113 5542 878 12639 5169 5787 8907 13111 12852 5282 13624 2382 3345 15871 675 2186 9015 8549 33163 1655 7320 4488 1667 13273 737 10849 11981 742 9259 5255 4563 7372
internal_value=-0.0389971 -0.0531904 -0.00689787 0.00521928 -0.0674723 0.0171075 -0.045636 -0.0518396 -0.0796555 -0.0418311 -0.0204358 -0.0544985 -0.0299429 -0.0221035 0.0338181 -0.0495672 -0.0228043 0.038118 -0.0581325 -0.00230897 -0.0253106 0.00477319 -0.0548058 -0.0374329 -0.0363764 -0.0106244 -0.033938 -0.0381001 -0.0161542 -0.0724939 0.0136104 -0.0932325 -0.0343537 -0.0472921 -0.0417841 -0.000319739 -0.0642613 -0.0460569 -0.0614339 -0.0484214 -0.0551311 0.030555 -0.0322679 -0.0265456 0.0330872 0.0513917 -0.0407856 0.0132095 -0.0117144 -0.0245705 -0.0453999 -0.00982871 -0.0267135 0.00375254 -0.0628951 -0.0366584 -0.0489397 -0.0243608 -0.0972514 -0.101173 0.0239778 -0.035944
internal_weight=1.54359e+06 1.07033e+06 473268 249738 370286 175350 700040 162184 208102 489770 223530 210270 36205.1 29249.3 74462.5 139729 74388.2 64500.9 125979 13076.9 149335 100887 101597 271285 24463.1 74195 150448 16172.4 49925.1 136241 7606.17 71861.5 15152.8 218485 120837 62912.9 70540.5 195479 49858.5 51738.7 85542.2 41093.2 22196.4 141989 1803.5 23407.7 54186.9 37974.1 72391.5 5470.7 74631.3 31196.2 18728.9 43923.1 6955.81 114102 113833 9887.6 51280.2 32165 20752.9 46205.9
internal_count=528519 259490 269029 83127 111055 67194 148435 44566 66489 99513 185902 48922 11337 8251 22915 32720 15933 19941 33229 4946 128215 44279 24674 55672 4022 57687 31472 3305 11911 40133 2828 26356 3096 43841 24200 27715 16202 37731 15000 9674 20037 13743 3637 122823 1389 6198 12683 16564 56298 2118 12489 7463 4448 19060 3086 23509 24620 2218 20056 14514 6945 11711
cat_boundaries=0 4 5 6 7 8 12 13 17 21 25 26 27 31 32 33
cat_threshold=2248148624 1225293826 2765302851 10500 1 1 681729 540672 2248418960 134791168 2764253261 264 1 67109520 32770 12584960 256 2181314176 134791680 2765106184 256 640 32768 13633536 8448 540672 120842 2147492568 2156019712 2223188072 8592 104458 1761297
is_linear=0
shrinkage=1


Tree=1
num_leaves=63
num_cat=14
split_feature=5 5 3 12 0 2 12 13 5 5 17 1 20 2 0 5 13 5 7 3 19 9 13 12 9 5 9 3 9 9 6 5 3 2 20 3 5 3 5 10 19 7 9 17 17 13 19 12 6 20 13 20 10 12 10 13 19 12 17 5 17 17
split_gain=252502 41480.1 30059.4 25199 24984.2 19197.3 8091.96 7860.95 7442.72 4089.01 3823.73 3506.29 3346.82 4062.57 2867.73 2733.78 2273.3 2059.88 1912.65 1808.43 1715.78 1630.26 1527.86 1417.37 1358.17 1341.16 1287.84 1373.41 1209.15 1195.57 1147.15 1130.07 1114.66 1105.95 1081.13 1066.74 1064.86 1009.16 850.108 848.081 822.424 993.421 817.051 816.34 739.629 697.996 697.507 682.406 669.19 666.146 619.318 599.507 563.809 550.89 533.892 520.353 509.853 507.429 493.324 486.813 485.171 476.722
threshold=0.33385909568874872 1.3326935380678184 2.5000000000000004 0.071582474706323077 1.0000000180025095e-35 3.5000000000000004 0.2761677220668125 3.5000000000000004 2.1560336117887684 0.82189007819865789 0 2.5000000000000004 1 16.500000000000004 2.5000000000000004 0.66709292412617238 7.5000000000000009 3.9921875000000004 12.500000000000002 6.5000000000000009 2 0.083499335989375839 17.500000000000004 0.16675931320274459 0.015373871938117749 1.6670006680026723 0.094583604424203008 14.500000000000002 0.16683433936955067 0.73887928052576968 1.6669143140168401 0.54570777412003046 56.500000000000007 6.5000000000000009 3 1.5000000000000002 2.1053284171370774 130.50000000000003 0.72160905599353153 1.5000000000000002 4 40.500000000000007 0.32660611491256658 5 6 24.500000000000004 7 0.28009418153262983 1.9000907441016335 8 25.500000000000004 9 1.5000000000000002 0.28009418153262983 1.5000000000000002 72.500000000000014 10 0.33355893277270959 11 0.50038639876352409 12 13
decision_type=2 2 2 2 2 2 2 2 2 2 9 2 1 2 2 2 2 2 2 2 9 10 2 2 10 2 10 2 10 10 2 2 2 2 1 2 2 2 2 2 9 2 10 9 9 2 9 2 2 1 2 1 2 2 2 2 9 2 9 2 9 9
left_child=2 6 16 7 5 19 9 12 25 22 15 21 -3 17 28 45 -1 -14 36 42 56 -7 37 -10 -16 53 -13 -28 55 -15 -25 -24 47 -23 -11 -18 -9 59 -12 -36 -31 -42 -4 -26 -30 -8 -47 -21 50 -20 -17 -22 -39 -5 -51 -6 -19 -46 -33 -2 -41 -52
right_child=1 3 4 8 14 11 10 18 23 34 38 26 13 29 24 48 35 20 49 32 51 33 31 30 43 -27 27 -29 44 40 -32 58 -34 -35 39 -37 -38 52 -40 60 41 -43 -44 -45 57 46 -48 -49 -50 54 61 -53 -54 -55 -56 -57 -58 -59 -60 -61 -62 -63
leaf_value=0.042994393442008103 0.010016476029714226 -0.023208208174698278 0.025019804814748234 -0.022240696229197665 0.0049656637456565993 0.040254016737719014 -0.011608587826478053 -0.02132563823385639 -0.03796239107758384 -0.017582656847173309 -0.017561093785237493 0.050341040853976782 0.0089494417868916775 0.017040653360481769 -0.051959359965240572 -0.022523765066964171 0.010711640861762109 -0.017634465400525687 -0.031517725207469302 0.049212445088965828 0.0097589763669372141 0.056586523761369668 0.012442424540997631 -0.049761868907686371 0.0135743431807348 -0.036717611563774712 0.066998655383118361 0.090701776024120925 0.032327136577871098 -0.047359121316420186 -0.064974408481327073 0.0061335986362293848 0.10277443174191236 0.071257963133692023 -0.011097778180316025 0.01997095811194512 -0.037655981288667588 -0.013013345822718207 -0.027932736847836228 -0.0012532827475605756 0.0091786872862215426 -0.01436130707802815 0.035341236868400898 -0.0029623688276623297 0.024645437706889491 0.0092067344893675303 -0.0032906339742750515 0.037047838214922808 -0.030579521164077694 -0.019332846547747654 -0.006199437637717669 0.066826454405997507 -0.0030797285633794823 -0.030629362867116712 -0.0087148309867142899 -0.052929521557934261 0.028072565495450136 0.0061447753696825484 -0.0012172085291509431 -0.00047145169627834825 -0.0071726526216857453 -0.014741009680784371
leaf_weight=6536.717896938324 16167.270625591278 8870.4326646327972 32281.726192951202 34344.195460319519 4496.8304998874664 10032.141807556152 11773.222626924515 26154.133469820023 16355.064111709595 23478.976934909821 38273.746911764145 3434.6066446304321 6237.9850924015045 6667.5701956748962 1070.5594987869263 15624.287269592285 128812.10076284409 825.28242826461792 4794.4465291500092 20899.533297538757 521.04053997993469 33648.640600681305 41058.255317211151 38420.660151481628 14962.493055343628 64505.101284265518 9166.4820349216461 18440.357236146927 21865.114526033401 1200.420524597168 18319.503185033798 45591.297016620636 779.29325580596924 20821.301419973373 62163.553199529648 41010.758722305298 16150.8412129879 22266.406040906906 40855.626882076263 72757.792995214462 7529.104781627655 11070.973815441132 47272.930945396423 14876.426139831543 10691.419162034988 19474.181321144104 26138.534612178802 25771.308411121368 6170.9275517463684 17333.361973524094 26355.806128025055 5461.7745199203491 39845.354953289032 45552.69984292984 37354.064265727997 423.75980353355408 2280.2747271060944 5673.8632142543793 45694.297539710999 35048.765084266663 66050.12257027626 43189.457956314087
leaf_count=4141 4051 3721 24345 8768 1079 3316 2532 9477 4678 6186 8443 982 1986 1324 186 3374 115137 345 1112 11387 230 12313 8809 15532 2622 19975 3119 5159 5354 243 6467 9288 479 6158 14147 29168 7136 3818 9602 12440 1720 1904 23826 2568 2579 4625 6260 13980 1462 3597 6129 2116 6153 13263 6461 98 961 1357 9723 8843 11871 10380
internal_value=-5.00716e-06 -0.0134748 0.0304087 -0.0270101 0.0401284 0.0484997 -0.00630066 -0.0114234 -0.0379353 -0.00255263 -0.0140337 0.065431 0.00466941 0.0105896 0.0149728 -0.00930693 0.0140617 0.031077 -0.0194337 0.0357621 0.046262 0.0587839 0.00190451 -0.0509358 0.00334759 -0.0313543 0.0792407 0.0828342 0.0232998 -0.00127041 -0.0546745 0.0055533 0.0434883 0.0621959 -0.00743118 0.0129478 -0.0275608 -0.00235655 -0.0229135 -0.00624394 -0.00743698 -0.00483 0.0311534 0.00533357 0.0263025 -0.00075515 0.00204645 0.0424962 -0.0146807 -0.013653 -0.0135284 0.0618835 -0.00664098 -0.0270238 -0.0120783 -2.99942e-05 0.0159068 0.0182209 0.00245461 0.00283938 -0.00407058 -0.0115071
internal_weight=1.5409e+06 1.06793e+06 472968 369949 296609 222548 697978 152452 217497 470122 227856 95543.5 50664.9 41794.4 74060.5 148726 176360 15326.4 101787 127005 9088.37 64502.1 245672 73095.2 30909.5 144402 31041.4 27606.8 43151 26468.1 56740.2 132344 47450.1 54469.9 224450 169823 42305 113328 79129.4 200971 19800.5 18600.1 79554.7 29838.9 38230.4 57385.9 45612.7 46670.8 91340.5 59481.9 85169.6 5982.82 62111.8 79896.9 54687.4 4920.59 3105.56 16365.3 91285.6 51216 138808 69545.3
internal_count=528505 259152 269353 111016 120907 105064 148136 42333 68683 95329 52807 31047 14550 10829 15843 34762 148446 5638 27783 74017 3652 21787 50685 26677 5376 42006 9260 8278 10467 5191 21999 27820 25846 18471 44644 144305 16613 22865 18045 38458 3867 3624 48171 5190 9290 13417 10885 25367 21345 11170 19883 2346 9971 22031 10058 1177 1306 3936 19011 12894 24311 16509
cat_boundaries=0 4 5 6 7 8 12 16 17 18 19 20 24 28 32
cat_threshold=2265187984 1208516674 2765171776 8452 1 680705 1 540672 36184960 573440 2224031744 256 2248156864 134774800 2765105152 256 34827 1 8 540672 2149589208 2172797184 2222991464 8594 270540952 2299022096 2227308842 404 67109520 32834 13699136 256
is_linear=0
shrinkage=0.05


Tree=2
num_leaves=63
num_cat=8
split_feature=5 5 3 12 0 2 12 13 5 5 16 17 20 2 3 1 16 5 16 16 16 7 16 2 5 20 10 16 17 16 16 3 16 13 16 16 13 5 16 2 2 7 12 6 17 16 17 16 16 16 5 10 20 3 16 16 16 7 3 16 17 12
split_gain=228903 39019 30102.3 22753.5 21167.5 13256.3 7478.91 7146.63 6627.18 4573.49 3541.57 3367.25 2875.55 3576.88 2779.33 2684.48 2454.89 2298.47 1927.72 2926.7 1896.46 1862.89 1781.65 1741.05 1634.17 1538.93 1399.06 1365.12 1358.75 1302.6 1354.54 1283.9 1272.68 1228.82 1138.18 1220.44 1132.9 1107.21 1084.94 998.211 994.319 991.472 976.412 948.012 947.619 972.457 1124.97 921.285 909.939 1751.2 875.781 829.525 816.914 781.154 765.923 720.621 773.426 675.716 673.428 667.984 663.7 659.128
threshold=0.30792817761004815 1.3326935380678184 3.5000000000000004 0.080361041402882985 1.0000000180025095e-35 4.5000000000000009 0.31450975266713416 3.5000000000000004 2.1341907824222939 0.63169856459330154 16.500000000000004 0 1 15.500000000000002 1.5000000000000002 1.5000000000000002 9.5000000000000018 0.64259661597208517 51.500000000000007 45.500000000000007 9.5000000000000018 64.500000000000014 48.500000000000007 2.5000000000000004 3.9921875000000004 2 1.5000000000000002 44.500000000000007 3 15.500000000000002 9.5000000000000018 38.500000000000007 49.500000000000007 7.5000000000000009 16.500000000000004 9.5000000000000018 6.5000000000000009 1.6848471986417659 44.500000000000007 8.5000000000000018 71.500000000000014 76.500000000000014 0.16270336555042328 1.3306253629692204 4 12.500000000000002 5 10.500000000000002 16.500000000000004 9.5000000000000018 0.16032128514056229 1.5000000000000002 6 3.5000000000000004 14.500000000000002 44.500000000000007 9.5000000000000018 90.500000000000014 128.50000000000003 15.500000000000002 7 0.28009418153262983
decision_type=2 2 2 2 2 2 2 2 2 2 2 9 1 2 2 2 2 2 2 2 2 2 2 2 2 1 2 2 9 2 2 2 2 2 2 2 2 2 2 2 2 2 2 2 9 2 9 2 2 2 2 2 1 2 2 2 2 2 2 2 9 2
left_child=2 6 14 7 5 23 9 12 37 21 16 17 -3 24 36 29 40 27 19 20 -11 55 -21 31 -14 -9 53 -8 -18 30 -7 61 -24 -16 35 -17 -1 -5 47 -36 -6 51 -10 -44 -22 46 -46 -19 49 -13 -12 -15 -26 -27 -28 56 -2 -30 -31 -33 -32 -4
right_child=1 3 4 8 10 15 11 25 42 18 50 48 13 41 33 34 28 38 -20 22 44 -23 32 -25 52 26 54 -29 57 58 60 59 -34 -35 39 -37 -38 -39 -40 -41 -42 -43 43 -45 45 -47 -48 -49 -50 -51 -52 -53 -54 -55 -56 -57 -58 -59 -60 -61 -62 -63
leaf_value=0.038273527029073516 0.015558725710517959 -0.021776981401879243 0.038651345770957038 -0.026274113453741602 0.025911449798203423 0.060578644371604519 -0.0036253441243264579 -0.030571154826020821 -0.037089722970460065 -0.0013081950589566226 0.045300972224334962 -0.01936318992364898 0.0089631422958327579 -0.0022028307116676526 0.048479199243055993 0.077616365084006114 0.005087891910765082 -0.010889226211890247 -0.02677793571502007 0.010904994829443607 -0.0057308108360892172 -0.0014210707437290625 -0.024975153706314906 0.046176401567050579 0.00071268497976349212 -0.043045849914580853 -0.0024535123845078419 0.018242151801273469 -0.015254791810770338 0.063918119809272075 0.0092442927510038766 0.023117214014224473 0.00053411084517592867 0.021441681838063522 0.070863601605490129 0.054117148827500738 0.010215408404236966 -0.035361336775065443 -0.002595406915769483 0.092857812276321117 -0.0024958346069188829 -0.014168750318703613 -0.045860956215477526 -0.058699148246287247 -0.052906516788005301 -0.01057900405970213 -0.018159304483668714 -0.022837469476569706 -0.013685388726498021 -0.0386085277278993 0.02365692822859497 0.020406271696487829 0.048498764865816078 -0.0202260509872111 -0.015480954006570275 0.017928905894091074 0.0033392377135053326 -0.047373350743336123 0.13727222625122973 0.11287088152910446 0.040103028980142022 0.028730330786276799
leaf_weight=3700.3689889907837 19168.649902105331 9170.1369094848633 29008.544325828552 76956.110886573792 11154.348765850067 7650.431229352951 34119.977808237076 22519.51935839653 13864.574245929718 94599.912054777145 5779.8121161460876 42062.754247188568 5984.5598959922791 11837.14780330658 4468.7522010803223 11227.045748233795 7783.9445159435272 35642.300342082977 10250.690656423569 41894.581921815872 75677.613554477692 60545.879998207092 6442.9286530017853 47518.848387718201 1023.1491208076477 4155.275915145874 19791.164060592651 9023.5821077823639 5964.6018280982971 14411.53676366806 2393.6693348884583 284.88614177703857 20269.118604421616 70449.219910621643 9900.446142911911 10907.958736419678 128517.24086713791 59422.0754301548 18563.139582872391 10830.403315782547 4255.2611470222473 9872.9532332420349 30755.505987644196 27062.020295381546 2634.2724719047546 85141.117792606354 20114.01394867897 29479.847877502441 27075.315621137619 16442.17315530777 24447.303812026978 6171.3636245727539 7657.8940076828003 38483.561986684799 26243.668904066086 21866.021547794342 39910.941564559937 2257.1809434890747 319.6599326133728 766.18665742874146 6622.8494069576263 39649.026090621948
leaf_count=2443 4780 3825 17990 21317 2632 2480 7707 7936 3963 19181 1141 9057 1935 2599 2343 3422 1657 8161 2065 8394 14593 9446 1395 19140 478 2224 3790 2156 1344 4667 711 162 4213 48020 3337 3152 114917 18920 4602 2928 699 1577 12588 9769 613 17609 4071 7112 6694 3897 5301 1318 3015 11200 4862 5344 9839 354 92 552 2093 24650
internal_value=-3.71224e-05 -0.0126016 0.0294965 -0.0257465 0.0410633 0.0492667 -0.00574236 -0.0117523 -0.0367037 -0.00239482 0.0155792 -0.0135989 0.00360331 0.00907687 0.0153608 0.0657954 0.00382306 -0.00842519 -0.0054097 -0.00477798 -0.00705919 0.00521258 0.00447122 0.0387953 0.0290673 -0.0188943 -0.0159233 0.000948613 -0.00989095 0.0546837 0.0451033 0.0337632 -0.00561941 0.0230551 0.073933 0.0660391 0.011001 -0.0302338 -0.0132588 0.0823579 0.0180673 -0.00143546 -0.0490125 -0.0518709 -0.0100229 -0.0130317 -0.0222165 -0.0162983 -0.0212625 -0.0247725 0.0277969 0.00554582 0.0429241 -0.0224509 -0.00988041 0.0101744 0.0073041 -0.024048 0.0655191 0.0885889 0.0319674 0.0329226
internal_weight=1.54217e+06 1.0819e+06 460270 370971 253134 191491 710925 162910 208060 498516 61642.5 212409 51717.2 42547.1 207136 74264 31415.3 126829 357024 346774 278167 141491 68606.6 117227 14665.6 111193 88673.7 43143.6 16005.7 31398.1 16666.9 69708.6 26712 74918 42865.9 22135 132218 136378 83685.3 20730.8 15409.6 27881.5 71682.1 57817.5 183567 107889 22748.3 65122.1 85580.2 58504.9 30227.1 18008.5 8681.04 42638.8 46034.8 80945.6 59079.6 8221.78 14731.2 1051.07 9016.52 68657.6
internal_count=528472 262245 266227 111316 98504 85376 150929 44759 66557 101543 13128 49386 14747 10922 167723 22882 6686 29738 72134 70069 56067 29409 14002 62494 5428 30012 22076 9863 3355 10043 5284 43354 5608 50363 12839 6574 117360 40237 19875 6265 3331 5494 26320 22357 36886 22293 4684 15273 19648 12954 6442 3917 3493 13424 8652 19963 14619 1698 4759 714 2804 42640
cat_boundaries=0 4 5 6 10 14 17 18 22
cat_threshold=100664976 1073774594 2765163585 8452 1 1 33555328 49152 2222992384 260 18882768 3221232144 2223081767 8670 134217728 75497828 16 8 134225992 75497824 1179920 20
is_linear=0
shrinkage=0.05


Tree=3
num_leaves=63
num_cat=6
split_feature=0 2 12 3 3 0 2 10 0 17 13 7 0 9 2 19 3 0 10 13 19 16 16 16 16 12 6 3 0 7 13 0 3 0 2 12 2 0 17 16 16 16 9 9 16 16 17 16 16 16 16 3 7 0 17 16 2 16 16 0 16 16
split_gain=194382 44235 19739.7 12966 7412.41 6963.24 5103.65 4091.31 4508.13 3875.71 3721.41 3578.56 3939.79 2733.62 2335.48 2029.32 1893.15 2247.33 1843.55 1744.87 1494.46 1492.41 1537.08 1484.7 2648 1444.43 1548.41 1307.48 1160.84 1287.61 1160.12 1147.6 1251.9 1171.37 1147.17 1141.04 1107.21 1072.62 1029.5 1013.87 1078.41 931.812 899.971 880.392 907.032 1033.7 1029.96 1128.34 829.575 1937.94 1246.21 812.773 779.378 959.597 769.984 751.775 746.533 733.964 920.164 730.962 728.666 1160.14
threshold=1.0000000180025095e-35 2.5000000000000004 0.24796826188354512 11.500000000000002 2.5000000000000004 1.5000000000000002 6.5000000000000009 1.5000000000000002 1.5000000000000002 0 1.5000000000000002 3.5000000000000004 1.5000000000000002 0.15523125809109101 9.5000000000000018 1 4.5000000000000009 1.5000000000000002 1.5000000000000002 7.5000000000000009 2 15.500000000000002 10.500000000000002 51.500000000000007 49.500000000000007 0.057162068068412959 1.1653782122428074 38.500000000000007 77.500000000000014 7.5000000000000009 1.5000000000000002 39.500000000000007 28.500000000000004 4.5000000000000009 7.5000000000000009 0.32796157455345715 9.5000000000000018 3.5000000000000004 3 45.500000000000007 4.5000000000000009 48.500000000000007 0.49733331437023559 0.027692569870483984 14.500000000000002 16.500000000000004 4 11.500000000000002 8.5000000000000018 28.500000000000004 11.500000000000002 5.5000000000000009 1.5000000000000002 1.5000000000000002 5 48.500000000000007 11.500000000000002 39.500000000000007 40.500000000000007 44.500000000000007 43.500000000000007 8.5000000000000018
decision_type=2 2 2 2 2 2 2 2 2 9 2 2 2 10 2 9 2 2 2 2 9 2 2 2 2 2 2 2 2 2 2 2 2 2 2 2 2 2 9 2 2 2 10 10 2 2 9 2 2 2 2 2 2 2 9 2 2 2 2 2 2 2
left_child=1 4 7 16 19 14 35 10 34 18 15 52 36 21 -5 -2 -4 -18 -7 -1 -14 22 -8 24 41 30 54 51 29 -22 -10 32 -20 -34 -9 -3 -13 -31 59 40 -32 60 -21 48 46 -46 47 -45 -42 50 -50 -6 -12 -54 -27 -41 -15 -47 -59 -17 61 -11
right_child=2 6 3 5 27 9 13 8 25 23 11 12 20 56 -16 38 17 -19 31 42 28 -23 -24 -25 -26 26 -28 -29 -30 37 39 -33 33 -35 -36 -37 -38 -39 -40 55 43 -43 -44 44 45 57 -48 -49 49 -51 -52 -53 53 -55 -56 -57 -58 58 -60 -61 -62 -63
leaf_value=0.038183820995141518 -0.027036865388160764 0.052281399414625895 -0.04839731397053422 -0.006961698988946996 0.02536783139510573 -0.020749270495117308 0.061284278380392937 0.0032975625525285407 0.027132401916309459 -0.020505171951953855 -0.039257487618285056 0.00054372820507899604 -0.019007130472496608 0.067044894214807235 0.016496641611081889 0.03878144212225481 -0.021893311034825655 -0.044624663391234165 -0.021417298342859346 0.0097393141013370245 -0.022077139882487613 0.086508847671172562 0.010915436117252745 -0.047831033942624432 0.010408073246121356 -0.00048735404172766154 -0.011735688910922052 0.085031882467268616 -0.025020603755053973 0.0040530416745991425 0.0090919485926910688 -0.020969331553850078 0.0051835399231376532 -0.0085371114512883834 0.028306229162481836 0.040227313085969024 0.020416363604969311 -0.0084605263372908406 0.0031141199635210831 0.010802055567727275 0.0081943588464452721 -0.051279863241522207 0.018637318989307199 -0.00064113751750079521 -0.021031076876144129 0.003920541942321755 -0.0065592563295465249 0.016195927379750005 -0.041355198176394652 0.0031135848572245947 -0.12316291551464216 0.034772689699744674 -0.015959470431818387 -0.037650891994270033 -0.0089124382043259311 -0.0089039399567851854 0.081001111087233429 -0.024558362448093975 -0.0049423841021831319 -0.014223282379350664 -0.012824377349658651 -0.031649730350499485
leaf_weight=6421.9537706375122 2421.627548456192 41877.439424753189 28496.786734580994 23163.427238225937 55378.615042209625 54903.120870113373 2441.7172517776489 6787.6628904342651 3708.0148048400879 49530.185471773148 8946.9792618751526 20785.235842466354 53083.688244819641 24198.102146625519 19576.29833316803 7056.4863302707672 24792.33172249794 19371.524318695068 14363.834323406219 133479.22723197937 14763.366212844849 1430.6573832035065 3988.1020994186401 6554.9806795120239 5524.1271157264709 90188.004599571228 84288.527252435684 1062.3796520233154 10890.272377490997 20325.857738256454 17538.130547761917 19274.749775886536 19913.73143362999 71067.355203151703 14134.755195617676 37010.118725776672 10574.194111347198 108713.51041412354 4206.9221816062927 25787.748109340668 1444.0895214080811 3289.2923991680145 36105.363965034485 26383.06295800209 11361.923371553421 17887.860177755356 28693.371075630188 15974.985821485519 1408.9622302055359 1718.6679828166962 695.55177664756775 39283.808200359344 18087.493168354034 7100.8770389556885 38772.34336066246 5957.1905217170715 15936.438374757767 7109.383308172226 37558.21747636795 715.9655818939209 12318.824454069138 44200.604084253311
leaf_count=4065 986 16149 14677 8232 36205 13283 698 2405 1039 10161 5196 7191 12985 7469 5113 2761 10252 7017 4211 123466 5008 429 1036 1323 1146 17833 15794 726 1595 5301 3303 2919 4919 14265 3832 14320 2777 22218 1836 4727 298 741 20600 4668 2053 3155 5329 2821 284 343 133 23938 8021 2944 7877 1185 4060 1254 6736 131 2821 9801
internal_value=1.56333e-05 0.0300749 -0.0104819 -0.0191592 0.018693 -0.015102 0.0544499 -0.00549935 -0.0024534 -0.0177841 -0.0101306 -0.0114361 -0.00927429 0.0673071 0.00378318 0.0146415 -0.0383492 -0.0318647 -0.0131149 0.0126028 -0.0117676 0.0403352 0.0300495 -0.0246844 -0.0233653 -0.00359115 -0.0064657 0.0298908 -0.00928132 -0.00808985 -0.000574844 -0.00975236 -0.00769983 -0.00553394 0.0201934 0.0466268 0.00724509 -0.00648941 0.0230716 -0.00108991 -0.00264031 -0.0250717 0.0116338 -0.00400995 -0.00328028 -0.00715779 0.00075368 0.00570771 -0.0240881 -0.0362808 -0.0684387 0.0292711 -0.0265802 -0.0220758 -0.00302116 0.0071039 0.0725884 -0.00463769 -0.00806498 0.0338541 -0.0242583 -0.0257609
internal_weight=1.54003e+06 398614 1.14141e+06 416341 271731 343681 126883 725071 437398 300941 287672 273271 239136 47995 42739.7 14401 72660.6 44163.9 179523 176007 207777 7860.48 6429.82 121418 114863 416476 213249 95724.8 154693 143803 203227 124620 105345 90981.1 20922.4 78887.6 31359.4 129039 11979.4 199519 167774 109339 169585 150236 144969 73917.4 71051.4 42358 5267.27 3823.18 2104.51 94662.4 34135.3 25188.4 128960 31744.9 40134.5 62555.5 44667.6 7772.45 106050 93730.8
internal_count=528061 253161 274900 110881 209000 78935 44161 164019 85069 65590 78950 73236 57075 13692 13345 5714 31946 17269 39597 148131 47107 2163 1734 25993 24670 78832 41504 60869 34122 32527 37328 26314 23395 19184 6237 30469 9968 27519 4728 36289 30377 23524 144066 27074 26016 13198 12818 7489 1058 760 417 60143 16161 10965 25710 5912 11529 11145 7990 2892 22783 19962
cat_boundaries=0 4 5 6 10 14 18
cat_threshold=2248410768 1628995650 3033598018 8580 1720336 1589777 169879488 559104 2761958472 280 33825936 2281835520 2760910923 400 169878488 142657792 2764187761 402
is_linear=0
shrinkage=0.05


Tree=4
num_leaves=63
num_cat=10
split_feature=5 5 3 0 13 2 5 16 16 16 20 5 1 16 5 19 5 5 13 17 17 0 16 16 3 0 5 10 20 3 16 16 1 3 13 16 17 16 10 3 17 3 16 16 16 16 3 16 16 6 16 17 2 19 11 16 6 20 0 6 16 16
split_gain=187620 31149.2 20391.5 21754.6 16991.5 14349.5 8220.66 5231.48 4648.37 3272.86 2931.56 4284.88 2728.87 2576.45 2399.41 2383.1 1987.87 1870.58 1669.12 1552.2 1484.19 1422.33 1386.92 1753.28 1369.03 1230.46 1151.17 1067.53 954.218 950.958 950.673 2619.92 936.515 915.172 903.834 886.384 885.846 867.683 899.356 828.331 826.074 813.499 811.626 795.396 801.464 791.964 894.073 791.472 780.747 747.597 746.202 716.453 701.177 689.834 683.761 666.676 662.87 647.737 712.209 645.836 630.974 937.812
threshold=0.36394297102560175 1.3326935380678184 2.5000000000000004 1.0000000180025095e-35 4.5000000000000009 3.5000000000000004 1.9990281827016523 44.500000000000007 51.500000000000007 16.500000000000004 0 3.9921875000000004 2.5000000000000004 10.500000000000002 0.87526824034334771 1 2.6551321019406129 0.88861920172599795 5.5000000000000009 2 3 40.500000000000007 16.500000000000004 9.5000000000000018 6.5000000000000009 3.5000000000000004 0.22271825396825398 2.5000000000000004 4 12.500000000000002 16.500000000000004 9.5000000000000018 91.500000000000014 79.500000000000014 13.500000000000002 48.500000000000007 5 48.500000000000007 2.5000000000000004 1.5000000000000002 6 12.500000000000002 9.5000000000000018 16.500000000000004 10.500000000000002 9.5000000000000018 158.50000000000003 16.500000000000004 49.500000000000007 0.66639049986191667 44.500000000000007 7 1.5000000000000002 8 0.012923385128825396 39.500000000000007 1.5294421801812763 9 7.5000000000000009 0.93231791113147044 16.500000000000004 10.500000000000002
decision_type=2 2 2 2 2 2 2 2 2 2 1 2 2 2 2 9 2 2 2 9 9 2 2 2 2 2 2 2 1 2 2 2 2 2 2 2 9 2 2 2 9 2 2 2 2 2 2 2 2 2 2 9 2 9 2 2 2 1 2 2 2 2
left_child=2 7 18 5 10 24 28 14 17 13 -3 32 22 25 19 -13 -8 34 -1 30 -15 57 23 -7 52 -5 -11 42 -6 -24 31 -2 53 60 -9 -19 -10 38 50 -20 -21 -14 -16 44 -43 46 -42 49 -37 -47 -30 -25 -4 -12 -33 -49 -28 -17 -59 -18 61 -26
right_child=1 4 3 9 6 12 16 8 36 26 11 15 41 20 27 21 59 35 39 40 -22 -23 29 51 33 -27 56 -29 37 -31 -32 54 -34 -35 -36 48 -38 -39 -40 -41 45 43 -44 -45 -46 47 -48 55 -50 -51 -52 -53 -54 -55 -56 -57 -58 58 -60 -61 -62 -63
leaf_value=0.039171477288306833 -0.0065409725762315442 -0.022915337669871996 0.022114070658707352 0.021223802853837015 -0.030621665415726352 0.055363592122261988 -0.032007444849604209 0.001064730876288679 0.0089604297099205605 0.034124828174193926 -0.011042824421982539 -0.033755201027432145 0.055030236813512518 0.0023453252351829049 -0.01028495881853448 0.0047117398761467423 -0.037546692937293756 0.0022388284173517807 0.0091406474509196402 0.007463156381521183 -0.024965469101196375 -0.0043698980831894003 0.048216116486061361 0.018480750305194985 0.040212314060147428 -0.0026171334388211372 0.021244311071622668 -0.0077300300590900485 -0.022314710800904716 0.066142299371112365 -0.003303955076786914 -0.050351387549154081 -0.015005852262206784 0.11337206152316313 0.012415703921799897 -0.026397087472050336 -0.024030160025692863 -0.028661718013473104 -0.010909896555969689 0.01726135670619474 0.0055498251337560657 0.076398162152018681 -0.018343244921477153 0.082904740436206603 0.050150246093393851 -0.020541765822929822 -0.005572462838462364 0.0033655279758692067 -0.0039812275575618625 -0.0071351223299427578 -0.0086640700892185087 0.039755525287689851 0.031517913806414936 0.0064653922865358943 -0.024623317553955162 -0.0066902937851983342 0.0049507582759018625 0.059983811099345669 0.032554154269823991 -0.047939483048072558 0.042615656958031017 0.020408843217534348
leaf_weight=5470.6965465545654 39429.530549764633 11951.552511453629 41701.510263442993 17037.248713731766 22359.629917621613 16555.26261973381 75635.145924806595 23503.849373102188 2292.6173839569092 13685.449635028839 7907.8421776294708 1378.6491460800171 8363.1467537879944 10629.580032587051 53573.857250452042 1033.5165555477142 24094.15016913414 37651.490645885468 129096.41852903366 17848.191607475281 9342.0967669487 1902.6154327392578 13245.725151538849 5920.2347958087921 12885.481268882751 7931.1017527580261 22510.755151510239 83708.41565322876 76033.55212020874 16809.917227983475 29652.927417516708 2997.8568863868713 12765.090311527252 391.55230712890625 69085.379177570343 5787.4690654277802 18026.685914993286 21884.792241811752 33753.305055618286 41497.60763835907 38601.198264598846 6259.8360838890076 74995.962670564651 11066.803015947342 5451.0067915916443 14697.180851221085 33967.182412624359 26780.948450088501 11811.458952665329 35552.640857934952 11531.341363191605 12344.218024015427 37808.757822036743 19421.397541046143 18658.922768592834 42858.589887857437 8638.1623508930206 4900.2222871780396 4585.812762260437 39502.844300985336 22966.69707775116 11159.212446212769
leaf_count=3214 8497 4717 30991 4139 6885 5650 24424 4665 502 2821 2058 465 2893 2266 12604 461 11571 8078 115413 3916 1946 347 4792 1912 6813 1346 5077 14452 20361 5460 6323 701 1984 253 14761 1284 3778 4927 6048 29520 9864 1806 17637 3143 1454 3395 5498 5436 2700 7359 3261 4094 17143 4604 4102 8914 1728 2151 1206 15703 12595 6199
internal_value=7.12216e-07 -0.0118909 0.0255986 0.0332619 -0.0235566 0.0416308 -0.0285325 -0.00554624 0.00210779 0.0124797 -0.000523807 0.0044454 0.0562152 0.00294404 -0.00805361 0.0284752 -0.0374868 0.00518973 0.0119881 -0.00518304 -0.0104417 0.0353825 0.0503733 0.043578 0.0305966 0.013651 0.0220376 -0.0121245 -0.021002 0.058244 -0.0106485 -0.0142154 -0.00382524 0.0373228 0.00953429 -0.00209098 -0.020315 -0.0194963 -0.0178443 0.0111161 -0.00282421 0.0683837 -0.0149855 0.073284 0.064186 -0.00377861 0.000343795 -0.00627418 -0.0113538 -0.0110567 -0.0205172 0.0328928 0.0265861 0.00139742 -0.0281869 -0.00282318 0.0167261 0.0426057 0.0466792 -0.0440028 0.036687 0.0310227
internal_weight=1.54089e+06 1.05212e+06 488768 312704 370641 222929 304795 681482 168159 89774.4 65846.7 53895.1 96016.2 44940 513323 13800.8 139232 147840 176065 301045 19971.7 12422.2 64875.4 34819.7 126913 24968.4 44834.4 212278 165563 30055.6 90739.2 61086.3 40094.3 47402.9 92589.2 55250.4 20319.3 143203 121318 170594 210306 31140.8 128570 22777.6 11710.8 192458 72568.4 119889 17598.9 50249.8 87564.9 18264.5 79510.3 27329.2 21656.8 69639.5 31148.9 10519.6 9486.04 63597 47011.4 24044.7
internal_count=528307 255639 272668 124521 111173 105198 93180 144466 35768 19323 17993 13276 31204 9697 108698 4630 51698 31488 148147 64005 4212 4165 21908 11656 73994 5485 9626 44693 41482 10252 19623 13300 8646 25860 19426 12062 4280 34597 29670 144933 44382 9296 30241 6403 3260 40466 15362 25104 3984 10754 23622 6006 48134 6662 4803 14350 6805 3818 3357 27274 25607 13012
cat_boundaries=0 1 2 6 10 11 15 19 23 24 25
cat_threshold=1 540672 203985160 360739828 136348056 2624 33555328 49408 2696948736 260 1 128 0 79693824 256 268697744 1073872896 8390692 8322 136578376 75506544 2097424 28 549889 8
is_linear=0
shrinkage=0.05


Tree=5
num_leaves=63
num_cat=9
split_feature=5 5 12 9 5 2 12 13 5 5 17 20 2 2 0 7 7 2 16 16 16 20 16 16 9 16 16 10 13 9 16 17 20 19 16 5 19 7 0 16 17 0 0 16 16 16 16 9 16 9 12 12 12 16 5 16 12 8 16 20 0 16
split_gain=170474 28394.2 18512.6 17118.8 16019.8 15561.9 6121.84 5431.39 5300.95 2928.79 2441.16 2417.07 3197.5 2250.71 2136.36 1972.09 2588.53 1770.48 1748.82 1728.53 1999.29 1488.73 1474.79 1813.35 1307.71 2045.2 4045.12 1200.65 1150.42 1140.28 1129.06 1101.33 1063.44 1060.7 1018.64 945.279 937.36 962.093 929.489 888.813 873.964 869.517 843.815 839.824 1158.31 1125.45 1003.32 994.851 1987.66 862.255 830.342 792.259 748.818 716.218 699.847 669.339 660.349 644.921 631.243 568.741 563.002 562.368
threshold=0.36394297102560175 1.3326935380678184 0.080361041402882985 0.13832872076010508 0.097960815673730522 3.5000000000000004 0.33259453816776829 2.5000000000000004 2.1560336117887684 0.82769936947227352 0 1 11.500000000000002 7.5000000000000009 3.5000000000000004 33.500000000000007 1.5000000000000002 1.5000000000000002 44.500000000000007 15.500000000000002 10.500000000000002 2 44.500000000000007 51.500000000000007 0.12746615087040622 9.5000000000000018 28.500000000000004 1.5000000000000002 15.500000000000002 0.79991181657848343 11.500000000000002 3 4 5 16.500000000000004 1.598701298701299 6 84.500000000000014 10.500000000000002 10.500000000000002 7 1.0000000180025095e-35 1.0000000180025095e-35 51.500000000000007 45.500000000000007 9.5000000000000018 48.500000000000007 0.083499335989375839 28.500000000000004 0.7841317854807065 0.19925545681460691 0.28009418153262983 0.26680004048763878 12.500000000000002 0.78526276566014153 14.500000000000002 0.2366182907172821 1.2571946169772259 9.5000000000000018 8 4.5000000000000009 8.5000000000000018
decision_type=2 2 2 10 2 2 2 2 2 2 9 1 2 2 2 2 2 2 2 2 2 1 2 2 10 2 2 2 2 10 2 9 1 9 2 2 9 2 2 2 9 2 2 2 2 2 2 10 2 10 2 2 2 2 2 2 2 2 2 1 2 2
left_child=3 6 7 15 5 17 9 11 35 22 18 12 33 56 40 16 50 -5 39 20 -18 -9 24 28 25 -2 30 -23 -24 -14 -27 -15 -11 -3 -16 -4 -31 -38 58 59 -6 -33 -22 44 45 -34 -46 48 -47 -48 -1 -21 -10 -41 -20 -29 -7 -40 -26 -8 -32 -17
right_child=1 2 8 4 14 13 10 21 52 32 -12 -13 29 31 34 61 19 -19 54 51 42 27 23 -25 38 26 -28 55 -30 36 60 41 43 -35 -36 -37 37 -39 57 53 -42 -43 -44 -45 46 47 49 -49 -50 -51 -52 -53 -54 -55 -56 -57 -58 -59 -60 -61 -62 -63
leaf_value=0.017727218459233852 0.0021091210168946123 0.011571315370165633 -0.021940364232036626 0.021867524529700085 0.024084694955959121 0.055312966665290036 -0.029403819477788841 -0.02590318592657025 -0.035922773226209979 -0.016347204597730418 -0.020617754482451608 -0.015084566010412534 0.025457770812456232 0.072163890605126527 -0.0078981321591321037 -0.00065574314160910029 0.031002879102278332 0.033969999931697629 0.011029258327808548 0.058608567452252694 0.0042283259152164831 -0.017581076449653267 0.0018996210560398939 -0.015098728377013685 0.0098610139774875753 -0.044395873310368802 0.0037929603697765984 -0.00030929856105435251 0.015619271205463093 -0.049318021437975645 -0.072798214247344242 0.058224400925290756 -0.00088260785560003796 0.049314605243775095 0.011016632147302807 -0.030311554293155629 0.0069926229271784247 -0.025288909005583161 -0.0061992050226160238 -0.03103492787547725 0.010237134458994412 0.016646194603870301 -0.051068851255921754 -0.023837771967245659 0.010003057072202094 -0.067784164010950762 0.0044028740962177041 -0.0083429661028804596 -0.0064070489858791954 -0.021205457179608755 0.009554697859689678 0.032246249342398163 -0.046960220163943037 -0.014204337670019438 -0.005005663952930956 -0.011803454459624762 0.043649924708332538 0.0039574146901344724 0.00079849717564580878 -0.0062158900791221636 -0.13209233615731827 -0.034330233075853804
leaf_weight=41290.89377784729 6760.5992710590363 2623.5436444282532 60231.826121091843 58308.602669715881 33462.40603017807 22815.584671258926 2785.4509625434875 24151.466517448425 22520.354155540466 24039.720240354538 66575.688553571701 9073.7423436641693 4121.4455740451813 23141.868961572647 13218.989728450775 2433.7040324211121 12073.659976243973 62751.055099487305 12655.618024110794 4416.7297036647797 7639.6257338523865 50253.677124023438 25194.231378316879 7949.0115058422089 28253.992364168167 1281.1264560222626 2875.3454320430756 22751.146925210953 38826.848995923996 1065.3688564300537 699.95680809020996 11264.403071641922 59097.440026283264 6595.025755405426 15420.350503921509 76672.858040094376 9662.163676738739 3031.3536767959595 62571.128492355347 7611.0483708381653 17357.97364616394 1416.5317797660828 757.36805987358093 5900.7957134246826 22207.98070025444 2143.693877696991 7137.3180904388428 103300.63575649261 3427.1588137149811 6091.9990124702454 125709.02966880798 8049.5980780124664 48523.625766515732 37303.861315488815 14716.456852912903 28571.382737874985 26007.56377696991 20832.77285528183 60057.447088956833 49377.425414323807 950.36077880859375 2526.4299073219299
leaf_count=38624 1523 1058 16791 34438 8183 8170 808 8479 7136 6365 15355 3903 894 6350 2240 439 4509 28438 3010 1711 2783 15086 5040 1626 7245 303 691 4345 7949 232 195 3102 11363 2563 2557 23506 2176 479 9899 1785 4183 257 190 1112 4322 443 1351 19766 723 1325 113933 3303 19141 8895 3703 5298 9326 3101 15198 11070 168 474
internal_value=2.48982e-06 -0.011358 -0.0225095 0.0243542 0.0322756 0.039641 -0.00529826 -0.00983153 -0.0323799 -0.00233626 -0.0128898 0.00724199 0.0147182 0.0560876 0.0132076 0.0133295 0.0141022 0.028141 -0.00875317 0.0269126 0.0179725 -0.0147437 0.00135402 0.00742366 -0.00101646 -0.016585 -0.0383463 -0.0120864 0.0102203 0.00239075 -0.0796663 0.0656077 -0.00638879 0.0386416 0.00228622 -0.0266288 -0.00452027 -0.000717387 0.000123051 -0.0119012 0.019362 0.0535393 -0.000764698 -0.00524392 -0.00470466 -0.00643772 0.00350982 -0.0094531 -0.0300332 -0.00739028 0.0115755 0.0415902 -0.043462 -0.017057 0.0024083 -0.00670823 0.0491012 -0.00366225 0.003698 -0.00746147 -0.107003 -0.0178112
internal_weight=1.54054e+06 1.05047e+06 369849 490062 285165 205706 680625 161900 207949 489600 191026 36172.6 27098.9 84646 79459.7 204897 199937 121060 124450 32937 20470.7 125728 256253 71970.1 184283 12567.4 5806.79 101576 64021.1 17880.3 2931.44 35822.8 233347 9218.57 28639.3 136905 13758.9 12693.5 171715 97077.8 50820.4 12680.9 8396.99 209307 203406 167969 35437.3 108871 5570.85 13229.3 167000 12466.3 71044 44914.9 27372.1 51322.5 48823.1 83403.9 88311.4 52162.9 1650.32 4960.13
internal_count=528631 255421 111087 273210 107244 90081 144334 44513 66574 99708 44626 11305 7402 27205 17163 165966 165053 62876 29271 12496 7482 33208 52938 14615 38323 2880 1357 24729 12989 3781 666 9709 46770 3621 4797 40297 2887 2655 35443 22558 12366 3359 2973 40405 39293 32295 6998 20932 1166 2676 152557 5014 26277 10680 6713 9643 17496 13000 22443 11878 363 913
cat_boundaries=0 4 5 6 10 11 12 13 17 18
cat_threshold=2248410768 1074300930 2765171779 8448 22 1 2250520256 573440 2765106176 260 1 548865 540672 2248419280 134266896 2764187716 8472 1
is_linear=0
shrinkage=0.05


Tree=6
num_leaves=63
num_cat=9
split_feature=5 5 12 3 0 2 12 13 5 16 17 16 20 2 5 1 16 3 17 13 19 7 0 13 7 16 12 12 19 5 16 5 3 16 16 16 16 16 16 16 6 20 5 3 16 3 3 6 5 5 17 12 17 12 16 16 16 11 8 19 11 16
split_gain=153211 23739.5 16857.6 14747.2 22897.1 12185.8 5602.02 4869.3 4790.52 3061.52 2450.22 2435.96 2163.07 2799.42 2051.84 1931.5 1865.72 1794.3 1478.8 1434.94 1279.33 1267.74 1236.74 1145.04 1143.51 1109.86 1070.89 1066.12 1009.45 1005.47 974.335 968.192 946.512 941.2 952.845 899.818 1240.28 959.839 875.316 999.302 872.395 835.234 794.761 772.719 741.38 718.783 706.893 671.882 663.702 661.976 652.27 647.633 634.031 707.489 632.799 606.439 597.915 597.602 587.007 569.737 568.409 547.667
threshold=0.4005420054200543 1.3326935380678184 0.071582474706323077 2.5000000000000004 1.0000000180025095e-35 4.5000000000000009 0.26122765296434236 3.5000000000000004 2.0016920473773268 16.500000000000004 0 10.500000000000002 1 7.5000000000000009 0.82769936947227352 1.5000000000000002 44.500000000000007 5.5000000000000009 2 5.5000000000000009 3 12.500000000000002 4.5000000000000009 18.500000000000004 40.500000000000007 45.500000000000007 0.16675931320274459 0.2366182907172821 4 0.23553051495212957 51.500000000000007 0.71331440411326852 64.500000000000014 15.500000000000002 9.5000000000000018 44.500000000000007 9.5000000000000018 48.500000000000007 16.500000000000004 9.5000000000000018 1.7705670025567757 5 2.183014354066986 14.500000000000002 10.500000000000002 1.5000000000000002 128.50000000000003 1.8463851937536151 3.9921875000000004 0.72743726861373925 6 0.13337778828734445 7 0.2761677220668125 51.500000000000007 49.500000000000007 9.5000000000000018 0.012186440716808042 1.0897697540554685 8 0.034457627949970114 51.500000000000007
decision_type=2 2 2 2 2 2 2 2 2 2 9 2 1 2 2 2 2 2 9 2 9 2 2 2 2 2 2 2 9 2 2 2 2 2 2 2 2 2 2 2 2 1 2 2 2 2 2 2 2 2 9 2 9 2 2 2 2 2 2 9 2 2
left_child=3 6 7 19 5 17 14 12 41 11 16 22 -3 28 23 33 31 51 58 -1 -15 42 50 54 48 56 -10 32 -14 -11 35 -8 -19 34 -7 36 -16 -37 39 -17 -28 -4 -9 -40 -33 -21 -35 -31 -22 -18 -6 -5 -43 -54 -2 -39 -25 -20 -13 -29 -30 -27
right_child=1 2 8 4 9 15 10 21 26 29 -12 18 13 20 30 38 49 27 57 45 24 -23 -24 25 -26 61 40 59 60 47 -32 44 -34 46 -36 37 -38 55 43 -41 -42 52 -44 -45 -46 -47 -48 -49 -50 -51 -52 -53 53 -55 -56 -57 -58 -59 -60 -61 -62 -63
leaf_value=0.035867102530446608 -0.0018003844744665211 -0.018264264415892902 -0.033715943926337096 0.031218439002643417 0.025185292748528473 0.049806340720063041 -0.0056875599184661686 -0.016213620598327937 -0.029513269895277517 0.029082493745559979 -0.019991172565830696 -0.01339573587471083 0.014527039313909029 -0.039196341297152999 -0.0010208299480802244 0.064702242963925197 0.011056780201539419 0.040989830791549033 -0.046219589890256152 0.0080076737732332828 0.0069638520795920773 -0.010155357121216232 -0.0043107198844264177 0.0080397813410456372 -0.0052766232708936324 0.015406155486304265 -0.039341528726438819 0.039234904054013774 0.072967435998810407 0.017282651995553979 -0.025096140655121287 -0.010304018174403899 0.11801558777483101 0.052396145762718109 0.025693372427806345 0.0056920375388784727 -0.010098255121993109 -0.024222437376066247 0.054512372556454594 0.043489420928417018 -0.052544411406288807 -0.017152106909627894 -0.030460066266705124 0.075240072706148325 -0.02031265788465382 0.015568149446808486 0.12718647312167555 0.0007987240871214573 0.028700311954596321 -0.0036225717871356355 0.0079629167876050424 0.020818790882577293 -0.019792468825526072 -0.029161120239801802 -0.023300534616116742 -0.0026110381801724143 -0.0010606474846885333 -0.017367956799459416 0.0097577375079769824 0.026483578048882125 0.036998500282630624 -0.0056087935611370023
leaf_weight=5468.4280352592468 103872.80118918419 8887.1791408061981 21165.519299507141 21200.146186351776 12091.477872133255 7526.5625803470612 46928.012597799301 26509.047222852707 18817.11101603508 15663.872048854828 66296.690070152283 4108.5050799846649 3760.7903232574463 1750.0825934410095 58831.850362062454 11352.108357191086 12810.177437782288 30725.280746459961 2200.0986204147339 129078.48705720901 11177.557063102722 60073.180869102478 9368.9931073188782 26103.595338344574 15181.403192996979 26462.733790874481 43254.168640613556 12160.144211769104 1660.7884662151337 32452.04990029335 6244.9087452888489 40711.143356800079 403.38585662841797 14526.710222244263 8999.8294966220856 33145.693539619446 104417.13614654541 4801.8190951347351 6625.6659440994263 10889.250272989273 17623.715182542801 34274.092687368393 15525.927255153656 14092.049616336823 33923.121959447861 41560.267412185669 322.5076425075531 7636.4684898853302 5120.3507251739502 19174.828962564468 10134.612519979477 50998.529489517212 34505.852118730545 48479.976047992706 3537.9484808444977 10015.766150474548 58489.294023036957 9739.8208043575287 8198.3818905353546 32771.070415019989 3254.8548772335052 3511.155547618866
leaf_count=3213 20831 3735 7401 12276 2978 2448 10602 9576 5128 3246 15335 941 1629 388 11667 3458 3046 15706 466 115402 2754 11254 1556 5660 2630 5339 16656 6072 702 7261 1221 9186 258 4714 2799 6616 20607 1006 2204 3142 6289 9598 6913 4051 8100 29559 92 1512 1325 4707 2436 30825 8829 15089 702 2120 12188 2029 1721 16991 1391 736
internal_value=-3.84671e-05 -0.0111353 -0.0212524 0.0223664 0.0285367 0.0378034 -0.00544166 -0.00852288 -0.0301757 0.0100524 -0.0119579 0.00177726 0.0041281 0.00887952 -0.00218165 0.0543252 -0.00848743 0.0295193 -0.0101434 0.0106573 0.00227775 -0.014816 0.0109255 0.00119999 0.00459565 0.00467708 -0.0399416 0.0348788 0.0341704 0.0183406 -0.00563357 -0.0113151 0.0419917 0.0448909 0.0366774 -0.005058 -0.00682695 0.000962843 0.0612145 0.054319 -0.0431645 -0.024553 -0.0214762 0.0686142 -0.0148534 0.00984916 0.054029 0.0141427 0.0137942 0.00225675 0.0173479 0.0238729 -0.022894 -0.0252628 -0.00250878 -0.00961564 0.00174762 -0.0226687 0.00202612 0.02995 0.0490635 0.0129443
internal_weight=1.54059e+06 1.0303e+06 371022 510295 334188 222593 659279 152901 218120 111594 219844 55841.9 50793 41905.8 439435 74334.7 153547 148259 24246.8 176107 33229.4 102108 31595.1 221978 31479.3 114567 79695 76059.9 8676.43 55752.4 217457 121562 31128.7 31375.6 16526.4 211212 163249 47963.3 42959.1 22241.4 60877.9 138425 42035 20717.7 74634.3 170639 14849.2 40088.5 16297.9 31985 22226.1 72198.7 117260 82985.8 107411 14817.6 84592.9 11939.9 12306.9 44931.2 4915.64 29973.9
internal_count=528312 250956 111287 277356 129182 105036 139669 42297 68990 24146 50976 12127 14554 10819 88693 22908 35641 82128 5157 148174 7097 27743 6970 45456 6709 23923 28073 39027 3722 12019 43237 27888 15964 10053 5247 42016 32274 9742 12855 6600 22945 40917 16489 6255 17286 144961 4806 8773 4079 7753 5414 43101 33516 23918 21533 3126 17848 2495 2662 23063 2093 6075
cat_boundaries=0 4 5 9 10 11 12 16 20 21
cat_threshold=2248156816 1208516674 2765302850 8452 1 33555328 49152 2227252224 256 540672 681217 1 102770368 557056 2765301760 272 67109520 557376 76679168 9092 104458
is_linear=0
shrinkage=0.05


Tree=7
num_leaves=63
num_cat=7
split_feature=0 3 12 3 2 0 3 10 0 19 2 19 2 9 3 0 12 16 16 9 16 16 16 16 16 16 16 16 17 16 16 9 16 16 12 6 12 2 21 7 14 3 12 16 16 16 9 3 0 10 17 4 16 0 3 16 16 6 14 19 0 19
split_gain=129391 30177.3 14714.1 8754.5 5303.68 4706.04 3639.56 3528.15 3371.99 3146.46 2129.75 1910.61 1824.5 1742.74 1670.05 1552.85 1425.65 1236 1382.02 2696.29 2423.85 2008.12 1923.64 3849.85 1952.66 1751.43 1965.98 2087.45 1863.5 1485.69 1440.19 1378.86 1163.92 1310.97 1146.66 1111.63 1050.84 1038.95 1011.97 1053.14 1439.01 1271.56 975.461 919.442 936.718 1241.18 942.33 897.638 1299.95 885.029 858.891 851.972 848.142 844.992 833.407 790.488 753.205 1068.88 719.998 704.067 700.769 678.652
threshold=1.0000000180025095e-35 5.5000000000000009 0.24796826188354512 8.5000000000000018 5.5000000000000009 1.5000000000000002 1.5000000000000002 1.5000000000000002 2.5000000000000004 0 7.5000000000000009 1 8.5000000000000018 0.1883205456095482 19.500000000000004 22.500000000000004 0.076678323864782807 8.5000000000000018 42.500000000000007 0.075093984962406032 28.500000000000004 11.500000000000002 48.500000000000007 49.500000000000007 51.500000000000007 14.500000000000002 16.500000000000004 39.500000000000007 2 11.500000000000002 45.500000000000007 0.50012382367508679 15.500000000000002 10.500000000000002 0.15761677930325887 1.750224416517056 0.26122765296434236 11.500000000000002 3 67.500000000000014 1.0000000180025095e-35 7.5000000000000009 1.0000000180025095e-35 43.500000000000007 9.5000000000000018 12.500000000000002 0.12746615087040622 7.5000000000000009 1.5000000000000002 1.5000000000000002 4 5.5000000000000009 51.500000000000007 1.5000000000000002 78.500000000000014 49.500000000000007 28.500000000000004 0.70594324686396315 1.0000000180025095e-35 5 38.500000000000007 6
decision_type=2 2 2 2 2 2 2 2 2 9 2 9 2 10 2 2 2 2 2 10 2 2 2 2 2 2 2 2 9 2 2 10 2 2 2 2 2 2 9 2 2 2 2 2 2 2 10 2 2 2 9 2 2 2 2 2 2 2 2 9 2 9
left_child=1 6 7 51 36 10 58 11 12 49 -5 -2 -9 32 -11 43 38 -10 19 20 21 -19 30 31 -25 28 -27 56 29 -21 -20 -24 33 -6 -8 -17 54 -15 39 40 41 -13 61 44 -16 46 -46 -18 -49 -7 -31 -4 55 -53 -3 -45 57 -28 -1 -38 -51 -42
right_child=2 4 3 5 13 9 34 8 17 14 -12 16 -14 37 15 35 47 18 22 25 -22 -23 23 24 -26 26 27 -29 -30 50 -32 -33 -34 -35 -36 -37 59 -39 -40 -41 42 -43 -44 52 45 -47 -48 48 -50 60 -52 53 -54 -55 -56 -57 -58 -59 -60 -61 -62 -63
leaf_value=0.0075829820452897158 -0.020610128779122557 0.04010968516852606 -0.042277797969287621 -0.009912570768414777 0.049948782110131096 -0.015377635954484402 0.027741694539996482 -0.0018685172738685037 0.0027684021221489807 -0.031650561807850391 0.010353617191914306 -0.025158046187215562 0.019516794655671049 0.05285080125904832 -0.012275907583978127 -0.020651048708348416 -0.026541135428358443 -0.037869400449251918 -0.0021866839399084588 -0.0029384735647797261 0.0020181466172992518 -0.11378846837440651 -0.002010084943928681 0.0084120231824065771 -0.016582493277866147 -0.021311873190802934 0.019138112518690992 -0.013882456122742862 -0.010873362281071339 0.035070219878437316 0.01136494545747534 -0.038245207631147166 0.066973334065111911 0.0082836735509130253 0.017029770219981265 -0.037773813630912673 0.03949379676040865 0.068453701846352091 -0.0095615261071049663 -0.0094854392091262875 0.0043859039709655987 -0.0011045628939850719 0.0042676949034507776 -0.0088043183063397073 -0.073112895967621438 -0.016745497360444426 -0.029912599789261349 0.0044429981314401583 -0.01419439146997163 -0.0029454976343939467 0.010417343839951826 -0.023812552309795086 -0.028359795471437296 -0.040666635875458663 0.11665645097029059 0.010917290865091477 0.012050195521868166 -0.0070834800230235393 0.02911983223277527 0.026261613679440299 -0.016969267006028115 0.034756070009441586
leaf_weight=128472.85152482986 29343.384875774384 39334.613253593445 21835.365725517273 24684.830581188202 3253.5395374298096 29826.849839448929 36105.854890823364 15557.380436658859 78383.273626327515 23180.731731891632 27298.795689582825 6241.5758669376373 27786.652098178864 33344.561359167099 53750.884774923325 39160.733805656433 10565.761301755905 2605.3969736099243 38920.79447388649 22735.435629844666 2231.2334706783295 1308.771101474762 3443.4870655536652 25587.568640947342 11248.347676038742 27924.658365488052 4693.0212488174438 40951.322837591171 24613.682194471359 4337.7705318927765 39504.064478635788 11051.881281375885 2201.7202708721161 4497.2358386516571 81126.854674339294 12508.275553703308 14041.158431529999 15717.41429400444 70124.160464286804 33109.20091676712 2806.9048447608948 45844.422043561935 22376.442292690277 20452.861224412918 1395.2901294231415 35735.048915147781 13223.215698480606 11449.992727994919 51151.462951421738 58686.713833808899 19045.94981098175 21846.561830997467 4075.8881266117096 11280.546139955521 358.11805868148804 6759.4608614444733 13003.596937179565 22588.438936948776 4000.6976685523987 36675.04162311554 10501.396636009216 5400.5943465232849
leaf_count=114813 9148 19137 11274 9383 964 7415 21940 5459 14662 7410 7475 2969 7301 10583 12062 6203 4776 516 7111 4162 446 244 661 4605 2027 5133 894 7488 4505 784 7283 2073 687 1209 52345 1994 6663 4004 20207 5410 1178 12076 5580 4798 321 8263 3029 3864 11931 12989 3467 9861 952 4346 217 1480 2384 3829 2726 18203 1613 2011
internal_value=4.09407e-05 0.0245476 -0.00852312 -0.0160182 0.0423205 -0.0131895 0.0139123 -0.00422595 -0.00139585 -0.0155293 0.000730054 -0.00851919 0.0118411 0.0539802 -0.0189904 -0.0174224 -0.00714858 -0.00285142 -0.00424631 -0.00700869 -0.0395735 -0.0632769 -0.000285694 -0.00781056 0.000779365 -0.00589602 -0.00986731 -0.00593308 0.000232868 0.00616136 0.00463958 -0.029638 0.0348969 0.0257776 0.0203291 -0.0247969 0.034709 0.0578506 -0.00482189 -0.00195017 0.00106754 -0.00398737 0.00967616 -0.014608 -0.0168668 -0.0217672 -0.0340407 -0.0130611 -0.0107855 -0.00817729 0.0150113 -0.0346088 -0.00709178 -0.0295528 0.0408032 -0.00390531 0.00214791 -0.00257224 0.00823361 0.0299387 -0.00507424 0.0244192
internal_weight=1.54127e+06 399130 1.14214e+06 416203 149423 361241 249706 725937 437523 309257 51983.6 288414 43344 59014.5 210242 187062 259071 394179 315795 186039 6145.4 3914.17 129756 51331.3 36835.9 179894 109161 81236.4 70732.8 46119.2 78424.9 14495.4 9952.5 7750.78 117233 51669 90408.9 49062 185903 115779 82669.9 52086 30583.9 135393 104104 50353.6 14618.5 73167.2 62601.5 99015 23383.7 54962.5 31288.2 33127.1 39692.7 27212.3 40285.1 27281.5 132474 50716.2 69188.1 8207.5
internal_count=528543 253491 275052 110868 61667 85387 191824 164184 85034 68529 16858 79150 12760 17447 46512 39102 70002 72274 57612 33852 1206 760 23760 9366 6632 32646 19728 14595 12918 8413 14394 2734 2860 2173 74285 8197 44220 14587 49431 29224 23814 15045 8769 30905 23675 11613 3350 20571 15795 22017 4251 25481 7230 14207 19354 6278 7107 4723 117539 24866 14602 3189
cat_boundaries=0 1 2 6 8 12 13 14
cat_threshold=174090 1589776 33564304 2147535872 2224105550 8592 2961759 132224 128 2147483648 8390720 256 104458 140545
is_linear=0
shrinkage=0.05


Tree=8
num_leaves=63
num_cat=7
split_feature=5 5 12 3 5 2 5 12 20 6 16 16 9 2 19 1 16 16 14 5 19 2 16 9 16 14 5 16 3 5 7 10 9 9 16 16 16 9 16 16 17 6 16 16 9 6 17 3 10 9 12 9 16 12 20 17 16 3 12 1 3 10
split_gain=125808 20822.4 14415 12434.2 17520.6 9571.18 5411.71 3884.7 3019.59 3043.51 2836.72 2509.48 3530.67 2180.88 1919.6 1697.7 1637.66 2170.34 1549.27 1622.7 1573.24 1496.65 1460.37 3046.05 4259.28 1216.79 1191.34 1113.19 1098.1 1089.44 1062.04 1017.19 963.101 909.94 874.655 854.266 1329.99 997.566 850.871 865.958 834.576 812.627 782.451 827.775 864.198 694.818 683.56 678.792 669.433 655.542 650.049 604.423 595.902 668.303 587.745 585.493 581.544 575.648 565.218 544.163 542.267 540.682
threshold=0.4005420054200543 1.1375719082141103 0.0909504365257532 2.5000000000000004 1.0000000180025095e-35 4.5000000000000009 2.0016920473773268 0.33259453816776829 0 2.9984260230849951 16.500000000000004 9.5000000000000018 0.12416046878521525 37.500000000000007 1 1.5000000000000002 44.500000000000007 51.500000000000007 1.0000000180025095e-35 3.9921875000000004 2 2.5000000000000004 9.5000000000000018 0.11119139370584459 28.500000000000004 1.0000000180025095e-35 0.14337101747173692 11.500000000000002 42.500000000000007 1.5561029009304874 63.500000000000007 1.5000000000000002 0.66676373519704923 0.74995475931958022 14.500000000000002 16.500000000000004 9.5000000000000018 0.35142318398132361 15.500000000000002 9.5000000000000018 3 1.6669143140168401 16.500000000000004 9.5000000000000018 0.18068402642829384 1.1004113908044042 4 19.500000000000004 2.5000000000000004 0.22257607926397738 0.22511880985130442 0.49733331437023559 48.500000000000007 0.0909504365257532 5 6 44.500000000000007 38.500000000000007 0.26122765296434236 5.5000000000000009 128.50000000000003 1.5000000000000002
decision_type=2 2 2 2 2 2 2 2 1 2 2 2 10 2 9 2 2 2 2 2 9 2 2 10 2 2 2 2 2 2 2 2 10 10 2 2 2 10 2 2 9 2 2 2 10 2 9 2 2 10 2 10 2 2 1 9 2 2 2 2 2 2
left_child=3 7 8 25 5 21 29 16 -3 31 11 30 -13 18 56 38 22 33 -11 -20 -21 28 -2 24 27 51 -12 -24 50 55 -6 -10 -15 -18 -33 36 -16 -38 39 -7 -14 -28 43 -17 -45 -8 -25 -44 52 -41 -5 -1 -35 -54 -22 -4 -9 -29 -47 -56 -40 -34
right_child=1 2 6 4 10 15 45 14 9 13 26 12 40 32 35 42 17 -19 19 20 54 -23 23 46 -26 -27 41 57 -30 -31 -32 34 61 48 -36 -37 37 -39 60 49 -42 -43 47 44 -46 58 -48 -49 -50 -51 -52 -53 53 -55 59 -57 -58 -59 -60 -61 -62 -63
leaf_value=0.0071760495711344491 0.0017998227925193841 -0.021600975498068317 -0.015403520915456395 0.028012275795970779 0.018061539006609513 0.044722004751022629 -0.032180737653956966 -0.0050920131933321648 -0.015892633854773072 -0.029573690577385695 0.042950945715848891 -0.06813387659075211 -0.016766649980112316 0.010485647936469502 -0.012697969081087161 0.058317299623665345 0.01186654021671067 -0.015890883744428021 0.0058055713255949944 -0.025944623578374366 0.00028984634611300199 0.033518141025829062 -0.047308855131900925 0.0016589882565289896 -0.0020788668322279337 0.030713063377479151 0.019131343758173699 -0.057289850481950871 0.078909493385793839 -0.026219295201020201 -0.0027979010942517611 -0.00016635007290553472 -0.018823734763545527 0.0036740719100332186 -0.01136864146812438 -0.007906246674823942 -0.054839121979543874 -0.023225655747811852 0.047143278679307239 0.0042096076855615734 0.0029489906670942478 0.0044029482955362615 0.052575814445722208 0.010595536368522999 0.045902551807435292 -0.033641577820175066 -0.0056994829344603169 0.070840471673795966 0.010779915008124769 0.032036919314864014 0.019393539564787156 0.014470632610583982 -0.02224170974583857 -0.00056445351006048107 0.054637942678643331 -0.023982690452321605 0.0075597174582848359 -0.11656072619363472 -0.045989704664593678 0.030137104510337805 0.11089669937942948 -0.002964195310678729
leaf_weight=133499.10415506363 102813.40619254112 37653.65220117569 66407.958877325058 34248.380794525146 20560.754307985306 7478.40993475914 32010.365973949432 37095.343124628067 50847.767395019531 1990.1535425186157 4322.0360774993896 2331.6870250701904 8087.2682757377625 6438.7849779129028 52419.146438360214 11194.288866758347 44529.971962690353 12047.298490762711 15931.763549089432 1109.3901057243347 1014.0480034351349 52599.851947784424 2720.9078967571259 40187.063414096832 5318.7968113422394 6535.2901768684387 39338.237723112106 609.4658727645874 869.99409341812134 69724.253155469894 8676.7961354255676 30153.310003042221 11701.604405879974 21974.35276389122 41276.611846446991 39685.140077590942 2879.65776014328 18698.946402072906 14496.421907901764 3359.7139582633972 15914.481889724731 12292.350845813751 9583.8702428340912 2154.5614378452301 8874.6210954189301 13783.177862882614 147006.65817117691 10891.838709592819 15729.543408632278 5719.5462181568146 60615.761961936951 36071.501021385193 5960.1136000156403 8810.8869369029999 3960.9429779052734 28563.971850156784 12026.848613500595 1269.589724779129 28387.899697303772 5309.0409212112427 341.00237846374512 9938.3219666481018
leaf_count=123496 21263 13309 16962 21759 4998 2435 13035 8459 15052 903 844 502 1673 1136 11607 3415 8519 2444 4381 417 454 21267 599 7869 1219 4134 8789 183 598 21927 1413 5572 2099 5028 7462 9928 727 4472 4696 986 3482 2444 3122 566 2621 3769 29992 3054 2764 1840 38522 20580 1356 1985 1840 7608 2915 243 9887 1466 96 1663
internal_value=-6.8936e-06 -0.0100798 -0.0180465 0.0202943 0.0259634 0.0340729 -0.026524 -0.00372348 -0.00872826 -0.00602889 0.00978944 0.00178769 -0.0094079 0.00346929 -0.0102555 0.0487482 -0.00112321 0.0041239 0.0130079 0.0161102 0.0305176 0.0267421 -0.00303105 -0.00555081 -0.0325516 0.00954389 0.0177364 -0.0677781 0.0230188 -0.021473 0.0118712 -0.0104876 -0.00648951 0.00660973 -0.00663979 -0.0138239 -0.0169992 -0.0274468 0.0399188 0.0321228 -0.00370027 0.0156249 0.0552391 0.048736 0.0390069 -0.0377376 -0.00411997 0.0622945 0.00214868 0.0217412 0.0225054 0.00872785 -0.00154628 -0.00931216 0.0366001 -0.0179882 -0.00199393 -0.0973771 -0.0419547 0.040567 0.0486159 -0.0115406
internal_weight=1.53804e+06 1.02799e+06 456203 510058 333952 222428 238878 571783 217325 179672 111524 55571 26333.4 57394.1 162805 74094.3 408978 109052 29315.3 27325.2 11393.4 148334 299926 197112 9918.76 176106 55952.6 4599.96 95734.1 164696 29237.6 122278 28078.7 97004.9 71429.9 113683 73997.8 21578.6 31395.1 16557.7 24001.8 51630.6 42699.2 22223.5 11029.2 74181.4 187194 20475.7 52474.9 9079.26 94864.1 169571 36745.4 14771 10284 94971.9 49122.2 1879.06 42171.1 9269.98 14837.4 21639.9
internal_count=527846 250514 128942 277332 129122 104977 73188 121572 55754 42445 24145 12068 5657 14359 38108 22831 83464 22096 9461 8558 4177 82146 61368 40105 2244 148210 12077 1025 60879 46497 6411 28086 4898 19652 13034 26734 16806 5199 10053 5261 5155 11233 12778 6602 3187 26691 37861 6176 11133 2826 60281 144076 8369 3341 3760 24570 11374 426 13656 3306 4792 3762
cat_boundaries=0 1 2 3 7 11 12 16
cat_threshold=1 165898 540672 136843336 76029952 538968088 24 17047696 2147617296 8522020 8606 8 2248156888 557632 2765236288 9108
is_linear=0
shrinkage=0.05


Tree=9
num_leaves=63
num_cat=9
split_feature=1 12 3 1 6 13 1 17 3 7 20 10 4 20 16 1 10 13 3 13 13 12 16 10 1 16 16 16 16 16 16 1 17 17 9 17 17 1 17 16 16 16 9 16 16 16 13 17 9 4 3 2 1 12 16 16 16 3 16 16 1 16
split_gain=27400.5 6500.54 6293.14 6353.6 3441.67 3264.56 3060.75 2613.93 2326.39 2130.03 3357.13 1876.51 1703.13 1662.71 1556.66 1441.48 1354.98 1304.55 1248.59 1019.03 902.867 890.311 849.096 792.193 1026.84 789.341 1159.09 982.629 1239.03 851.012 828.444 788.782 696.103 694.916 693.794 685.601 683.22 653.92 644.004 635.306 1341.48 1033.82 975.371 670.325 610.292 524.406 512.117 494.967 452.557 448.211 446.019 478.74 431.207 426.454 425.446 1223.35 850.828 422.583 422.575 504.229 413.26 410.89
threshold=2.5000000000000004 0.26680004048763878 8.5000000000000018 1.0000000180025095e-35 1.6669143140168401 7.5000000000000009 1.0000000180025095e-35 0 2.5000000000000004 135.50000000000003 1 1.5000000000000002 4.5000000000000009 2 15.500000000000002 18.500000000000004 2.5000000000000004 1.5000000000000002 108.50000000000001 26.500000000000004 1.5000000000000002 0.19303311591707803 10.500000000000002 1.5000000000000002 7.5000000000000009 49.500000000000007 48.500000000000007 45.500000000000007 10.500000000000002 11.500000000000002 51.500000000000007 8.5000000000000018 3 4 0.9310923883146589 5 6 1.5000000000000002 7 16.500000000000004 9.5000000000000018 51.500000000000007 0.34488214753382812 49.500000000000007 39.500000000000007 51.500000000000007 1.5000000000000002 8 0.13832872076010508 1.5000000000000002 19.500000000000004 1.0000000180025095e-35 7.5000000000000009 0.080361041402882985 51.500000000000007 49.500000000000007 48.500000000000007 16.500000000000004 49.500000000000007 48.500000000000007 283.50000000000006 48.500000000000007
decision_type=2 2 2 2 2 2 2 9 2 2 1 2 2 1 2 2 2 2 2 2 2 2 2 2 2 2 2 2 2 2 2 2 9 9 10 9 9 2 9 2 2 2 10 2 2 2 2 9 10 2 2 2 2 2 2 2 2 2 2 2 2 2
left_child=2 9 3 8 7 13 14 19 49 10 23 15 -7 -5 22 20 36 -13 50 -3 -12 -8 -4 52 -25 26 27 28 -21 -30 -27 -19 57 -6 45 -33 -11 -14 -17 40 -9 43 -42 44 -41 -26 -15 -22 -10 -1 -16 -52 -2 -49 55 56 -35 -23 59 -55 -38 -46
right_child=1 4 6 5 33 12 21 39 48 16 11 17 37 46 18 38 -18 31 -20 25 47 32 -24 24 34 30 -28 -29 29 -31 -32 35 -34 54 -36 -37 60 -39 -40 41 42 -43 -44 -45 61 -47 -48 53 -50 -51 51 -53 -54 58 -56 -57 -58 -59 -60 -61 -62 -63
leaf_value=0.0049557305243692418 -0.013570183813822407 -0.011665135230968236 0.031433798612148602 0.047646184698153661 -0.034632449685759306 -0.012705530573685392 0.019718907852363229 -0.012163868112999635 0.014515929593978653 -0.0038033169730649478 0.021855449326121098 0.039536596633351809 0.0028234044940593389 -0.0060644384121454793 0.033673967791491642 -0.0021679494753642481 -0.0029903950186804342 0.010832086461466411 0.12196960920813289 0.0016640528299333214 -0.0047755368276068393 0.0089359862971620432 0.0096744999253952149 0.0014215605929079683 -0.0056256926663273144 0.0188037431413055 -0.027442954495263523 0.011273211307680059 -0.029181621235426503 -0.0071947388384666 -0.0068917377897233642 0.0059278527313436497 0.0019094729679336696 -0.018490030273184053 -0.022156344490781684 -0.00039451890186833078 -0.012577942218401212 -0.0068650645414408268 -0.01147376773699566 0.0083437729591295372 -0.049321486792261456 -0.033425265032229333 -0.022000655435537312 0.011597674397007134 -0.0094562846580321432 -0.04017110301948669 0.016079783994432589 0.0050540496956632056 0.022710488904052493 0.010379480155333144 0.089900868011855248 0.045173143145474215 -0.030261275238070068 -0.0033162357172289826 -0.036488352284026533 0.016062509657771434 -0.057527046119118658 0.018916509188371254 0.009422070464470942 -0.031034400286476894 -0.024482231225031292 -0.029725700136436273
leaf_weight=68480.040894508362 16888.560146331787 35868.505654335022 8848.8925786018372 3766.0307824611664 8384.5447096824646 45759.371584415436 42544.018226385117 51334.83013010025 30392.004998683929 20742.059328079224 5243.3690342903137 2694.0119721889496 50379.88863158226 3609.1353559494019 12712.607711791992 34164.62917470932 121769.78932332993 40277.461787462234 463.18030500411987 51290.880239725113 30959.856929063797 22064.352113246918 9089.4418292045593 25275.821042776108 24574.295091867447 8478.1383664608002 4836.6768004894257 11717.27925157547 4806.8788368701935 52023.131170749664 4977.9803278446198 94625.944096326828 17633.339602231979 42966.690106153488 11036.952187299728 78410.008035182953 45666.660779953003 26616.799227237701 40821.839662075043 4431.9772570133209 3952.7455155849457 3771.6843137741089 18832.86353302002 4742.5897727012634 21205.057105541229 1149.0225584506989 9434.4338095188141 58124.371941566467 37833.377904415131 85844.925703048706 678 5121.0934045314789 5020.3528482913971 21169.189600467682 3270.5771663188934 2517.9055058956146 1441.9569690227509 20427.616888999939 6015.8648586273193 1777.6261825561523 8676.5375227928162 2833.8711047172546
leaf_count=62476 5718 7935 4116 1864 1873 24781 15058 11347 24251 3036 1756 703 24542 1992 6491 6580 16819 11279 217 12229 8507 8597 3838 7586 5469 2072 1231 2955 1157 12523 1186 18707 6383 9867 2644 15717 6982 11174 7986 1127 945 845 4435 1156 5301 255 4291 15733 18841 73600 678 2003 1272 5987 702 580 351 6816 1564 515 1155 720
internal_value=8.51842e-06 -0.00462578 0.00960387 0.00612708 -0.0102508 -0.00223628 0.0186235 -0.00798267 0.0113719 -0.00184448 -0.000104661 0.00174291 -0.00506608 0.0184281 0.0309715 -0.00176937 -0.00624783 0.00496697 0.040955 -0.00415609 0.00155543 0.0141837 0.0204094 -0.0092218 -0.00633619 -0.00220645 -0.0034482 -0.00247955 -0.00397005 -0.00905495 0.00929811 0.00453019 0.0102668 -0.0212888 -0.0116702 0.00306325 -0.0115305 -0.000525825 -0.00723584 -0.0139736 -0.0166457 -0.00862213 -0.0267421 -0.00580459 -0.00870371 -0.00717029 0.00994489 0.000653577 0.0190604 0.0079728 0.0389215 0.0504171 -0.0173961 0.00258394 -0.0190487 -0.0178365 -0.0197588 0.0137311 -0.00237237 -0.00546474 -0.0144764 -0.0118469
internal_weight=1.54047e+06 1.03877e+06 501699 362116 343687 139566 139583 285105 222550 695084 498229 414284 122756 16809.6 36913.2 198277 196855 216007 18974.9 173999 123290 102669 17938.3 83945 62036.1 138131 124675 119838 108121 56830 13456.1 213313 60125.3 58581.7 36760.3 173036 75085.3 76996.7 74986.5 111106 74120.4 36985.2 22785.6 33213.5 28470.9 25723.3 13043.6 118047 68225.4 154325 18511.7 5799.09 21908.9 87087.1 50197.1 46926.6 44408.6 42492 28962.7 22946.8 54343.2 24038.9
internal_count=528516 226507 302009 247812 80537 68644 54197 67164 179168 145970 117978 95034 60497 8147 17343 48628 27992 46406 9389 41288 34062 36854 7954 22944 15954 33353 30095 28864 25909 13680 3258 45703 21796 13373 8368 34424 11173 35716 14566 25876 16727 9149 5380 8304 7148 5724 6283 32306 43092 136076 9172 2681 6990 23799 11500 10798 10218 15413 8066 6502 8137 6021
cat_boundaries=0 4 5 6 10 14 18 22 26 30
cat_threshold=2265187984 1208516610 3167815744 10500 1 6 2250254208 2483601408 2760912069 8452 135037000 2558533924 65560 24 304100504 3238547458 2227177512 412 2105536 17301504 12716320 268 13440 17342608 2162305038 8664 220500224 192948576 277025939 10432
is_linear=0
shrinkage=0.05


Tree=10
num_leaves=63
num_cat=12
split_feature=5 5 12 9 5 7 5 13 12 20 1 3 5 7 16 16 17 3 20 16 9 16 17 16 3 16 16 16 16 3 5 13 19 19 16 9 15 12 3 1 12 19 7 5 7 17 13 16 16 19 16 17 12 12 9 21 12 13 6 16 9 19
split_gain=109439 18664.6 12406.6 11029.7 11946.3 9315.01 4637.22 3706.84 3453.87 1840.43 2360.59 1754.62 3194.51 1750.95 1709.2 2293.17 1639.57 1638.6 1534.41 1443.76 2503.46 4448.25 1381.24 1254.44 2072.46 1740.7 1207.62 2705.05 1196.96 1106.17 1025.36 1001.78 972.61 931.565 916.735 1466.99 823.516 822.389 816.496 812.034 799.589 758.059 737.307 710.502 658.295 654.641 653.075 641.213 629.429 628.944 589.307 577.895 562.068 559.695 545.024 540.631 526.267 551.436 526.083 522.917 463.689 443.245
threshold=0.4005420054200543 1.1375719082141103 0.0909504365257532 0.24962006079027357 0.14337101747173692 3.5000000000000004 2.1341907824222939 2.5000000000000004 0.37612573952097866 0 11.500000000000002 2.5000000000000004 1.0000000180025095e-35 47.500000000000007 45.500000000000007 51.500000000000007 1 4.5000000000000009 2 9.5000000000000018 0.075093984962406032 28.500000000000004 3 15.500000000000002 15.500000000000002 10.500000000000002 28.500000000000004 10.500000000000002 11.500000000000002 4.5000000000000009 1.598701298701299 17.500000000000004 4 5 14.500000000000002 0.71444879321591659 23.500000000000004 0.28357166411913587 12.500000000000002 153.50000000000003 0.34075931641035118 6 4.5000000000000009 0.097960815673730522 9.5000000000000018 7 10.500000000000002 48.500000000000007 16.500000000000004 8 49.500000000000007 9 0.31006758089379027 0.10691875141262298 0.027692569870483984 10 0.11006486847645404 23.500000000000004 0.9474196190866272 45.500000000000007 0.63163576038541958 11
decision_type=2 2 2 10 2 2 2 2 2 1 2 2 2 2 2 2 9 2 1 2 10 2 9 2 2 2 2 2 2 2 2 2 9 9 2 10 2 2 2 2 2 9 2 2 2 9 2 2 2 9 2 9 2 2 10 9 2 2 2 2 10 9
left_child=3 8 7 11 5 17 30 9 14 10 32 -1 23 49 19 31 59 46 -9 56 21 28 38 25 -25 42 27 -14 -21 -20 51 47 -3 -12 41 -36 53 -26 -7 55 -24 -31 -13 44 -40 -18 -5 -16 -15 -6 -49 -4 -51 61 -29 -35 -2 -58 -8 -10 -11 -22
right_child=1 2 6 4 13 22 58 18 16 60 33 12 26 48 15 -17 45 -19 29 20 36 -23 40 24 37 -27 -28 54 -30 34 -32 -33 -34 39 35 -37 -38 -39 43 -41 -42 -43 -44 -45 -46 -47 -48 50 -50 52 -52 -53 -54 -55 -56 -57 57 -59 -60 -61 -62 -63
leaf_value=0.0067595540431793465 0.004486319882206144 0.0078909943210931591 -0.011876979348198731 0.031362856991947012 0.0063255719781923824 0.040526460470624248 -0.029774784268748467 -0.021403853019351195 -0.0036872852522162043 0.0055615444982800317 -0.040091644172818797 0.019298147247956598 0.0022318736312258057 -0.0064207452687076077 0.0067917285975073963 -0.015295856893525911 -0.0098691050993867831 0.029739133978104529 -0.029928761009518634 -0.046630176311697399 -0.01550298763610912 -0.0010410638705573012 0.042113762470449463 0.023115366543849061 0.083716478095835545 0.0016522454900814412 0.021821659263001475 -0.076876583598141451 -0.10075049711771344 -0.014659770812359717 -0.024867893913275263 0.012034077554627065 0.043283745850278874 0.015189202519371468 -0.0011286454885930124 -0.015892317453232316 0.0016238156138134376 0.038555829124168189 0.050860388839698102 -0.022143839774982767 0.023766965777161874 -0.00080502051504455381 0.043406469221252547 0.031050754331831132 0.065447907572550382 -0.017726377059022299 0.016605221944548217 -0.027007489178413075 0.0072551653371196474 0.023463810832551061 -0.0019068419920450419 -0.019908548317141578 0.011917300370573645 -0.010944951741633041 -0.033943890105005675 -0.0065610558266484507 -0.011150349317859009 0.0011631989625406401 -0.038895837591489325 0.011504128774573548 -0.019716869689018788 -0.003328732132525122
leaf_weight=135632.87599849701 67899.331369638443 2766.9506356716156 35218.221601963043 8509.2529740333557 14522.407613992691 16213.718145132065 24384.766589641571 30960.662012815475 24010.949642896652 2459.769725561142 1210.1108765602112 15059.93404507637 6940.5758993625641 15512.687761306763 21575.51335310936 12716.315322637558 65600.897642612457 56725.325005054474 6156.1178007125854 2536.2681078910828 7989.3957185745239 5759.0813610553741 17190.183066129684 25165.626882314682 2068.5133521556854 15092.136621713638 2902.8973069190979 1440.0840888023376 1713.7928235530853 12388.010432243347 72309.535985946655 50222.821993350983 6636.9165742397308 10854.834388256073 23479.115224599838 59379.049457788467 48597.505445480347 1971.6110377311707 21513.69483923912 2354.2094569206238 9080.6713721752167 48483.61675453186 4018.0185916423798 3091.3510246276855 12109.31277680397 44633.686507463455 63053.58423614502 2862.8132650852203 18382.023154735565 23975.156713247299 12745.570243120193 62191.384989500046 18814.165717363358 39822.089152336121 1523.7156009674072 3872.5301141738892 13071.921317577362 29858.684514522552 45071.766718864441 7412.6514008045197 6906.4338068962097 114729.14477944374
leaf_count=125207 13849 1102 8678 4410 3615 5730 10340 10293 5600 998 259 10089 1494 2611 4303 2581 15446 26775 3149 563 1921 1335 5202 17920 1225 8235 705 310 388 3205 22470 10318 2594 2373 4632 13004 9244 965 7119 355 2721 10098 1226 629 3043 10447 34293 615 3014 5911 2528 16330 4679 9170 316 870 2756 6407 15448 1797 2990 22683
internal_value=-3.44634e-05 -0.00941034 -0.0169482 0.0188977 0.0250866 0.0317163 -0.024811 -0.00831799 -0.00340527 0.00608735 0.0125646 0.0101702 0.0162422 0.0100046 -0.00118407 0.00454203 -0.0101806 0.0233919 -0.0112702 -0.00291105 -0.00524531 -0.0296775 0.0451997 0.0208449 0.0284538 0.0143407 -0.00653326 -0.0148452 -0.0684722 -0.00917476 -0.020357 0.00742828 0.0329263 0.00210213 -0.00828628 -0.0117089 -0.00408695 0.0616927 0.0498684 0.00511391 0.0357596 -0.00362734 0.0243776 0.0540063 0.0561159 -0.0130519 0.0183604 0.00120726 0.000996068 0.0153322 -0.00651212 -0.0170082 0.018383 -0.0057944 -0.0548234 0.00947582 0.00174669 -0.00258632 -0.0356941 -0.000103431 -0.0130644 -0.00412297
internal_weight=1.54135e+06 1.03084e+06 457084 510510 298694 207487 239176 217908 573758 37061.8 27695.6 211816 76183.1 91206.4 432100 100123 141658 128288 180847 331977 221147 10009.1 79198.9 63375.8 29205.8 34170.1 12807.3 9904.38 4250.06 149886 169719 87406.7 9403.87 18291.7 143730 82858.2 211138 4040.12 52928.1 17081.6 26270.9 60871.6 19078 36714.4 33623 110235 71562.8 37183.9 33894.7 57311.7 15608.4 97409.6 42789.3 162541 2963.8 14727.4 110830 42930.6 69456.5 31423.6 9366.2 122719
internal_count=528583 251139 129188 277444 109752 89922 73266 55922 121951 11541 7553 167692 42485 19830 88661 20345 33290 65478 44381 68316 45304 2286 24444 39660 20110 19550 2825 2120 951 34088 47478 17764 3696 3857 30939 17636 43018 2190 16521 3598 7923 13303 11315 10791 10162 25893 38703 7446 5625 14205 3143 25008 10590 33774 626 3243 23012 9163 25788 7397 3988 24604
cat_boundaries=0 1 5 6 10 11 12 13 16 17 21 23 24
cat_threshold=22 67110544 1073774594 13633600 8448 1 2250516112 134791680 2765106240 8452 548865 540672 549377 2181046272 151521568 2751538179 1589905 2214602384 557376 80873472 8596 657655 1024 1589264
is_linear=0
shrinkage=0.05


Tree=11
num_leaves=63
num_cat=9
split_feature=5 5 12 9 5 2 12 13 5 0 3 16 16 0 20 2 17 16 0 2 5 2 9 12 13 16 3 3 17 16 16 16 9 19 2 9 13 0 20 16 12 9 16 19 3 16 6 16 16 13 6 5 17 5 16 17 20 16 16 13 16 16
split_gain=98597.6 15439.4 10903.8 8518.77 13445.6 8422.86 3552.47 3551.06 3217.28 1828.54 2920.83 1881.34 2123.59 1659.12 1627.18 2333.23 1597.32 1323.11 1319.58 1796.89 1300.62 1212.59 1073.13 1041.76 954.14 1031.76 946.598 901.72 834.427 827.036 761.787 2091.18 989.667 734.728 738.09 731.062 1072.72 722.44 706.079 662.151 632.457 615.066 611.84 610.773 609.861 597.306 581.074 578.871 598.03 563.938 574.807 563.857 559.973 557.797 550.802 542.978 508.473 507.961 529.378 504.357 483.892 840.57
threshold=0.44460182562165568 1.3326935380678184 0.071582474706323077 0.32660611491256658 0.16032128514056229 3.5000000000000004 0.24200150947518353 3.5000000000000004 2.1560336117887684 1.5000000000000002 3.5000000000000004 15.500000000000002 10.500000000000002 4.5000000000000009 0 7.5000000000000009 1 44.500000000000007 1.0000000180025095e-35 7.5000000000000009 0.99524545077798299 1.5000000000000002 0.55563197310102408 0.28357166411913587 18.500000000000004 45.500000000000007 116.50000000000001 31.500000000000004 2 10.500000000000002 28.500000000000004 10.500000000000002 0.027692569870483984 3 47.500000000000007 0.24962006079027357 75.500000000000014 1.0000000180025095e-35 4 12.500000000000002 0.16270336555042328 0.25053191489361709 16.500000000000004 5 8.5000000000000018 51.500000000000007 1.9000907441016335 14.500000000000002 16.500000000000004 25.500000000000004 1.636700336700337 1.6670006680026723 6 2.2549323017408125 51.500000000000007 7 8 44.500000000000007 9.5000000000000018 4.5000000000000009 16.500000000000004 9.5000000000000018
decision_type=2 2 2 10 2 2 2 2 2 2 2 2 2 2 1 2 9 2 2 2 2 2 10 2 2 2 2 2 9 2 2 2 10 9 2 10 2 2 1 2 2 10 2 9 2 2 2 2 2 2 2 2 9 2 2 9 1 2 2 2 2 2
left_child=3 6 7 9 5 21 20 14 38 10 -1 12 -12 28 15 43 17 29 19 -7 24 -5 -17 26 45 35 44 53 57 49 31 -11 -33 -24 -35 36 -26 59 -4 41 -10 -31 -15 -3 -13 -2 -42 52 -49 -8 -51 -40 -37 -9 -27 -21 -22 58 -6 -14 61 -18
right_child=1 2 8 4 13 18 16 27 40 30 11 23 37 42 -16 22 60 -19 -20 55 56 -23 33 -25 25 54 -28 -29 -30 39 -32 32 -34 34 -36 47 -38 -39 51 -41 46 -43 -44 -45 -46 -47 -48 48 -50 50 -52 -53 -54 -55 -56 -57 -58 -59 -60 -61 -62 -63
leaf_value=0.0070132135398396512 -0.0023646424187776091 0.014536289676843032 -0.028644418332013689 0.016184609641821068 0.02280180797149518 0.03767309760724101 -0.014120659465850661 -0.013688041684048531 -0.024297272574084462 -0.0012008262033680779 0.023630195252282538 0.027667710000226099 0.07881141097154519 -0.0062894977264467619 -0.012666628299178482 0.021710817830393032 -0.01459454503673911 0.0023583257618132107 0.025070615949613163 0.05732319115700564 -0.01431717162747915 0.026220290047065487 -0.03371975555226582 0.0221361278531318 -0.006952256993849733 0.012354829473363192 0.14249255522167301 -0.0082961647733200677 0.0046516535850193545 -0.069565375806831906 0.016101547393686522 -0.096237511912916074 -0.031602628875959847 0.0093487457461224905 -0.0081360304152514606 -0.0046072032302503533 -0.068652826583359944 -0.033357473943592605 -0.015829655559995277 -0.011184148258456018 -0.032595643438253698 -0.022053037918540165 0.0058316031745712328 0.044788572703207852 0.052584999025397289 -0.021694899857955276 -0.044073811747788461 -0.017097436285302272 0.00013384675717050787 -0.00027138631075170305 -0.015829502322509022 -0.022639203237523223 0.0084880718286913289 -0.025235467880916282 -0.0069196058787769996 0.042293429998649358 -0.0047726734564406707 0.025841975119503226 0.0099119705986179512 0.0010142890108062656 -0.0097641477499674466 -0.029273366426544989
leaf_weight=149359.56125688553 130000.68663167953 2641.2339730262756 21530.580662727356 58325.534141540527 11524.678203582764 45659.610798120499 13684.957952976227 29812.289902687073 15788.835147619247 6862.1331458091736 19052.578859090805 4700.0770716667175 210.6906270980835 18133.257372379303 11777.694323062897 6001.376975774765 35181.851834774017 31460.110834121704 10453.528343677521 22744.467960596085 15872.312827110291 62214.45588350296 1670.1826655864716 14488.478345394135 13151.201728105545 32393.949188947678 233.00399470329285 56224.642188549042 20192.977274894714 739.57870554924011 2336.2403635978699 895.87335062026978 1748.5439968109131 11879.635447263718 12267.475172519684 10289.823776483536 743.34565496444702 1593.9237620830536 69427.257816553116 45272.832982540131 42039.277671337128 8534.9630692005157 24444.268347740173 4683.9147720336914 5151.9842970371246 4122.1040821075439 14962.979684591293 5717.4346179962158 42151.44433093071 39926.511375188828 6972.6710591316223 54102.238041877747 39428.556895256042 16113.058832883835 4184.8190307617188 8648.1068222522736 115424.93177843094 11678.308071613312 25798.156135559082 13123.256014585495 22256.876457691193 13495.340484380722
leaf_count=135836 25541 1129 7511 34448 2944 16375 2806 10343 4503 1318 9340 3484 62 3036 4749 1314 7545 7590 2069 6384 4378 28193 366 8786 2742 6369 123 10432 5021 185 496 172 331 2968 2113 2128 142 397 18609 10715 16566 1980 4005 1979 2640 808 5633 1224 8191 9140 1658 16129 7989 7076 839 2380 22781 2941 6405 6443 5518 3206
internal_value=-1.70731e-05 -0.00929686 -0.0173923 0.0172145 0.0224222 0.0299366 -0.0045381 -0.00716523 -0.0245783 0.00963536 0.0107239 0.0201888 0.0125666 0.0084352 0.00362097 0.00852288 -0.00971047 -0.00672837 0.0417444 0.0440062 -0.00181698 0.0213645 0.00266753 0.0307278 9.58675e-05 0.00286307 0.0430675 -0.0125421 0.0132137 -0.00921192 -0.00947427 -0.0157606 -0.0535277 -0.00175987 0.00046578 0.000472183 -0.0102579 -0.00155452 -0.0202737 -0.013678 -0.0331561 -0.0258489 0.000669345 0.0339649 0.0407018 -0.00295889 -0.0356094 0.00200003 -0.00192456 -0.00519072 -0.00258476 -0.0188107 0.00577859 -0.01774 0.0101496 0.053216 -0.00592805 0.0167375 0.0138926 0.00224938 -0.0158699 -0.0186646
internal_weight=1.5415e+06 1.00193e+06 370923 539574 319817 208046 631006 153072 217851 219756 207914 58554 33980.4 111772 50921.5 39143.8 217526 146592 87505.7 77052.2 413481 120540 31818.7 24573.5 282183 148061 10085.1 102150 69194.1 115132 11842.8 9506.55 2644.42 25817.3 24147.1 111482 13894.5 14927.9 145060 54547.4 72791.1 9274.54 42577.5 7325.15 9852.06 134123 57002.3 97587.3 47868.9 60584.1 46899.2 123529 49718.4 45925.3 36578.8 31392.6 131297 49001.1 37322.8 13333.9 70934.1 48677.2
internal_count=528524 244895 111420 283629 114201 89849 133475 42469 68951 169428 167111 31275 16242 24352 14618 9869 50343 34074 27208 25139 83132 62641 6761 15033 55973 29624 6247 27851 17311 26484 2317 1821 503 5447 5081 22416 2884 6902 42249 12880 26702 2165 7041 3108 6124 26349 22199 19532 9415 13604 10798 34738 10117 17419 7208 8764 27159 12290 9349 6505 16269 10751
cat_boundaries=0 1 5 9 10 11 12 16 20 21
cat_threshold=22 2248410768 1091076162 2765302851 8580 2248419024 1074315264 2765171780 8472 540672 1 672001 137105672 83886884 6292484 12 2183145152 134791168 2767202313 260 1
is_linear=0
shrinkage=0.05


Tree=12
num_leaves=63
num_cat=16
split_feature=5 5 12 9 5 7 5 12 20 5 0 3 7 19 19 5 17 3 5 15 7 0 15 5 12 1 3 12 17 9 12 12 1 17 15 19 20 4 19 3 19 12 17 5 20 9 0 12 17 5 8 12 17 0 1 8 8 17 17 4 7 7
split_gain=89638.6 15437.6 10421.6 9184.59 9326.17 7602.38 3852.42 2823.57 2229.63 1614.36 1464.63 2353.29 1459.84 1456.46 1436.49 1369.75 1337.1 1333.95 976.591 922.858 905.271 872.756 872.589 821.882 809.957 786.262 776.306 705.66 700.853 690.806 663.34 593.984 586.532 527.852 506.601 501.631 499.248 637.412 531.456 494.082 489.58 484.758 484.219 478.615 421.293 410.684 492.535 407.008 390.517 386.813 380.48 360.663 359.76 357.669 478.884 347.881 341.736 341.563 335.616 325.18 668.973 324.97
threshold=0.4005420054200543 1.1375719082141103 0.071582474706323077 0.24962006079027357 0.16032128514056229 2.5000000000000004 1.8676399026763992 0.37612573952097866 0 3.5030864197530867 1.5000000000000002 4.5000000000000009 64.500000000000014 1 2 0.66709292412617238 3 12.500000000000002 0.097960815673730522 1.0000000180025095e-35 111.50000000000001 1.0000000180025095e-35 65.500000000000014 2.5484029484029489 0.057162068068412959 2.5000000000000004 4.5000000000000009 0.35098612413239139 4 0.75012690355329958 0.34075931641035118 0.12548429020823573 1.0000000180025095e-35 5 14.500000000000002 6 7 37.500000000000007 8 1.5000000000000002 9 0.3001000213562604 10 0.16032128514056229 11 0.85394223715201367 1.5000000000000002 0.25587278503963856 12 0.5718253968253969 1.2223470661672911 0.31006758089379027 13 1.0000000180025095e-35 2.5000000000000004 1.724590346424437 1.1168933751872141 14 15 137.50000000000003 9.5000000000000018 4.5000000000000009
decision_type=2 2 2 10 2 2 2 2 1 2 2 2 2 9 9 2 9 2 2 2 2 2 2 2 2 2 2 2 9 10 2 2 2 9 2 9 1 2 9 2 9 2 9 2 1 10 2 2 9 2 2 2 9 2 2 2 2 9 9 2 2 2
left_child=3 7 8 10 5 26 28 15 45 29 11 39 27 -11 49 20 17 -7 25 36 34 32 24 -8 -17 47 -5 42 -4 48 53 -25 51 -16 58 -29 -15 38 52 -1 -31 -30 -6 -12 -26 -3 -47 -19 -10 -9 -22 59 -38 54 -18 -33 -14 -28 -2 -13 -61 -21
right_child=1 2 6 4 12 16 23 14 9 13 43 21 56 19 33 22 30 18 -20 61 50 -23 -24 31 44 -27 57 35 41 40 -32 55 -34 -35 -36 -37 37 -39 -40 -41 -42 -43 -44 -45 -46 46 -48 -49 -50 -51 -52 -53 -54 -55 -56 -57 -58 -59 -60 60 -62 -63
leaf_value=0.005237293821354491 0.0059326613404278973 -0.011764358989959435 -0.01187958200583427 0.015472611051892696 0.021326197965586005 0.033581509010423519 -0.024768054855852886 0.007715476183931533 -0.01022160822944641 -0.03003819601356272 -0.044660769449467161 0.021597776601432538 -0.0088914625698772037 -0.008931399947274446 -0.0090946529856837984 -0.0015721386090666166 0.031903656123300005 0.051496411385623608 0.025883695614673741 -0.029514406590553651 -0.0061361663621204423 0.00075179221507312851 0.0023411553681396912 -0.019591015356771047 -0.015663932517474204 0.058606285905371897 0.027778902438341427 0.014873690230799923 -0.015359436601247429 -0.014718124216899204 0.019858614615852657 -0.034311220804968061 0.029544963028570112 -0.016350259668338953 0.012360670062386609 -0.00034280560841923563 0.027665605209611168 0.0018741513100937652 0.039145299857888186 0.011344223058887987 -0.0064165593711811644 -0.022541508176385672 0.0095613236491074588 -0.0074894783308342488 -0.006402889051903793 -0.011031556835255175 -0.028322997600817537 0.038126688434402631 0.0017338693761893874 -0.0039083879187286992 0.0036595519396186629 0.011944091077630441 0.0067627019350965101 0.016635728934135532 0.049522259468732011 -0.055800027756766526 0.0032049744098699242 0.017243716925896362 -0.00072409088707290443 0.10015679785362928 0.013980923058061088 0.026830373358649115
leaf_weight=111747.31068086624 54443.63258266449 13898.250154256821 53284.00528550148 66040.610537528992 25830.990108251572 31200.550516605377 63391.386651039124 9384.0039205551147 8610.7368946075439 2221.0754370689392 993.82528305053711 9500.2979736328125 8647.9597539901733 1813.558714389801 55383.619898796082 113480.4259095192 13501.013195514679 10154.073715209961 4803.4500279426575 1606.0025787353516 31614.313408851624 5269.4947187900543 57836.135576248169 6996.2381274700165 14060.911864280701 15293.733854293823 25351.765908479691 9448.607494354248 45501.479596853256 23655.59937953949 11846.871089220047 44641.798280000687 16775.348506450653 45979.98251914978 20673.988966464996 12679.164925575256 4058.5578491687775 4203.5939633846283 4096.0281128883362 47073.014330387115 71503.519509553909 48604.853122472763 13313.559369802475 6692.2019228935242 97307.965693235397 5938.2970595359802 13449.690446138382 13008.786991357803 32865.78276181221 30149.193605899811 14439.917091369629 13477.512265443802 4211.9053573608398 2451.568058013916 5406.6321265697479 1968.3032052516937 17968.441940784454 11268.830214977264 29031.746363639832 409.81343245506287 499.2995183467865 303.56063222885132
leaf_count=105457 13055 4534 13029 36453 6251 11823 20032 2189 2098 883 167 6678 1439 840 13123 22371 4824 3395 988 881 4725 1368 10052 2150 3875 4223 12857 2320 10952 6099 3798 18907 6151 10833 4868 3087 1471 809 1452 37412 15429 13220 3230 1313 20666 3100 4411 4383 6220 6989 2031 9084 1685 478 1617 782 2792 5757 7041 276 115 71
internal_value=-5.94771e-05 -0.00854728 -0.0154055 0.0170707 0.0227303 0.0284461 -0.0218484 -0.00308703 -0.00655349 -0.00409105 0.00912578 0.00993016 0.00905169 0.0083141 -0.00923498 -0.00108598 0.0377284 0.0414586 0.0471485 0.0125216 0.00277247 0.0198977 -0.00313615 -0.0286227 -0.00454504 0.0498039 0.0187108 0.0132988 -0.0164709 -0.00613546 0.0293417 -0.0331805 0.0223787 -0.0123873 0.00535368 0.00616162 0.0159644 0.0186837 0.0244121 0.0070474 -0.0084826 -0.0190671 0.0173331 -0.012301 -0.00757426 -0.0183198 -0.0230277 0.0439896 -0.000750382 -0.00114881 -0.00306479 0.017345 0.0170435 0.034614 0.036944 -0.0352199 -0.000725477 0.0245499 0.00361816 0.024336 0.052895 -0.020548
internal_weight=1.54126e+06 1.03061e+06 456824 510655 298217 210328 264388 573786 192436 159150 212438 204752 87888.7 22514.3 140897 432889 107667 74460.6 43260 20293.2 150204 45931.8 282685 116998 224849 38456.6 102661 61272.3 147390 136636 33206.1 53606.3 40662.3 101364 104149 22127.8 18383.6 16570.1 12366.5 158820 95159.1 94106.3 39144.5 7686.03 111369 33286.2 19388 23162.9 41476.5 39533.2 46054.2 23886.9 8270.46 21359.2 18907.6 46610.1 26616.4 36620.6 83475.4 10409.4 909.113 1909.56
internal_count=528609 250873 129055 277736 109715 90596 79072 121818 49983 37938 168021 166541 19119 8092 33134 88684 35529 24812 12989 7209 31720 23672 56964 41871 46912 12001 55067 14888 37201 29846 10717 21839 22304 23956 24964 5407 6257 5417 4608 142869 21528 24172 9481 1480 24541 12045 7511 7778 8318 9178 6756 16153 3156 6919 6441 19689 4231 18614 20096 7069 391 952
cat_boundaries=0 1 2 3 7 11 15 16 17 18 19 23 24 27 31 35 39
cat_threshold=1 540672 34826 2183407312 134923008 2765237313 8450 67118720 557890 349308932 11157 2248418832 1225295906 2756782147 8448 629258 8 206147 540675 33826760 134758912 2764122179 280 1 135037000 8388960 1050640 2149586432 8948224 2753561664 256 33563520 2282250240 2781883477 8464 35923608 2357256208 2769365252 280
is_linear=0
shrinkage=0.05


Tree=13
num_leaves=63
num_cat=8
split_feature=5 5 12 9 5 1 12 5 14 4 16 19 5 1 4 17 5 4 16 16 4 16 17 20 19 1 5 16 16 16 9 16 9 16 17 16 1 5 16 5 9 5 12 19 12 16 11 12 15 8 16 16 16 16 5 16 12 6 14 19 1 12
split_gain=80945.2 12613.4 9203.11 7198.05 11684.3 5976.58 2921.56 2732.57 2409.25 2169.26 1473.45 1450.1 1796.17 1405.06 1609.58 1155.36 1151.26 1166.64 1130.35 1694.13 1195.57 1145.67 1124.3 1063.12 979.839 891.399 888.823 879.578 839.143 989.748 1038.28 2384.56 835.513 758.09 751.009 727.96 710.143 704.983 704.669 699.223 689.426 682.265 681.33 657.59 588.645 586.897 583.84 582.754 581.112 575.061 552.416 1601.61 523.038 516.015 512.976 495.808 495.262 492.97 474.238 469.164 450.875 444.913
threshold=0.44460182562165568 1.3326935380678184 0.070087606350919721 0.15523125809109101 0.14337101747173692 1.5000000000000002 0.20732547204936255 2.3433539640436196 1.0000000180025095e-35 7.5000000000000009 44.500000000000007 0 3.9921875000000004 9.5000000000000018 3.5000000000000004 1 1.0000000180025095e-35 22.500000000000004 15.500000000000002 10.500000000000002 37.500000000000007 28.500000000000004 2 3 4 40.500000000000007 1.0000000180025095e-35 51.500000000000007 44.500000000000007 9.5000000000000018 0.12416046878521525 28.500000000000004 0.71444879321591659 45.500000000000007 5 48.500000000000007 3.5000000000000004 0.85723765285809084 11.500000000000002 1.9557513460597165 0.36474287828338886 0.91021802548748665 0.31947653506211654 6 0.41761467180855083 16.500000000000004 0.034457627949970114 0.12548429020823573 15.500000000000002 1.0313112745098041 9.5000000000000018 13.500000000000002 10.500000000000002 14.500000000000002 0.97306967074408945 49.500000000000007 0.31006758089379027 1.0685603008326621 1.0000000180025095e-35 7 1.0000000180025095e-35 0.36696589050096362
decision_type=2 2 2 10 2 2 2 2 2 2 2 9 2 2 2 9 2 2 2 2 2 2 9 1 9 2 2 2 2 2 10 2 10 2 9 2 2 2 2 2 10 2 2 9 2 2 2 2 2 2 2 2 2 2 2 2 2 2 2 9 2 2
left_child=3 6 8 13 5 9 22 43 39 58 24 59 40 14 -1 33 17 -7 19 -16 60 61 41 -14 52 46 -21 28 29 -24 31 38 -30 56 49 -34 -19 -12 -31 -3 -13 -2 -17 -4 48 -18 -25 -9 -45 -11 -15 -52 -8 -42 -26 -37 -6 -49 -5 -10 -20 -22
right_child=1 2 7 4 15 16 10 47 11 34 37 12 23 50 18 42 45 36 20 26 21 -23 27 25 54 -27 -28 -29 32 30 -32 -33 35 -35 -36 55 -38 -39 -40 -41 53 -43 -44 44 -46 -47 -48 57 -50 -51 51 -53 -54 -55 -56 -57 -58 -59 -60 -61 -62 -63
leaf_value=0.0050480590649339269 0.0040488738586651135 -0.0087273218235118365 -0.014241425973530109 0.0132994938269409 0.013368715080482567 0.035122359989993017 -0.0014531858800391631 -0.019521097241264121 -0.038900557717261634 0.027564638765482111 0.0047864520901021541 0.01658514464110809 -0.0091854532667049685 -0.0017207978878769686 0.016427360033852412 0.0060963060293640833 0.0087134158791133069 0.043476134936681197 0.013855895968921193 -9.2453365668429392e-05 0.094934265928568504 0.027538096366595339 0.00028200554987600226 0.052951319396588981 -0.01122168520478501 -0.0025205547566489769 -0.044994818138537104 -0.021828277108546703 0.0086351480619987694 -0.043333595971646557 -0.006823260508942529 -0.00089302935529109694 0.002275614545373525 0.021770266757683156 0.020344994269423117 -0.035287519662152954 0.059520410726679678 -0.0075332654161136062 -0.095188007573787814 -0.018591656306665091 0.0038997411609139813 -0.0021304828753403566 -0.0062974460964250398 -0.021240560724637744 -0.026488271293828809 0.035830107705161061 0.024969768482881908 -0.027579930564723659 -0.010916013961115367 0.039273439583283103 -0.061147427501398691 0.017453220804419838 -0.010164025209304492 -0.0086498225746719695 -0.018521240809570627 -0.0086577309391148473 0.0037711831748887641 -0.037194305769171869 0.026577132212415949 -0.0080662723731553514 0.027424529240626206 0.035584930800476693
leaf_weight=111021.64677619934 104190.48375439644 47837.948522806168 54585.565527677536 55924.329033613205 30647.200228691101 25376.359350442886 34236.016569375992 9466.090071439743 1293.5343396663666 42500.89165353775 26296.011266708374 5335.5560858249664 2155.542120218277 3487.8073749542236 27941.775933742523 33053.284219741821 3894.3865313529968 17471.477004289627 32169.412081003189 18211.652548551559 1087.2066481113434 4430.1503527164459 52760.358993768692 3313.0704607963562 81841.274224281311 1735.4756841659546 1172.0789511203766 6655.3679246902466 25195.014168024063 1894.2084336280823 94102.179328918457 3738.1266322135925 18831.34054017067 15245.102050304413 27589.578001976013 2170.357547044754 11419.710558414459 20793.920759677887 1003.59428358078 28770.767169713974 15368.125663757324 78190.394263982773 16686.219238758087 49473.225987195969 33509.391562700272 4092.8967890739441 4269.3281536102295 23799.912595510483 18815.666133165359 13932.18289065361 1725.6920917034149 1036.9509806632996 34697.679089546204 17537.7361805439 34100.643535614014 8968.9981791973114 23944.355202198029 30373.66851568222 7644.886688709259 23422.13501906395 7562.7089049816132 447.27904415130615
leaf_count=101764 20552 11174 15309 30285 6701 9571 7663 2766 379 19798 6256 1237 1028 643 17573 6978 755 5671 28205 11582 914 1962 11035 1113 18259 316 296 1341 4891 422 18969 845 3916 3349 11974 475 3104 5014 232 10853 3285 15141 3584 13931 10849 796 1571 10788 4785 4843 329 203 8002 3669 8257 1862 5377 10930 3844 7283 3387 428
internal_value=1.78697e-05 -0.00839932 -0.0157117 0.0156248 0.0202383 0.0273466 -0.00409011 -0.0222358 -0.00620771 0.021866 -0.00854963 0.000198935 0.00511952 0.00839773 0.00911307 0.00776372 0.040339 0.0429478 0.0139645 0.00854827 0.0195735 0.0404459 -0.00148901 0.0224705 -0.0105608 0.0297717 -0.00280975 -0.0039356 -0.003365 -0.00526583 -0.00817142 -0.0272853 0.00192407 0.0119108 0.0271386 -0.00371772 0.0498197 -0.00065372 -0.0613189 -0.0124321 -8.53448e-05 0.00139958 0.00193811 -0.018681 -0.021058 0.0226115 0.0372015 -0.0309708 -0.018396 0.0304506 -0.0149518 -0.0316492 -0.00583701 -0.00278882 -0.0133676 -0.0138489 0.0091593 -0.032971 0.0148967 -0.00969662 0.0164392 0.0776693
internal_weight=1.54045e+06 1.00073e+06 371063 539717 329423 209847 629666 220024 151039 147592 231966 74430.5 49714.8 210294 204044 119576 62254.8 54267.5 93022.3 47325.5 45696.8 5964.64 397700 11473.4 184876 9317.87 19383.7 215320 208664 153498 100738 6635.93 55165.7 69836.7 84022.7 29970.7 28891.2 47089.9 2897.8 76608.7 38241.4 182381 49739.5 156384 101798 7987.28 7582.4 63639.7 68288.9 56433.1 6250.45 2762.64 68933.7 32905.9 115942 11139.4 54591.6 54173.6 63569.2 24715.7 39732.1 1534.49
internal_count=528314 244398 111266 283916 116630 90641 133132 69358 41908 70744 53451 19881 12219 167286 166111 25989 19897 18346 64347 29451 34896 3304 79681 4028 42181 3000 11878 43988 42647 31503 20468 1499 11144 15427 36615 6253 8775 11270 654 22027 8191 35693 10562 44874 29565 1551 2684 24484 18716 24641 1175 532 15665 6954 26516 2337 12078 21718 34129 7662 31592 1342
cat_boundaries=0 1 5 9 10 11 15 16 17
cat_threshold=1729809 2250516112 268484624 2228430949 8450 270808216 3221254146 2244086054 8602 1 231434 100673232 2148057088 2761043008 8528 112650 16384
is_linear=0
shrinkage=0.05


Tree=14
num_leaves=63
num_cat=10
split_feature=0 2 12 3 20 0 3 1 10 0 10 0 14 3 19 19 1 0 12 0 0 10 2 12 12 4 0 19 2 20 0 10 3 16 3 21 10 0 0 20 12 0 19 1 16 16 0 19 0 16 16 15 14 12 0 0 0 12 0 12 10 19
split_gain=66976.7 17158.7 8355.7 5178.68 3385.27 3104.42 2594.07 2383.06 1919.38 2453.32 1867.38 1445.27 1423.93 2133.16 1393.95 1384.15 1370.57 1225.03 1201.04 1086.69 1006.19 1222.73 980.983 931.418 924.28 821.581 868.261 805.1 796.798 774.587 767.719 722.372 701.976 690.185 673.141 664.934 651.772 667.189 650.72 690.203 639.95 633.962 631.536 627.151 543.685 693.337 526.419 524.206 492.574 468.67 589.946 463.116 460.671 459.83 456.541 431.867 383.795 377.694 377.142 369.215 356.541 353.492
threshold=1.0000000180025095e-35 2.5000000000000004 0.24796826188354512 11.500000000000002 0 2.5000000000000004 1.5000000000000002 1.5000000000000002 1.5000000000000002 46.500000000000007 1.5000000000000002 13.500000000000002 1.0000000180025095e-35 6.5000000000000009 1 2 4.5000000000000009 2.5000000000000004 1.0000000180025095e-35 1.5000000000000002 1.5000000000000002 2.5000000000000004 6.5000000000000009 1.0000000180025095e-35 0.20063512586071544 6.5000000000000009 1.5000000000000002 3 12.500000000000002 4 94.500000000000014 1.5000000000000002 35.500000000000007 44.500000000000007 19.500000000000004 5 3.5000000000000004 155.50000000000003 42.500000000000007 6 0.41761467180855083 1.5000000000000002 7 2.5000000000000004 16.500000000000004 9.5000000000000018 2.5000000000000004 8 4.5000000000000009 45.500000000000007 39.500000000000007 13.500000000000002 1.0000000180025095e-35 0.026131946741798088 77.500000000000014 77.500000000000014 265.50000000000006 0.055869307310956191 4.5000000000000009 0.5502753086748966 2.5000000000000004 9
decision_type=2 2 2 2 1 2 2 2 2 2 2 2 2 2 9 9 2 2 2 2 2 2 2 2 2 2 2 9 2 1 2 2 2 2 2 9 2 2 2 1 2 2 9 2 2 2 2 9 2 2 2 2 2 2 2 2 2 2 2 2 2 9
left_child=1 6 4 25 20 16 52 33 11 17 38 12 13 -6 55 -14 42 28 61 43 31 51 -9 -19 32 -4 -27 -25 -10 -16 59 -2 -8 40 -21 54 37 -11 39 -7 -3 -18 -5 -15 45 -24 -20 -26 -23 50 53 58 -1 -29 57 60 -38 -13 -22 -31 -12 -17
right_child=2 7 3 5 8 10 24 22 9 36 14 35 15 19 29 18 41 23 46 34 21 48 44 27 47 26 -28 49 -30 30 -32 -33 -34 -35 -36 -37 56 -39 -40 -41 -42 -43 -44 -45 -46 -47 -48 -49 -50 -51 -52 -53 -54 -55 -56 -57 -58 -59 -60 -61 -62 -63
leaf_value=0.0050092750698711242 -0.0089106050090931501 0.027922276572492827 -0.031044589206530443 0.0015544852509903359 -0.023419429441647016 -0.049706653780651658 0.020222994545237041 0.033128354683144304 0.00605768693095627 -0.0050423612049606201 -0.0067111254408554217 -0.0033535612576668615 -0.01682095254420889 -0.0010537776988543272 -0.027596901794880974 0.044928643827427124 0.01691282756769882 0.033097277343232638 0.017335197277804477 -0.014344956083441216 -0.018847245715605983 0.0028610777024170343 0.050793326376243675 -0.0017294964540613901 0.018967364540730506 -0.014315824007660908 -0.028240255641525842 0.014814530202854845 0.02398000005942524 -0.0087342022774111235 -0.025446015074753237 0.008214447485343182 0.071675632320461508 0.035958597006884536 -0.003241710896772932 -0.019717086847845129 0.0013017910360229518 -0.016343635944873477 -0.033549125096661768 -0.016229670819030387 0.016529418271305857 0.0020529395898341487 -0.01012676198866028 0.014874757831921074 0.053224026346990139 0.030317276406104866 0.0010131929709881898 0.010193651478951611 -0.011020286258738118 0.010417136164095125 -0.0037186001072936959 -0.0060535604579888712 0.022225198523980801 0.0036655838099690823 -0.017654214597150091 -0.018086956901258638 -0.0062956623977866721 -0.012346114714925721 -0.030003126646187379 -0.017164793526439241 0.00040234715486666485 0.020234243026046851
leaf_weight=128541.82665014267 19166.649525642395 35268.063111066818 26187.111266136169 18460.317763805389 14030.25242972374 1568.3981440067291 46977.697927951813 25784.748884677887 13333.250076055527 52639.391144275665 33027.487721443176 35202.848005771637 5989.2513403892517 13024.144966602325 8138.3272199630737 1971.6919157505035 11598.851525306702 2480.384224653244 6269.618665933609 16808.001316070557 25507.498958826065 8879.2629363536835 7886.9736874103546 77255.761839866638 22657.656628608704 27588.019305944443 18845.403125762939 10912.964382410049 11594.744447946548 75729.478879928589 9050.9749274253845 9071.8466277122498 671.5568470954895 15326.108734130859 72648.918293952942 15806.296550750732 51344.652276039124 17368.660136699677 6438.0676760673523 71028.310803174973 18957.394708156586 18827.356294870377 30997.791908502579 11757.630647420883 14893.95801448822 8703.3133909702301 23280.011904478073 69042.5240483284 22797.691379308701 28375.49368596077 23816.284398078918 5087.8301951885223 4005.9359931945801 60613.78049325943 10724.409511566162 5023.9699606895447 24579.534883975983 17471.684474468231 10783.534423828125 15676.025671243668 37746.378084659576 5727.5251414775848
leaf_count=114839 8474 12827 13232 5975 6777 443 30396 9749 4321 7962 7375 6418 1736 4955 1983 792 3038 722 1921 5533 8427 2295 2252 15838 14599 11821 6875 2139 2823 15153 1237 2784 488 5702 17301 2912 7256 2289 1017 16400 6975 4901 10029 3503 4222 2367 5553 45977 4908 5544 4738 1468 2725 12028 1570 706 2897 3134 2774 3304 7362 2397
internal_value=-2.2086e-05 0.0176213 -0.00618074 -0.0118318 -0.0029446 -0.00926581 0.0105374 0.0328088 -0.00157027 0.000697323 -0.0118841 -0.00495586 -0.00237599 -0.00502111 -0.00912791 0.00547086 -0.000631724 0.00393305 0.0090576 -0.00276133 -0.0114234 -0.0145227 0.0403624 0.00265121 0.0153005 -0.0239624 -0.0199677 0.00227529 0.0143945 -0.0127596 -0.0115547 -0.00340895 0.0209496 0.0265886 -0.00532803 -0.0105421 -0.00436655 -0.00784635 -0.0183142 -0.0169627 0.0239397 0.00771808 -0.00576851 0.00650376 0.0462857 0.040054 0.00447674 0.0123649 -0.00712928 0.00477581 0.00309728 -0.0201823 0.00552975 0.00536678 -0.00824992 -0.00392246 -0.00115784 -0.00633649 -0.0221628 -0.0101802 -0.00291729 0.0266479
internal_weight=1.54097e+06 398718 1.14225e+06 415932 726322 343312 271897 126821 625027 374315 263427 250712 171507 128269 184393 43238.1 79884.3 228383 37248.8 114239 101294 73055.8 57269 203455 139349 72620.5 46433.4 200974 24928 108595 100456 28238.5 47649.3 69551.6 89456.9 79205.2 145932 70008.1 79034.8 72596.7 54225.5 30426.2 49458.1 24781.8 31484.2 16590.3 29549.6 91700.2 31677 123719 95343 41378.9 132548 71526.7 63398.9 75797.8 75924.2 52674.5 36291 91405.5 70773.9 7699.22
internal_count=528158 253118 275040 110851 164189 78923 209024 44094 133059 68557 54980 64502 50468 38069 37120 12399 23943 48153 10663 31292 31130 19872 18590 41009 91460 31928 18696 40287 7144 21677 19694 11258 30884 25504 22834 14034 20404 10251 17860 16843 19802 7939 16004 8458 8841 4619 7474 60576 7203 24449 18905 12669 117564 14167 11122 15443 10153 9552 11201 18457 14737 3189
cat_boundaries=0 1 2 3 4 5 7 8 9 10 11
cat_threshold=1 235530 540672 542339 1 5978263 33792 1 628746 100362 301224
is_linear=0
shrinkage=0.05


Tree=15
num_leaves=63
num_cat=7
split_feature=5 5 12 0 2 5 2 12 13 5 5 16 16 16 19 19 8 12 9 16 16 16 9 12 7 16 16 9 16 16 12 8 9 13 12 15 16 16 19 12 15 16 16 5 7 16 12 21 19 12 19 6 9 16 10 0 16 16 12 19 16 9
split_gain=66247.3 9991.83 7617.58 6288.4 9556.19 6040.43 3334.3 3135.85 2316.89 1605.06 1561.06 1493.65 1316.31 1513.16 1191.85 1189.22 1045.02 963.158 955.811 942.13 1215 935.072 1918.31 904.909 868.026 752.836 751.742 1400.05 2774.14 834.596 707.434 704.033 677.13 663.969 627.362 616.493 595.704 567.281 564.802 566.195 548.838 546.208 503.597 499.911 494.892 443.505 581.33 439.49 434.882 425.524 422.028 416.116 415.939 414.345 408.271 393.677 389.147 449.978 380.123 379.679 375.925 689.427
threshold=0.50038639876352409 1.4428989279078086 0.050011247126314613 2.5000000000000004 1.5000000000000002 0.1241124794416142 5.5000000000000009 0.37502027114640429 3.5000000000000004 2.3799560623496183 0.99524545077798299 16.500000000000004 16.500000000000004 9.5000000000000018 0 1 1.066601435094586 0.2366182907172821 0.1883205456095482 45.500000000000007 51.500000000000007 9.5000000000000018 0.12746615087040622 0.25010473030943725 9.5000000000000018 44.500000000000007 9.5000000000000018 0.11119139370584459 28.500000000000004 11.500000000000002 0.12548429020823573 1.0999075785582257 0.7667152575315842 10.500000000000002 0.073296875188001723 33.500000000000007 10.500000000000002 12.500000000000002 2 0.31006758089379027 63.500000000000007 44.500000000000007 45.500000000000007 0.97306967074408945 84.500000000000014 48.500000000000007 0.10114974968372455 3 4 0.26680004048763878 5 1.0685603008326621 0.81755571360834522 51.500000000000007 2.5000000000000004 1.0000000180025095e-35 44.500000000000007 10.500000000000002 0.34542444676740858 6 51.500000000000007 0.70595420578654922
decision_type=2 2 2 2 2 2 2 2 2 2 2 2 2 2 9 9 2 2 10 2 2 2 10 2 2 2 2 10 2 2 2 2 10 2 2 2 2 2 9 2 2 2 2 2 2 2 2 9 9 2 9 2 10 2 2 2 2 2 2 9 2 10
left_child=3 7 8 4 23 6 17 10 14 36 19 21 13 58 50 56 47 -6 55 26 32 44 -23 -1 -10 38 -2 28 29 -28 -11 -24 -21 -13 -12 -36 49 -38 -7 -40 -29 -19 -35 -17 -5 -34 -47 -16 -33 -4 -3 -32 -18 -44 -14 -15 57 -9 -8 -51 61 -39
right_child=1 2 9 11 5 25 12 15 24 30 34 33 54 18 16 43 52 41 -20 20 -22 22 31 -25 -26 -27 27 40 -30 -31 51 48 45 42 35 -37 37 60 39 -41 -42 -43 53 -45 -46 46 -48 -49 -50 59 -52 -53 -54 -55 -56 -57 -58 -59 -60 -61 -62 -63
leaf_value=0.012746876291797991 0.0021430445318471633 -0.040628948739225741 -0.0059159857165624894 0.008545956707363727 0.027681526528368219 0.015364232044291291 0.049484566113444706 -0.0012731505819062116 -0.018312123514800726 -0.017567185867220551 -0.0036493103863093888 -0.0022093512653845442 0.042044080153636053 0.006158951877322863 0.033402535549127949 -0.01063845920270368 0.017498269709380312 0.015890512638210261 0.027352612617487854 0.012573382666748595 -0.012929246125399802 -0.073644361898763611 -0.021761520759515224 0.0059694066761772982 -0.0056753028019870828 0.019555471300412304 -0.039057260443595643 -0.0043149556416802121 0.00040746464744239414 -0.091752496730717989 -0.025068190722307329 -0.011135538936659563 0.0070353856995946998 0.0057936867598335226 -0.01210156498386499 -0.002756184991319151 -0.033039998437838503 -0.009659614634823047 0.0096504349118521262 -0.0021757941445774399 0.0035678986620061161 0.026380927336755611 0.020274278652706059 -0.017379578015152188 -0.0055813641848732505 -0.016591536612835838 0.0042722278996838057 0.011426208343334436 0.0070185671799945981 -0.0089915861976161034 -0.0060664997966379287 -0.033957891990688979 0.00027059558185337358 -0.002092299144825273 0.059863223482202112 -0.045619730384119178 0.0039980531175620613 -0.012801649120628976 0.03391296802471875 -0.022019231775814996 -0.029350254685500433 -0.020507145008013594
leaf_weight=73106.536806583405 76589.0904712677 944.62440514564514 14472.633309602737 13112.557744503021 48204.454171180725 18049.429527997971 7481.7602934837341 18431.151749849319 23772.709401607513 14403.81734752655 115929.15964531898 12841.727055549622 25751.826415777206 4889.0059504508972 5087.1613895893097 66801.604486942291 4339.8306851387024 51254.088171958923 13510.16010928154 29733.211775541306 8607.1011915206909 1205.7578353881836 6825.1436882019043 150934.7991104126 31725.034046173096 18336.000841856003 1775.8106763362885 117917.9807498455 4417.2023150920868 1305.1046032905579 23495.34686255455 6526.0400214195251 19301.644999742508 21637.403323173523 59222.814455986023 25138.438118457794 7742.1625330448151 19289.229133367538 24567.215825080872 17210.090276479721 27167.536144733429 16376.094165325165 15083.912972450256 46758.686529397964 11756.008121490479 5882.7549810409546 7717.7959458827972 4176.331529378891 6649.4942846298218 9370.5932214260101 11880.361473321915 29992.572144508362 18165.782964229584 2399.8730630874634 3680.0408496856689 395.89125156402588 11708.090960502625 15651.62269949913 8259.6409409046173 14053.677262783051 7871.3834626674652 60907.023468255997
leaf_count=59516 15494 268 4033 2670 20502 4788 2209 4269 10139 4199 24684 2217 7581 1316 1821 15374 930 22065 3867 5553 1709 223 1296 126902 6183 4890 388 23975 978 277 10700 1143 3935 3935 15068 5281 2142 5405 6506 4559 4850 7063 2708 12819 1833 1245 1594 1700 1191 2743 4022 10918 4193 432 998 76 2924 3772 2402 4421 1918 15993
internal_value=4.19297e-05 -0.00800706 -0.0155453 0.0133876 0.0157355 0.0222965 0.027341 -0.00456155 -0.00426961 -0.0211436 -0.00261733 0.00184404 0.0365036 0.0298806 0.00421671 -0.0106705 0.00940871 0.0222808 0.0203009 -0.000337729 0.00468423 -0.00470997 -0.0124232 0.008181 -0.0110886 0.0106919 -0.00189891 -0.00392776 -0.0249943 -0.061402 -0.0274047 -0.00872895 0.00710477 0.0076554 -0.00603648 -0.00931684 -0.0179642 -0.0200633 0.00797508 0.00477756 -0.00283886 0.018431 0.0108935 -0.0134131 0.00186765 0.00216263 -0.0047527 0.0235455 -0.00197672 -0.012657 -0.00864483 -0.0300535 0.00359329 0.0172042 0.0442741 0.00227232 -0.00386519 -0.00656753 0.0413167 -0.0168215 -0.0189221 -0.0178982
internal_weight=1.54179e+06 961747 301690 580045 482007 257966 179803 660057 100092 201598 500706 98037.9 63968.3 34536.5 44594.1 159351 31769.1 115835 18795.1 300415 71242.5 46075 21206.4 224041 55497.7 78162.7 229173 152584 7498.12 3080.92 67891.7 20000.7 62635.4 51962.9 200290 84361.3 133707 95809.8 59826.7 41777.3 145086 67630.2 39121.2 113560 24868.6 32902.2 13600.6 9263.49 13175.5 37896.9 12825 53487.9 22505.6 17483.8 29431.9 5284.9 45790.9 34082.8 15741.4 23424.3 88067.6 80196.3
internal_count=528805 235917 91728 292888 275240 88822 68079 144189 29256 62472 105031 17648 18449 9870 12934 39158 8644 49630 5259 59998 14036 8356 3853 186418 16322 20743 45962 30468 1643 665 25817 3630 12327 9292 45033 20349 36655 25458 15853 11065 28825 29128 7075 28193 4503 6774 2839 3521 2334 11197 4290 21618 5123 3140 8579 1392 10965 8041 4611 7164 23316 21398
cat_boundaries=0 1 2 3 5 6 7 8
cat_threshold=1729553 34826 235530 591939 1024 811457 16384 235530
is_linear=0
shrinkage=0.05


Tree=16
num_leaves=63
num_cat=8
split_feature=5 5 14 0 3 5 1 16 16 5 9 16 16 16 5 20 16 19 16 0 2 9 16 16 14 9 16 16 9 8 16 3 16 16 16 4 7 17 16 16 17 20 16 2 17 17 8 9 16 14 16 17 16 1 5 16 16 16 16 9 6 16
split_gain=60113.9 9095.26 6215.4 5712.92 8990.36 5146.85 3356.69 2133.15 2229 1969.33 1768.34 1621.63 3401.48 1768.03 1541.27 1583.47 1344.8 1295.77 1172.03 1157.48 2074.66 1025.43 1056.97 1139.79 1006.83 1003.34 1196.01 955.524 1860 944.883 868.588 941.312 827.481 823.588 802.854 782.489 752.615 700.47 691.841 738.029 916.272 689.287 677.172 672.772 671.502 640.099 574.203 555.094 551.229 550.26 524.146 521.799 505.948 496.299 493.922 490.981 460.47 456.607 455.391 531.358 448.814 447.179
threshold=0.50038639876352409 1.4122163260697755 1.0000000180025095e-35 2.5000000000000004 3.5000000000000004 0.21479943013096692 1.0000000180025095e-35 44.500000000000007 51.500000000000007 2.3433539640436196 0.13832872076010508 8.5000000000000018 28.500000000000004 10.500000000000002 3.9921875000000004 0 16.500000000000004 1 9.5000000000000018 1.0000000180025095e-35 6.5000000000000009 0.78720676486633945 48.500000000000007 49.500000000000007 1.0000000180025095e-35 0.69295811671242491 15.500000000000002 9.5000000000000018 0.015373871938117749 1.1421086941604339 16.500000000000004 15.500000000000002 16.500000000000004 39.500000000000007 9.5000000000000018 2.5000000000000004 40.500000000000007 2 28.500000000000004 14.500000000000002 3 4 39.500000000000007 1.0000000180025095e-35 5 6 1.724590346424437 0.037216579460346781 10.500000000000002 1.0000000180025095e-35 16.500000000000004 7 28.500000000000004 3.5000000000000004 0.9167235106866759 28.500000000000004 16.500000000000004 47.500000000000007 9.5000000000000018 0.16683433936955067 0.45657945363601388 45.500000000000007
decision_type=2 2 2 2 2 2 2 2 2 2 10 2 2 2 2 1 2 9 2 2 2 10 2 2 2 10 2 2 10 2 2 2 2 2 2 2 2 9 2 2 9 1 2 2 9 9 2 10 2 2 2 9 2 2 2 2 2 2 2 10 2 2
left_child=3 7 9 4 24 6 30 10 21 41 11 -2 13 -13 25 17 27 -16 51 20 61 -9 -23 -24 35 -4 -27 -5 -29 32 34 -32 44 38 -6 -1 -19 -30 39 40 -31 -3 52 55 -20 -10 -11 -22 -43 -18 58 -12 60 -7 -35 -33 -41 -37 -21 -60 -34 -8
right_child=1 2 14 16 5 53 19 8 45 46 18 12 -14 -15 15 -17 49 36 29 50 47 22 23 -25 -26 26 -28 28 37 33 31 43 42 54 -36 57 -38 -39 -40 56 -42 48 -44 -45 -46 -47 -48 -49 -50 -51 -52 -53 -54 -55 -56 -57 -58 -59 59 -61 -62 -63
leaf_value=0.003626677941693115 -0.0063101236464392059 -0.023684934186042884 0.0039166174682831682 0.0021361827312970471 0.019566071589150198 0.0027590997626108409 0.024417726035409426 0.0077365082306229994 0.0051493136489236856 -0.024596185111653249 -0.0069317883053613295 -0.026001140737805087 -0.0061224561816160955 -0.068370018143150121 -0.026159327601161266 -0.011148929793574819 0.0094635576752707291 0.030337981794900399 -0.018323110455502271 0.021734130637719947 0.02396952257766655 0.0033754294843817375 -0.028011676439111205 -0.0033729209296757059 0.023881189318448664 -0.0014395869181264705 -0.018023432486436518 -0.088527447468536538 0.0003190708780838918 0.012574983101796375 0.018689329251488786 0.10362002182709285 0.011617110265303239 -0.0051154200029404221 0.0059404867517010131 0.0084124292779580011 -0.0060987843902953346 -0.018293259193122843 0.010056872376897182 -0.015348444372800134 -0.0031073313822040437 -0.0094393764506205541 -0.0099415436968728968 0.033130110333036776 -0.00700667597129316 -0.019183999918978838 -0.046459884566300819 0.042953066740490334 -0.016403178451801937 -0.0050151567816412029 0.027138212678078373 -0.00030655688684996601 0.010089054763355428 0.011906759114388654 -0.014773910230689649 0.013644908413547895 -0.0037518867421798604 0.018384493665580235 -0.037661108805012153 0.0066526866370808443 -0.0099520334363105978 0.034302190388212431
leaf_weight=110212.8826956749 22472.886612653732 22728.0465695858 16671.771416664124 25166.44871711731 19903.002767562866 22609.833858013153 52773.314050674438 62197.169531822205 3244.675183057785 71232.878960132599 38002.853431224823 4990.2173612117767 10612.62176990509 4863.3749535083771 1371.4331638813019 6135.4799220561981 43969.856729507446 9930.0565481185913 38927.170424461365 4190.5931544303894 4318.44642162323 51379.265689134598 6015.370014667511 21354.299053430557 8633.7013354301453 19914.684318304062 23942.167165994644 770.00826549530029 9687.2742967605591 12506.939594745636 32371.34966635704 611 3085.9528799057007 31152.188356399536 23667.434091091156 75261.252742767334 1652.759979724884 10570.968279838562 11399.833726167679 14681.846811294556 36382.903210163116 41119.201649427414 45494.158675193787 6649.5236325263977 19829.583780527115 16183.545036554337 3135.6781063079834 35890.508865356445 92029.495332241058 7712.6565589904785 8169.166069984436 136227.2481648922 8708.9181382656097 43079.885899305344 23017.761626243591 202 20530.447401285172 13545.552768707275 811.51258516311646 4039.2785243988037 11027.436360359192 14620.83335518837
leaf_count=95405 5253 7554 3881 4546 10782 6516 22151 12900 692 28576 8184 1192 2723 1162 470 2966 7927 3475 9646 929 1178 11737 1523 4947 5175 4581 5403 142 1783 2273 18714 611 881 5853 12587 57584 293 1895 2211 2860 7111 11342 10881 2597 4810 3524 1222 10240 23509 1316 1822 29623 2118 11354 4569 202 3770 9976 171 891 2628 6138
internal_value=4.63415e-05 -0.00760297 -0.0146597 0.0127743 0.0150126 0.020961 0.0248107 -0.00426096 0.000749224 -0.0188239 -0.00588777 -0.0155833 -0.0257649 -0.0469177 -0.0026174 0.00976977 0.00176197 0.0196709 -0.00496459 0.0300003 0.0319261 0.00293776 -0.000852418 -0.00878891 0.00716624 -0.0065242 -0.0104932 -0.00443715 -0.0123038 -0.00698707 0.0170442 0.0223808 -0.0101578 -0.00429502 0.012165 0.00644101 0.025117 -0.00940234 -0.00150162 -0.00306844 0.000906611 -0.0156296 -0.0064158 0.0383891 -0.0145085 -0.0151273 -0.0255187 0.0409149 -0.0142516 0.00730282 0.017959 -0.00175209 0.000612573 0.0087583 -0.00921968 0.0813088 -0.0085874 0.00993364 0.00966329 -0.000767019 -0.00523536 0.0265626
internal_weight=1.54359e+06 964152 309864 579438 481561 273908 208218 654289 160374 230245 493914 42939.1 20466.2 9853.59 79618.4 19089.7 97877.2 12954.2 450975 124814 107603 140946 78748.9 27369.7 207653 60528.6 43856.9 46194.7 21028.3 276745 83404.3 39833.9 127073 149672 43570.4 199020 11582.8 20258.2 95502 84102.1 48889.8 155877 68316.5 7462.52 58756.8 19428.2 74368.6 40209 133149 51682.5 17210.6 174230 22822.3 65689.7 54169.9 813 35212.3 88806.8 9041.38 4850.79 14113.4 67394.1
internal_count=528975 236343 93272 292632 275023 106883 89013 143071 35323 72203 107748 10330 5077 2354 21069 7204 17609 4238 97418 43520 39707 31107 18207 6470 168140 13865 9984 8366 3820 59611 45493 22124 30964 28647 23369 162965 3768 3678 18225 16014 9384 42405 16508 3410 14456 4216 29798 11418 34851 9243 3813 37807 5627 17870 10422 813 6630 67560 1991 1062 3509 28289
cat_boundaries=0 1 2 6 10 11 14 18 22
cat_threshold=22 540672 33556352 33024 2227251200 256 67117264 2147483648 67307520 272 1 170693376 84469268 2690778269 8320 524288 75565056 256 153620736 3556772660 2130332 72
is_linear=0
shrinkage=0.05


Tree=17
num_leaves=63
num_cat=10
split_feature=0 3 12 3 20 1 0 17 13 9 19 0 9 0 20 1 19 16 16 19 16 0 16 16 3 0 7 13 16 3 16 9 15 17 9 16 16 16 7 0 7 7 15 15 16 9 4 0 1 13 20 13 15 4 15 20 16 17 16 4 13 16
split_gain=49554.8 13203.5 6820.87 3967.35 2846.15 2629.46 2303.82 2007.28 1959.71 1945.82 1568.44 1156.24 1045.67 1125.93 1010.93 984.78 961.188 917.959 1278.51 896.046 970.639 841.256 832.122 1224.46 830.51 1341.21 848.266 782.034 741.546 703.115 672.183 1209.93 648.012 638.53 635.825 1233.41 1988.06 833.938 638.313 809.076 616.251 593.061 569.701 560.287 554.43 539.974 539.098 589.969 514.086 512.701 511.544 497.544 493.596 490.661 460.769 460.706 476.975 437.396 436.186 429.341 414.315 409.381
threshold=1.0000000180025095e-35 6.5000000000000009 0.24200150947518353 10.500000000000002 0 1.5000000000000002 1.5000000000000002 1 1.5000000000000002 0.15523125809109101 2 61.500000000000007 0.88003378378378383 2.5000000000000004 3 2.5000000000000004 4 16.500000000000004 9.5000000000000018 5 51.500000000000007 19.500000000000004 51.500000000000007 49.500000000000007 7.5000000000000009 2.5000000000000004 9.5000000000000018 24.500000000000004 51.500000000000007 27.500000000000004 44.500000000000007 0.85737756219683947 130.50000000000003 6 0.18068402642829384 8.5000000000000018 28.500000000000004 10.500000000000002 5.5000000000000009 1.5000000000000002 1.0000000180025095e-35 40.500000000000007 419.50000000000006 12.500000000000002 48.500000000000007 0.99057159366179981 5.5000000000000009 1.5000000000000002 3.5000000000000004 10.500000000000002 7 4.5000000000000009 21.500000000000004 3.5000000000000004 15.500000000000002 8 6.5000000000000009 9 49.500000000000007 2.5000000000000004 6.5000000000000009 49.500000000000007
decision_type=2 2 2 2 1 2 2 9 2 10 9 2 10 2 1 2 9 2 2 9 2 2 2 2 2 2 2 2 2 2 2 10 2 9 10 2 2 2 2 2 2 2 2 2 2 10 2 2 2 2 1 2 2 2 2 1 2 9 2 2 2 2
left_child=1 9 4 46 12 17 15 14 16 51 11 24 28 43 -8 -5 -6 18 50 -12 21 30 23 54 60 26 -26 -16 -2 -19 34 -32 -27 61 35 -21 37 -37 -36 -40 -31 -18 -13 -14 -33 -23 -4 -48 -7 -11 -3 -1 -15 -51 55 56 -9 -20 -46 -53 -10 -29
right_child=2 5 3 6 8 48 7 22 10 49 19 42 13 52 27 -17 41 29 57 20 -22 45 -24 -25 25 32 -28 33 -30 40 31 44 -34 -35 38 36 -38 -39 39 -41 -42 -43 -44 -45 58 -47 47 -49 -50 53 -52 59 -54 -55 -56 -57 -58 -59 -60 -61 -62 -63
leaf_value=0.038785829830699108 -0.0041663886878672484 0.034209880689600743 -0.027914816308620423 -0.0059993499881690997 -0.022367603966768679 0.033242590292352069 -0.025149760847965181 -0.0093529344640121918 0.011762330060475903 0.024318675753690341 -0.012739876970619983 -0.0060243472696791343 -0.010848044535499174 -0.027375217524727116 -0.012815675156850143 0.0087096586743433107 0.026040327432737376 0.025406862842111241 0.018002837504026641 0.0039258238845068724 -0.019823982894685777 -0.0041229556787263531 -0.032934111693858098 0.0094638762777058457 0.0052274752522258518 0.00078581868122579765 0.022365280520529246 -0.00061462363841391647 -0.032279224890460763 0.10724690457992761 0.015230883620563429 0.0046489813566558671 0.0096273924739402206 -0.0063353961308534315 -0.010777910944916959 -0.01985958616417647 0.00078125272584522721 -0.061766963309553162 0.015760077642525908 -0.00073030013235536552 0.040256135185820829 -0.0069693482004338616 0.0035539750466014814 0.014823482705902303 -0.029014244828406401 -0.012524956133538035 -0.013883290101147409 -0.02560797490456081 0.043809328097704506 0.0077925208903930274 0.018145831554946309 0.0029505010297064069 -0.0067151098145456171 0.015779680181159848 -0.010089776705959072 -0.026006271520672822 -0.018792582278893372 0.0041944477812354075 -0.0049882412760363648 0.0080239542121589118 -0.018040924292471984 0.016447955169750225
leaf_weight=1112.7700879573822 52138.447781562805 10871.250739097595 21948.282927036285 20456.043621778488 1353.4852418899536 32483.817810297012 7137.5930662155151 20374.958948612213 1411.2285051345825 11416.583972454071 27430.274882793427 69085.788145065308 22842.391725301743 17979.992317914963 34201.539347410202 25642.407838106155 10884.309017181396 33971.940383434296 9579.1131355762482 7508.1350653171539 8547.8216598033905 75322.258836746216 6160.5037980079651 5269.5233824253082 15017.1922519207 164122.77982068062 13907.46670126915 34533.655731678009 2455.2216701507568 368 17132.019120931625 11475.266965150833 23717.47559094429 113288.99618434906 13736.705061435699 1974.6404819488525 4518.5540611743927 2980.574401140213 8205.6712837219238 79433.627415895462 5021.0841882228851 1554.6455626487732 20022.84335899353 2342.6077959537506 2629.7758502960205 25629.217638492584 28044.830851078033 17382.288579463959 17855.728291988373 29297.232896327972 9288.2654662132263 91751.127376079559 3445.7821080684662 55964.485327005386 30469.630751132965 12885.051217079163 39009.471359968185 14319.990354776382 6702.4179575443268 76443.798067331314 6696.5577294826508 3912.8424437046051
leaf_count=570 14636 4749 11333 7229 458 10947 1884 3929 531 5612 7251 9619 9097 4989 6819 7323 3897 15923 4134 1911 1784 11693 1257 1114 5178 33224 3503 7630 676 368 4203 3082 4401 25321 5732 536 1237 749 2330 18331 1750 275 2581 801 759 4220 12263 6473 5000 16498 4198 85321 836 28147 6790 3224 8464 6368 1680 64249 3123 857
internal_value=-1.02294e-07 0.0151527 -0.00529991 -0.0103607 -0.00235177 0.0279668 -0.00824042 -0.00980427 -0.00108452 0.00870865 -0.00150788 0.000947905 -0.0101265 -0.0156279 -0.0066953 0.00218259 0.0175515 0.0225205 0.0175622 -0.00413736 -0.00324909 -0.00269839 -0.0150599 -0.0140416 0.00285793 0.00344562 0.0134681 -0.00598544 -0.00543127 0.0280699 -0.000400446 0.00539096 0.00190224 -0.0044462 -0.00225691 -0.0112106 -0.0232056 -0.0450744 -0.000756948 0.000813857 0.0448497 0.0218969 -0.00387207 -0.00845969 -0.00271117 -0.00625613 -0.0214798 -0.0183701 0.0369915 0.014368 0.0268358 0.00547699 -0.024053 0.0130353 -0.0152472 -0.0174215 -0.0155514 0.00973886 -0.0117611 0.0052564 -0.0128526 0.00112199
internal_weight=1.54267e+06 399745 1.14292e+06 420718 722205 133759 353342 307244 621001 265986 607208 313981 101204 46610.8 193075 46098.5 13792.4 83419.6 44058.6 293227 265797 257249 114169 108009 224873 216765 28924.7 185937 54593.7 39361 156297 37939.5 187840 151735 118358 16981.9 9473.77 4955.21 101376 87639.3 5389.08 12439 89108.6 25185 20807.5 100951 67375.4 45427.1 50339.5 96678.3 20159.5 169308 21425.8 85261.7 102739 72269.5 59384.4 23899.1 9332.19 168195 8107.79 38446.5
internal_count=529067 253834 275233 111910 163323 53437 81841 67289 132288 200397 127658 62160 31035 15723 42511 14552 4630 37490 19449 65498 58247 56463 24778 23521 49960 46306 8681 40627 15312 18041 40550 9724 37625 33808 30826 4433 2522 1285 26393 20661 2118 4172 12200 9898 5521 15913 30069 18736 15947 50257 8947 150140 5825 44645 22407 15617 12393 10502 2439 149570 3654 8487
cat_boundaries=0 1 5 6 7 8 9 13 14 15 19
cat_threshold=1 2248418960 1661501698 2765097026 8580 502112 1 540672 540672 67109008 1090551810 12584960 384 6 6 100663936 134743040 2223188032 264
is_linear=0
shrinkage=0.05


Tree=18
num_leaves=63
num_cat=11
split_feature=5 5 12 0 3 5 2 5 12 17 6 9 16 16 16 16 16 16 9 16 16 14 16 9 19 17 5 16 12 17 19 9 4 8 16 16 12 12 16 16 3 17 16 12 17 3 19 14 7 16 16 16 9 16 12 16 16 17 17 19 16 9
split_gain=50279.8 8082.59 6801.01 4650.58 7558.17 4103.95 2599.31 2378.53 1685.54 1654.32 1404.92 1255.86 1133.46 967.054 1025.41 934.136 1182.94 852.303 1440.28 2748.86 846.915 843.152 833.718 1475.9 817.29 815.674 757.31 728.123 745.943 717.532 713.106 652.987 619.583 604.247 597.282 586.222 661.082 551.349 535.428 709.205 532.885 508.75 471.724 470.975 439.639 439.501 437.566 430.811 419.839 412.975 412.544 403.689 397.882 393.262 439.147 366.514 547.733 452.457 349.562 349.132 341.914 341.498
threshold=0.50038639876352409 1.1065248226950357 0.084102640957808519 2.5000000000000004 3.5000000000000004 0.21479943013096692 3.5000000000000004 2.0016920473773268 0.3837391630099149 0 2.9984260230849951 0.51880896226415107 16.500000000000004 16.500000000000004 9.5000000000000018 45.500000000000007 51.500000000000007 9.5000000000000018 0.11119139370584459 28.500000000000004 11.500000000000002 1.0000000180025095e-35 9.5000000000000018 0.094583604424203008 1 2 1.7108995422248436 44.500000000000007 0.34542444676740858 3 4 0.63643071144300867 2.5000000000000004 1.1020801384137473 44.500000000000007 48.500000000000007 0.0909504365257532 0.18773466600880326 14.500000000000002 11.500000000000002 63.500000000000007 5 40.500000000000007 0.31006758089379027 6 76.500000000000014 7 1.0000000180025095e-35 84.500000000000014 46.500000000000007 8.5000000000000018 9.5000000000000018 0.21324118167642972 51.500000000000007 0.42951928823104285 14.500000000000002 11.500000000000002 8 9 10 45.500000000000007 0.80014130946773443
decision_type=2 2 2 2 2 2 2 2 2 9 2 10 2 2 2 2 2 2 10 2 2 2 2 10 9 9 2 2 2 9 9 10 2 2 2 2 2 2 2 2 2 9 2 2 9 2 9 2 2 2 2 2 10 2 2 2 2 9 9 9 2 10
left_child=3 8 10 4 21 6 37 29 15 27 26 30 22 14 -11 17 31 -2 19 20 -19 32 48 -24 -13 61 50 28 -8 -4 -12 -17 -1 -25 43 -33 -37 40 39 -26 -6 55 -40 -7 -9 -22 -39 58 -5 -34 -3 -30 -16 54 -31 56 -20 -58 60 -27 -14 -10
right_child=1 2 7 12 5 34 9 44 25 13 11 24 47 -15 52 16 -18 18 41 -21 45 -23 23 33 38 59 -28 -29 51 53 -32 35 49 -35 -36 36 -38 46 42 -41 -42 -43 -44 -45 -46 -47 -48 -49 -50 -51 -52 -53 -54 -55 -56 -57 57 -59 -60 -61 -62 -63
leaf_value=0.0032661455131849718 0.0015112456178788753 0.00035787787960167664 -0.0094405751307994196 0.0082834836902667529 0.021000577581236073 0.0097846472938631565 0.034854546131750645 -0.020545813550644988 -0.010755703281665271 0.023918868359307937 -0.0011998498549425926 -0.014187558068301626 0.0079396728787402195 0.028423664801658019 -0.00820615974060461 0.012052582094895691 -0.011944780628149337 -0.036660962087170124 -0.0041745842609799202 -0.00097649955108759529 -0.053265604014030625 0.021789690622122805 -0.067118133842237845 -0.019947622549736532 0.00088774105054495792 -0.0072947554726921233 -0.013132456609963625 0.041890008163976464 0.031307897253254495 -0.013162964098520514 0.021934243141507038 0.0069351209377233741 0.0072619241345351516 -0.001741557571037256 0.016676318217856648 -0.01674414038985661 0.0024825001173750718 0.020545169696996116 -0.012806133565558207 0.022530483735609168 0.083902812295502019 -0.0048597827895230494 0.001419200839060808 -1.0037007709521361e-05 -0.028232290958602441 -0.10753362254800301 0.011119115308678477 -0.0041418310333880817 -0.0046224013632001062 0.016072768700958695 -0.0072643590137433092 0.018098905332070394 0.01024211013567989 -0.027257100099750044 -0.01961086081223699 -0.0018738021083876584 0.048426543331595281 0.01112949156217884 0.0046766161053717493 -0.013576173765234428 0.021288178101509764 0.0032226627898305875
leaf_weight=110152.33181428909 98631.215431690216 23019.98556637764 56423.708210945129 13196.06745672226 33033.373579502106 27974.587657928467 30545.711445093155 34957.719674825668 5616.0402889251709 11488.013811349869 5185.1420955657959 12321.651998996735 11187.967006206512 18394.576214551926 4738.8051869869232 27246.10811829567 10635.613357543945 2523.3722541332245 6468.2158479690552 5908.2849764823914 665.69781899452209 8566.9920835494995 1122.3235311508179 7067.7636847496033 14656.988917350769 50625.926940202713 48388.542750835419 15568.166886806488 9360.0286946296692 71762.737927436829 9326.9319949150085 28560.472967624664 72329.618242740631 12828.78101348877 15680.213435173035 6904.3737392425537 12680.541428804398 16946.728854656219 10170.601705312729 5102.0941007137299 339.28686189651489 130304.42690706253 13646.023635387421 21866.047163724899 40740.097191333771 858.58491706848145 45523.189841747284 7688.222813129425 12059.404763221741 16296.032000541687 77568.530163526535 15158.399720907211 7622.8173317909241 7639.0723929405212 41794.129207849503 35280.313776493073 885.58579611778259 9106.465083360672 24314.236627101898 39441.431938886642 8399.952253818512 19669.241680383682
leaf_count=95308 20395 4909 15077 2688 18696 7606 9417 12717 1340 3525 1677 3971 2020 5665 1354 5318 2165 559 1292 1355 187 5141 208 1341 3937 11997 14996 4977 2976 19548 2478 5839 55360 2274 4275 1492 2654 9325 2542 1356 235 26873 3523 5952 14369 149 26139 1318 1881 12065 16380 4685 2292 1838 12701 6959 198 1737 4376 9301 1514 4619
internal_value=-2.49016e-05 -0.00701733 -0.0116865 0.0116167 0.0136359 0.0190825 0.0225095 -0.0172678 -0.00253139 0.0276511 -0.00524194 0.000578214 0.00168001 0.0198049 0.013165 -0.000911841 0.00366486 -0.00226655 -0.00420721 -0.0227241 -0.0544606 0.00643209 -0.00400158 -0.011358 -0.0028243 -0.00781962 -0.00799264 0.0323361 0.0296401 -0.0141047 0.0136832 0.00586706 0.0057701 -0.0082095 0.00816547 0.00236642 -0.00429608 0.0164538 0.000392245 0.00647708 0.0216426 -0.00319441 -0.00465584 0.00548762 -0.0246894 -0.0838837 0.0136816 0.00677613 0.00212103 0.00888218 -0.00552 0.0231426 0.00316991 -0.0162739 -0.0155362 0.00100045 0.00716136 0.0144992 0.00868816 -0.0100468 0.0136578 0.00011762
internal_weight=1.54417e+06 964716 472704 579450 481585 274240 208719 253317 492012 112877 219386 70409.4 97864.7 42244.2 23849.6 376659 86027.1 290632 192001 9955.94 4047.65 207345 46274.3 21018.9 55897.4 115353 148977 70632.3 55064.1 177620 14512.1 75391.5 198778 19896.5 65520.8 48145.4 19584.9 95842.6 43575.7 19759.1 33372.7 182045 23816.6 49840.6 75697.8 1524.28 62469.9 51590.4 25255.5 88625.7 100589 24518.4 12361.6 121196 113557 51740.6 16460.3 9992.05 43902.2 90067.4 19587.9 25285.3
internal_count=529061 236448 132019 292613 274993 107119 89286 76250 104429 34891 55769 19484 17620 12836 7171 77172 17468 59704 39309 2250 895 167874 8392 3823 15329 27257 36285 22055 17078 49164 4155 15303 162733 3615 17833 9985 4146 54395 11358 5293 18931 37059 6065 13558 27086 336 35464 9228 4569 67425 21289 7661 3646 34087 32249 10186 3227 1935 7910 21298 3534 5959
cat_boundaries=0 4 5 9 13 14 18 22 23 26 30 31
cat_threshold=2248418944 18531840 2765106245 8450 1728529 67109520 16809986 13633603 8448 67109520 570982850 97650688 981 1713681 17047768 2416050704 92408096 9118 239371984 2147518720 97659158 8452 104458 0 0 2048 2106264 557056 2227375104 276 741450
is_linear=0
shrinkage=0.05


Tree=19
num_leaves=63
num_cat=14
split_feature=5 5 12 5 3 12 17 13 0 17 7 5 12 6 19 8 12 5 8 10 10 19 13 13 8 19 4 17 11 12 6 5 3 9 17 19 17 12 3 0 21 19 10 12 13 5 12 9 17 9 4 13 17 2 4 21 6 10 0 3 7 5
split_gain=45138.8 6771.06 5779.29 4746.01 8955.58 2157.75 2068.14 1740.19 1285.22 1138.69 1106.94 1096.09 1021.11 996.93 979.056 826.221 779.111 764.661 734.348 723.123 717.392 686.371 663.452 498.819 496.295 481.714 462.144 511.984 456.128 453.165 465.266 453.161 804.99 538.613 447.415 442.326 419.252 418.256 382.333 377.042 449.569 355.27 350.302 334.803 332.871 331.844 330.596 324.514 308.49 305.402 335.778 296.818 293.738 290.574 284.489 275.234 273.79 270.631 258.399 404.678 257.959 255.535
threshold=0.5415312706585601 1.4122163260697755 0.050011247126314613 0.25087412587412594 4.5000000000000009 0.16675931320274459 0 3.5000000000000004 1.0000000180025095e-35 1 64.500000000000014 2.589436795994994 0.19925545681460691 0.085934065934065954 2 1.0588877472386338 0.32796157455345715 0.88170703946223183 1.1034952550972472 1.5000000000000002 2.5000000000000004 3 10.500000000000002 24.500000000000004 1.219037083860093 4 155.50000000000003 5 0.014865667858560172 0.16270336555042328 1.000392233771328 0.097960815673730522 15.500000000000002 0.027692569870483984 6 7 8 0.34075931641035118 10.500000000000002 125.50000000000001 9 10 1.5000000000000002 0.35926732340354145 27.500000000000004 0.80044994375703049 0.47203327427654984 0.94336950130953034 11 0.075093984962406032 165.50000000000003 26.500000000000004 12 12.500000000000002 2.5000000000000004 13 1.9165543575920936 1.5000000000000002 1.5000000000000002 11.500000000000002 105.50000000000001 3.9921875000000004
decision_type=2 2 2 2 2 2 9 2 2 9 2 2 2 2 9 2 2 2 2 2 2 9 2 2 2 9 2 9 2 2 2 2 2 8 9 9 9 2 2 2 9 9 2 2 2 2 2 10 9 8 2 2 9 2 2 9 2 2 2 2 2 2
left_child=3 5 7 4 13 20 12 14 16 17 18 35 31 -1 36 55 38 23 43 -9 25 42 -15 -7 46 -2 27 -27 60 -13 -31 32 -6 -34 -28 -4 -3 47 -8 40 61 -20 -14 -5 -19 -11 57 -37 -22 -40 -51 -35 -25 -53 -24 -16 -46 -12 59 -23 -10 -17
right_child=1 2 11 10 6 9 8 19 28 45 24 29 21 22 15 39 -18 44 41 -21 48 58 54 52 -26 26 34 -29 -30 30 -32 -33 33 51 -36 37 -38 -39 49 -41 -42 -43 -44 -45 56 -47 -48 -49 -50 50 -52 53 -54 -55 -56 -57 -58 -59 -60 -61 -62 -63
leaf_value=0.0036062079981107708 -0.012082007037637951 0.0021627832148629314 -0.011386230777601668 0.0053452333128450758 0.027297967646503486 -0.0092361234945160867 0.016514226775986574 -0.014257715098248703 -0.0039742583129318684 -0.0085742847830056548 -0.0094356606572675167 -0.015612340491814595 0.02359729806985289 0.022276763752151537 0.030759800593649494 0.0072265417774593447 0.011495768727822821 -0.014205598564834519 0.0048512894233764432 -0.003024818558242607 0.0054878363810895196 0.013703808288714332 0.0052959663332020068 0.0079726356130582054 0.00587023125201742 0.0027113404022227902 -0.0009566915765323405 -0.0037494345818265273 0.0078479053070260648 -0.020271558636443684 -0.030682439493567599 0.020798098740543891 0.014886242650433977 0.039070613101896294 -0.0079682002236165349 -0.011412371358360155 -0.014676934615719148 -0.021534768490108797 0.015248448989062217 -0.012267287759534791 -0.0052152353875096749 0.01333085406314469 0.035020509435401408 -0.0030002632881224235 -0.0058828326139644558 -0.015112638287808532 -0.015251127430805186 -0.018406162737211042 5.7999798453219406e-05 0.027858190509652433 0.05357591847448983 0.046689002689735783 -0.0011013737482459703 0.071789539365116312 0.010918216576897191 0.01227052574394627 -0.017592114438288464 -0.00011881731606253564 0.0041789278707543851 0.023453358626479476 -0.030322574336909536 0.02215936278072108
leaf_weight=122327.68429279327 14132.382968425751 7316.8619768619537 47050.595935583115 32070.336545944214 24118.370340585709 16980.499537229538 14975.362980365753 30123.59764957428 3889.09494972229 33657.288118124008 11139.334868431091 13681.637469768524 21361.177494764328 10275.7338514328 4700.8154430389404 9438.8610286712646 27194.530343770981 18638.732038736343 18562.909865617752 27323.173626184464 34356.878880739212 21210.822820425034 34864.335049152374 10658.930023670197 14825.633546829224 61095.371154546738 37818.345425128937 61540.42893075943 10853.070775985718 19352.429982185364 24120.026187181473 9396.9790396690369 1650.0553803443909 8249.4890203475952 57149.024465322495 33442.122389316559 7458.8927478790283 36701.978286981583 4470.531661272049 2974.9690399169922 5478.0427720546722 37155.196362257004 9796.6773254871368 19219.059043884277 68866.629207372665 45848.589698553085 6364.4002408981323 32922.944852352142 109517.0157084465 15876.210770130157 1380.0623335838318 3981.3416666984558 54330.189340114594 1631.0528762340546 63461.205884456635 3601.0671682357788 5381.8096556663513 25951.025961875916 3352.3934006690979 21375.998369932175 1219.6111907958984 4113.4706013202667
leaf_count=122211 3797 2322 12522 8043 10970 3514 7460 10999 853 7887 1842 4285 9195 5303 1683 2004 12142 4336 4541 5657 5688 10667 20135 2470 2250 16212 6469 16703 2205 9421 9356 1983 512 2660 10065 8032 2634 11333 1492 439 1375 8945 2916 4925 17384 11541 1051 8705 18193 6078 478 1445 12607 393 33824 1482 1451 4103 609 7374 190 1137
internal_value=4.5531e-05 -0.00680249 -0.0128546 0.0107323 0.0134625 -0.00382624 0.021042 -0.00314472 0.0147384 -0.00738215 0.00351557 -0.0176576 0.02503 0.00670166 0.00420832 0.00935128 0.0179105 -0.00512528 0.00653526 -0.0089152 -0.00141817 0.0214437 0.0101883 -0.00160577 -0.00202884 -0.00313993 -0.00255846 -0.000530859 0.0020491 -0.0235506 -0.0260484 0.030674 0.0330152 0.0419022 -0.00517702 -0.0154139 -0.00634261 -0.0172496 0.0226631 0.00428321 0.00687102 0.0105092 0.0271813 0.00221803 -0.00823162 -0.0123433 -0.00472387 -0.0148821 0.00135505 0.0269004 0.0299179 0.0451167 0.000388021 0.0539951 0.00892475 0.0227941 -0.00673179 -0.00291712 0.017542 0.0185979 -0.0102691 0.0117517
internal_weight=1.54197e+06 939774 309801 602200 436912 629972 205983 102530 79858.5 254363 165288 207272 126124 230929 45083 30307.2 63896.7 174857 107008 57446.8 375609 77097.1 108601 81969.6 58280.4 231736 217603 122636 15961.8 57154.1 43472.5 49027.3 39630.3 15511.9 94967.4 150118 14775.8 103067 36702.2 22005.3 19030.4 55718.1 31157.9 51289.4 92887.2 79505.9 43454.8 66365.1 143874 21726.8 17256.3 13861.9 64989.1 5612.39 98325.5 8301.88 74248.4 37090.4 45939.2 42586.8 5108.71 13552.3
internal_count=528498 231703 93386 296795 261095 138317 79622 29732 30898 61190 35700 63654 48724 181473 13076 8120 27650 41762 26454 16656 77127 30761 59262 18591 9246 53246 49449 32915 3248 23062 18777 17963 15980 5010 16534 40592 4956 28070 15508 4955 4516 13486 12111 12968 23171 19428 6996 16737 23881 8048 6556 4498 15077 1838 53959 3165 18835 5945 18650 18041 1043 3141
cat_boundaries=0 4 8 9 10 11 15 19 20 24 26 27 31 34 36
cat_threshold=2248418960 135974912 2899323969 8578 100935312 587759938 2765301824 8580 1729809 100362 1589248 2183144728 3506458642 607134054 9048 270545032 17303552 2227308842 396 108554 2300579912 8944720 2133313 8192 756163 1024 1599377 2109584 2155888640 12618024 400 67109008 16810050 8456192 591955 256
is_linear=0
shrinkage=0.05


Tree=20
num_leaves=63
num_cat=6
split_feature=0 2 12 20 20 10 7 10 2 3 13 0 0 10 3 0 0 13 7 2 0 0 3 0 16 16 9 0 13 10 9 12 10 12 9 3 21 15 0 4 0 12 11 12 16 20 2 20 12 12 8 6 0 10 0 0 20 9 9 13 2 13
split_gain=36378.6 10119.4 5347.61 2750.87 2705.47 2147.59 2144.65 1662.5 1502.82 1486.06 1443.47 1153.19 946.329 1068.59 917.738 1324.84 868.949 900.889 830.447 791.212 788.442 746.234 868.188 754.943 708.088 884.285 698.379 664.637 643.772 599.908 594.202 582.369 576.761 566.526 553.033 537.918 526.974 513.036 523.812 495.09 485.694 453.912 435.915 404.903 404.658 402.498 382.661 367.289 351.567 349.92 348.128 342.436 325.142 315.838 313.19 311.138 309.738 301.142 289.655 289.128 279.343 279.004
threshold=1.0000000180025095e-35 2.5000000000000004 0.33259453816776829 0 1 1.5000000000000002 144.50000000000003 1.5000000000000002 6.5000000000000009 1.5000000000000002 1.5000000000000002 1.5000000000000002 1.5000000000000002 1.5000000000000002 4.5000000000000009 2.5000000000000004 1.5000000000000002 1.5000000000000002 6.5000000000000009 7.5000000000000009 27.500000000000004 32.500000000000007 5.5000000000000009 1.5000000000000002 16.500000000000004 9.5000000000000018 0.80651798752157189 62.500000000000007 5.5000000000000009 1.5000000000000002 0.85737756219683947 0.22511880985130442 2.5000000000000004 0.24796826188354512 0.44464215104784505 33.500000000000007 2 310.50000000000006 261.50000000000006 24.500000000000004 4.5000000000000009 0.10114974968372455 0.079326695203781147 0.076678323864782807 51.500000000000007 3 8.5000000000000018 4 0.071582474706323077 0.48435714081824377 1.1350029651056135 0.37517186067827685 1.5000000000000002 2.5000000000000004 183.50000000000003 2.5000000000000004 5 0.84622507122507129 0.25053191489361709 2.5000000000000004 24.500000000000004 75.500000000000014
decision_type=2 2 2 1 1 2 2 2 2 2 2 2 2 2 2 2 2 2 2 2 2 2 2 2 2 2 10 2 2 2 10 2 2 2 10 2 9 2 2 2 2 2 2 2 2 1 2 1 2 2 2 2 2 2 2 2 1 10 10 2 2 2
left_child=1 9 3 12 55 10 16 21 33 59 18 -9 29 -14 28 19 46 -18 56 52 26 22 -6 57 25 -10 49 36 -12 -2 44 35 41 -3 -27 -11 43 38 53 -26 -32 -19 -20 -17 -15 -35 -7 -33 -40 -13 -28 -34 -16 -8 -22 -4 -5 -24 -25 -1 -41 -51
right_child=2 8 4 5 7 6 37 11 24 31 14 20 13 30 15 27 17 32 42 -21 54 -23 23 58 39 34 50 -29 -30 -31 40 47 51 45 -36 -37 -38 -39 48 60 -42 -43 -44 -45 -46 -47 -48 -49 -50 61 -52 -53 -54 -55 -56 -57 -58 -59 -60 -61 -62 -63
leaf_value=0.02625718390133093 -0.007067845183736033 0.025115441497434055 -0.02071239597266665 0.031969297116886751 -0.020993163189727652 0.0055519814755040954 -0.0068649170463270376 0.0082004381591741365 0.036389745982087031 0.01492161757461836 0.011203309719780057 -0.0046828200842353928 -0.022642684734653126 -0.0040291242377564823 -0.00035590190034092914 -0.0022580975470026057 0.030933763449190757 0.0029326018486137452 0.0040624570722718285 0.0073154285863045168 -0.011385402436592952 -0.028309204919085396 -0.0098295512494094 -0.020379896283669381 0.026508963756003978 0.005078550745850504 -0.0056416192818342517 -0.016107525406981179 -0.021756999257318319 0.0078133200043120198 -0.0081374845433575867 0.01136609829567185 -0.0016223681919999362 0.020056343983188323 0.0253314668444337 0.057949393331917801 -0.010673685190331269 0.0023204135267811659 -0.007691530608442701 0.040805965818687062 -0.022915242200283775 -0.0032607412187815863 -0.041039564109196958 -0.0083709033681201722 -0.029009137401127979 0.009835284953037057 0.022244456127722804 0.0048350452877795828 -0.021877228750360883 -0.013289341613112625 0.001031499442517257 0.0069737304750307682 -0.010729862812194598 -0.0013234884387832288 -0.028250541038602126 -0.031727150148897931 0.0018920726988974014 0.00045520081440384721 -0.011258589888180612 0.0035589350635191769 0.062959731621860526 -0.048972385755923886
leaf_weight=1417.1641917228699 21011.11518239975 35596.768331766129 19928.205351829529 4656.7262873649597 20663.654133796692 5528.940557718277 39540.601398468018 14953.011235237122 11564.54899430275 48540.952259540558 1684.8153581619263 17540.195590496063 19766.995410203934 34244.897728919983 23642.201604127884 86314.974654197693 2921.3413169384003 86540.343488454819 4441.8099370002747 31028.726902246475 33416.815809726715 7003.6294450759888 11049.392947673798 9894.3359413146973 6365.7702357769012 5350.275482416153 33272.544710159302 17213.014705657959 12239.975613117218 9992.6753373146057 10999.160299301147 55052.665340423584 13348.016429185867 28522.797771215439 9111.6668365001678 736.54010915756226 41520.484609127045 33324.429135799408 14931.075019836426 14048.716462135315 11246.604254722595 44949.86621427536 608.19567179679871 39481.1309030056 1700.8361966609955 14655.518001317978 9060.8146023750305 35436.903015613556 6173.7308096885681 20501.753402709961 47366.421382427216 87725.954092264175 11097.953986167908 73529.829543113708 2999.5556440353394 9461.5260133743286 1061.5483086109161 19997.576319217682 72404.377278089523 131097.35226154327 1586.9564046859741 562.01242971420288
leaf_count=837 9335 13716 8216 2079 10398 1918 5868 4497 3350 31500 713 4002 6554 8316 9439 18428 779 18502 1084 8390 5267 1139 4084 2570 1925 1421 7907 2567 6271 3077 3248 35974 2791 11023 2598 535 9517 4426 1810 4054 2707 10551 152 8921 403 5691 2388 23679 756 4852 10290 17246 4080 10587 395 2577 524 6974 18467 116770 344 134
internal_value=3.30252e-05 0.0130289 -0.00450638 -0.00227517 -0.00975066 -0.00111321 0.00114625 -0.00838198 0.0246959 0.0075955 -0.00454423 -0.00506205 -0.00965954 -0.0125989 -0.00527555 -0.00458047 0.00407884 0.00334518 0.0133993 0.00151271 -0.00633612 -0.0123993 -0.0115676 -0.00984912 0.0316673 0.0260832 -0.00436953 -0.00675216 -0.0177685 -0.00227147 -0.00918684 0.0111922 0.00299849 0.0204451 0.0178397 0.0155659 -0.00578962 -0.00323208 -0.00461113 0.0382715 -0.0156092 0.000815402 -0.00137644 -0.00417632 -0.00521187 0.0165944 0.0159195 0.00881032 -0.0118421 -0.00989983 -0.00172194 0.00583851 -0.00367014 -0.00326136 -0.0127753 -0.0242511 0.0264462 -0.00320527 -0.0123554 0.00380188 0.0430584 -0.0142437
internal_weight=1.54163e+06 399085 1.14254e+06 801529 341015 692567 417575 311625 126803 272282 274992 170612 108962 77958.5 264223 250298 250075 235486 10768.3 65768.9 155659 141013 134009 113346 48027.9 26026.5 119243 184530 13924.8 31003.8 58191.5 139767 232564 78775.1 14461.9 49277.5 167317 167500 134175 22001.4 22245.8 131490 5050.01 125796 35945.7 43178.3 14589.8 90489.6 21104.8 38604 80639 101074 34740.2 113070 36416.4 29389.7 5718.27 31047 82298.7 132515 15635.7 21063.8
internal_count=528613 253417 275196 183427 91769 149787 77622 80976 44122 209295 72165 37344 33640 21228 68326 61342 54175 49869 3839 21909 32847 43632 42493 32095 13692 7369 27185 39433 6984 12412 14674 91688 49090 30430 4019 32035 36866 23447 19021 6323 5955 29053 1236 27349 8719 16714 4306 59653 2566 8988 18197 20037 13519 16455 5662 10793 2603 11058 21037 117607 4398 4986
cat_boundaries=0 1 2 4 5 6 7
cat_threshold=1 1 341389399 165120 6 6 6
is_linear=0
shrinkage=0.05


Tree=21
num_leaves=63
num_cat=13
split_feature=5 5 12 0 9 5 2 5 20 16 12 16 12 17 14 3 16 10 15 16 3 16 0 16 16 9 16 19 9 16 17 16 16 9 20 16 9 20 3 16 9 0 12 17 3 17 16 20 17 16 16 17 20 3 10 9 16 17 1 3 5 2
split_gain=37264.2 5913.58 5232.26 3407.24 5232.4 2483.19 2881.61 1758.53 1390.86 1354.16 1361.97 1110.64 1110.52 987.874 881.78 1105.34 880.666 756.201 724.551 724.286 1884.03 1359.55 1218.43 932.43 721.052 1089.2 1343.57 693.988 801.813 608.596 599.729 587.51 780.557 879.948 556.505 553.845 965.336 549.972 543.39 529.226 751.664 521.745 519.132 514.679 504.146 474.303 465.38 445.97 433.927 636.196 465.153 424.585 423.15 411.976 411.747 410.884 820.325 410.353 408.342 400.53 377.886 646.89
threshold=0.52203795009711651 1.1065248226950357 0.0909504365257532 3.5000000000000004 0.13832872076010508 0.26679751390251888 2.5000000000000004 1.8522417153996102 0 44.500000000000007 0.10114974968372455 51.500000000000007 0.030553718666580913 1 1.0000000180025095e-35 4.5000000000000009 16.500000000000004 1.5000000000000002 12.500000000000002 15.500000000000002 8.5000000000000018 9.5000000000000018 1.0000000180025095e-35 28.500000000000004 9.5000000000000018 0.027692569870483984 28.500000000000004 2 0.26266028002947689 11.500000000000002 3 9.5000000000000018 16.500000000000004 0.46163994317028628 4 9.5000000000000018 0.15523125809109101 5 6.5000000000000009 14.500000000000002 0.75751128304319804 1.0000000180025095e-35 0.10691875141262298 6 49.500000000000007 7 39.500000000000007 8 9 14.500000000000002 11.500000000000002 10 11 126.50000000000001 2.5000000000000004 0.083499335989375839 9.5000000000000018 12 56.500000000000007 1.5000000000000002 0.097960815673730522 12.500000000000002
decision_type=2 2 2 2 10 2 2 2 1 2 2 2 2 9 2 2 2 2 2 2 2 2 2 2 2 10 2 9 10 2 9 2 2 10 1 2 10 1 2 2 10 2 2 9 2 9 2 1 9 2 2 9 1 2 2 10 2 9 2 2 2 2
left_child=3 9 8 4 19 6 -6 34 -3 10 24 43 14 -8 38 47 30 37 31 21 59 -1 -23 44 -2 26 29 -17 -29 -26 -5 52 33 -33 -4 -32 -37 41 -10 55 -41 42 -15 -11 -22 -9 -34 -16 49 50 -27 -36 53 -12 -45 56 -14 -7 -30 -21 61 -19
right_child=1 2 7 16 5 57 13 45 12 11 18 -13 39 17 15 27 -18 60 -20 20 23 22 -24 -25 25 48 -28 28 58 -31 35 32 46 -35 51 36 -38 -39 -40 40 -42 -43 -44 54 -46 -47 -48 -49 -50 -51 -52 -53 -54 -55 -56 -57 -58 -59 -60 -61 -62 -63
leaf_value=0.0074477116923941005 0.0039848898760010167 -0.013335045422905754 -0.020563544379098016 0.0027877682789808999 0.011490340530980933 0.010552361650289159 0.015247763117944724 -0.02349187998576939 -0.018760943231870525 0.0097734555764977492 0.0014820654417330571 -0.011124888323385903 -0.0028081709223253667 0.035207670938477209 0.034608573738805909 -0.010506795442459992 0.0055283695664559273 0.029794386154966542 -0.0024741422643962049 0.0036181975453994293 0.044443130557213731 -0.0022326041411128979 -0.039097948041836646 0.020898413897053651 -0.033401503621728237 -0.00023638112813276094 -0.00088282284370277866 0.02762146308946908 0.0091054557444955799 -0.085213104538035642 -0.0029468711098823864 -0.042820693422481737 0.0016851020603022911 -0.015492918007021723 -0.0051174752727989117 -0.066773905083189977 -0.013329335080468005 0.012986794932066137 -0.0018197998457153829 -0.00082588176917582079 -0.012233229309578507 0.013037574227872974 0.023033723823238594 -0.0008283535574207389 0.10278816348728242 -0.016874742450635083 -0.011413415584397641 0.0023926224462548617 -0.0040282112537597592 -0.0019659764898912915 0.019054466520467422 -0.011961444446576795 -0.014406335067858284 -0.0077662046291674478 0.006850783124366132 0.00018895689569988403 -0.057599887994514612 0.0023331473013948221 -0.0022893856006427197 0.01045867481722872 0.022802941076842959 0.048165246119816332
leaf_weight=57528.519929647446 56539.721748828888 38108.62596654892 14705.121072053909 17366.149980545044 95424.441576004028 33468.261704683304 32692.114196777344 49814.313554048538 5779.6368758678436 29174.960608005524 21827.918589353561 13456.362364530563 2461.8079428672791 12418.071949720383 4253.6524262428284 7722.6051580905914 48429.731084823608 21526.588016271591 62534.502592563629 61305.411559104919 1569.6949100494385 42031.035291910172 2366.5897686481476 8907.799608707428 1589.645054101944 5168.8442952632904 2695.8354940414429 3832.9244291782379 15706.231093883514 881.95911002159119 14406.535740852356 3356.9065313339233 9884.3519961833954 24026.815992355347 30228.773558855057 925.58909893035889 9598.8298344612122 13635.669900894165 26126.998857736588 20618.143380641937 48200.553233861923 8499.0607299804688 29751.314396381378 48161.86258149147 485.14394187927246 60228.463036298752 21596.706301212311 1450.3322157859802 78228.855560779572 27580.497257709503 7901.2130720615387 91171.390668869019 11175.454035043716 26857.424500465393 27378.484784126282 34394.544529438019 944.53533291816711 27829.321520090103 15741.237855911255 32875.331069946289 10656.819190979004 6168.6588170528412
leaf_count=43709 11437 13396 4533 3067 52138 8918 10312 17863 2959 6255 5723 2879 600 4334 2013 1880 8284 7487 14048 58171 1476 33246 574 3702 360 966 622 858 3926 200 2492 831 2376 5640 7148 166 1655 4958 6391 4006 10126 1945 10681 11286 327 22278 5118 709 15497 5209 1479 22835 2982 4510 4789 7541 232 7409 2527 25554 2474 1493
internal_value=-3.59354e-05 -0.00615708 -0.0101343 0.00983801 0.0114581 0.0157686 0.0181447 -0.015174 -0.0046293 -0.00225049 -0.00376814 0.00239659 -0.00285644 0.022836 0.00157188 0.00580428 0.000924721 0.0252485 -0.00682997 0.00537823 0.00828972 0.00237478 -0.00419853 0.0279064 -0.000694858 -0.00282787 -0.0252979 0.00306075 0.00603207 -0.0519168 -0.00434641 -0.00912421 -0.0126711 -0.0188444 -0.0113738 -0.00931316 -0.0180355 0.021936 -0.00488905 -0.00620489 -0.00881564 0.0243368 0.0266195 0.00413424 0.0582616 -0.0198741 -0.00730085 0.0264838 -0.00185094 0.00233945 0.011426 -0.0102579 -0.00563618 -0.00361908 0.00195463 -0.00145176 -0.0180137 0.00682301 0.0034018 0.00600606 0.0308083 0.0338878
internal_weight=1.54137e+06 951508 471490 589867 499140 292070 230773 246148 225342 480018 361847 118172 187233 135348 80613.6 48707 90726.8 102656 181260 207070 105143 101926 44397.6 10962.6 180587 124047 5167.44 43003 35280.4 2471.6 42297.1 118726 58864.8 27383.7 136105 24931 10524.4 64304.1 31906.6 106620 68818.7 50668.4 42169.4 104715 2054.84 110043 31481.1 5703.98 118879 40650.6 13070.1 121400 59860.8 48685.3 75540.3 37800.9 3406.34 61297.6 31447.5 94180.7 38352.1 27695.2
internal_count=528600 234028 131821 294572 278908 112149 95822 74657 57164 102207 76998 25209 43768 43684 21263 11913 15664 33372 41228 166759 89230 77529 33820 5505 35770 24333 1182 9191 7311 560 7380 27180 13965 6471 34516 4313 1821 21918 9350 22505 14132 16960 15015 22330 1803 40141 7494 2722 23151 7654 2445 29983 13215 10233 16075 8373 832 16327 6453 83725 11454 8980
cat_boundaries=0 1 5 6 10 11 12 16 20 21 25 29 30 34
cat_threshold=1 155750696 2533369190 270569906 2056 679937 33559168 8421632 2160142336 260 1 14 203436184 8388896 80873572 408 2666776 1493197334 2149687469 2136 6 19145872 2164916752 93464871 8606 67141776 1342734656 348325888 900 6 2250516112 1073741824 2224040006 8472
is_linear=0
shrinkage=0.05


Tree=22
num_leaves=63
num_cat=9
split_feature=5 12 5 5 7 20 16 13 10 12 16 13 19 19 16 12 5 13 16 7 7 7 4 0 5 6 8 19 5 16 16 8 7 4 1 19 16 16 13 13 4 19 19 15 16 16 16 1 19 8 4 10 16 16 16 16 16 19 16 8 16 16
split_gain=34057.3 5127.3 4832.77 4140.03 6850.32 1746.45 1699.59 1431.94 1313.5 1265.93 1185.31 997.183 834.024 829.234 826.765 767.635 766.703 748.143 732.737 861.953 719.219 715.569 682.624 678.692 614.996 613.942 583.067 550.549 512.002 509.992 866.019 498.882 495.65 476.193 431.209 431.118 427.369 418.758 410.928 408.855 404.554 477.594 396.442 388.569 386.319 384.072 753.827 383.23 380.616 377.665 374.788 368.211 364.471 344.284 366.131 358.663 341.6 333.858 331.56 330.705 329.8 391.028
threshold=0.5718253968253969 0.10114974968372455 1.5561029009304874 0.25087412587412594 1.5000000000000002 0 44.500000000000007 1.5000000000000002 1.5000000000000002 0.33259453816776829 44.500000000000007 28.500000000000004 1 2 8.5000000000000018 0.42951928823104285 0.87526824034334771 13.500000000000002 16.500000000000004 36.500000000000007 214.50000000000003 125.50000000000001 3.5000000000000004 1.0000000180025095e-35 1.4287326668816513 1.7705670025567757 1.1034952550972472 3 1.6002068608860542 43.500000000000007 51.500000000000007 1.1421086941604339 116.50000000000001 215.50000000000003 1.0000000180025095e-35 4 14.500000000000002 8.5000000000000018 14.500000000000002 3.5000000000000004 56.500000000000007 5 6 11.500000000000002 44.500000000000007 9.5000000000000018 16.500000000000004 56.500000000000007 7 1.0476550953462387 12.500000000000002 3.5000000000000004 11.500000000000002 7.5000000000000009 16.500000000000004 10.500000000000002 9.5000000000000018 8 51.500000000000007 1.0361882311856123 10.500000000000002 12.500000000000002
decision_type=2 2 2 2 2 1 2 2 2 2 2 2 9 9 2 2 2 2 2 2 2 2 2 2 2 2 2 9 2 2 2 2 2 2 2 9 2 2 2 2 2 9 9 2 2 2 2 2 9 2 2 2 2 2 2 2 2 9 2 2 2 2
left_child=3 5 11 4 22 28 9 12 24 14 15 29 -7 56 -6 21 57 -12 19 26 35 31 38 34 40 48 -16 -8 -2 53 -31 45 59 -24 -15 -10 52 -17 -1 47 41 -9 -18 -20 -38 -5 -47 -26 -4 -30 -29 -22 -37 -3 55 -55 -11 -13 -19 -14 -50 -62
right_child=1 2 25 10 6 7 27 8 20 13 17 16 32 23 18 37 42 58 43 -21 51 -23 33 -25 39 -27 -28 50 49 30 -32 -33 -34 -35 -36 36 44 -39 -40 -41 -42 -43 -44 -45 -46 46 -48 -49 60 -51 -52 -53 -54 54 -56 -57 -58 -59 -60 -61 61 -63
leaf_value=0.013892402247469911 -0.0066214731371874074 -0.0093940424540603067 -0.020603676225945677 0.007652246489095022 0.028206804521780066 -0.022826956972980327 0.021200206126599994 -0.015247804812739248 -0.00065271419367886677 0.028468059305434914 -0.00066010417160776045 0.003733643014282364 0.030162295766570292 0.0039292179805042876 0.010246145710892496 0.00010736867673388989 -0.0040923755202318156 0.015012832733662128 0.019833416054144418 -0.0091981970447213932 -0.006818815703980039 -0.0047886267944648626 0.0087453073729090221 -0.0042327025331322628 0.0016943564605021674 -0.023853715562460659 0.026048482136518048 0.022536516382518464 -0.010456507281843552 0.00049072579316860427 -0.021622963251810595 0.0093330332763222057 -0.02853187738320706 0.075512653850027561 0.014146393466322071 0.0062578316279278028 -0.0018190461772723534 -0.010536285830157725 0.0026844476022434283 -0.012588367579804503 -0.0053409621419677981 0.0036902956599394986 -0.0096385177506919384 0.034424473352463764 0.0072444359499984016 -0.010071097572310391 0.0052108709337366247 -0.014071086344379983 -0.0088454500611421846 -0.022909003177783674 0.036303268148778475 -0.00019672808565110355 0.018000810958171427 -0.013868397682741208 -0.010727489719395052 -0.027154046494695064 0.014649747391489993 -0.0030851859083863148 0.00064007766540720868 0.013410979011502958 -0.028708854995832801 -0.014661471433607185
leaf_weight=8738.8265895843506 39005.997853040695 33055.57172870636 31428.401865720749 17311.657143831253 21979.02710723877 1346.9146711826324 24115.680871248245 3754.3347520828247 57840.9758913517 7191.4789056777954 13203.932175159454 25948.746741056442 5145.6637415885925 16431.72237944603 19978.574231147766 17282.09521150589 59333.053110122681 32127.083334207535 26402.796792030334 4286.2528767585754 37453.628229141235 24670.152015209198 94392.687410831451 9732.8115396499634 11988.87332034111 32801.043128728867 8247.5506284236908 7155.8521254062653 14183.559273958206 18846.371981620789 5785.7706832885742 36260.74972319603 536.02220249176025 266.82715559005737 27798.82331943512 28867.942063808441 29082.047209262848 19860.122717142105 127265.44681835175 37794.148480176926 64672.736569881439 28733.449785470963 70651.800384283066 5518.488080739975 19734.027726888657 14484.116435050964 18218.920737266541 5680.2088928222656 21730.852988004684 10672.215869426727 16043.995885848999 47757.868859291077 8568.9085764884949 9632.6720342636108 15746.826246500015 10757.112413883209 11840.001510381699 58177.759112596512 4585.3329105377197 6898.8965697288513 5570.8204674720764 44785.801552057266
leaf_count=6507 10816 7011 10965 4186 7800 454 8546 1178 12028 2628 2671 5917 2219 6821 7566 3831 14481 7121 8858 768 5215 3603 72619 2005 3187 10865 2613 3069 6473 4286 1183 8391 82 219 10258 5650 5603 4624 110288 12096 12785 8526 18130 1818 3900 3509 4411 972 7834 3225 5192 6180 1645 2236 3662 2527 4093 13285 1015 1901 1721 15055
internal_value=1.14572e-05 -0.00622371 -0.0100543 0.00888223 0.0115978 -0.00252196 0.0182075 -0.00128396 -0.00185826 0.0157374 0.00288365 -0.00658453 0.0144632 0.0108891 0.0198326 0.000637629 -0.004701 0.00954683 0.0169757 0.0116918 0.000533938 0.00272052 0.00567396 0.00771912 -0.00545234 -0.0178923 0.0148643 0.0265291 -0.010194 -0.0108828 -0.00470416 0.00486777 0.0184605 0.00893431 0.0103509 0.00268731 0.0049266 -0.00558398 0.0034047 -0.00965316 -0.00305427 0.00149782 -0.00710803 0.0223569 0.00184496 0.00163032 -0.00155759 -0.00337439 -0.0160032 -0.0158039 0.0320443 -0.00310743 0.00894609 -0.0130822 -0.0164556 -0.0208785 0.0198621 -0.000981828 0.0132178 0.0205694 -0.0139924 -0.016216
internal_weight=1.53936e+06 903971 444253 635391 437387 459718 206723 395857 381929 159408 198004 307936 13927.5 72994.8 86412.7 148088 214111 49916.3 64433.7 32512.4 229305 110946 230664 53963.4 152624 136317 28226.1 47315.5 63861.8 93824.3 24632.1 86275.4 12580.6 94659.5 44230.5 144094 86252.9 37142.2 136004 55463.2 97160.5 32487.8 129985 31921.3 48816.1 50014.7 32703 17669.1 103516 24855.8 23199.8 85211.5 37436.9 69192.2 36136.6 20389.8 19031.5 84126.5 36712.4 12044.6 72087.5 50356.6
internal_count=528323 223293 119158 305030 261668 104135 72035 83621 78965 55228 43362 72718 4656 25805 29423 32555 51813 10807 21623 10947 40221 24100 189633 19084 38744 46440 10179 16807 20514 20905 5469 20497 4202 72838 17079 28826 16798 8455 116795 16255 22489 9704 32611 10676 9503 12106 7920 4159 35575 9698 8261 11395 7295 15436 8425 4763 6721 19202 8136 4120 24610 16776
cat_boundaries=0 1 2 3 4 5 6 7 8 9
cat_threshold=1 540672 100362 1729953 546435 573440 260106 1845136 169994
is_linear=0
shrinkage=0.05


Tree=23
num_leaves=63
num_cat=12
split_feature=0 3 12 20 20 1 10 7 1 17 19 13 10 0 13 0 3 9 0 0 16 16 10 16 2 17 0 1 7 0 17 13 13 9 16 16 4 16 3 2 17 4 0 0 21 10 16 16 9 19 16 20 20 16 16 16 16 16 9 8 0 17
split_gain=26849.7 7968.33 4227.78 2273.77 2146 1725.72 1623.79 1882.92 1519.13 1494.23 1083.22 1397.19 934.737 818.729 797.654 745.912 772.775 742.039 898.991 741.981 731.751 948.953 626.5 599.241 589.928 578.688 563.643 642.637 579.967 559.775 545.651 538.409 525.744 511.597 464.145 487.628 454.735 454.049 437.324 513.476 429.467 414.914 557.215 409.987 401.883 386.271 363.35 354.704 437.726 351.921 346.142 337.425 331.814 326.282 318.537 316.769 430.868 461.941 914.488 431.62 312.093 306.539
threshold=1.0000000180025095e-35 7.5000000000000009 0.33259453816776829 0 1 1.5000000000000002 1.5000000000000002 143.50000000000003 1.0000000180025095e-35 2 3 1.5000000000000002 1.5000000000000002 17.500000000000004 2.5000000000000004 12.500000000000002 4.5000000000000009 0.89477666925543153 2.5000000000000004 2.5000000000000004 16.500000000000004 10.500000000000002 2.5000000000000004 51.500000000000007 9.5000000000000018 4 1.5000000000000002 2.5000000000000004 6.5000000000000009 5.5000000000000009 5 9.5000000000000018 10.500000000000002 0.27798663324979117 48.500000000000007 41.500000000000007 2.5000000000000004 44.500000000000007 27.500000000000004 1.0000000180025095e-35 6 6.5000000000000009 3.5000000000000004 1.5000000000000002 7 1.5000000000000002 44.500000000000007 9.5000000000000018 0.10364721485411142 8 8.5000000000000018 9 10 49.500000000000007 10.500000000000002 4.5000000000000009 16.500000000000004 9.5000000000000018 0.12416046878521525 1.1249036979969185 1.5000000000000002 11
decision_type=2 2 2 1 1 2 2 2 2 9 9 2 2 2 2 2 2 10 2 2 2 2 2 2 2 9 2 2 2 2 9 2 2 10 2 2 2 2 2 2 9 2 2 2 9 2 2 2 10 9 2 1 1 2 2 2 2 2 10 2 2 9
left_child=1 8 4 60 17 20 10 14 36 33 -6 29 30 43 -8 16 31 23 -19 24 21 51 61 -2 -16 -9 27 -18 -28 -12 41 -13 -10 -5 35 44 -1 50 52 -40 -30 -11 -43 -14 -17 -20 47 -7 -49 -45 -38 -3 -22 54 -35 -27 57 -57 -59 -60 -4 -21
right_child=2 5 3 9 6 46 7 25 32 12 11 15 13 -15 19 34 26 18 45 22 38 -23 -24 -25 -26 55 28 -29 40 -31 -32 -33 -34 53 -36 -37 37 -39 39 -41 -42 42 -44 49 -46 -47 -48 48 -50 -51 -52 -53 -54 -55 -56 56 -58 58 59 -61 -62 -63
leaf_value=0.0021271126175906874 -0.0036094560904224617 0.026354620232346651 -0.016494037851207049 -0.018059444279015503 -0.01463753299283597 0.033634683472938409 0.019883815554831295 7.0647206456966435e-05 0.025765123719398816 -0.02111634728258234 0.028860487878784424 0.013704700671612086 0.0050997057564931975 -0.012009020098568017 0.001614123245100288 -0.0061128646907776668 -0.0013037634403786184 -0.0069696865076430727 -0.032280224540661255 -0.0060694032664858717 0.010807768096263104 0.0045954939798323463 0.0052403332235654628 -0.02698330595484659 0.01582616407022595 0.0032293044270034522 -0.01147271557312836 0.012558605182811678 -0.0067876624605186717 0.0045023495209003794 -0.020732237891904925 -0.018103290062614873 0.011703029239595417 0.0037023156904177619 -0.016077774035423185 0.00097647460807553021 0.009914953070237641 0.012286671141421956 0.090710767270424042 0.031133872475676658 0.00074375405139505977 -0.0062603866934260819 -0.014219547528102894 -0.0021209308156418644 -0.017089880365842396 -0.016815866127689452 0.037176031865311432 0.0051290293608339862 0.025823760945264829 -0.0091457971114279214 0.0029213316651479503 0.012910511705027359 0.023123865297579458 0.010807190891660351 -0.0039240766152529314 -0.0035598337053451556 -0.0040696959567663197 -0.069395031138800578 -0.029008979771677896 -0.009929953499409316 -0.026799155164217422 0.00090924374890450428
leaf_weight=102417.24041461945 56682.528844118118 10416.675089120865 14122.58372092247 4015.6296827793121 21566.867978811264 12690.620057106018 7491.2699139118195 78983.699948787689 7570.1919324398041 9171.578360080719 4421.2808227539062 1524.8855638504028 12026.385968208313 41423.810899734497 11657.373134374619 36708.265579223633 18750.73292350769 26862.217172622681 5382.5796964168549 18792.674654722214 7446.7878351211548 19479.733504056931 95938.742875576019 2880.5230736732483 19542.424176931381 8712.7036595344543 15451.619576931 15086.457748174667 24985.409231185913 5055.4991414546967 16899.626525640488 10395.028116703033 54502.195114374161 22769.633449792862 13616.148276805878 18386.571906089783 24824.078361272812 27703.001116991043 389 5044.3097920417786 77971.165730714798 47520.852109670639 40934.39248919487 46045.293729066849 10798.53294634819 16183.69135093689 11275.150549650192 2916.8200576305389 20640.574804067612 29103.82008767128 61584.750506877899 8595.5163543224335 21289.630970001221 6663.9799566268921 34339.589933633804 10721.842114448547 51136.559436321259 786.15739059448242 3833.7896556854248 13069.438580513 15331.585723400116 96430.686972618103
leaf_count=91373 16041 4451 6167 1245 6244 4062 1783 10965 3504 4713 2108 656 3603 6699 3975 6483 7380 10640 1706 4121 3283 8364 18847 792 5006 1246 5568 4517 6144 1314 5376 5320 27257 5868 2381 3204 17856 20083 389 1755 18770 16128 8887 10923 1999 4183 3610 845 6378 6815 46495 3809 9915 1748 8895 1519 7159 118 571 1829 4609 20458
internal_value=-2.32338e-06 0.0111648 -0.00390813 -0.00857534 -0.00192192 0.0219257 -0.000898563 0.00106734 0.00652264 -0.00731664 -0.00388336 -0.00296643 -0.00914699 -0.00622157 0.00381586 -0.00369911 -0.00177388 -0.00847684 -0.0130741 0.00331913 0.0170799 0.0123518 0.00225569 -0.00474027 0.0105163 -0.00303879 -0.000813954 0.00487702 -0.00244028 0.0158682 -0.0124326 -0.0140334 0.0134184 -0.000751616 -0.0076741 -0.00593736 0.00454577 0.00671653 0.0224055 0.0354152 -0.0010846 -0.0109925 -0.00994376 -0.0034714 -0.00861319 -0.0206768 0.0293343 0.0268942 0.0232617 -0.00484311 0.0049306 0.0202981 0.0199446 0.000338361 -0.000883398 -0.00582072 -0.00681271 -0.0117495 -0.0167129 -0.0142587 -0.0218514 -0.000229449
internal_weight=1.53896e+06 398786 1.14018e+06 340369 799807 120185 691816 417097 278601 310915 274718 253152 243126 128599 249853 243675 164165 107992 48428.5 242362 72661.7 38491.9 211162 59563.1 31199.8 167244 152245 33837.2 118408 9476.78 114526 11919.9 62072.4 67788.8 79509.5 65893.4 216529 114112 34169.7 5433.31 102957 97626.8 88455.2 87175.5 47506.8 21566.3 47523.2 36248 23557.4 75149.1 86408.8 19012.2 28736.4 63773.2 57109.2 88260.5 79547.8 28411.2 17689.4 16903.2 29454.2 115223
internal_count=528152 253429 274723 91676 183047 46861 149685 77597 206568 80900 72088 65844 63144 28040 54190 62422 48355 33362 16529 52407 31966 16624 43426 16833 8981 23407 42379 11897 30482 3422 35104 5976 30761 17756 14067 11686 175807 84434 15342 2144 24914 29728 25015 21341 8482 5889 14895 11285 7223 17738 64351 8260 13198 16511 14763 12442 11196 4037 2518 2400 10776 24579
cat_boundaries=0 1 2 6 7 11 15 19 21 22 23 24 28
cat_threshold=1 1 83886736 1073774594 13633536 8448 540672 2109888 2164277248 2227177760 404 2183148800 520636928 2753569857 2566 220237824 41953120 8586265 8320 34709815 33792 728138 6 1 2299297792 218140256 336626737 514
is_linear=0
shrinkage=0.05


Tree=24
num_leaves=63
num_cat=4
split_feature=5 12 5 5 1 0 7 20 13 10 4 16 13 16 11 16 9 5 7 16 16 16 9 16 8 0 12 6 16 16 4 16 5 9 16 0 8 20 16 16 16 10 15 12 4 16 16 16 18 13 13 12 5 16 16 12 20 13 0 13 4 13
split_gain=28296.1 4584.98 4210.74 3114.6 5386.06 1514.74 1974.6 1343.84 1096.6 1116.11 1091.06 1047.8 1024.83 1007.32 857.426 849.057 1296.45 741.06 633.352 633.252 610.463 812.401 1187.63 605.987 567.603 557.617 543.342 536.735 514.996 642.54 531.477 753.613 510.17 506.223 553.993 484.855 473.56 465.221 442.017 420.705 815.198 406.208 401.159 400.233 400.138 396.91 450.432 395.825 374.916 366.767 360.117 348.266 333.56 323.244 649.678 322.186 317.733 313.051 309.01 458.258 315.597 307.434
threshold=0.5718253968253969 0.10114974968372455 1.6410718827310353 0.26679751390251888 1.0000000180025095e-35 1.0000000180025095e-35 4.5000000000000009 0 1.5000000000000002 1.5000000000000002 6.5000000000000009 44.500000000000007 28.500000000000004 16.500000000000004 0.067779660845796272 10.500000000000002 0.037216579460346781 0.97306967074408945 113.50000000000001 4.5000000000000009 9.5000000000000018 16.500000000000004 0.23104297837393925 51.500000000000007 1.1515356542420145 108.50000000000001 0.18773466600880326 1.7144334465947706 16.500000000000004 9.5000000000000018 37.500000000000007 28.500000000000004 1.0006418485237487 0.87515133171912851 14.500000000000002 43.500000000000007 1.0548234206115257 1 28.500000000000004 43.500000000000007 51.500000000000007 3.5000000000000004 201.50000000000003 0.5466394223909915 215.50000000000003 45.500000000000007 9.5000000000000018 7.5000000000000009 2 12.500000000000002 6.5000000000000009 0.45941855382586749 1.0754407670893908 16.500000000000004 8.5000000000000018 0.2708964089746469 3 7.5000000000000009 92.500000000000014 4.5000000000000009 4.5000000000000009 7.5000000000000009
decision_type=2 2 2 2 2 2 2 1 2 2 2 2 2 2 2 2 10 2 2 2 2 2 10 2 2 2 2 2 2 2 2 2 2 10 2 2 2 1 2 2 2 2 2 2 2 2 2 2 9 2 2 2 2 2 2 2 1 2 2 2 2 2
left_child=3 7 12 4 10 6 26 33 14 32 55 18 39 15 35 -7 -17 43 20 -11 37 22 -22 49 -24 42 -6 -4 29 -12 -30 44 -10 -2 -35 48 53 -5 -36 47 -41 -27 50 45 -32 46 -14 -3 -9 -13 -21 -49 -52 54 -8 -1 -38 -15 59 -34 -61 -31
right_child=1 2 27 11 5 13 36 8 9 19 28 23 17 57 -16 16 -18 -19 -20 25 21 -23 24 -25 -26 41 -28 -29 30 61 31 -33 58 34 38 -37 56 -39 -40 40 -42 -43 -44 -45 -46 -47 -48 51 -50 -51 52 -53 -54 -55 -56 -57 -58 -59 -60 60 -62 -63
leaf_value=0.0063877167729395881 -0.0044974505034396711 -0.0086474102672133481 -0.015212746751256759 0.010239391270460224 0.020019728756188397 0.010902148674817938 0.029349707142704004 0.0014028802611552856 -0.0013545247248813791 0.0093149297743458787 0.012843926630162495 0.0028763476496881223 0.0027331776530016157 0.0017815147418999101 -0.018427041402591559 -0.064112386939500027 -0.0031193460305649692 -0.0071937189893816651 -0.0055054729124745612 0.006280442009653252 -0.03691897058858324 0.0043111026947014091 -0.0087053068374354624 -0.0054353581026060803 0.0062281336974047636 -0.0096887382852878078 0.011758183390004853 -0.022728028573546222 0.011284629675587514 0.036333643859303502 0.040199002435380923 0.015010923018941694 -0.00055010877628025915 -0.0050567995429957541 -0.027857645881194104 -0.0060110754348267079 0.021962990436306673 -0.002104887445107556 -0.012517763013907938 -6.5221205793819775e-05 -0.02093025504161871 -0.001080535294184559 0.0091048576261691574 -0.0087506881277791722 0.10046618403156569 0.0063900892607721893 -0.0052317600623735588 -0.01347369996994968 0.026460782350855461 0.013785972508702424 0.0015858615074235112 -0.024919106722627527 -0.0039400726300955775 0.02843523977720034 0.008323548053179218 0.0017366080281001944 0.034859983826921855 0.019104232909467545 -0.018481658383611137 -0.022785639243297032 -0.0078470806381186996 4.8967593146172607e-05
leaf_weight=56130.065277576447 32125.851233720779 33849.759003639221 91897.970330476761 31199.854861736298 31316.423360586166 11814.524423599243 6478.3861682415009 1833.1936500072479 60297.442182064056 19052.479078531265 20555.69759106636 10091.887585639954 31030.056776762009 3039.0305366516113 1907.3734509944916 952.00393867492676 10155.688529491425 117186.43620371819 32784.077920436859 22715.686074495316 2912.6513733863831 39293.643616199493 17771.336494684219 6275.4423077106476 9910.8690054416656 22200.740634918213 54620.827255725861 32049.892246723175 38520.590357303619 597.05763363838196 2303.8396465778351 5688.2449245452881 23438.708555936813 12275.93816781044 7780.7859709262848 1830.5491962432861 6472.5932905673981 10104.829633712769 11851.267677545547 19412.220052719116 6167.9312374591827 35808.155455112457 15158.363703012466 15917.160924434662 312.59098434448242 18453.742765903473 41473.365470647812 28956.134326696396 8285.8996448516846 32564.779360294342 68603.785580396652 8628.7759597301483 45367.051034450531 12039.181305170059 8487.2942161560059 110597.15999531746 20095.379982948303 18400.742407798767 5758.7816762924194 3758.5350456237793 59436.720511674881 24445.539059638977
leaf_count=45767 9278 7214 32411 7421 14660 2521 2071 728 13694 3510 12059 2059 6638 599 688 190 2076 30609 4878 4427 722 9390 4346 1339 2303 3022 26341 10696 24691 224 1422 2800 5577 4621 2535 328 1886 2603 4151 4439 1272 4505 2611 3909 192 4102 9367 6792 2909 7209 12718 2063 9333 3871 2604 95060 5685 3912 851 1998 16619 14046
internal_value=-2.9041e-05 -0.00571114 -0.00932837 0.00805282 0.0103618 0.0169068 0.0194659 -0.00220776 -0.0011195 -0.00162128 0.005718 0.00275003 -0.00630648 0.00885874 0.0126969 0.0015719 -0.00835216 -0.00444766 0.000601779 0.000587228 0.00240247 -0.00044566 -0.00655482 0.00907089 -0.00335876 -0.000205194 0.014769 -0.0171562 0.0100754 0.00629298 0.0137585 0.0252307 -0.00493215 -0.00892682 -0.013389 0.017666 0.027 0.00722146 -0.0185985 -0.0105994 -0.00509686 -0.00437511 0.00138785 -0.00143661 0.0474349 -0.000156589 -0.00182293 -0.0125697 0.0219494 0.0112051 0.000531981 -0.0161019 -0.000613798 0.0223354 0.0174268 0.00330247 0.0317403 0.016649 -0.00726695 -0.00652127 -0.0087359 0.000915472
internal_weight=1.54044e+06 904511 445023 635932 443023 183872 139510 459487 395453 381596 259151 192909 321076 44362 13857 22922.2 11107.7 224061 143977 228906 111193 69888.5 30594.9 48932.1 27682.2 209854 85937.3 123948 92423.6 45598.3 46825.3 8304.68 152690 64033.8 31908 11949.6 53572.8 41304.7 19632.1 97014.8 25580.2 58008.9 151845 106874 2616.43 90957.2 72503.4 71434.7 10119.1 42656.7 136687 37584.9 113971 27004.9 14965.7 166727 26568 21439.8 92392.7 86634 63195.3 25042.6
internal_count=528562 223615 119512 304947 262677 66416 57118 104103 83518 78865 196261 42270 76405 9298 4653 4787 2266 54625 31663 40126 26785 16761 7371 10607 6649 36616 41001 43107 55434 26329 29105 4414 38739 20585 11307 3965 16117 10024 6686 21780 5711 7527 29089 24016 1614 20107 16005 16069 3637 9268 26478 8855 22051 8546 4675 140827 7571 4511 25045 24194 18617 14270
cat_boundaries=0 1 2 3 4
cat_threshold=1 22 1 1
is_linear=0
shrinkage=0.05


Tree=25
num_leaves=63
num_cat=11
split_feature=5 5 13 7 9 5 3 16 16 9 13 5 9 16 16 17 17 16 16 16 16 16 17 20 3 16 3 16 0 16 5 16 16 16 16 16 16 9 8 22 13 16 16 16 16 16 7 11 16 17 15 8 16 9 1 9 17 17 20 17 20 9
split_gain=25569.8 4066.46 3677.08 2957.2 3225.19 2514.96 2173.36 1126.82 1472.18 1189.61 1219.66 1076.54 1031.22 1009.79 1378.31 987.112 945.556 867.679 800.566 2000.59 1218.48 791.278 791.177 695.334 1128.33 670.524 1131.42 1047.77 1210.56 954.023 636.859 611.355 715.398 616.042 586.924 570.403 496.919 726.4 495.475 490.529 483.364 480.351 524.077 476.767 470.854 524.661 461.743 472.765 448.041 589.603 447.464 437.283 715.956 517.608 435.93 420.38 407.163 400.772 381.347 374.462 370.491 358.076
threshold=0.5718253968253969 1.4122163260697755 3.5000000000000004 58.500000000000007 0.1883205456095482 0.26679751390251888 8.5000000000000018 44.500000000000007 48.500000000000007 0.1883205456095482 75.500000000000014 2.5484029484029489 0.61771003904773913 39.500000000000007 28.500000000000004 0 1 9.5000000000000018 8.5000000000000018 12.500000000000002 10.500000000000002 16.500000000000004 2 3 5.5000000000000009 16.500000000000004 7.5000000000000009 9.5000000000000018 1.0000000180025095e-35 28.500000000000004 0.097960815673730522 48.500000000000007 44.500000000000007 7.5000000000000009 46.500000000000007 14.500000000000002 51.500000000000007 0.84216632067407504 1.724590346424437 4 10.500000000000002 44.500000000000007 9.5000000000000018 49.500000000000007 44.500000000000007 9.5000000000000018 40.500000000000007 0.042355932528153069 11.500000000000002 5 33.500000000000007 1.1392631103074142 8.5000000000000018 0.11119139370584459 1.0000000180025095e-35 0.47879832184596949 6 7 8 9 10 0.057531443702232656
decision_type=2 2 2 2 10 2 2 2 2 10 2 2 10 2 2 9 9 2 2 2 2 2 9 1 2 2 2 2 2 2 2 2 2 2 2 2 2 10 2 9 2 2 2 2 2 2 2 2 2 9 2 2 2 10 2 10 9 9 1 9 1 10
left_child=3 7 12 4 25 6 54 9 34 10 18 31 57 14 16 41 35 -18 -2 20 -20 51 -10 24 -14 27 -27 -1 -29 -28 -23 32 33 -4 -9 39 37 -24 -13 -11 -32 42 58 -39 45 -7 47 -26 -41 -50 61 52 -5 -54 -6 -19 -15 -3 -8 -17 -37 -35
right_child=1 2 11 21 5 44 15 8 22 13 -12 38 23 56 -16 59 17 55 19 -21 -22 30 36 -25 46 26 29 28 -30 -31 40 -33 -34 50 -36 60 -38 43 -40 48 -42 -43 -44 -45 -46 -47 -48 -49 49 -51 -52 -53 53 -55 -56 -57 -58 -59 -60 -61 -62 -63
leaf_value=0.006038632227545619 -0.0042429953023040944 -0.0025881507701272779 -0.0054071257489320575 -0.0023838444688903913 0.0074946578250628393 0.0095397115588759171 0.012422931256295585 0.0010312907810442384 0.0056523419614343349 -0.0070641197346622726 -0.062546780244813804 -0.0170008868624331 0.025664937043032549 0.0023543413527644195 0.011537073966513258 0.0028873122583239416 -0.0022754402893823585 -0.025287707680302834 -0.020286783952961598 -0.0039906399412945942 -0.057330003231221061 0.043423150506681218 0.0023281532943427467 -0.014206950945717051 0.012532457568975103 0.0050822787030875066 0.062289289537417025 -0.0016685611463326271 -0.033321499006880299 0.016318428490779104 -0.0059068436032762165 -0.016645738876378168 -0.00021952304260091849 -0.029547433211489615 0.009371419478458003 -0.0023596319359523443 -0.015964584269682971 -0.027123679159473703 -0.037382679261141145 0.0008474867026476607 0.0058982087283192732 0.030948507416206167 0.018169655178474825 -0.0074264844007555578 0.011489086529686766 0.0010149100620197825 -0.0087392305238495078 -0.0053618671735487164 0.0021150057788628016 0.018300246063132852 -0.0064560798661403981 -0.00039769614499936382 -0.05040215335306434 -0.016225376136334728 0.013706131311511292 -0.0090885297032174441 -0.009208465766490084 0.019834093144712368 0.03226084575696004 0.015839438486322664 -0.013621473270210713 -0.01377647158038737
leaf_weight=60867.750077486038 23907.980020284653 2544.6407778263092 41132.950362682343 11815.338473796844 63946.240044116974 27272.995154857635 2998.0586316585541 42896.703828334808 13500.651772737503 15279.216009140015 1153.9936068058014 63874.865125179291 4240.0050625801086 8425.8206441402435 17677.605885982513 6754.4920978546143 76900.494198083878 4299.016491651535 5595.0211863517761 11854.288388490677 3681.1149652004242 983.0861291885376 17467.71014046669 8818.0577232837677 7814.3055267333984 87578.596668720245 1237 48516.991886615753 3220.2059946060181 12793.53410577774 11814.763189315796 34119.083270311356 19202.637992858887 3794.1592993736267 41505.158815860748 22476.27305316925 14026.385995864868 4081.9841597080231 3127.654018163681 87660.538861513138 32581.706469535828 16552.281693458557 40115.933293819427 12413.919644117355 27361.449226856232 53362.083774089813 13357.130705356598 6993.7306990623474 13989.512778282166 9413.4824986457825 21952.713233947754 19035.535412311554 1265.0832448005676 8885.9794044494629 50603.549648046494 58444.946579933167 79096.980880498886 9235.8928017616272 13667.810371160507 32618.429807424545 10817.502868175507 70006.530430316925
leaf_count=44574 5528 819 11318 1986 33798 6998 1051 9322 2995 3381 261 26727 1928 1775 3791 2232 16829 898 1313 2975 872 164 3736 3582 1997 77549 1237 39407 809 5099 1854 8279 5633 1341 9059 4530 3079 1028 1239 18712 5209 5478 13137 2963 6902 13431 2284 1804 3011 1909 5499 3005 221 1494 24183 13126 17012 2629 4480 10641 2381 18310
internal_value=2.29937e-06 -0.0053882 -0.0100315 0.00768965 0.00904164 0.0121037 0.015089 -0.00297368 0.000845602 -0.00421006 -0.0118116 -0.0125026 0.00196022 -0.00334193 -0.00202913 0.0200185 -0.00283048 -0.00583515 -0.0105103 -0.0176009 -0.0349915 -0.000910244 -0.0050388 -0.0017681 0.00162097 0.00424937 0.00719421 0.00159204 -0.0036393 0.0203756 0.00363852 -0.0105826 -0.00925723 -0.010525 0.00513267 -0.000201696 -0.00804601 -0.00477776 -0.0179528 0.00133257 0.00275659 0.0234492 0.0212667 -0.012302 0.00582156 0.00389831 -0.00199884 0.0040813 0.00248818 0.00863449 -0.0127235 -0.00594462 -0.0107512 -0.0204892 0.0102387 -0.0101988 -0.00809608 0.0150056 0.0287199 0.0136189 -0.00602382 -0.0145877
internal_weight=1.54263e+06 906781 310214 635849 549467 335253 227257 596566 145893 450674 46192.4 257211 53003.8 404481 316959 112707 299281 139644 45038.4 21130.4 9276.14 86381.5 61490.7 41223.2 32405.2 214214 101609 112605 51737.2 14030.5 45379.6 190208 156089 136886 84401.9 159637 47990 33963.6 67002.5 126343 44396.5 73334.1 56781.8 16495.9 107997 80635.1 28165.2 14808 111064 23403 95753.4 41001.9 21966.4 10151.1 114550 62744 87522.8 11780.5 16665.9 39372.9 33293.8 73800.7
internal_count=528814 223875 93389 304939 291006 122331 95000 130486 32182 98304 10949 78346 15043 87355 68568 37019 64777 30853 10688 5160 2185 13933 13801 11595 8013 168675 83885 84790 40216 6336 7227 50380 42101 36468 18381 33924 10806 7727 27966 27013 7063 24146 18668 3991 27331 20429 6085 3801 23632 4920 25150 6706 3701 1715 57981 14024 18787 3448 5531 12873 6911 19651
cat_boundaries=0 4 8 12 13 14 18 22 25 26 30 31
cat_threshold=2248156880 1209682944 2898340928 8450 9944 2281852994 2245077090 8602 67117184 17309696 80807936 280 22 277276978 9736 134234112 2151686144 8 17039360 84411152 164142 76 134217736 75506528 1179664 1 155222056 117440580 37024 2048 12
is_linear=0
shrinkage=0.05


Tree=26
num_leaves=63
num_cat=16
split_feature=5 12 5 0 9 5 2 20 19 17 17 4 14 16 16 16 9 16 16 0 4 16 16 17 12 10 5 10 19 19 20 4 4 17 15 16 12 9 0 16 7 20 17 1 20 12 17 16 12 0 15 20 21 17 12 12 16 16 0 16 16 16
split_gain=23521 3858.84 3263.43 3045.04 3126.25 2239 2167.27 1312.42 1073.54 931.309 819.461 814.678 757.832 716.447 876.257 840.244 904.346 680.48 1251.55 1389.77 1010.85 800.312 672.485 654.776 648.34 603.087 595.959 566.747 552.002 485.316 458.763 454.41 452.535 433.897 427.524 407.02 495.34 387.397 471.517 381.738 373.965 352.245 352.122 351.792 346.092 335.61 331.883 331.853 331.266 327.285 322.007 319.652 306.631 306.316 301.286 300.692 289.014 327.967 274.812 271.523 453.071 666.422
threshold=0.6155905673977965 0.10691875141262298 1.6848471986417659 5.5000000000000009 0.18068402642829384 0.23553051495212957 3.5000000000000004 0 1 2 3 113.50000000000001 1.0000000180025095e-35 44.500000000000007 10.500000000000002 12.500000000000002 0.21324118167642972 15.500000000000002 10.500000000000002 1.0000000180025095e-35 19.500000000000004 28.500000000000004 45.500000000000007 4 0.34075931641035118 2.5000000000000004 3.8759615384615391 1.5000000000000002 5 6 7 97.500000000000014 6.5000000000000009 8 38.500000000000007 51.500000000000007 0.12284827500691604 0.87515133171912851 2.5000000000000004 51.500000000000007 1.5000000000000002 9 10 1.0000000180025095e-35 11 0.47203327427654984 12 45.500000000000007 0.24796826188354512 199.50000000000003 25.500000000000004 13 14 15 0.086269858686867887 0.39035471362312057 44.500000000000007 9.5000000000000018 116.50000000000001 51.500000000000007 16.500000000000004 10.500000000000002
decision_type=2 2 2 2 10 2 2 1 9 9 9 2 2 2 2 2 10 2 2 2 2 2 2 9 2 2 2 2 9 9 1 2 2 9 2 2 2 10 2 2 2 1 9 2 1 2 9 2 2 2 2 1 9 9 2 2 2 2 2 2 2 2
left_child=3 7 10 4 17 6 43 37 23 41 59 12 32 14 30 16 -16 18 -1 -20 40 31 28 -9 33 46 52 51 -5 -4 -12 -22 -10 -11 -17 36 -24 -2 -39 -15 -19 -8 -29 -6 -18 -30 -13 -23 -43 -27 -40 -7 -14 -26 -53 -46 57 -50 -48 60 61 -3
right_child=1 2 29 22 5 27 9 8 11 24 13 25 26 39 15 34 44 20 19 -21 21 47 35 -25 53 49 -28 42 45 -31 -32 -33 -34 -35 -36 -37 -38 38 50 -41 -42 48 -44 -45 55 -47 58 -49 56 -51 -52 54 -54 -55 -56 -57 -58 -59 -60 -61 -62 -63
leaf_value=0.0052448695853556217 -0.0049732982485631017 -0.0093576665615432084 -0.010557984590092545 0.0085223654243139248 0.0077015320191829639 -0.011341368404541611 0.015585191205005523 -0.0020140423290437863 -0.018407664774630371 0.0050333197463807025 -0.0012457461024150836 0.0012293056018324808 0.0100704682748826 0.0028414991183222165 -0.061966403645751823 -0.010083197211084735 -0.0057893403262080749 0.0038098920060240429 -0.0032549801963236719 -0.038558003208427109 0.03299704142041842 0.0071928914658825997 0.0026048454590500616 -0.009592201183528621 0.011867354410592709 0.0033146354162965144 0.021570386579967016 0.012106203828170093 -0.0025286403114193143 -0.017850172059900148 -0.012948972882004896 0.083722916095355371 0.0016038112739737377 0.021806575376267814 -0.0012574367683764022 -0.0085304147494810571 0.017087911334164412 -0.006529773855942324 -0.0213814744720957 -0.0083351753121209717 0.015018375025830068 0.032314662129017471 0.004183883439950885 0.013193551891537789 -0.015122888605629487 -0.011340622652210242 -0.0047015506167986292 0.024204095654839389 0.029525639229507124 -0.003090094483401435 -0.00039966546984876477 0.008216627015469706 -0.00030653466973596099 -0.0022133567185445495 3.5382100725292488e-05 -0.033979495362259783 0.033583642478011641 0.015347740731922849 -0.013855436180239329 -0.021363786708535042 -0.0048168298048599754 -0.023196964702239267
leaf_weight=67528.941094875336 32559.072281837463 38721.16770362854 31182.438120365143 9850.4939475059509 71640.971076011658 4118.7020719051361 8537.4861562252045 70091.700111150742 3007.2013790607452 4453.0495932102203 76155.928354263306 20739.240862369537 20779.251941919327 41123.061251401901 1213.9201848506927 44823.564405679703 4622.997994184494 85325.73007440567 36949.710335731506 3014.2984344959259 1981.5332078933716 7680.8822336196899 13914.367955684662 48051.235481739044 16513.339164733887 68017.379103183746 8301.5860378742218 37545.519728660583 62210.555114269257 86355.696316957474 9398.2492516040802 568.24837064743042 46412.745079517365 29902.547622442245 19775.015496730804 3965.9938583374023 10254.097244739532 15670.929901123047 14192.773723125458 9381.853086233139 8152.0631263256073 16383.922863483429 22446.455405950546 49179.100892066956 5224.2190327644348 13075.482569217682 57302.768676519394 4574.5516953468323 6141.2878828048706 28221.870997905731 2099.0669271945953 18208.602989196777 10833.947630167007 5042.9129416942596 29457.857607603073 3553.9431700706482 5086.9450504779816 12159.222909450531 9567.6662516593933 5128.09130859375 31600.033955812454 11219.544511556625
leaf_count=49614 9412 9109 10767 1615 38195 1186 2753 16030 1512 1310 17272 3523 4765 10139 306 11185 1078 78796 28698 725 1888 3691 2288 12586 4980 10914 2739 9489 10339 30770 2538 429 13217 8909 4531 648 1675 6790 4022 2118 3479 4862 5660 24572 1201 2223 10394 1886 1930 3438 516 4631 2547 1453 7795 860 1597 3662 1338 1126 8127 2881
internal_value=-1.59174e-06 -0.00538896 -0.00884969 0.0070805 0.00861134 0.0116214 0.0144945 -0.00220433 -0.00111478 0.0197776 -0.00609809 0.000607467 0.00452448 -0.00444459 -0.00604176 -0.00983113 -0.0206572 0.00391264 0.00109446 -0.00591862 0.00671023 0.0188488 -0.000387716 -0.00509685 0.0153729 -0.00129585 0.00964864 0.00583704 -0.00260241 -0.0159181 -0.00253316 0.0443303 0.000385766 0.0196405 -0.0073815 0.00631394 0.00875011 -0.00881084 -0.0127224 0.000765183 0.00478752 0.0248668 0.00914484 0.00993712 -0.016911 -0.00405867 -0.00429726 0.0135441 0.0268544 0.00143646 -0.0186783 0.00200492 0.00651743 0.00857781 0.00316006 -0.0227343 0.0230395 0.0201069 -0.00601056 -0.0102034 -0.00950248 -0.0124672
internal_weight=1.54119e+06 875328 419480 665865 552594 336818 225041 455848 391327 104221 301942 273184 89334.7 215273 164768 79213.7 14615.1 215776 107493 39964 108283 14805.2 113271 118143 55911.8 183849 39914.8 111777 85136.5 117538 85554.2 2549.78 49419.9 34355.6 64598.6 28134.5 24168.5 64521.8 31962.8 50504.9 93477.8 48308.9 59992 120820 13401.2 75286 87609.7 12255.4 39771.4 96239.3 16291.8 51785.2 31613.2 21556.3 47666.5 8778.16 23387.5 18300.5 66870.4 86668.8 81540.7 49940.7
internal_count=528729 217751 114008 310978 292190 122984 94223 103743 83003 31456 72471 54387 24780 51228 38971 19161 3445 169206 79037 29423 90169 7894 18788 28616 16652 29607 10051 28761 14177 41537 19810 2317 14729 10219 15716 4611 3963 20740 11328 12257 82275 14804 15149 62767 3139 12562 15255 5577 12051 14352 4538 13612 7312 6433 12426 2061 7189 5592 11732 21243 20117 11990
cat_boundaries=0 1 2 6 10 14 15 16 17 21 22 26 27 31 32 34 37
cat_threshold=1 541699 2181301952 525824 2312120385 8448 2288521544 3363857972 2131357 584 2415923832 1082138514 1115456 11008 165920 63498 14 155222016 352323588 32918 64 1 2248417936 1082179584 2227284292 8472 11 2105472 17301504 12582952 140 1 600071 1024 69742864 402704400 606077952
is_linear=0
shrinkage=0.05


Tree=27
num_leaves=63
num_cat=14
split_feature=5 12 5 0 3 5 1 8 20 15 20 11 10 17 4 14 8 10 14 3 10 6 12 0 6 1 10 12 17 4 10 9 5 9 17 3 0 4 3 12 17 4 17 11 12 17 5 12 15 17 5 3 20 0 12 15 5 17 17 20 17 4
split_gain=20787.5 3538.23 3125.46 2607.25 3932.67 1790.15 1551.73 1094.81 983.273 797.376 768.287 737.495 700.051 612.326 828.732 928.67 762.993 707.414 590.361 553.08 538.665 529.673 519.174 520.569 506.422 483.963 470.248 452.736 441.505 441.449 428.712 409.653 389.155 383.411 380.946 380.005 379.143 368.643 360.354 350.766 338.004 329.684 314.95 297.937 294.357 285.693 273.095 266.296 300.543 262.203 251.235 250.166 247.072 242.792 236.592 291.879 235.824 234.687 227.991 227.074 221.662 219.583
threshold=0.6001443001443002 0.0909504365257532 1.598701298701299 1.5000000000000002 4.5000000000000009 0.21479943013096692 1.0000000180025095e-35 1.1817467872441696 0 33.500000000000007 1 0.10168402242873398 1.5000000000000002 2 107.50000000000001 1.0000000180025095e-35 1.014545646884587 2.5000000000000004 1.0000000180025095e-35 6.5000000000000009 1.5000000000000002 1.6023411829134722 0.4751187549868649 12.500000000000002 1.463541227107773 2.5000000000000004 1.5000000000000002 0.16675931320274459 3 1.5000000000000002 1.5000000000000002 0.84622507122507129 1.3848076923076926 0.3335334133653462 4 934.50000000000011 3.5000000000000004 498.50000000000006 465.50000000000006 0.45941855382586749 5 123.50000000000001 6 0.034457627949970114 0.33355893277270959 7 3.8011976047904192 0.26122765296434236 46.500000000000007 8 0.85693184216079354 51.500000000000007 9 272.50000000000006 0.11967020866234009 32.500000000000007 1.1001858736059482 10 11 12 13 135.50000000000003
decision_type=2 2 2 2 2 2 2 2 1 2 1 2 2 9 2 2 2 2 2 2 2 2 2 2 2 2 2 2 9 2 2 10 2 10 9 2 2 2 2 2 9 2 9 2 2 9 2 2 2 9 2 2 1 2 2 2 2 9 9 1 9 2
left_child=3 8 9 4 18 6 28 22 31 10 -3 13 27 -10 15 19 46 32 29 -15 -18 38 23 30 40 -7 41 -8 44 -1 -5 -2 57 51 52 -19 -33 50 58 60 -4 -12 -31 -22 61 -13 -17 48 -26 -32 -28 -14 -29 -34 55 -35 -21 -16 -9 -56 -11 -6
right_child=1 2 24 7 5 25 12 21 11 39 26 45 33 14 17 16 20 35 -20 56 43 -23 -24 -25 47 -27 37 34 -30 42 49 36 53 54 -36 -37 -38 -39 -40 -41 -42 -43 -44 -45 -46 -47 -48 -49 -50 -51 -52 -53 -54 -55 59 -57 -58 -59 -60 -61 -62 -63
leaf_value=0.00038939786082574363 -0.0034854856654063294 -0.01332659870817577 -0.016580857692363254 -0.0016327479360757975 0.015901641321342804 -0.0018329619116067087 0.021132633696975357 0.021582204652255989 -0.0060287912951816 0.0028531937483004186 -0.0063369295824749639 -0.0033923882080007881 0.021033257582344547 -0.013985508357923183 0.0025503966727245487 0.014039112322278252 0.001627714939831818 0.0040543735323903055 0.015880528845878674 0.0053256609605409969 0.02093576371769186 -5.1728315803490228e-05 -0.0080692541867683956 -0.0050284067943733848 -0.015908868967668435 0.0084821324474273589 0.0024303478851635764 0.018223194058276531 0.0046431079224004664 0.008008294260400256 0.0098248007126414613 -0.0073533487395555409 -0.0084584277025804566 0.030870106300122293 0.0049919484140474668 -0.0021489782859514185 -0.018861139171783767 -0.007623638106135905 0.0026818403185021296 -0.0062651498988020929 -0.0098899920311914941 -0.013408012547515636 0.0033106904389835039 0.0065209345207680406 0.0087328563480681808 -0.019372591892673763 0.03102677093476738 -0.02066892755366731 0.0022412806908978611 0.0017792982348767148 -0.003646039259675618 0.0018134584513237958 0.0077536115981650562 -0.026905500338033152 0.014394104989363313 0.058637682998951571 -0.0014892694248117289 -0.0040483374370818854 0.01070115218862229 0.027273107857045072 -0.0030482283049224311 0.039686529139868976
leaf_weight=71896.859101295471 29384.934026956558 38557.021758794785 27280.281580209732 30837.04621553421 20586.043242931366 16589.830060958862 31060.584435939789 5846.8622846603394 42171.647026777267 40465.609976291656 51553.318339109421 4628.0978507995605 5525.8792586326599 6588.3625762462616 16931.967231273651 5298.8202714920044 25929.330570220947 60263.921056509018 10254.476346969604 21981.830048561096 7145.0669913291931 18769.635396003723 21358.373317718506 29968.624431610107 14646.124347925186 36145.31884098053 26624.386533260345 25476.531651496887 25964.660380125046 58784.333183765411 22324.248458862305 18635.112209320068 21639.672070980072 8568.1982977390289 10647.524006843567 41817.449059963226 11622.215570688248 36012.338521003723 12582.996280670166 26517.197929382324 61907.615333557129 24234.413739204407 90909.56124830246 7195.3008043766022 21225.69598531723 7122.1782250404358 4277.8773648738861 34768.112743377686 2701.1868357658386 18557.309235572815 47108.543480873108 2441.0108890533447 7303.6686816215515 1943.2623581886292 4499.8844401836395 1064.7662382125854 30041.935054302216 65890.557921409607 27917.413015842438 15564.126266956329 26207.954505681992 1017.9347717761993
leaf_count=64074 8515 11103 9448 6634 10533 5020 11036 1187 10651 8308 15708 1113 1836 3177 2934 1627 6146 9981 5914 5914 1561 3287 4317 4593 4303 10495 5963 9449 13842 43517 4774 7657 3802 2531 4031 5261 3050 5721 1773 6737 21436 4997 68777 1611 11184 2048 1880 12313 615 3922 10747 555 2908 257 1403 298 8600 11724 5707 4644 5664 406
internal_value=-1.00866e-05 -0.00498666 -0.00804278 0.00675862 0.00876619 0.0133437 0.0157062 0.00179175 -0.00173123 -0.00528806 -0.00690448 -0.00077282 0.0193326 -0.000369507 0.000383693 0.00392849 0.00894544 -0.00146036 0.0041524 -0.000338226 0.00592843 0.00703446 -0.00098277 0.000505739 -0.0142281 0.00523716 -0.00556877 0.0165232 0.00979403 0.0036096 0.0028183 -0.00768926 -0.00431306 0.0248883 0.013226 0.00151319 -0.0117741 -0.00347717 0.00990415 -0.00140113 -0.0119397 -0.00859818 0.00515622 0.0137041 0.0129124 -0.0130986 0.0216299 -0.0181441 -0.0130827 0.00617569 -0.0014519 0.0151454 0.0158939 -0.00997957 0.0275015 0.0339451 0.00139032 -0.00269948 0.0125955 0.0244063 0.000533431 0.0170241
internal_weight=1.54278e+06 889094 458584 653689 465527 233682 180947 188163 430510 317281 224090 370867 112152 359117 316945 108459 49846.4 208487 231845 58612.1 40269.7 65116.9 123046 101687 141303 52735.1 185533 74488.3 68794.3 221591 71718.6 59642.3 106405 37663.9 43427.7 102081 30257.3 109745 46347.3 93190.8 89187.9 75787.7 149694 14340.4 42829.7 11750.3 9576.7 52115.4 17347.3 40881.6 73732.9 7966.89 32780.2 23582.9 29697 9632.96 52023.8 82822.5 33764.3 20064 66673.6 21604
internal_count=529219 220572 123063 308647 272453 90171 74656 36194 97509 74948 54239 78287 38691 75126 64475 30516 12825 33959 182282 17691 9318 11954 24240 19923 48115 15515 43136 27424 35965 176368 15330 19222 18717 11267 16388 15242 10707 22431 8667 20709 30884 20705 112294 3172 22123 3161 3507 17231 4918 8696 16710 2391 12357 4059 8876 2829 14514 14658 6894 6047 13972 10939
cat_boundaries=0 1 2 6 10 14 18 22 25 29 30 34 38 39 43
cat_threshold=1 9 218398720 511741285 269553813 68 33826496 2290761794 2765106248 10584 100673408 269010944 2700160001 8452 2150379800 1224763924 18973134 20 33853088 2156560416 382863463 11012 2097664 57344 256 35926744 2155921664 2227251264 272 6 268447888 16781440 4194634 392 524432 32768 12584960 256 1 134226576 2349351280 2224228608 388
is_linear=0
shrinkage=0.05


Tree=28
num_leaves=63
num_cat=13
split_feature=5 5 3 5 13 16 16 16 9 5 16 16 16 9 16 17 3 5 17 13 17 17 13 16 16 16 16 20 7 20 11 17 16 17 16 17 16 16 6 15 21 0 16 7 3 16 16 16 9 16 4 16 6 9 16 6 17 20 5 16 17 16
split_gain=19004.1 3086.92 4159.45 2583.43 2931.87 1288.94 2319.01 995.976 850.514 837.702 829.267 1428.59 883.502 1190.65 2429.15 824.607 744.063 728.608 696.207 678.348 653.485 644.692 601.856 552.242 513.279 556.796 529.038 511.318 506.476 496.027 489.385 481.863 469.107 442.948 439.019 438.077 434.32 428.091 423.478 413.169 394.845 397.18 385.13 400.544 377.893 424.735 370.233 1248.24 1025.25 385.268 365.329 362.792 361.765 360.713 391.126 352.95 327.482 324.522 322.608 318.588 375.28 308.199
threshold=0.66709292412617238 0.25087412587412594 4.5000000000000009 1.4884898439799825 3.5000000000000004 16.500000000000004 10.500000000000002 44.500000000000007 0.73887928052576968 2.7514258555133084 44.500000000000007 48.500000000000007 9.5000000000000018 0.23104297837393925 13.500000000000002 0 12.500000000000002 0.1241124794416142 1 13.500000000000002 2 3 10.500000000000002 14.500000000000002 48.500000000000007 44.500000000000007 7.5000000000000009 4 105.50000000000001 5 0.076457504902821299 6 46.500000000000007 7 10.500000000000002 8 11.500000000000002 46.500000000000007 1.0685603008326621 33.500000000000007 9 95.500000000000014 9.5000000000000018 129.50000000000003 46.500000000000007 28.500000000000004 9.5000000000000018 16.500000000000004 0.18068402642829384 11.500000000000002 234.50000000000003 50.500000000000007 1.463541227107773 0.46163994317028628 12.500000000000002 0.61861168384879728 10 11 1.0794552669552673 14.500000000000002 12 39.500000000000007
decision_type=2 2 2 2 2 2 2 2 10 2 2 2 2 10 2 9 2 2 9 2 9 9 2 2 2 2 2 1 2 1 2 9 2 9 2 9 2 2 2 2 9 2 2 2 2 2 2 2 10 2 2 2 2 10 2 2 9 1 2 2 9 2
left_child=1 2 22 10 8 6 21 18 -5 24 12 32 29 14 34 55 -7 44 42 51 -13 27 -1 30 25 26 57 -4 -17 56 33 59 -12 36 -14 -21 -10 -24 -26 -28 41 -25 43 -3 -18 50 -20 48 49 -48 -46 -9 -36 54 -44 -8 -2 -6 -33 60 -15 -49
right_child=3 7 5 4 9 16 15 19 23 -11 11 20 13 31 -16 28 17 -19 46 35 -22 -23 37 40 38 -27 39 -29 -30 -31 -32 58 -34 -35 52 -37 -38 -39 -40 -41 -42 -43 53 -45 45 -47 47 61 -50 -51 -52 -53 -54 -55 -56 -57 -58 -59 -60 -61 -62 -63
leaf_value=0.014373342217945537 0.0029119562222733133 0.010105953093303401 0.025234263390222209 0.012681734172928966 -0.0023377215879643982 0.013126039601392348 0.0030588725112426583 0.0031753024171434089 0.0077916762378178938 -0.016913562934663146 0.00096928536198692043 0.0027842006009249059 -0.025348322302024093 0.022933512347120641 -0.0041324685649983071 -0.0017858840080544501 0.022993696531555308 0.012658045920881964 0.00095566491782402441 0.014426267401267593 -0.0093114508258466781 0.0098053382026875805 0.0023090832453159529 0.0023464260157986267 -0.0090529463958155167 -0.00033638046099850738 -0.013518059325106874 0.012878839167128578 -0.029595773007354415 -0.0067024221569859446 -0.022933749021819834 -0.0046278185652245075 0.0088670119322756206 -0.001339179056568421 -0.058305513655075018 0.0053022887094946736 0.033045377741841672 0.008038340946497996 -0.020224083801684372 -0.0055002022575188353 -0.015223956599813113 -0.018670660115326893 -0.030515182436584971 -0.0032970290227404874 0.03701309528373517 0.026729329575736566 -0.020730460809539501 0.0073522225583581985 -0.0095302827578328374 -0.05629169611526498 0.074373529019298265 -0.012429727712952013 -0.0252099117336008 0.0020423774490980202 -0.0022284071947929226 0.016443786892395153 -0.0021567262868490665 -0.013229381391489806 -0.0090420676007146178 -0.0034670754396217401 0.0018900324047324878 -0.0021970997979306665
leaf_weight=13142.896275997162 55029.504889249802 27761.393613100052 23255.61320400238 13211.024368286133 30485.068474531174 44712.813710927963 9774.3377752304077 12763.405382156372 5179.4512155056 52788.2722697258 38619.672214984894 15694.249705314636 2890.6190729141235 2566.7878839969635 11945.173870801926 27228.452436923981 30306.754431962967 15362.037692546844 44168.482818841934 26298.609383583069 38686.23881816864 21352.95933508873 178342.39617013931 11449.141902923584 15228.845252990723 18316.137602806091 71394.670066356659 13216.145460367203 1740.9459075927734 35287.295289039612 1415.3538503646851 108918.5920996666 36640.477392435074 6929.155175447464 3425.0144474506378 26401.34858751297 2535.9023714065552 39898.507918834686 19160.103691101074 20736.308707237244 8853.8157804012299 2796.0685486793518 1786.1657953262329 6974.146773815155 1771.4569628238678 5196.2717571258545 1401.7703647613525 12755.355059146881 25700.045933246613 1671.5294358730316 1040.9213216304779 5258.0364701747894 1090.9190902709961 59754.353312969208 3865.283698797226 9927.6893429756165 75676.127283811569 8811.8846883773804 66764.287164211273 28547.916301965714 11931.622610569 25024.704777956009
leaf_count=8139 11411 6680 8614 3779 8408 21839 4451 2621 1450 23355 8387 3528 665 580 2910 10653 11265 3277 9725 5793 8722 8274 142431 3257 4093 5649 19804 5453 268 8965 428 22990 8022 2141 807 5848 714 31400 4514 5434 2752 424 410 1027 540 1313 342 2757 5652 382 315 1009 258 12883 894 3044 15923 3005 15360 5828 2343 5387
internal_value=-3.25879e-06 0.00594233 0.00857648 -0.00518921 -0.0089942 0.0137647 0.00995267 0.00186112 0.00171199 -0.0113607 -0.00312677 0.000352772 -0.00424313 -0.00619533 -0.0180826 0.0019104 0.0178907 0.0218592 0.000138984 0.00699577 -0.00582185 0.0167217 0.00398236 -0.0019891 -0.00976873 -0.00850355 -0.00964173 0.0207623 -0.00345692 -0.00144309 0.00513178 -0.00514354 0.00481437 0.00784563 -0.0405776 0.00985932 0.0160745 0.00335653 -0.0152775 -0.0117135 -0.00693998 -0.00177861 0.00315978 0.00741491 0.0255479 0.0352094 -0.0025932 -0.0049488 -0.012795 -0.0400838 0.0508625 -0.00137815 -0.0503179 0.00090039 -0.0111724 0.00979894 -2.26511e-05 -0.00478429 -0.00630504 -0.000401594 0.005634 0.00102706
internal_weight=1.54086e+06 717855 436270 823006 289291 204886 106496 281585 52369.9 236921 533714 129641 404074 238081 19351.7 48671.4 98390.3 53677.4 210863 70721.4 54380.5 57824.7 231384 39158.9 184133 149744 131428 36471.8 28969.4 165993 16059.9 218729 75260.1 14644.5 7406.55 52700 7715.35 218241 34388.9 92131 23099 14245.2 100141 34735.5 38315.4 8008.65 110722 66553.4 28773.3 3073.3 2812.38 18021.4 4515.93 65405.8 5651.45 19702 130706 39297 175683 43046.3 14498.4 37780.1
internal_count=528592 322686 261276 205906 89207 79306 40757 61410 14945 74262 116699 28659 88040 51741 4640 18416 38549 16710 46139 15271 12250 22341 181970 11166 50907 42300 36651 14067 10921 36299 4733 47101 16409 4305 1730 11641 2164 173831 8607 25238 6433 3681 21894 7707 13433 2168 24245 14520 6376 724 855 3630 1065 14187 1304 7495 27334 11413 38350 8751 2923 8144
cat_boundaries=0 4 8 12 16 17 18 22 26 30 32 36 37 40
cat_threshold=2181038736 151028736 2244028484 256 33825424 1476531456 2177902629 8590 67117192 2299027520 80939012 280 103560896 2416494688 2765106193 8448 6 6 16785616 3221363282 2338 8604 33563592 2052 75508808 272 2107096 17350752 2227374144 272 533187 3072 67371216 209777088 2765294688 384 22 16 2147483648 2050
is_linear=0
shrinkage=0.05


Tree=29
num_leaves=63
num_cat=24
split_feature=5 5 7 3 5 14 1 5 19 5 10 10 10 10 20 17 0 0 17 17 3 17 2 21 1 3 17 10 15 0 6 0 4 17 4 20 20 4 20 14 20 10 3 17 17 21 15 20 7 20 20 20 4 0 17 10 11 1 19 20 17 11
split_gain=17213.2 2924.12 2148.93 2285.3 2153.03 1758.6 1685.03 1472.04 758.2 700.998 695.669 639.796 631.308 553.087 509.369 483.681 462.736 449.363 447.606 445.296 435.415 399.036 388.92 383.313 374.615 359.982 349.081 346.404 336.211 324.497 317.427 315.764 388.568 304.96 299.844 294.598 285.915 283.975 417.02 269.859 265.61 401.589 377.282 265.309 261.096 246.285 245.796 245.512 238.582 238.269 237.688 223.062 222.395 219.61 212.919 212.913 212.087 210.002 208.926 208.484 206.54 200.35
threshold=0.5718253968253969 1.0754407670893908 64.500000000000014 2.5000000000000004 0.23553051495212957 1.0000000180025095e-35 1.0000000180025095e-35 1.7509124087591244 0 3.9921875000000004 1.5000000000000002 2.5000000000000004 1.5000000000000002 3.5000000000000004 1 2 1.0000000180025095e-35 1.0000000180025095e-35 3 4 9.5000000000000018 5 12.500000000000002 6 317.50000000000006 65.500000000000014 7 2.5000000000000004 23.500000000000004 1.5000000000000002 0.065296346983893055 195.50000000000003 5.5000000000000009 8 636.50000000000011 9 10 275.50000000000006 11 1.0000000180025095e-35 12 2.5000000000000004 65.500000000000014 13 14 15 21.500000000000004 16 91.500000000000014 17 18 19 1.5000000000000002 13.500000000000002 20 3.5000000000000004 0.043415254680439837 3.5000000000000004 21 22 23 0.025199084332393065
decision_type=2 2 2 2 2 2 2 2 9 2 2 2 2 2 1 9 2 2 9 9 2 9 2 9 2 2 9 2 2 2 2 2 2 9 2 1 1 2 1 2 1 2 2 9 9 9 2 1 2 1 1 1 2 2 9 2 2 2 9 1 9 2
left_child=2 11 3 39 6 7 15 13 26 24 16 21 33 35 31 25 20 22 59 -4 -8 -2 -12 48 40 50 45 61 29 -16 -27 32 -9 -6 47 -3 -22 38 -23 52 41 42 56 -36 -34 -7 -37 -13 49 -11 -5 -35 -1 -28 -38 -46 -10 -18 -41 -14 -19 -21
right_child=1 5 19 4 12 8 10 14 9 23 17 34 18 -15 28 -17 57 60 -20 27 36 37 -24 -25 -26 30 53 -29 -30 -31 -32 -33 44 51 43 46 54 -39 -40 58 -42 -43 -44 -45 55 -47 -48 -49 -50 -51 -52 -53 -54 -55 -56 -57 -58 -59 -60 -61 -62 -63
leaf_value=0.00021771749631178223 0.0018727559189307072 -0.0062994191291413891 0.016358299373297795 0.00499145173301306 -0.0069212286686274483 0.00044111119710798477 0.01132894282322822 -0.016900383262614855 0.012255226025153785 0.00031932576546040109 0.021274921437224394 0.0047004696519717401 0.0035098956254462723 -0.0011054820044953061 -0.012647446999009125 0.003545637835891258 -0.012795677537053289 0.019606304506752794 0.0026194658171707881 -0.0089931329538434548 0.0086140702042806216 -0.0012172352258675275 0.034314114784427495 0.0030855954892221042 -0.011757641310330682 0.076948347217149604 -0.0089355766175069542 0.0018307373404282904 -0.0081613566948262155 -0.021751156008429876 0.018986895482334083 -0.02101599034742432 -0.0020277169719617066 -0.0099845229933481026 0.0016448136467228252 -0.013537343904414896 0.014646926552447929 -0.0067194608474756045 -0.0072569685661868187 0.0060410516109346956 -0.0060461543080938748 0.016535361782665133 -0.0038037941147329897 -0.0043159802832022035 -0.010145283242715221 -0.011466334449491343 -0.0032988295090570687 -0.0018951374819902906 -0.014475907209493899 0.028442598829846111 0.01193283205754736 0.0032893837247350054 0.0038806515464408151 -0.022468279603420155 0.022992858091547955 0.0028753036206193134 0.00073501415808257674 0.0066450361157185684 0.0247331282144066 0.012230738781602433 0.0067712734182259248 -0.0021801795292933049
leaf_weight=71680.111387252808 37824.552859544754 153907.56830072403 3419.0495471954346 17303.120266437531 10663.901211023331 14300.645891427994 44114.565172195435 15295.933546543121 8266.8666892051697 898.87343502044678 24126.447680711746 64579.449871301651 8404.998943567276 45515.619210481644 15633.441405773163 43081.960868358612 1670.4962658882141 6293.1098923683167 27853.538853645325 17996.387270927429 6297.1197679042816 123555.98236012459 7500.2585070133209 5180.4185254573822 6424.875846862793 367.79169130325317 8723.125385761261 33121.842537879944 10042.966426372528 26206.118748188019 659.73341393470764 6443.8803234100342 14121.966513633728 3385.2891218662262 40461.235955238342 27769.851347446442 11599.937905550003 57105.677016735077 37174.835754871368 4265.1122784614563 10353.368057012558 4778.9232239723206 18445.237424373627 34640.227976083755 64314.978855609894 6226.1495509147644 7431.3181431293488 18050.047424554825 428.23413276672363 4938.5665626525879 43379.641520261765 46601.823894500732 98219.889851093292 4568.8453993797302 23435.47198176384 3300.3762898445129 7731.0115258693695 8222.6598472595215 2310.2300143241882 37822.143869638443 6311.1087837219238 26951.349019527435
leaf_count=63903 8655 37212 557 10027 2793 3878 20032 8136 2005 390 8330 12649 2207 7575 8451 25047 395 1429 6850 2956 2309 30996 1871 1996 845 213 3206 5068 3439 8447 174 857 4296 977 5665 8506 3995 9709 10994 2742 3038 805 3111 4967 20398 1990 2088 4032 67 1568 24859 11887 80377 888 8070 609 1961 1851 1432 9088 1419 4394
internal_value=1.21354e-05 -0.00442142 0.0063079 0.00742006 0.00960803 -0.00702912 0.012406 -0.00855356 -0.00115833 0.00190544 0.0160036 -0.00132258 0.00453335 -0.00605381 -0.0123286 0.00761415 0.013599 0.0211865 0.00763018 -0.00127458 0.0147843 -0.0028676 0.0243681 0.0131801 -0.000398882 0.0104521 -0.00726685 -0.00204884 -0.0163747 -0.0183499 0.0397882 -0.0102972 -0.00958623 0.000750737 0.0011817 -0.00724478 0.0184718 -0.00369062 -0.00261471 0.00271997 0.0010734 0.00295363 0.00106962 -0.00110495 -0.00821731 -0.00317484 -0.0113728 0.00326002 0.0214852 0.0241621 0.00995647 0.00238843 0.00233529 -0.0135783 0.0202351 -0.0095083 0.00668845 0.00336144 0.012658 0.0106463 0.0132016 -0.00490812
internal_weight=1.5417e+06 904641 637059 555570 379095 491249 244363 389984 101265 67446.4 139571 413392 134732 234624 155360 104792 95340.3 44230.9 74080.7 81488.6 85447.1 255661 31626.7 11446.1 56000.3 61710.3 33818.8 78069.6 51882.5 41839.6 1027.53 103477 97033.3 60651 157731 189109 41332.5 217836 160731 176475 49575.4 39222 34443.1 75101.5 81737.3 20526.8 35201.2 82629.5 6265.67 5837.44 60682.8 49987.1 169900 13292 35035.4 67615.4 15997.9 9893.16 6575.34 46227.1 12604.2 44947.7
internal_count=528681 223429 305252 292277 143823 135762 110021 110014 25748 15786 49701 87667 33802 55381 54633 60320 36652 13049 18145 12975 34406 60354 10201 4021 11765 35273 9962 12418 20337 16898 387 34296 33439 15657 27313 47806 14374 51699 41990 148454 10920 7882 7077 10632 25303 5868 10594 16681 2025 1958 34886 12864 144280 4094 12065 21007 3966 2246 4174 11295 2848 7350
cat_boundaries=0 1 2 6 10 13 17 18 22 26 27 28 29 30 34 38 40 41 42 43 44 48 49 50 54
cat_threshold=1729809 6 33564352 2190116928 2782014656 2386 100934296 1619050784 2227382340 8478 128 16777472 13633568 335552656 1091702786 9439522 8586 34883 2300576360 24342 2150664513 8704 218664968 83897188 98641 4 22 1 6 22 536768 2164269248 2227184680 400 67109072 101191760 9570392 390 4350431 133120 14 9 17 1 136614152 67119728 70385994 276 910625 1 33563272 540672 2692884480 256
is_linear=0
shrinkage=0.05


Tree=30
num_leaves=63
num_cat=13
split_feature=5 12 0 5 9 5 7 19 15 20 8 19 20 13 12 16 16 0 7 10 19 12 7 15 16 16 9 16 16 16 9 12 8 0 20 8 12 16 16 6 19 19 12 5 16 13 20 10 0 5 12 16 13 20 10 6 19 13 21 19 16 8
split_gain=15641.6 3150.69 2437.56 2416.23 2294.04 1493.54 1798.33 875.646 834.412 710.296 706.029 681.391 671.588 961.55 590.617 585.756 1070.91 1230.62 743.791 522.158 507.187 484.945 484.076 475.782 450.53 799.611 859.588 432.045 943.999 1079.61 680.465 429.762 427.141 418.62 433.698 407.541 406.035 412.358 422.039 334.884 333.579 316.518 302.424 300.265 290.534 288.059 282.3 267.203 310.061 266.858 264.139 261.977 274.54 257.652 256.912 248.215 247.684 242.6 236.254 236.118 234.562 232.446
threshold=0.63169856459330154 0.068445626607095592 5.5000000000000009 1.6002068608860542 0.18068402642829384 0.20550527903469082 3.5000000000000004 0 34.500000000000007 1 1.1817467872441696 2 3 1.5000000000000002 0.34542444676740858 15.500000000000002 10.500000000000002 1.0000000180025095e-35 1.5000000000000002 1.5000000000000002 4 0.31947653506211654 242.50000000000003 10.500000000000002 16.500000000000004 9.5000000000000018 0.083499335989375839 44.500000000000007 10.500000000000002 12.500000000000002 0.35856464693083673 0.41258187703307431 1.724590346424437 229.50000000000003 5 1.0361882311856123 0.21987222296260497 45.500000000000007 8.5000000000000018 2.1084473594933848 6 7 0.22511880985130442 0.96562974630140086 45.500000000000007 4.5000000000000009 8 3.5000000000000004 75.500000000000014 2.0016920473773268 0.15265293723860116 16.500000000000004 42.500000000000007 9 3.5000000000000004 1.6023411829134722 10 34.500000000000007 11 12 51.500000000000007 1.0832755432269996
decision_type=2 2 2 2 10 2 2 9 2 1 2 9 1 2 2 2 2 2 2 2 9 2 2 2 2 2 10 2 2 2 10 2 2 2 1 2 2 2 2 2 9 9 2 2 2 2 1 2 2 2 2 2 2 1 2 2 9 2 9 9 2 2
left_child=2 7 4 8 15 6 41 -2 9 27 24 -8 49 35 23 16 -1 45 50 -15 -7 -20 39 58 25 -4 -27 28 40 30 -30 -10 33 34 47 -14 46 38 53 -21 -3 -6 -43 -29 -16 -18 -22 48 -5 -9 -17 52 -40 -38 -24 -12 -41 -32 -13 -37 -26 -51
right_child=1 3 10 32 5 20 11 12 31 -11 55 14 13 19 44 18 17 -19 21 22 36 -23 54 -25 60 26 -28 43 29 -31 57 -33 -34 -35 -36 59 37 -39 51 56 -42 42 -44 -45 -46 -47 -48 -49 -50 61 -52 -53 -54 -55 -56 -57 -58 -59 -60 -61 -62 -63
leaf_value=0.004278958389062548 -0.011452791098921574 8.7463723446652139e-05 -0.0016836028542995042 -0.0098102344520459052 0.01104148385688178 -0.00056789899995497511 0.024457704264694506 -0.0036935599971821258 0.0012920204274925852 -0.011729065264186609 0.0063965186322070119 0.0072049916306971013 0.025003431123206105 -0.0026609485616022489 0.0060117235701668834 0.0087839025564682722 0.037341818836689189 -0.036717286892227689 0.024659779947907683 0.0020561979393311581 0.0030548388082288921 0.0077827959089109867 -0.0055164865199649332 0.030828877184124401 0.0011568382256453822 -0.065783418583373152 -0.013747729318570557 0.00272940865038372 -0.055131237104756925 -0.0076744807170795112 -0.026418975856066496 -0.0055955382730711366 -0.030253022361704213 -0.02471752024385869 -0.016813632522903157 0.018429441435784535 0.012209507737075529 0.013492019684524754 -0.014456756857264583 0.015782576034081296 -0.0064748148731348827 0.0094574314737450663 0.0028579879606475487 -0.0047527683473111929 0.020349538422794952 -0.0040117733290565361 0.012553573306651673 -0.000603653428132135 -0.020190257601921391 -0.0069686982255984103 0.0023803550049121759 0.0029437595952701021 7.8911241010905979e-05 -0.007393910628673961 0.0010042667393095389 -0.0013738013545391494 0.0054745967413300763 -0.011784637223417252 0.018105014921592708 -0.00036690688955972695 -0.015707248759610045 -0.021471128893942853
leaf_weight=67739.546921491623 18490.189569711685 47411.025618076324 22037.600237846375 93167.270418167114 58863.269758939743 28914.452143669128 25697.934095859528 32615.723662137985 68825.22384762764 48922.345602035522 33004.593947410583 6142.792854309082 5139.535902261734 112228.87244272232 19633.054239749908 20919.70539522171 425.04698777198792 3022.3203535079956 7566.6947660446167 78874.354022026062 10113.107829809189 9730.9036853313446 26518.710871219635 6566.9119005203247 33953.936394691467 840.52737045288086 13980.039686203003 25721.237666368484 1507.9333975315094 62536.472546577454 5894.4275028705597 33755.624610900879 3273.7955763339996 6181.4793725013733 29322.723525047302 2634.3734023571014 10500.499988079071 8887.2576384544373 6426.6496601104736 8052.0315980911255 32730.644680261612 33675.77574968338 35831.016707897186 28009.396649122238 4308.1022725105286 36394.640299081802 34883.095081567764 7140.7336347103119 7796.5866365432739 7260.231513261795 69949.817612886429 12919.105449438095 6567.6237690448761 1989.4988358020782 35094.183371067047 14924.604782581329 21187.843593358994 5455.3434762954712 27148.439528226852 4542.9793767929077 2194.2254772186279 4461.0738489627838
leaf_count=49722 5543 10931 3751 32696 29982 7438 7820 9627 13983 13985 5388 1833 2224 28185 5876 19618 187 728 2585 15514 2679 3730 3647 1929 5742 148 2384 5614 369 14860 1296 8585 1162 808 11611 678 2701 2306 1599 1453 7271 17143 18404 6970 1310 28476 8689 1315 1230 3535 64111 3328 1698 536 4487 2315 4183 1360 8144 1240 366 1483
internal_value=-5.36958e-06 -0.00445913 0.00569406 -0.0069904 0.00709608 0.00966071 0.0121358 -0.000860683 -0.00478935 -0.00630503 -0.000738031 0.0175763 -0.00028191 0.000582492 0.014798 0.0030655 0.000453133 -0.0060515 0.0056637 -1.48773e-05 0.00521149 0.0151665 0.00173479 0.0185288 -0.00383346 -0.00772319 -0.0167031 -0.00503615 -0.00637169 -0.0103877 -0.0235826 -0.000974457 -0.0123965 -0.0119892 -0.0114165 0.0142567 0.00702152 0.0037871 0.00154091 0.00375057 -0.00259348 0.00834271 0.00605461 -0.00117101 0.00859249 -0.00353339 0.0104223 -0.00994999 -0.010612 -0.00601783 0.00385464 -0.0020981 -0.00711063 0.00909044 -0.00180236 0.00397695 0.0083209 -0.0193865 0.0161017 0.00655887 0.000132767 -0.0124896
internal_weight=1.54051e+06 864752 675753 507652 554817 339069 217867 357100 360770 258189 120936 89497.2 338610 294273 63799.3 215749 107582 39842 108167 281956 121201 17297.6 169727 39858.1 73006.3 36858.2 14820.6 209266 155536 75394.2 12857.7 102581 146883 143609 137427 12316.9 92286.8 47290.6 38403.4 108114 80141.7 128370 69506.8 53730.6 23941.2 36819.7 44996.2 108105 100964 44337 90869.5 25913.4 12994.3 12490 61612.9 47929.2 29239.9 11349.8 33291.2 7177.35 36148.2 11721.3
internal_count=528511 215845 312666 134046 292572 123415 92441 81799 85224 62656 20094 26912 76256 61611 19092 169157 79113 29391 90044 57469 30974 6315 29284 11906 12391 6283 2532 48671 36087 17885 3025 22568 48822 47660 46852 4142 23536 12168 9862 21150 18202 65529 35547 12584 7186 28663 11368 35241 33926 14645 83729 6625 3297 3237 8134 7703 5636 2656 9977 1918 6108 5018
cat_boundaries=0 1 2 3 4 5 6 7 8 9 10 11 13 14
cat_threshold=1589248 22 235530 1 1589393 14 236618 109130 1 14 309288 1644324992 68872 302120
is_linear=0
shrinkage=0.05


Tree=31
num_leaves=63
num_cat=18
split_feature=5 12 7 12 5 17 8 5 20 17 13 10 17 7 17 10 0 1 13 4 6 12 20 20 5 10 10 17 12 15 17 17 20 5 20 4 2 10 10 5 20 3 17 5 10 17 0 12 4 5 12 4 5 20 17 13 17 3 4 8 8 4
split_gain=13871.4 2968.17 2246.62 1977.01 1762.36 1068.42 716.541 852.087 710.425 706.295 684.881 689.26 603.037 501.08 491.25 472.95 460.365 1241.53 446.746 444.588 425.545 411.508 397.097 396.384 392.003 379.83 300.913 296.405 295.536 293.902 290.185 289.599 279.75 276.412 271.2 267.628 322.608 267 266.072 265.113 264.857 259.924 281.221 258.15 283.618 256.207 246.489 277.315 242.485 448.61 238.82 225.466 240.224 247.193 223.801 222.086 221.494 220.183 219.47 207.874 207.519 201.905
threshold=0.66709292412617238 0.088685613346434836 42.500000000000007 0.26122765296434236 1.4884898439799825 0 1.1421086941604339 0.3073115003808074 1 2 1.5000000000000002 1.5000000000000002 3 6.5000000000000009 4 1.5000000000000002 1.0000000180025095e-35 1.0000000180025095e-35 29.500000000000004 263.50000000000006 1.7918187347931875 0.47203327427654984 5 6 0.1241124794416142 1.5000000000000002 1.5000000000000002 7 0.53302751193664877 13.500000000000002 8 9 10 2.0016920473773268 11 36.500000000000007 1.0000000180025095e-35 3.5000000000000004 1.5000000000000002 0.28617961842717549 12 365.50000000000006 13 0.19123809523809526 1.5000000000000002 14 155.50000000000003 0.32375760811855592 3.5000000000000004 0.26679751390251888 0.47203327427654984 2.5000000000000004 0.1241124794416142 15 16 27.500000000000004 17 39.500000000000007 8.5000000000000018 1.066601435094586 1.0294842074760939 54.500000000000007
decision_type=2 2 2 2 2 9 2 2 1 9 2 2 9 2 9 2 2 2 2 2 2 2 1 1 2 2 2 9 2 2 9 9 1 2 1 2 2 2 2 2 1 2 9 2 2 9 2 2 2 2 2 2 2 1 9 2 9 2 2 2 2 2
left_child=2 8 3 6 12 15 16 22 33 24 13 30 50 32 40 51 17 35 -14 31 28 25 29 43 -4 -11 -19 48 -20 -8 -12 -13 -10 -2 -9 -1 57 54 -15 -17 55 42 -27 44 -7 -26 47 -16 -25 59 -3 -5 53 -53 -21 -6 -18 -37 -57 -50 -35 -32
right_child=1 4 9 5 14 23 7 34 10 21 11 19 18 38 46 39 56 26 20 37 -22 -23 -24 27 45 41 -28 -29 -30 -31 61 -33 -34 60 -36 36 -38 -39 -40 -41 -42 -43 -44 -45 -46 -47 -48 -49 49 -51 -52 52 -54 -55 -56 58 -58 -59 -60 -61 -62 -63
leaf_value=0.0054549353887645225 -0.0044669525442449466 -0.0071115552825646803 0.034488152175758804 0.0019207569388752798 -0.013194302817405579 -0.00066612125406632612 0.0099220930310395597 0.011596630084458305 0.025554332840929336 -0.0060763978913909956 -0.0011092243507537939 0.0064824052566247103 -0.0072143973482021485 -0.0050901582139167931 -0.01004931124676222 0.019925409576795661 5.8721884176467829e-05 0.01450319834069036 -9.1560050790286322e-05 0.00076613231309960786 -0.010344380642773052 -0.0097347613041640375 0.024406049541789276 0.00083515218626168666 0.0143519297039841 0.0080823569943739293 0.024858627548856687 -0.00018621844732997139 -0.00665856812120816 0.03350220522916865 -0.0031346003045593842 0.00031940983642314146 -0.0010200281154725253 -0.0074459277656738227 0.0014756945832407557 0.027891969015750775 0.010807146610421712 0.0015646996012938126 0.015217957653350649 0.0094844198546932667 -0.015464443966050449 -0.0020357759060511877 -0.0015377492821117241 -0.0074193395865959277 0.0090722220310916028 0.002831274333570246 -0.025197392125534818 -0.016438191272062634 0.0077867125019711872 0.0010982625784729748 -0.013725028029540509 0.011545183954758693 0.0016144619500056715 0.0022314031772469136 -0.0054532502898248731 -0.012262915893203302 0.0067329020231448938 0.079623665943853422 -0.0044752857714561957 0.015943628905520726 -0.019626376699354461 -0.0084155366179845172
leaf_weight=78423.455485582352 40967.549397706985 49147.028990030289 1130.0604720115662 21974.827137470245 14108.650777816772 67190.08554315567 10489.221441030502 22250.887902498245 5261.2351095676422 27501.029800891876 58867.847149372101 45248.23055100441 57801.768248796463 4966.893477678299 29538.727754116058 11024.9525847435 18942.179759502411 38585.906589984894 109433.67296552658 22640.970557451248 13834.119867563248 16282.147508621216 20252.107992649078 23898.703269481659 5696.4161276817322 18822.709908485413 8576.837429523468 35696.760184049606 20311.258524179459 1511.294682264328 35373.070904493332 32944.117798566818 1227.454493522644 8392.8199665546417 9439.2150385379791 906 5506.3126425743103 55024.18236541748 2387.2408404350281 13561.111933469772 12779.167920827866 35455.185064792633 12732.798253059387 12203.620727300644 8411.6979792118073 31375.030340671539 5019.9536609649658 39987.646758317947 35277.99706196785 23655.301535844803 18902.447363615036 34575.837335348129 11918.322702407837 8996.6009140014648 40051.161770105362 11515.875960588455 36191.502928495407 266 42198.301261901855 10032.90256857872 5995.8830006122589 37067.288238525391
leaf_count=60540 12017 11484 197 19010 3648 49688 3617 5620 2304 4786 14449 9636 13118 1225 9137 3514 4949 17128 25345 3480 3486 2826 6399 20223 966 3407 2790 20656 5466 451 11511 7245 587 4092 2540 906 2240 7631 540 3469 4969 5168 2318 3317 2916 5200 685 14861 19437 6256 4833 20001 3257 6028 6273 5822 9454 266 12210 3045 1937 7507
internal_value=2.25615e-05 -0.00441786 0.00509461 0.00652412 -0.00732282 0.00390736 0.00983921 0.0144096 -0.00130651 -0.000371818 -0.000453639 -0.000914512 -0.0048783 0.0104395 -0.0115679 0.00812432 0.00827967 0.0098797 -0.00350262 0.000964211 -0.00200854 -0.00239324 0.0201308 0.00191789 0.00548991 -0.00112863 0.0163869 0.00368644 -0.00111965 0.0128835 -0.00371751 0.00388671 0.0205657 -0.00655986 0.00858627 0.00627331 0.0158813 -0.000977059 0.00150327 0.014167 -0.00885768 0.000901979 0.00420275 -0.000671694 0.000417504 0.00460652 -0.014495 -0.013724 0.00517492 0.00667948 -0.00894747 0.00620738 0.00790485 0.00962538 -0.00320792 -0.00761053 0.00444114 0.039691 -0.00614509 0.00959316 -0.0125226 -0.0058361
internal_weight=1.53975e+06 820995 718755 569760 424579 318419 251341 63942.7 396416 148995 341060 327217 269430 13842.8 155148 102052 187398 132265 201381 195909 143579 110794 32252.6 216367 38201.5 94511.7 47162.7 128562 129745 12000.5 131308 78192.3 6488.69 55356.3 31690.1 85101.8 6678.31 117716 7354.13 24586.1 80602 67010.7 31555.5 87805.4 75601.8 37071.4 74546.3 69526.4 92864.9 68966.2 68049.5 77465.6 55490.8 43572.4 62692.1 67822.8 55133.7 1172 53714.2 45310.9 14388.7 72440.4
internal_count=528083 205498 322585 297717 115064 180817 116900 18627 90434 24868 72388 67732 63732 4656 51332 55279 98273 83870 47415 34265 34297 18505 10467 125538 6363 15679 19918 69617 30811 4068 33467 16881 2891 18046 8160 63952 3412 17384 1765 6983 26649 10893 5725 55921 52604 6166 24683 23998 48961 28738 16317 48296 29286 26029 9753 21680 14403 1172 18032 22482 6029 19018
cat_boundaries=0 4 5 9 13 17 18 19 23 27 31 32 33 34 38 42 43 47 51
cat_threshold=33556096 1074266114 13764608 8448 1 2371712 16780544 2161117281 388 2154303816 2508219444 136348077 2632 234914448 2249752864 1020405761 2948 1 25 2214600720 503365696 2770412737 2052 2415928528 2148038288 2163253602 8970 2197824920 2164804114 618662218 8536 6 14 14 34080536 573440 604053512 16 128 0 12584961 128 14 270545344 25182240 79823144 392 120099584 84421972 281051163 68
is_linear=0
shrinkage=0.05


Tree=32
num_leaves=63
num_cat=18
split_feature=0 3 12 19 19 20 0 16 9 16 16 9 16 1 16 16 17 1 16 16 20 12 16 9 0 12 6 17 0 9 16 16 16 16 17 6 17 17 17 16 12 12 16 6 16 12 17 9 8 17 16 16 6 17 21 17 20 17 12 16 4 17
split_gain=11127.7 3887.43 2663.26 1376.23 1260.52 1188.85 1110.58 987.153 1214.85 2008.14 1211.21 1857.64 3905.41 932.408 906.055 1513.11 1020.49 898.945 822.559 1658.17 705.871 616.605 591.028 613.412 590.429 582.22 537.799 536.838 529.122 678.572 506.887 619.32 472.466 567.041 468.912 458.35 457.578 443.745 441.116 419.958 384.94 370.712 356.817 581.661 454.002 652.266 448.761 351.229 439.601 341.735 320.475 470.451 319.017 317.074 314.126 303.186 301.039 296.323 289.57 287.774 286.042 280.157
threshold=1.0000000180025095e-35 9.5000000000000018 0.42951928823104285 0 1 2 66.500000000000014 44.500000000000007 0.85004930966469439 51.500000000000007 9.5000000000000018 0.23104297837393925 13.500000000000002 1.0000000180025095e-35 39.500000000000007 28.500000000000004 3 2.5000000000000004 48.500000000000007 49.500000000000007 4 0.12548429020823573 11.500000000000002 0.027692569870483984 4.5000000000000009 0.040408511072173532 2.3456596035543407 5 2.5000000000000004 0.92863065624259666 48.500000000000007 49.500000000000007 14.500000000000002 11.500000000000002 6 0.97062602342864357 7 8 9 51.500000000000007 0.12926422868497259 0.34075931641035118 16.500000000000004 0.4688120860927153 14.500000000000002 0.14456353655764018 10 0.79044767607641864 1.2377650571629306 11 9.5000000000000018 42.500000000000007 1.7705670025567757 12 13 14 15 16 0.2001111520178859 44.500000000000007 254.50000000000003 17
decision_type=2 2 2 9 9 1 2 2 10 2 2 10 2 2 2 2 9 2 2 2 1 2 2 10 2 2 2 9 2 10 2 2 2 2 9 2 9 9 9 2 2 2 2 2 2 2 9 10 2 9 2 2 2 9 9 9 1 9 2 2 2 9
left_child=1 13 3 54 55 28 7 10 9 57 38 12 22 41 15 16 25 27 -10 -20 -6 49 -12 24 -24 32 -14 58 61 39 47 -32 33 -13 -17 -25 -16 50 -7 -30 -15 -1 44 60 45 46 -18 -8 -49 -21 -22 -52 -31 -35 -2 -4 -57 -9 -3 -60 -44 -5
right_child=2 17 4 5 20 6 30 8 18 -11 11 14 26 40 36 34 42 -19 19 21 37 -23 23 35 -26 -27 -28 -29 29 52 31 -33 -34 53 -36 -37 -38 -39 -40 -41 -42 -43 43 -45 -46 -47 -48 48 -50 -51 51 -53 -54 -55 -56 56 -58 -59 59 -61 -62 -63
leaf_value=0.0051249076806321806 -0.0073975874591375619 0.021096219344420089 0.0066376966347834092 0.0051762247171205098 -0.018232722312411249 0.0052340414600518387 -2.8323979477251276e-05 0.0089757520973560278 0.0052779785716225401 -0.014234205474358028 -0.028578111873778581 0.00042137696405405609 -0.0023972692145714878 0.014489110959182884 0.00094841555757689848 0.029431465259727854 0.0053060133403520938 0.023668810307130181 -0.021327060018421398 0.0041001935941701196 -0.0019031989640812014 0.0078655214442052337 -0.046451324994520912 -0.048047643406704428 -0.092361780851094102 0.00089685385732246419 0.024658240692579606 0.0073073979986387171 -0.0039044244524918583 -0.010076873013525176 -0.022292662131228668 -0.0046688457866380807 -0.0010864173909250084 0.060366610602728514 0.010170903953479948 0.0079791195810623664 -0.0072002260578251619 -0.011160587633787919 -2.6387302123630269e-05 -0.026538292353254896 0.0067390782920752181 0.0010315251230622383 0.0047873042480902975 -0.0030963761353468319 -0.012678019330292514 -0.011437821626975129 -0.0076172024303492432 -0.010034502812893678 -0.0017253381884430375 -0.010804483649912112 -0.013480899496939586 -0.0034555457704312886 -0.022928777435204328 0.019975751848156875 -0.017043385978779704 0.0016934852636454581 -0.0061908015271575243 0.01610156679115584 0.010456605322240261 0.023162065228637459 0.030510819360993282 -0.0039456307745875342
leaf_weight=96080.966307401657 33135.304573297501 18200.212806224823 10568.222402095795 10710.055598735809 20321.683753728867 96287.273938179016 57580.651200294495 29398.591816663742 43492.567112922668 7959.1802353858948 5452.1370823383331 4302.7491612434387 10225.867848157883 23804.858665704727 22884.592949390411 4025.2508976459503 19672.324824094772 26381.536790132523 10910.253957986832 5883.376175403595 32417.57569026947 16846.574366569519 1560.079110622406 1039.8430395126343 1276.0887246131897 56576.318648338318 2237.8518528938293 27091.536067485809 36380.047574520111 9432.1874446868896 7932.0131235122681 13415.559549808502 5970.8216140270233 507.58723258972168 14794.926039934158 561.83924078941345 69724.421189546585 71471.358019113541 67998.000278234482 2170.8062465190887 49016.687940120697 130349.39422464371 2156.3818726539612 15232.3314909935 19142.768624067307 16721.187950611115 10187.242476701736 28538.804928302765 35993.291207790375 11079.228399038315 22955.422027111053 23870.656834363937 9898.0530650615692 9642.6789529323578 11352.649001121521 21747.31430888176 27296.138114213943 29197.176664590836 22362.513822317123 5566.4845492839813 2166.3687283992767 39183.55836391449
leaf_count=74479 9341 7119 2646 3953 7566 23612 7730 6425 10892 1757 1317 997 2528 11212 5120 963 4502 7617 2881 1354 8265 3904 424 207 244 13051 662 11188 8784 2520 1139 1829 1472 134 3500 116 16720 18986 16138 527 23859 106655 717 3347 4603 4116 2350 4107 4903 2615 6249 6613 2770 2122 3478 5552 7439 6516 9043 2178 454 14875
internal_value=9.70421e-06 0.00719911 -0.0025024 -0.00128706 -0.00730178 -0.000846558 -0.000148379 0.000775539 0.00423005 0.00932995 -0.00038586 -0.00229635 -0.0161549 0.00435127 -0.00116447 0.000892712 -0.000663745 0.0157552 0.000382166 -0.00437934 -0.00948371 0.00109017 -0.0396146 -0.0531641 -0.0671333 0.00350874 0.00246212 0.0129036 -0.00576019 -0.00901338 -0.00410985 -0.011218 0.0107453 0.0156329 0.0143127 -0.0284018 -0.0051873 -0.00830279 0.00305707 -0.0051796 0.00927267 0.00276848 -0.00443107 0.00149765 -0.00619575 -0.00353159 0.000896095 -0.00286713 -0.0054001 -0.0056389 -0.0057241 -0.00837043 -0.0166585 0.0220805 -0.00986265 -0.0010396 -0.00269508 0.0125309 0.016185 0.0129896 0.0176829 -0.00198724
internal_weight=1.54034e+06 398854 1.14149e+06 910837 230648 866349 758574 615114 154767 66554.9 460347 296062 22353.7 299252 273708 181099 162279 99602.3 88212 44719.4 171037 33809.2 9889.99 4437.85 2836.17 77000.2 12463.7 73220.7 107775 57881.1 143460 21347.6 20423.8 14453 18820.2 1601.68 92609 150715 164285 38550.9 72821.5 226430 85278.6 19555.1 65723.5 46580.8 29859.6 122113 64532.1 16962.6 79243.7 46826.1 19330.2 10150.3 44488 59611.7 49043.5 58595.8 46129.2 27929 4322.75 49893.6
internal_count=528382 253350 275032 211716 63316 198897 165468 145760 36344 14698 109416 69666 5498 216205 64168 42328 37865 37145 21646 10754 47679 7873 2308 991 668 17776 3190 29528 33429 14601 19708 2968 4725 3253 4463 323 21840 40113 39750 9311 35071 181134 20089 4518 15571 10968 6852 16740 9010 3969 21127 12862 5290 2256 12819 15637 12991 12941 18340 11221 1171 18828
cat_boundaries=0 1 2 3 7 8 12 16 20 24 28 31 35 38 40 44 45 49 53
cat_threshold=1589248 34826 1 2147492560 2147519554 2228234336 9114 1 2248156880 3356017664 2761043152 8528 2621696 548864 2228488 4 18883840 84443664 2228522 76 2197816464 1359530242 2765293635 8448 2516853456 2189448320 2760976384 8577 101188616 553216 537067787 9352 557056 2228291584 280 0 0 2048 319105975 148480 67108992 0 8388608 256 10 2883904 2164827984 2687577089 260 2147746336 2969698336 92406820 272
is_linear=0
shrinkage=0.05


Tree=33
num_leaves=63
num_cat=15
split_feature=5 12 7 12 5 17 8 5 7 15 17 17 9 8 17 5 1 20 11 4 20 4 13 4 10 5 17 15 5 10 10 17 10 4 4 12 1 13 9 10 10 12 9 6 17 4 15 17 4 20 20 7 12 17 20 10 8 17 8 9 10 6
split_gain=11956.5 2571.5 2304.64 1569.74 1439.71 895.263 728.05 709.487 1179.84 577.464 554.761 507.775 506.271 408.978 412.278 408.614 803.428 380.485 403.802 459.978 378.343 367.095 366.061 453.605 342.414 337.856 331.256 327.807 324.714 430.273 323.81 316.831 313.95 330.127 303.289 302.733 291.371 287.516 285.649 281.263 278.796 278.127 259.151 280.239 254.904 237.492 228.484 223.79 218.557 211.116 202.33 238.55 196.742 193.541 190.384 220.031 188.369 188.275 188.162 181.091 180.806 178.507
threshold=0.76939339730037426 0.057162068068412959 55.500000000000007 0.16675931320274459 1.6410718827310353 0 1.1791126783664099 0.28617961842717549 1.5000000000000002 33.500000000000007 1 2 0.59995385325334571 1.9639211610556402 3 0.26679751390251888 1.0000000180025095e-35 4 0.11956105677580293 61.500000000000007 5 49.500000000000007 12.500000000000002 3.5000000000000004 1.5000000000000002 2.0802384500745164 6 62.500000000000007 0.30792817761004815 1.5000000000000002 1.5000000000000002 7 1.5000000000000002 63.500000000000007 161.50000000000003 0.46682227580098012 279.50000000000006 1.5000000000000002 0.7841317854807065 2.5000000000000004 1.5000000000000002 0.35098612413239139 0.015373871938117749 1.5884129490722467 8 766.50000000000011 186.50000000000003 9 4.5000000000000009 10 11 7.5000000000000009 0.2001111520178859 12 13 1.5000000000000002 1.1020801384137473 14 1.3317864679788107 0.85737756219683947 1.5000000000000002 2.0872119423317064
decision_type=2 2 2 2 2 9 2 2 2 2 9 9 10 2 9 2 2 1 2 2 1 2 2 2 2 2 9 2 2 2 2 9 2 2 2 2 2 2 10 2 2 2 10 2 9 2 2 9 2 1 1 2 2 9 1 2 2 9 2 10 2 2
left_child=2 10 3 7 9 12 26 8 21 20 37 -10 -5 14 46 16 -7 18 19 22 52 -1 23 -12 57 -19 -4 44 29 49 -13 -25 33 -22 -34 -11 41 50 -33 47 -18 59 -8 45 -9 -44 -6 -17 -24 -14 51 -2 -3 -36 55 -46 -28 -21 -27 -16 -30 -43
right_child=1 4 6 5 13 15 42 27 11 35 17 30 28 -15 36 39 40 25 -20 24 32 -23 48 31 -26 58 56 -29 60 -31 -32 38 34 -35 53 -37 -38 -39 -40 -41 -42 61 43 -45 54 -47 -48 -49 -50 -51 -52 -53 -54 -55 -56 -57 -58 -59 -60 -61 -62 -63
leaf_value=0.0053394390170832945 0.037411377546318 -0.0074194484536080855 0.0019429672518091884 0.0030530833769076204 -0.0083645313504248572 0.00081621178210258968 -0.026532149750735354 -0.0028149245914518145 0.0077751189275011611 3.5200439908091537e-05 0.027481772786243371 0.014769472291425901 0.0002018385769171492 -0.031187993679179144 -0.004986411876405885 -0.0015703119843999552 0.0055044217634707196 -0.0035820379216894623 -0.017161377730413093 -0.0038820004840384339 -0.0043929168076512135 0.03110708281908886 -0.020797834180324416 -0.0062525045706995248 -0.00018219088571393881 -0.010030094776821095 -0.0077893238367237709 0.015767256793976996 0.00083440045278417019 0.020627501904536272 0.022498553751543107 0.019228559874056264 0.00027093020399593143 -0.010840578808797144 -0.0018054790846673944 -0.0068617223775919185 -0.025078610273919218 0.0018627809507294037 0.0048545577040668073 0.0044854144944799935 0.012586007128793972 -0.013610296959885654 0.0092797938068675308 -0.0014038822424550445 0.0044407561942937284 0.0022476597283541833 0.0021693571803003599 -0.0098795621139590589 -0.00054024068652551384 0.011030417534010703 -0.00043026952286012574 0.010371158839278959 -0.01398370706486728 -0.0073808661890247974 0.0011753606908410953 0.010663032877329635 -0.0028991205270898646 -0.012141587760146866 -0.025281410119663974 -0.011729226942228655 0.0086270537615881545 -0.022664901682633954
leaf_weight=60808.777109622955 1352.8340356349945 26610.555438280106 21301.692738056183 47720.965480804443 60110.642950773239 128643.70356249809 733.38061809539795 10095.465593099594 18373.118003606796 70892.970279932022 2490.0983448028564 42160.389549732208 5240.7752294540405 2412.1263270378113 15427.76357960701 37382.91023516655 48349.392819881439 35919.888727903366 3694.8116834163666 19385.577691078186 40461.524112939835 1413.39825963974 1473.1427249908447 4934.3196167945862 54239.08918094635 10009.900911331177 35492.281187534332 7182.8370592594147 12231.73486328125 11361.58757686615 19979.30636382103 4351.4766054153442 36747.634925603867 38979.77859210968 24358.015931606293 20513.872550964355 4530.8797225952148 84563.749185800552 16793.408434867859 14952.435246944427 19506.52103972435 30238.286546707153 21981.286444187164 21649.483602523804 34172.51638674736 26458.659357070923 5629.4992508888245 10339.611798524857 13756.792676687241 32291.034417867661 1621.9897649288177 2054.6151649951935 19995.11489367485 43225.36470913887 18255.490339994431 24320.790906190872 44238.431014060974 10732.156676530838 2534.4968647956848 28094.68671631813 19015.313387155533 6641.3342707157135
leaf_count=48564 573 7226 3562 37028 20283 100135 111 2583 6343 14654 1244 15560 2691 936 4451 9846 20749 9787 1099 3689 13098 1120 794 1348 8817 4414 6046 1714 3306 3479 5928 1094 9360 8672 4222 5400 599 17805 4403 3527 5792 11484 3763 3265 8625 3717 1462 2740 4700 14655 731 472 6163 7595 4843 5755 7115 2153 933 8663 4647 2643
internal_value=-6.29593e-06 -0.00455931 0.00425559 0.00566803 -0.00677429 0.00370627 -0.000871253 0.00887489 0.0110964 -0.00487536 -0.000662315 0.0150927 0.00712982 -0.0107658 -0.0104386 0.00201692 0.00313823 -0.0022601 -0.000867384 -0.000397556 -0.00620955 0.00592525 0.00375954 0.0070969 -0.002556 -0.00604806 -0.00359598 0.00550251 0.00955821 0.0121025 0.0172521 0.00514952 -0.0051881 -0.00755671 -0.00338499 -0.00151269 -0.0127407 0.00255335 0.00780971 -0.0014983 0.00754032 -0.0120467 0.00301571 0.00332526 0.00465335 0.00543886 -0.00746133 -0.00337317 -0.00250093 0.0095214 0.0141668 0.0210528 -0.0102337 -0.00537283 0.00563537 0.00702684 -0.00507544 -0.00683085 -0.0131133 -0.00933921 0.00557672 -0.0152414
internal_weight=1.54043e+06 744778 795653 623798 474870 387036 171855 236762 142735 321785 269908 80512.8 127861 153085 150673 259175 196500 180315 131851 128156 230378 62222.2 43799.2 28569.3 84356.8 48464.3 101032 94027.1 80140.4 48893.4 62139.7 26079.2 183772 79441.3 104331 91406.8 84933 89593.2 21144.9 62675 67855.9 80402.1 70822.8 70089.4 86844.3 48439.9 65740.1 47722.5 15229.9 37531.8 5029.44 3407.45 46605.7 67583.4 76748.8 58493.3 79730.7 30117.7 12544.4 43522.5 31247 36879.6
internal_count=528176 190967 337209 309630 126911 208595 27579 101035 77515 76390 64056 27831 65806 50521 49585 142789 126676 44475 29341 28242 56336 49684 13583 8089 14659 15134 16723 23520 28778 20825 21488 6845 42947 21770 21177 20054 27840 19581 5497 16113 26541 27241 10856 10745 21806 7480 21745 12586 5494 17346 1776 1045 13389 11817 19223 14380 13161 5842 5347 13114 7953 14127
cat_boundaries=0 4 8 12 16 17 18 22 26 30 34 35 36 40 41 45
cat_threshold=33556096 1074298882 12716032 8576 268444864 2415923344 94374254 11162 222335240 352356708 411078970 10308 239075968 3055190272 483526914 388 6 9 2371720 2231369984 80742433 20 201621504 75499872 17 4 2231929088 84411460 272662545 68 2351181824 402669568 2754651155 12 1 22 8640 67143680 2228226312 256 14 2626312 573536 2688557184 4
is_linear=0
shrinkage=0.05


Tree=34
num_leaves=63
num_cat=15
split_feature=5 7 10 9 5 3 13 5 8 8 19 16 16 9 13 16 16 0 3 17 19 8 16 17 10 16 16 16 17 16 19 16 16 16 9 16 16 16 9 16 16 20 0 20 17 17 16 3 0 20 16 0 9 20 20 3 16 16 16 17 16 17
split_gain=10819.4 2182.9 1512.3 1490.06 1278.41 1251.93 1235.7 1318.61 783.969 757.317 662.256 608.269 985.738 965.59 580.323 601.403 854.845 859.189 578.328 593.648 559.706 540.421 434.085 419.047 415.628 415.519 677.93 517.294 614.565 709.54 412.904 389.347 645.795 471.342 547.41 1088.16 373.294 527.662 381.813 368.4 365.238 365.218 448.355 353.618 347.235 340.901 317.936 323.125 315.314 361.162 312.879 312.092 366.893 308.468 300.391 296.821 421.568 296.679 290.215 289.038 287.431 287.02
threshold=0.76939339730037426 40.500000000000007 2.5000000000000004 0.24962006079027357 0.28202154101077054 10.500000000000002 3.5000000000000004 1.4122163260697755 1.0476550953462387 1.1817467872441696 0 16.500000000000004 9.5000000000000018 0.31709514392441224 5.5000000000000009 16.500000000000004 8.5000000000000018 1.0000000180025095e-35 2.5000000000000004 1 2 1.724590346424437 28.500000000000004 3 1.5000000000000002 48.500000000000007 45.500000000000007 14.500000000000002 4 11.500000000000002 5 44.500000000000007 48.500000000000007 9.5000000000000018 0.14302761677463352 28.500000000000004 49.500000000000007 51.500000000000007 0.32660611491256658 44.500000000000007 11.500000000000002 6 110.50000000000001 7 8 9 11.500000000000002 31.500000000000004 127.50000000000001 10 8.5000000000000018 1.0000000180025095e-35 0.015373871938117749 11 12 3.5000000000000004 4.5000000000000009 8.5000000000000018 45.500000000000007 13 47.500000000000007 14
decision_type=2 2 2 10 2 2 2 2 2 2 9 2 2 10 2 2 2 2 2 9 9 2 2 9 2 2 2 2 9 2 9 2 2 2 10 2 2 2 10 2 2 1 2 1 9 9 2 2 2 1 2 2 10 1 1 2 2 2 2 9 2 9
left_child=1 3 6 14 5 39 8 31 20 11 -7 12 -3 51 -1 16 -16 -18 -17 22 -2 41 -20 -13 43 26 27 28 29 -4 -10 33 60 -8 35 46 38 -38 -27 50 -19 42 55 -6 -31 -12 -35 -48 49 -32 -5 -14 -53 -22 -39 -9 -57 -30 -11 -29 -33 -26
right_child=2 9 25 4 24 10 7 21 30 58 45 23 13 -15 15 18 17 40 19 -21 53 -23 -24 -25 61 36 -28 59 57 44 48 32 -34 34 -36 -37 37 54 -40 -41 -42 -43 -44 -45 -46 -47 47 -49 -50 -51 -52 52 -54 -55 -56 56 -58 -59 -60 -61 -62 -63
leaf_value=0.023898402344866749 0.00035119847994186896 -0.0010875875765329393 0.0016071382020273273 0.0092483369201416636 -0.011036514253782576 0.020830161607982723 -0.0025534297203028116 -0.013505273362364173 -0.013690013365646712 0.0016855869417965184 0.00063338583489955637 0.0075327042552821412 6.7998684678666961e-05 -0.0092362518159361095 0.0039463669314913933 0.0021463796796006829 -0.0028316391208927307 -0.012609107654210068 0.053702818423041344 0.0060474858757301221 0.025006495920136741 -0.027864569690029563 0.017182932533572375 -0.0017513810157230145 0.010101098920627443 0.012104274306753949 0.0092235759970960753 0.0014069357997424058 -0.00086445223392894645 0.050632441315334835 0.003665919713129611 0.00069404917886465407 -0.006669796958437048 -0.031728907385129096 -0.0064087603705835373 -0.0054853742925108908 0.0077769168713028832 -0.0037953097839378046 -0.017701924401543587 0.011506746248210745 -0.040158808202726506 -0.012599619352455071 -0.018880143246665142 0.002147897271170878 0.01281136840586149 0.01279893588548316 -0.037401323926416652 -0.098531275615778444 -0.015052565508587188 -0.014161817364904912 0.0032354559301169764 -0.062300330047145303 -0.029418813328128724 0.0074358690985325548 -0.024175050083672225 0.0018285035487428467 -0.0073960777372279619 -0.011584926543440415 0.0086374321109059862 -0.0058596737796557767 0.010603884633422177 0.0039545214865354629
leaf_weight=3089.9177348613739 9018.4110171794891 38467.90407371521 57168.684124946594 32467.792087316513 5527.6899008750916 27823.330096006393 85043.473618984222 16087.494669437408 7252.1581268310547 58937.204319000244 6391.1777629852295 16701.579250335693 571.07422590255737 21491.709841251373 56936.163506507874 68878.81613445282 53391.628747940063 2734.024364233017 896 26084.11839556694 5818.7173893451691 3992.263457775116 8796.2164664268494 44551.727674007416 31581.833503246307 1219.0453808307648 18126.514894962311 18098.656487941742 17331.74564242363 632.34181571006775 22876.914379358292 28672.749798536301 28865.319161176682 2951.0051214694977 109692.9643740654 6033.5448553562164 7424.5061175823212 5386.7514798641205 9016.9855780601501 30921.455517530441 2149.3580710887909 58490.415801763535 8688.2921891212463 62196.933497905731 11787.712635755539 59208.861563205719 462.71988201141357 408.07054567337036 3252.5734004974365 3232.6126718521118 64843.22701382637 1220.6579027175903 2790.7178983688354 4423.2918848991394 2720.9054543972015 14143.459279537201 99626.083970546722 10281.325451850891 20143.201280117035 56104.357993841171 9823.2997350692749 47753.215849876404
leaf_count=1500 3490 6617 10299 16202 1645 8854 21340 8732 1887 9362 2087 2871 109 3737 40148 63860 43781 718 896 15829 2055 1479 3900 7578 7965 230 3305 3167 3134 123 5204 7187 7440 755 27382 1689 1393 880 1607 15277 553 22885 1258 16593 2064 19088 159 89 482 1042 32192 222 486 1943 547 4247 29032 1863 3178 9965 2450 12197
internal_value=2.06642e-05 0.00407049 -0.00431429 0.00561072 0.00756189 0.00995999 -0.00575246 -0.00658316 0.0012794 -0.000377622 0.0143624 -0.00278788 -0.00617495 -0.0136801 0.00238394 0.00208148 -0.000410857 -0.00466797 0.00482519 0.00998239 0.00944503 -0.00965377 0.020543 0.000781081 0.00394732 -0.000781608 2.8332e-05 -0.000944138 0.0014558 0.00395995 -0.00301616 -0.00431333 -0.00101623 -0.00539889 -0.00742303 -0.0187104 -0.00673869 -0.00185297 -0.0141514 0.00675253 -0.0247405 -0.00928465 -0.00788359 0.00107032 0.014792 0.011614 -0.039582 -0.0661283 -0.000374656 0.0014542 0.00524173 -0.0345154 -0.0394377 0.0174343 -0.0106713 -0.00714831 -0.0062493 -0.00485458 0.00345643 -0.0040879 0.00322302 0.00640323
internal_weight=1.5407e+06 796548 744155 591672 368716 221656 528856 472981 55874.7 204876 93423.4 125795 64542.1 26074.2 222956 219866 115211 58275 104655 35776.3 19260.4 201028 9692.22 61253.3 147060 215300 189531 171405 97201.8 69588.7 36614.3 271953 67361.4 204592 119548 9855.34 25768.2 15532.2 10236 128232 4883.38 197036 138545 67724.6 12420.1 65600 3821.8 870.79 29362.1 26109.5 97311 4582.45 4011.38 10242 8107.66 129857 113770 27613.1 79080.4 74203 38496 79335
internal_count=528249 337445 190804 303285 132100 93700 152227 136124 16103 34160 30029 21620 11171 4554 171185 169685 85200 45052 84485 20625 7488 67633 4796 10449 38400 38577 33920 30615 17483 12486 8615 68491 17077 51414 30074 2692 4657 2820 1837 63671 1271 66154 43269 18238 2187 21175 1003 248 6728 6246 48394 817 708 3998 1427 42011 33279 4997 12540 13132 9637 20162
cat_boundaries=0 1 5 6 10 14 15 16 17 20 23 24 25 26 30 34
cat_threshold=235530 134489408 2156006256 163858 2076 1729569 2109576 2240282912 72485152 28 34350800 2147532800 2760976460 400 1729041 6 1 0 0 2048 222330920 117473364 36896 22 22 22 136327296 532 14680322 132 2248418008 1073774848 13633796 8464
is_linear=0
shrinkage=0.05


Tree=35
num_leaves=63
num_cat=13
split_feature=5 12 5 1 5 16 16 5 3 19 16 16 9 8 16 7 17 16 17 12 16 15 17 12 12 17 16 16 17 8 3 21 16 16 16 9 16 17 10 9 16 4 3 16 3 17 17 4 12 16 19 17 12 16 9 16 2 16 9 16 16 19
split_gain=9850.92 2253.84 1938.31 2427.34 1138.8 834.441 808.965 705.65 838.638 608.422 605.702 890.018 1856.15 733.612 595.989 568.516 553.653 485.889 481.404 477.625 451.2 427.114 415.535 402.092 387.4 368.275 357.516 488.201 355.541 343.756 340.222 340.087 339.89 528.466 653.901 625.974 491.207 323.931 321.567 321.262 503.42 333.334 316.598 432.246 566.642 304.669 299.365 284.398 279.164 371.603 274.406 257.548 256.708 297.795 440.777 268.424 246.799 246.491 243.993 376.597 431.548 240.319
threshold=0.76939339730037426 0.058332071034546969 0.26679751390251888 1.0000000180025095e-35 1.4428989279078086 45.500000000000007 45.500000000000007 1.0000000180025095e-35 14.500000000000002 0 9.5000000000000018 16.500000000000004 0.31709514392441224 1.1568709698644561 51.500000000000007 114.50000000000001 1 14.500000000000002 2 0.34542444676740858 39.500000000000007 146.50000000000003 3 0.14456353655764018 0.082510154047462994 4 9.5000000000000018 16.500000000000004 5 1.0626088850174218 77.500000000000014 6 44.500000000000007 10.500000000000002 12.500000000000002 0.26266028002947689 51.500000000000007 7 1.5000000000000002 0.075093984962406032 11.500000000000002 119.50000000000001 10.500000000000002 15.500000000000002 114.50000000000001 8 9 338.50000000000006 0.19303311591707803 14.500000000000002 10 11 0.31947653506211654 48.500000000000007 0.81755571360834522 44.500000000000007 1.0000000180025095e-35 13.500000000000002 0.57900140494974617 48.500000000000007 49.500000000000007 12
decision_type=2 2 2 2 2 2 2 2 2 9 2 2 10 2 2 2 9 2 9 2 2 2 9 2 2 9 2 2 9 2 2 9 2 2 2 10 2 9 2 10 2 2 2 2 2 9 9 2 2 2 9 9 2 2 10 2 2 2 10 2 2 9
left_child=2 9 3 19 21 7 10 8 24 -2 15 12 39 47 22 28 -9 23 -11 42 51 32 -8 -15 -5 -6 -10 29 -4 -28 -29 -20 33 37 35 -35 58 -3 -7 40 -12 -42 -1 57 56 -25 -22 48 49 -14 -38 -13 53 55 -55 -27 -45 -44 -34 -60 -61 -21
right_child=1 4 6 5 25 38 14 16 26 18 11 20 13 17 -16 -17 -18 -19 31 61 46 -23 -24 45 -26 52 27 30 -30 -31 -32 -33 36 34 -36 -37 50 -39 -40 -41 41 -43 43 44 -46 -47 -48 -49 -50 -51 -52 -53 -54 54 -56 -57 -58 -59 59 60 -62 -63
leaf_value=0.0042559513826151071 -0.01192686626494322 -0.0012640234767426516 0.0077044832829502021 0.013315375175449538 -0.0067857742095404463 0.013992310132125206 0.010879687773733829 0.007612539490116749 0.023954817353513375 0.0029383942138503038 -0.020604073330115387 0.010183981787952876 0.0049121075405351199 0.012213819588949794 -0.0055976121033004117 -0.00341429824238762 -0.0051281147743071449 -0.011839474806161179 -0.00015973159649001028 0.0047535182890119394 -0.003344350464575957 0.00019580630353048211 0.0032106762984183065 0.030385452071477234 0.0052190697352869041 -0.00810442723033372 -0.00042485833129968573 0.017636642088059734 0.00043459385572958918 0.016115199926377898 0.044980016295961413 -0.004972171262094178 0.0062031725171747265 -0.048008803553618737 -0.0071350800590949132 -0.015104780084305217 -0.0039975452147961955 -0.0076641350284250946 0.023977738712956283 -0.020390262055658047 -0.038209082576565308 -0.080562560646131098 0.010512008876279908 0.039061525283576343 0.083372809990902422 -0.0042321302823832554 0.0043095251517792635 -0.015450549707088066 -0.010375077635819567 -0.015891207878720455 -0.020142715181810031 0.0015888217659710047 -0.01383276788966491 -0.0056708669986165723 -0.022262847144663984 0.0044126273514221315 0.013481595055592339 -0.0080413286756302379 0.00251597948024406 -0.019773309543802017 -0.0021059126760557168 -0.00011058690668669025
leaf_weight=99068.087754487991 11289.932323932648 57008.893051624298 47491.358308076859 20702.834657907486 83941.353149175644 26844.281781673431 35965.343283891678 21647.523373126984 11793.692139625549 88023.771652698517 1559.4373364448547 15989.374617576599 9217.5990958213806 11703.217666149139 10605.138728141785 26472.826156616211 14055.295857906342 4636.0677192211151 123367.88753437996 32918.899697542191 51896.883188009262 45451.376759529114 34758.17524433136 674.91373682022095 51603.83678483963 34625.658662557602 7447.0310673713684 11706.583743572235 26049.919042110443 5432.1704971790314 1259.7401337623596 52255.413736581802 12611.136250734329 1647.4193525314331 72794.290756702423 11759.516325712204 5567.0983006954193 30267.473778486252 11528.555004119873 3747.3410446643829 945.43879151344299 918.96326017379761 4291.0047061443329 1076 329.47616505622864 8661.0478465557098 16936.626307010651 9948.8549287319183 13691.967246294022 2797.1967515945435 5010.9799556732178 19172.923077106476 49893.436029672623 7421.1122355461121 8691.2398781776428 4887.0173401832581 7601.7315266132355 3070.2082209587097 21371.357377052307 5017.7701022624969 11103.845691919327 110960.29239702225
leaf_count=76257 3402 13804 11286 9363 26373 10897 7531 4583 3746 18853 380 3310 2209 2227 2221 3949 2899 946 28622 25160 10869 9018 7191 146 23820 9971 2363 3772 6208 1497 330 14255 3035 451 17970 2901 1300 7234 3169 799 255 172 1922 1076 158 1807 3690 1733 3422 696 1129 3961 17817 1632 2125 1494 3117 1127 5385 1262 2777 87470
internal_value=-2.30308e-05 -0.00416083 0.00383879 0.00604141 -0.00626771 0.0104333 0.00107905 0.00870495 0.0106882 -0.000566269 -0.000227007 -0.00202192 -0.00644709 -0.00363248 0.00545527 0.00286874 0.00259756 0.00281168 -7.92853e-05 0.00292474 0.000892964 -0.00423974 0.00711272 0.00604053 0.00753735 -0.00926062 0.0167407 0.013448 0.00513048 0.00655209 0.0202964 -0.00159186 -0.00510069 -0.00622735 -0.00900416 -0.0191512 -0.00187978 -0.00348467 0.0169928 -0.0305149 -0.0415869 -0.0591171 0.0053204 0.0117622 0.0191069 -0.00169857 -0.00146092 -0.00827281 -0.00549443 6.79126e-05 -0.0116697 0.00550083 -0.0112276 -0.00889267 -0.0146217 -0.00655622 0.0166575 0.00277376 0.000187289 -0.00183632 -0.00760568 0.00100265
internal_weight=1.54119e+06 744008 797178 443337 469071 184022 353841 145649 109946 274937 272512 172498 68502 61330.9 81328.7 100014 35702.8 25675.2 263647 259316 103996 279611 70723.5 21039.2 72306.7 189460 37639.2 25845.5 73541.3 12879.2 12966.3 175623 234160 173478 86201.2 13406.9 60682.2 87276.4 38372.8 7171.18 3423.84 1864.4 115437 16368.4 9007.21 9335.96 68833.5 35655.6 25706.8 12014.8 10578.1 35162.3 105518 55625 16112.4 39512.7 8677.73 7361.21 50104.1 37493 16121.6 143879
internal_count=528544 190810 337734 262726 125678 66439 75008 52373 44891 65132 58065 36622 14792 13186 16943 21443 7482 5126 61730 196287 21830 66266 14722 4180 33183 59412 11708 7962 17494 3860 4102 42877 57248 42360 21322 3352 14888 21038 14066 1606 807 427 83657 7400 4351 1953 14559 8060 6327 2905 2429 7271 33039 15222 3757 11465 4193 3049 12459 9424 4039 112630
cat_boundaries=0 1 5 9 13 17 21 23 27 31 34 35 39 40
cat_threshold=540672 35923840 541200 2765106176 260 8384 2147487890 98568558 8602 136328088 25182496 2227375208 272 234881680 2517272864 345114881 9092 2181314192 583936 2765236231 264 78447 1024 2248417936 76070976 2761107522 256 0 0 2048 256 2181568328 2281729024 2763074648 232802 136324032 8413440 2153907200 28 104458
is_linear=0
shrinkage=0.05


Tree=36
num_leaves=63
num_cat=22
split_feature=5 12 7 12 6 19 19 10 5 17 9 13 17 5 3 5 8 9 13 17 5 1 9 17 12 5 10 9 5 1 17 17 17 17 17 9 13 19 11 21 17 10 12 12 17 3 7 21 17 17 17 17 3 17 5 10 12 2 13 19 13 6
split_gain=9037.6 2219.38 1524.95 1564.48 1112.54 961.975 833.603 828.353 1045.69 692.706 590.301 901.437 530.571 468.663 774.979 441.356 435.868 363.236 558.286 331.972 324.405 497.548 313.655 303.277 301.626 351.513 292.694 281.924 277.376 272.736 263.807 262.037 261.892 247.52 239.112 231.789 230.573 220.444 214.288 214.983 203.744 195.322 190.464 188.667 186.291 185.445 180.17 187.196 179.892 178.61 174.458 170.512 165.16 162.632 161.098 233.901 150.889 149.351 175.488 201.983 149.005 148.609
threshold=0.66709292412617238 0.20732547204936255 66.500000000000014 0.36696589050096362 1.98841237314598 0 1 1.5000000000000002 0.19123809523809526 2 0.84622507122507129 4.5000000000000009 3 0.23553051495212957 8.5000000000000018 1.0256801051238089 1.1168933751872141 0.14302761677463352 75.500000000000014 4 0.1241124794416142 1.0000000180025095e-35 0.49733331437023559 5 0.028440365989344078 1.3670176931532108 2.5000000000000004 0.29638689570196425 1.0203620951766712 1.0000000180025095e-35 6 7 8 9 10 0.35856464693083673 75.500000000000014 11 0.11269491408020259 12 13 1.5000000000000002 0.11301562177235637 0.62081819921666048 14 12.500000000000002 217.50000000000003 15 16 17 18 19 440.50000000000006 20 0.20550527903469082 1.5000000000000002 0.55310141303922267 56.500000000000007 10.500000000000002 21 25.500000000000004 0.52952546998180727
decision_type=2 2 2 2 2 9 9 2 2 9 10 2 9 2 2 2 2 10 2 9 2 2 10 9 2 2 2 10 2 2 9 9 9 9 9 10 2 9 2 9 9 2 2 2 9 2 2 9 9 9 9 9 2 9 2 2 2 2 2 9 2 2
left_child=2 6 3 7 9 22 38 13 33 35 11 19 24 14 29 43 40 18 44 -8 21 -7 -5 -19 41 -26 51 -21 -14 53 -17 -10 -16 -9 -6 36 -3 -15 39 -2 -4 57 -35 -11 -13 -23 47 -30 -39 -22 -24 -18 -28 -1 55 -52 -51 58 59 -12 -37 -25
right_child=1 4 16 5 34 20 10 8 31 15 12 17 28 37 32 30 26 23 -20 27 49 45 50 61 25 -27 52 -29 46 -31 -32 -33 -34 42 -36 60 -38 48 -40 -41 -42 -43 -44 -45 -46 -47 -48 -49 -50 56 54 -53 -54 -55 -56 -57 -58 -59 -60 -61 -62 -63
leaf_value=0.0056347376219435842 -0.01920204118410419 -0.0072967972444311288 -0.0091282943275934544 0.0026465581218172562 -0.0088023289369952903 0.0001057926535058817 0.00067552685022465551 0.010511393337468087 0.010191760258390851 -0.0039087993969007025 0.014980968871759896 0.00085496655170107922 -0.0016352247861398498 -0.016667886880221684 0.01517400610923628 -0.015590484504317246 0.0058274342131327921 -0.001112292369329859 -0.055462402028616478 0.02094203064083941 -0.010577502578087733 0.0037596362143341236 0.017556862358605461 -0.0037127165470946079 -0.0001906619545404893 -0.0057457278805342904 0.0082715304716030977 0.0080370494247496219 -0.0045895946093545657 0.00886679289148108 -0.0086645570412753718 0.0038649816835034444 0.0076236531951680859 0.025820136069740124 -0.01801284414102669 -0.0069596018878501642 -0.047882988271920113 -0.0048804270696568494 -0.020507169465065839 -0.0059794345672614197 -0.0017068928271703752 0.0062400494648463265 0.016896809605121143 -0.015460105339095066 -0.0067906976548962762 0.010117845488076212 -0.015735077436738697 -0.010283464549603556 0.0034281809837190223 0.00020110906911798506 0.0094140898373755097 -0.003748862472618528 0.001522175538759564 0.001551021226322411 0.004948107723197509 0.024828653046591157 -0.006192373046129112 -0.006761083530982058 -0.0031559893197465939 0.0012222886939220565 -0.00058842727570841431 0.0041591172957592525
leaf_weight=49763.09173989296 3729.7410542964935 13954.110237836838 19880.56998872757 16239.717052459717 9949.6334927082062 117052.96862506866 6938.7696523666382 7060.8124418258667 42298.187978506088 63776.484683036804 3999.9422237873077 12268.424086093903 31535.130497455597 1571.9540870189667 30605.539509534836 16163.23882651329 5459.6985216140747 93597.845952272415 536.4457643032074 7483.8868224620819 6214.0771050453186 31297.374864578247 7975.6106090545654 6688.1225490570068 75160.624569654465 45848.520498037338 13960.315110206604 9743.3349320888519 42666.51936173439 33428.334545612335 93539.817495584488 26762.482910633087 18512.313208580017 11629.88506436348 24771.9584441185 10543.975245952606 357.98425984382629 7568.229816198349 4340.7176160812378 17501.482763528824 17315.781044960022 19518.681591749191 12331.142528772354 3741.4591629505157 22724.825545549393 18101.099073648453 5780.7608723640442 21865.177946090698 46451.54869055748 33581.927321434021 11689.640825033188 30967.48614692688 25841.52022600174 47839.422042131424 12477.769548892975 3117.2680974006653 12724.196909666061 6727.9528279304504 9944.1886446475983 7986.481068611145 70744.225582361221 57843.47133731842
leaf_count=39034 1221 4229 3280 13172 3212 92312 1905 2193 10230 14898 1296 2955 7046 421 11648 5082 857 17789 116 2108 1569 14965 2742 1609 15418 11100 2362 2103 11808 16303 28537 6510 7291 3649 7991 2558 106 1980 1384 5143 2892 3928 4050 992 5918 5713 792 6798 11953 8441 5331 4940 3578 38298 3166 986 3288 1130 3835 2726 19199 10721
internal_value=-9.48644e-06 -0.00359169 0.00408165 0.00507712 -0.0069519 0.00224697 -0.00158284 0.00735652 0.0111677 -0.00587902 -0.00112234 0.000815716 -0.00267997 0.00573845 0.00697688 -0.00772938 -0.00123945 -0.000320535 -0.00488878 0.00992094 0.000800598 0.00188167 0.00839485 0.000705915 -0.00096328 -0.00229542 0.000925677 0.0136362 -0.00553101 0.00496896 -0.00968734 0.00774213 0.0123332 0.0187932 -0.0153816 -0.00244777 -0.00831524 0.00172518 -0.0103812 -0.00831494 -0.00567651 0.0023825 0.0212199 -0.00454913 -0.00411192 0.00608963 -0.007279 -0.00652127 0.00226338 -0.00262544 0.0110446 -0.00231288 0.00388963 0.0036339 0.00913058 0.0126607 -0.00155548 -0.000244906 0.00175437 0.00582803 -0.00141491 0.00334271
internal_weight=1.54169e+06 821974 719720 606295 307543 270472 514431 335823 100083 272821 488859 217825 271034 235740 180149 177221 113425 193659 35529.7 24166 218972 166451 51500 158129 169186 121009 76229 17227.2 101848 131031 109703 69060.7 49117.9 31021.8 34721.6 95600.3 14312.1 55591.7 25571.9 21231.2 37196.4 48177.2 23961 67517.9 34993.2 49398.5 70312.5 64531.7 54019.8 52520.2 35260.3 36427.2 39801.8 97602.5 27284.7 14806.9 46306.1 28658.6 21930.6 11986.4 81288.2 64531.6
internal_count=528807 205653 323154 305245 86804 151685 118849 153560 26632 75601 111101 45224 65877 126928 112574 49509 17909 39108 8989 6116 126288 112990 25397 30119 39433 26518 11737 4211 26444 93635 33619 16740 18939 9892 11203 26092 4335 14354 7748 6364 6172 12915 7699 15890 8873 20678 19398 18606 13933 13298 12225 5797 5940 77332 9483 6317 11729 8987 7857 4022 21757 12330
cat_boundaries=0 1 2 6 10 14 18 22 26 30 34 38 39 41 45 49 51 55 58 61 64 68 69
cat_threshold=34826 1589248 205521552 630227266 1016072194 2436 35661016 2147629058 2713726058 9112 134250568 75539296 1246224 4 172492624 235056420 2820678673 2176 2625800 1073750036 33256 24 35927000 1082704128 2223049044 8472 2183145152 143189024 2895325201 776 138413064 67142004 274759709 4 67109456 528 2264320 4 1064960 1745502288 2312 134743296 75554848 2686684184 256 302002272 2223506064 336593152 2069 840504475 99328 83923200 16788292 8422673 64 134742088 2290098452 282 67108992 32768 2160068608 2109824 16777216 12584960 39882368 3263341664 2278623298 2320 302600
is_linear=0
shrinkage=0.05


Tree=37
num_leaves=63
num_cat=21
split_feature=0 1 10 12 12 4 7 20 19 17 17 7 20 0 14 17 20 17 4 12 17 2 10 0 0 17 12 4 20 10 14 9 21 0 22 9 0 2 19 8 0 0 9 21 0 6 1 12 1 0 17 19 8 4 12 21 0 6 17 10 17 21
split_gain=6710.05 2597.57 2163.35 1085.73 976.17 849.571 782.084 965.032 651.155 642.208 551.38 547.434 912.779 623.484 549.824 542.176 453.164 449.25 437.574 423.427 416.168 404.764 392.025 375.389 347.429 344.579 343.147 323.756 299.948 296.893 293.281 288.673 280.08 271.387 266.514 252.019 312.678 248.27 246.927 242.679 239.777 239.605 240.855 224.67 220.717 238.875 218.976 215.802 212.599 209.738 208.022 202.912 198.905 197.604 196.054 195.77 192.641 190.372 187.939 183.958 178.205 191.886
threshold=1.0000000180025095e-35 1.5000000000000002 1.5000000000000002 0.16675931320274459 0.42405653134909088 6.5000000000000009 279.50000000000006 0 1 2 3 47.500000000000007 4 1.5000000000000002 1.0000000180025095e-35 5 6 7 5.5000000000000009 0.013856820831352203 8 8.5000000000000018 5.5000000000000009 3.5000000000000004 272.50000000000006 9 0.18773466600880326 139.50000000000003 10 2.5000000000000004 1.0000000180025095e-35 0.99510283565481006 11 2.5000000000000004 12 0.057531443702232656 2.5000000000000004 98.500000000000014 13 1.0690172931552244 1.5000000000000002 22.500000000000004 0.66676373519704923 14 5.5000000000000009 0.40879945154655811 6.5000000000000009 0.18773466600880326 3.5000000000000004 155.50000000000003 15 16 1.0606674027726661 6.5000000000000009 0.14456353655764018 17 42.500000000000007 1.3772038354469534 18 3.5000000000000004 19 20
decision_type=2 2 2 2 2 2 2 1 9 9 9 2 1 2 2 9 1 9 2 2 9 2 2 2 2 9 2 2 1 2 2 10 9 2 9 10 2 2 9 2 2 2 10 9 2 2 2 2 2 2 9 9 2 2 2 9 2 2 9 2 9 9
left_child=1 5 3 8 6 30 7 17 43 34 26 12 14 -14 20 37 35 19 -16 -4 -10 47 24 59 -8 -13 -7 -19 -28 33 58 -25 -20 46 -6 -17 48 -5 -23 -29 -18 42 -36 -2 -31 -46 -21 -3 -37 55 -41 -38 -15 -22 -35 -27 -53 -33 -1 -9 -45 -62
right_child=2 21 4 15 9 10 22 23 11 -11 -12 25 13 52 18 16 40 27 32 29 53 38 -24 31 -26 49 28 39 -30 44 -32 57 -34 54 41 36 51 -39 -40 50 -42 -43 -44 60 45 -47 -48 -49 -50 -51 -52 56 -54 -55 -56 -57 -58 -59 -60 -61 61 -63
leaf_value=0.0054028333832914213 -0.025758043988473048 0.016233501590212113 0.014316330598028455 -0.01202013792554534 -0.01210094873682337 0.01415827766925512 -0.0034024212167308972 -0.00010276429930765282 -0.0037561847995156343 -0.008030670868881323 0.0031180714120504992 -0.011706974289685583 7.6756546789372469e-05 -0.0071695499822367588 0.020698286168943935 -0.012442570231465423 -0.00858807945925881 0.0037404019346446863 0.008835282989017158 0.0047074638871339924 -0.011393922831544577 0.015279216421739556 0.0012241981883934216 -0.0034397090181313549 -0.011993623112332524 -0.0012741690482113855 0.0091881968345060103 -0.0065047612475512169 0.00022108218888079376 0.011395341755252511 0.0099918242189766006 -0.0042979847608135254 -0.00066679869114215026 0.0025914979807196408 -0.0051120990241859138 -0.0038174635351508109 0.00038978913884364728 -0.028685433795970324 0.025770717405044087 -0.028967047412808242 -0.018802119530374417 -0.0058519094710487935 0.0035737181914758443 -0.0046834558143186962 -0.0016964934928654419 0.0058140732658914056 0.018134444880890586 0.0087728303522172889 0.0026145728969243719 -0.017275697078789561 0.00035657072221019449 -0.0068843403150502525 -0.016261773950496848 0.0037883488223212011 -0.0022062936243055216 -0.0088508037514084606 -0.016773259372722824 -0.016488676566355623 0.00064296243235936734 0.011839768864152916 -0.0040116108054276001 -0.019297408462580549
leaf_weight=23774.191731214523 2193.7294809818268 16604.554732084274 9950.5527667999268 29467.600558519363 4820.452942609787 26468.095136880875 57393.095604896545 29890.105076313019 41822.980521440506 57266.190160989761 58649.854103565216 16441.106513500214 20619.045413017273 11890.899166345596 5114.2097105979919 10992.990938663483 14888.912908315659 48355.238880157471 18959.681647539139 14191.697850227356 2248.0983731746674 12086.543393611908 35985.048917293549 40794.317909240723 14802.63469171524 42592.200917243958 42389.04288482666 18274.628149032593 11966.505346775055 14617.318419933319 10122.501759767532 5168.3053877353668 13122.609948635101 59726.912131547928 10113.535601377487 44477.915851593018 8839.2048678398132 2417.9328880310059 10718.754763126373 599.91556882858276 9359.2814610004425 13258.73416519165 37842.86109995842 11219.28567814827 12317.01832818985 75346.759799480438 3862.5635743141174 23296.092420339584 18064.053851366043 2621.7124338150024 60431.947198152542 61694.12258887291 12177.811726808548 45533.102154016495 33088.071877002716 10652.296520233154 5351.7683696746826 8422.3900389671326 161951.61833643913 3613.4376094341278 3135.5898518562317 6046.9987652301788
leaf_count=18952 619 6272 2164 10475 1116 13445 7840 9147 12382 12896 32169 2936 8981 3981 2307 4425 6860 11985 4719 4396 1130 3191 4505 8838 1832 7296 22715 3657 6925 3592 5871 1246 3295 11824 2592 18167 1953 385 2896 104 3094 2180 9134 3390 2310 13476 943 8888 5124 366 10683 14633 3709 12635 7226 1856 842 2084 131531 897 904 1888
internal_value=-1.55171e-05 0.00557495 -0.00196386 -0.00455697 -0.000137653 0.00382822 0.000768518 0.00170756 -0.00245032 -0.00415641 0.00681052 -0.00169739 -0.000158955 -0.00630277 0.00200665 -0.00728709 -0.00618549 0.00288145 0.00711687 0.00423503 -0.000114537 0.0149154 -0.00303909 -0.00297737 -0.00516406 -0.00534622 0.00948832 0.000515764 0.00721584 0.00376454 0.00170435 -0.00554246 0.0049513 0.00197218 -0.000795244 -0.0051557 -0.00457731 -0.0132806 0.0202293 -0.00145034 -0.0125259 9.70504e-05 0.0017419 -0.0105683 0.00570736 0.00475881 0.0075809 0.0118779 -0.00195968 -0.00347139 6.31752e-05 -0.00673462 -0.0117703 0.00307316 0.000881104 -0.00279202 -0.00767279 -0.0118534 0.00125261 0.00118558 -0.00892197 -0.0140888
internal_weight=1.54011e+06 398028 1.14208e+06 471945 670134 335322 546832 438651 266391 123302 139473 243796 171488 44687.8 126801 205554 173668 350763 37196.5 223101 89604.2 62705.9 108181 87888.6 72195.7 72307.3 80823.6 127662 54355.5 213150 195848 54385 32082.3 110869 66035.6 149420 138427 31885.5 22805.3 79306.5 24248.2 61215.1 47956.4 22595.6 102281 87663.8 18054.3 39900.6 62542 55866.2 61031.9 75885.1 24068.7 47781.2 92815 53244.5 67045.9 13590.7 185726 33503.5 20401.9 9182.59
internal_count=527874 252855 275019 138352 136667 231608 108749 94572 72394 27918 75254 65593 53139 16671 36468 65958 55098 72360 10321 45931 26147 21247 14177 22212 9672 12454 43085 26429 29640 43767 156354 12168 8014 24389 15022 45144 40719 10860 6087 14444 9954 13906 11726 6801 19378 15786 5339 15160 23291 9518 10787 17428 7690 13765 19050 9152 15475 3330 150483 10044 6182 2792
cat_boundaries=0 1 2 6 10 11 15 16 20 24 27 28 30 31 32 34 37 38 40 44 47 49
cat_threshold=14 1589248 2382628496 83919138 617777218 8448 33564368 2694451392 2761043024 8594 22 138938440 8399222 486769070 2074 22 371205016 8442130 2227308876 8596 2334691968 59281008 8457361 2628 2298511624 75499872 605097010 14 4274295 1024 8496178 1602257 717242368 2184 0 1024 32784 174080 11154071 164864 4196480 2181169216 311560419 2820 2097160 2483577092 2149592064 286630405 132096
is_linear=0
shrinkage=0.05


Tree=38
num_leaves=63
num_cat=14
split_feature=5 12 16 12 5 16 9 17 16 16 9 16 9 17 16 16 5 16 20 16 17 17 4 13 17 20 7 16 16 4 6 0 16 9 16 17 16 6 16 16 2 19 16 0 17 16 16 16 16 17 4 19 17 8 16 16 5 17 13 10 15 16
split_gain=7578.05 1757.8 1528.19 1308.6 1034.71 878.697 2460.71 1131.97 1118.49 962.684 1281.65 808.451 1392.82 787.659 773.306 903.966 628.051 641.558 614.896 614.222 602.617 579.297 565.513 730.242 559.199 556.742 585.89 556.522 517.023 498.118 491.783 471.486 442.988 396.244 521.788 375.838 371.311 367.024 364.995 619.551 360.805 351.883 348.397 348.221 343.748 341.205 481.92 412.922 338.633 337.628 337.226 336.638 331.414 327.332 327.166 325.288 321.949 307.398 303.605 298.484 295.535 285.97
threshold=0.5718253968253969 0.19303311591707803 45.500000000000007 0.12926422868497259 1.0527475075353585 14.500000000000002 0.72734476300244932 0 51.500000000000007 11.500000000000002 0.027692569870483984 8.5000000000000018 0.25053191489361709 1 8.5000000000000018 16.500000000000004 1.3670176931532108 16.500000000000004 2 44.500000000000007 3 4 4.5000000000000009 12.500000000000002 5 6 68.500000000000014 10.500000000000002 39.500000000000007 5.5000000000000009 1.7086079157730554 9.5000000000000018 39.500000000000007 0.06627906976744187 14.500000000000002 7 48.500000000000007 0.90989433610442094 48.500000000000007 42.500000000000007 158.50000000000003 8 15.500000000000002 1.0000000180025095e-35 9 48.500000000000007 49.500000000000007 45.500000000000007 4.5000000000000009 10 549.50000000000011 11 12 1.0897697540554685 49.500000000000007 16.500000000000004 0.39047078842881461 13 38.500000000000007 1.5000000000000002 58.500000000000007 39.500000000000007
decision_type=2 2 2 2 2 2 10 9 2 2 10 2 10 9 2 2 2 2 1 2 9 9 2 2 9 1 2 2 2 2 2 2 2 10 2 9 2 2 2 2 2 9 2 2 9 2 2 2 2 9 2 9 9 2 2 2 2 9 2 2 2 2
left_child=2 5 3 21 41 7 8 9 19 48 -11 -9 27 -12 25 20 17 -8 -6 28 58 -1 -4 36 -25 26 29 -13 -7 -5 35 33 60 -23 53 -20 -24 -15 39 42 55 -3 44 -22 -18 47 -47 61 -2 -44 -21 -39 -31 -35 -40 -36 59 -30 -16 -26 -17 -19
right_child=1 4 22 14 18 6 16 11 -10 10 13 12 -14 37 15 32 38 45 30 50 43 31 23 24 56 -27 -28 -29 57 52 -32 -33 -34 34 40 -37 -38 51 54 -41 -42 -43 49 -45 -46 46 -48 -49 -50 -51 -52 -53 -54 -55 -56 -57 -58 -59 -60 -61 -62 -63
leaf_value=0.0014941003105302224 0.0062345320858956978 0.00071813379939498362 0.0035799017338432218 0.0029937885099604392 -0.0026361344543854729 0.011836757214025649 -0.012738647542220906 0.00081217468845872593 -0.015034416235730839 -0.062804955336845478 0.044488654323050207 -0.016863736222424396 -0.0043150585430448488 0.0015852922308087882 -0.0059610015453746244 0.0050510396126378365 0.0052981765898093653 0.0005816596350034836 -0.011954747716815458 0.01069614447433773 -0.0045375902048155042 0.0040954021551252396 0.010674178922504059 0.0061659563830757961 0.014952751211758984 -0.00057775983834981541 -0.003113424145623767 -0.045998004283285196 0.014408524699272209 0.01538159682574187 -0.015005582544617996 0.0010381709398102838 0.00034428736161661695 0.01118082144695455 -0.0035181600701658594 -0.0061104869007846657 -0.0041510675134841723 -0.012330147216405709 -0.021165923554495217 8.3754690795030348e-05 0.057284561377027476 -0.0043233434653341769 -0.018941680142229661 -0.01250699102943096 -0.01234932551017724 -0.024576617704774345 -0.0045635284282984695 0.004566458843594713 -3.1299467435800068e-06 -0.0092234155676913353 0.002372822450212907 0.015470979392481666 0.0053767136752879453 0.020170862940007632 -0.0070891372637306386 0.0086400201828641023 0.0097904770981568912 -0.0030838827948997116 0.0036188773349944449 0.02406196125953651 0.017146030884386012 -0.005765375929321033
leaf_weight=44359.883925676346 30005.596523523331 53160.431159734726 36030.431460857391 22280.075260162354 41491.536594629288 8254.2624318599701 17028.122075557709 46171.967221260071 7794.1732828617096 570.08819317817688 1835.6544351577759 3662.2302429676056 26740.015889644623 7939.5123534202576 11612.931091308594 28978.372137308121 6129.0992906093597 31382.454198598862 41307.967766046524 39237.645460367203 46137.760342359543 26969.589895486832 6962.168404340744 22509.063498735428 28360.781874656677 36208.738609552383 11992.603781223297 2968.972470998764 2682.0913169384003 27375.351851224899 32076.742602586746 20017.321052074432 74384.358550071716 23343.814246892929 6478.9978654384613 82657.308596372604 10733.691923618317 1141.7043285369873 10516.177606105804 19320.061051368713 355.94107675552368 99191.486193180084 13857.326945066452 19500.77868270874 5002.2038362026215 3713.1286783218384 15827.074704408646 23965.419444799423 79154.867568969727 25407.816273212433 17641.242755889893 21568.962486982346 11917.462164640427 17888.206393718719 6796.4120850563049 36440.354687452316 17710.802049160004 37301.712748289108 28727.216324090958 13175.492372512817 6116.0489609241486 40842.603972434998
leaf_count=18895 7091 12087 29298 17177 11354 1706 3597 11254 1616 153 484 920 6400 1877 4661 17194 1393 6368 13493 9497 30584 20429 1992 8036 14029 20002 1902 746 586 9688 10520 3074 40545 9802 2263 26260 2668 310 2451 5709 55 23349 3654 4327 1258 877 3478 5060 17889 6511 2520 4602 4448 4990 2052 11947 3955 7611 16283 3512 3387 8751
internal_value=5.62206e-05 -0.00288559 0.00423552 0.00296165 -0.00566057 -0.00113447 -0.00275953 0.00130356 0.00323986 0.00397501 0.0114507 -0.00347282 -0.00940236 0.0127557 0.00108278 -0.000657505 -0.00584158 -0.00367749 -0.00804848 0.00459498 -0.00394919 0.0064365 0.00894691 0.0108913 0.0128845 0.00449846 0.00699606 -0.0299129 0.000444681 0.00896624 -0.00948682 0.00810307 0.00252895 0.00937239 0.0110564 -0.00805946 0.00168197 0.0108358 -0.00914272 -0.00752892 0.00722113 -0.00256446 -0.0104473 -0.00690435 -0.00263902 -0.00234417 -0.00836758 -0.0011205 0.0017115 -0.0126607 0.00811472 0.0140743 0.0123526 0.0150815 -0.0156405 0.00680461 0.0154333 -0.00190734 0.000860774 0.0178427 0.00715931 -0.00300756
internal_weight=1.54091e+06 904344 636568 501086 349885 554459 332699 221760 112911 142216 33055.9 79543.2 33371.2 32485.8 325232 215457 219788 132759 197534 105117 105979 175854 135482 99452 81756.1 109774 73565.5 6631.2 48238.1 61572.9 156042 131494 109479 111477 84507.3 123965 17695.9 30650.2 87029.1 69716.5 43275.3 152352 50396.4 65638.5 11131.3 115731 19540.2 96190.5 109160 39265.1 56878.9 22710.7 39292.8 41232 17312.6 42919.4 59247.1 39983.8 40340.1 41536.3 35094.4 72225.1
internal_count=528627 223484 305143 241653 97063 126421 74695 51726 23536 32406 7426 19320 8066 7273 170198 116981 51159 28131 61627 21920 55855 71455 63490 34192 29532 53217 33215 1666 9903 31313 50273 52560 61126 49486 29057 39753 4660 6789 23028 18525 14265 35436 12816 34911 2651 24534 4355 20179 24980 10165 12017 4912 14136 14792 4503 14210 21496 8197 20944 17541 20581 15119
cat_boundaries=0 4 7 8 12 16 20 21 25 26 30 34 35 39 43
cat_threshold=2449482384 2148162562 2777753704 8594 0 2147483648 2112 2 2264924848 1225818114 2176845894 8960 3444085000 352323654 405065882 512 72093712 3456247380 2138547 76 22 2183663944 3222282260 18973160 2072 178186 33563336 32768 79702080 272 67408200 142624516 85141580 320 540800 2248160896 582656 2765106185 8448 0 16777744 258 12
is_linear=0
shrinkage=0.05


Tree=39
num_leaves=63
num_cat=17
split_feature=5 12 5 1 10 8 3 12 10 5 19 19 17 17 12 8 0 17 13 0 17 21 8 0 13 4 0 13 7 17 17 4 3 2 12 19 17 7 10 8 17 1 9 17 21 2 19 9 19 12 8 5 3 4 21 3 5 7 11 4 12 8
split_gain=6754.5 1687.39 1558.59 1994.91 841.901 778.902 650.172 563.611 527.672 513.896 449.61 442.414 413.281 397.446 358.506 335.862 334.417 307.93 304.082 300.847 299.551 294.337 268.003 265.099 259.964 257.647 253.238 237.865 267.536 300.637 236.091 242.798 231.342 222.527 220.951 245.551 215.676 224.87 211.986 200.784 194.593 188.265 183.957 182.367 179.749 176.501 175.345 174.905 171.468 170.293 162.544 157.614 155.307 153.881 153.443 151.12 208.757 167.874 150.707 148.699 141.742 140.07
threshold=0.80044994375703049 0.057162068068412959 0.25087412587412594 1.0000000180025095e-35 2.5000000000000004 1.1987364548895441 305.50000000000006 0.3629840476639688 1.5000000000000002 2.0016920473773268 0 1 2 3 0.3629840476639688 1.0984081270966519 197.50000000000003 4 32.500000000000007 1.0000000180025095e-35 5 6 1.4375905797101451 33.500000000000007 1.5000000000000002 137.50000000000003 1.0000000180025095e-35 3.5000000000000004 40.500000000000007 7 8 2.5000000000000004 75.500000000000014 48.500000000000007 0.10691875141262298 9 10 185.50000000000003 1.5000000000000002 1.0525395656974605 11 2.5000000000000004 0.92863065624259666 12 13 14.500000000000002 14 0.015373871938117749 15 0.39768576089477126 1.0361882311856123 1.598701298701299 24.500000000000004 10.500000000000002 16 7.5000000000000009 0.097960815673730522 8.5000000000000018 0.071603922932236289 137.50000000000003 0.42094888001259773 2.2540322580645165
decision_type=2 2 2 2 2 2 2 2 2 2 9 9 9 9 2 2 2 9 2 2 9 9 2 2 2 2 2 2 2 9 9 2 2 2 2 9 9 2 2 2 9 2 8 9 9 2 9 10 9 2 2 2 2 2 9 2 2 2 2 2 2 2
left_child=2 10 3 14 9 6 8 15 32 13 58 53 24 -3 25 19 22 33 -6 41 -10 27 -11 46 50 30 45 28 29 39 -1 -32 34 -17 35 -4 37 52 -8 -14 -20 -5 -30 -16 -28 -13 -15 -21 -19 -22 -12 -29 -7 -9 -34 -50 57 -57 -2 -51 -48 -24
right_child=1 4 5 7 18 36 38 11 20 16 12 26 21 23 43 17 -18 48 40 47 49 -23 61 -25 -26 -27 44 51 42 -31 31 -33 54 -35 -36 -37 -38 -39 -40 -41 -42 -43 -44 -45 -46 -47 60 -49 55 59 -52 -53 -54 -55 -56 56 -58 -59 -60 -61 -62 -63
leaf_value=0.00013040793237579967 -0.015251914357598553 -0.0016414729765125554 -0.0071484128145076591 0.0094886025781431762 -0.0057457175036554802 0.0017709822220212624 -0.010834938922129483 0.0055207450780209799 0.0077286121470927643 -0.009157763072170198 0.023360970443030898 0.0043086319810939485 0.022560347285440464 -0.0048643459606746214 0.0027345822040326928 0.0050689911693089819 -0.030265432012453998 0.0080291735404267248 0.002342901099193538 -0.018638965545595527 0.0030260201506639639 -0.0057099493330978329 -0.018088401349276133 -0.012404478578516209 0.0018403449048204233 0.022404514349719976 -0.021285693245286147 -0.0005673683259334887 0.006748982119213643 -1.9883761348737472e-05 0.0017700088167654537 0.0072381660462438662 -0.010765432987173732 -0.034940132022051595 -0.0028342386288032072 0.0051552398423323764 0.00037994189001753619 0.001112030278456956 -0.0036894672268592173 0.0076303128934384727 -0.0024276872150201176 0.017180797446377048 -0.0088970675358497984 -0.00096848320397250579 -0.0010430818336434305 0.016663937773556917 -0.006593052286681474 0.0035162178640914033 0.0087900838866371966 0.0017675230926707413 0.0056263608663721819 -0.0050782147306680939 0.007864144605122839 0.015026117223689961 -0.0033253280524665994 0.019135522467595856 0.014098528033683952 0.030119184731724698 -0.045224468057128958 -0.0055285551859115181 -0.011286779558561277 -0.045889535819878355
leaf_weight=30194.773985385895 1515.0207886695862 45531.179021120071 4882.3391509056091 46722.477030515671 40824.094751596451 12887.311053037643 13010.874025821686 6096.7558686733246 25184.004467725754 64097.070030212402 2277.5195214748383 41117.957438230515 3520.4641094207764 101371.67151880264 55288.517008543015 2024.1252472400665 2112.258761882782 5026.8163044452667 35401.955102920532 992.54526329040527 61701.057274103165 36135.823308467865 5105.1572487354279 19230.626717090607 81846.611571550369 1920.1942343711853 1229.303083896637 78021.749521017075 2813.9668292999268 8123.9183759689331 31838.679326057434 56019.301607608795 9236.3443007469177 418.5406174659729 35997.305481433868 23708.908055782318 30172.16205739975 24252.142775535583 51323.308862686157 6250.9876012802124 53917.815224647522 9588.3135998249054 5647.5557475090027 83368.083185434341 9502.2362008094788 3108.3130631446838 51551.228595733643 8615.3017640113831 3796.2403719425201 14803.379679441452 2986.1792299747467 25757.342649459839 55491.645917654037 14127.846184492111 27805.13840508461 9132.575213432312 10492.818962097168 5629.709255695343 579.97511577606201 13218.287180662155 23383.702271699905 496.83897304534912
leaf_count=22376 433 11967 1370 21285 7413 3998 2075 3065 5833 24524 1048 18001 1430 29695 42999 632 296 1454 6826 207 14345 10064 1893 3045 17183 783 243 15643 492 2870 27852 36230 1869 71 10420 6516 6264 3275 7813 1695 10087 2921 977 65689 1968 748 15107 1855 1522 3990 802 7967 11397 4529 5560 3053 2151 1390 184 2724 7495 168
internal_value=-5.12573e-05 -0.00368425 0.00297002 0.00504189 -0.00555044 0.000730948 -0.000721324 0.00912181 0.000589932 -0.0069562 -0.000448073 0.00583403 -0.00025682 -0.00585018 0.00223985 0.0115347 -0.0106689 0.0153812 -0.00217083 0.00940343 0.00291118 -0.0017184 -0.0100746 -0.00682974 0.00253283 0.00424111 0.00350483 -0.000609642 0.00363196 0.00709576 0.00394549 0.00525602 -0.00203457 -0.00179057 -0.000227987 0.00305335 0.00405251 0.00524813 -0.00513471 0.0129978 -0.000536866 0.0107987 -0.00369363 0.000508229 -0.00338445 0.00517735 -0.00622199 0.00122576 0.0166077 0.00155789 0.0133028 -0.00168697 0.00671582 0.0121551 -0.00518457 0.0180885 0.0194929 0.023326 -0.0234552 -0.00167423 -0.0080568 -0.0205618
internal_weight=1.53843e+06 698501 839926 436251 443024 403674 280871 177622 216537 312880 255477 75182.4 253382 241068 258630 102439 71811.3 36520.8 130144 65918.6 114907 166272 69699.1 195537 87110.3 119973 54957.8 130136 26356.9 17895.4 118053 87858 101630 2442.67 64588.6 28591.2 122803 92631.1 64334.2 9771.45 89319.8 56310.8 8461.52 138657 10731.5 44226.3 176307 9607.85 34078.2 89722.7 5263.7 103779 68379 20224.6 37041.5 29051.3 25255.1 14762.3 2095 28021.7 74934.9 5602
internal_count=527777 179304 348473 261024 118516 87449 62515 65095 52627 94190 60788 28554 60171 67309 195929 36541 26881 10273 24326 26268 26892 41138 26585 55342 19033 87241 20960 31074 7464 5995 86458 64082 25735 703 18306 7886 24934 18670 9888 3125 16913 24206 1469 108688 2211 18749 52297 2062 9570 21059 1850 23610 15395 7594 7429 8116 6594 4443 617 6714 22602 2061
cat_boundaries=0 1 2 6 10 13 17 19 22 26 27 31 35 39 41 42 43 45
cat_threshold=16384 100362 2432705728 2147487890 98568686 8984 335569026 2987004290 9439236 9165 150994952 67109444 163858 67383448 545390848 9504845 8466 34190191 33920 34079496 559104 536880128 3439857976 655362566 270831631 38 1632304 35922584 1090538512 2764057669 8584 168036048 67142624 277023042 256 39846528 3222800450 616696012 8548 4341888 1024 211274 1597968 1930480484 2048
is_linear=0
shrinkage=0.05


Tree=40
num_leaves=63
num_cat=17
split_feature=5 16 12 16 16 17 16 5 20 3 8 16 4 4 17 17 10 21 17 4 5 10 20 13 4 8 12 17 4 5 4 13 0 16 17 5 13 16 16 11 16 16 16 16 17 8 17 17 11 17 8 16 5 2 19 16 16 8 17 17 13 17
split_gain=6189.99 1577.81 1553.27 1133.06 1413.68 1473.76 1106.56 799.511 698.601 1055.5 696.211 625.4 570.672 520.357 487.316 459.754 458.333 449.319 403.506 401.76 721.343 379.628 377.446 517.7 376.306 372.469 369.763 361.063 357.484 673.111 706.763 350.513 325.026 324.289 317.614 304.27 310.127 303.465 301.482 294.249 287.372 364.455 452.345 741.682 283.789 283.341 279.683 272.782 262.388 257.706 250.167 246.23 244.41 315.06 233.49 232.746 422.019 255.43 228.668 224.51 220.457 219.015
threshold=0.80044994375703049 45.500000000000007 0.057162068068412959 8.5000000000000018 16.500000000000004 0 39.500000000000007 2.0016920473773268 1 144.50000000000003 1.2400142450142453 51.500000000000007 4.5000000000000009 67.500000000000014 2 3 2.5000000000000004 4 5 2.5000000000000004 0.4005420054200543 1.5000000000000002 6 1.5000000000000002 312.50000000000006 1.1000945179584123 0.22511880985130442 7 11.500000000000002 0.14337101747173692 91.500000000000014 16.500000000000004 2.5000000000000004 15.500000000000002 8 0.25087412587412594 46.500000000000007 10.500000000000002 28.500000000000004 0.067779660845796272 51.500000000000007 44.500000000000007 10.500000000000002 12.500000000000002 9 1.1034952550972472 10 11 0.0079344436727336511 12 2.0119047619047623 4.5000000000000009 0.22271825396825398 3.5000000000000004 13 48.500000000000007 49.500000000000007 1.0834002140181918 14 15 33.500000000000007 16
decision_type=2 2 2 2 2 9 2 2 1 2 2 2 2 2 9 9 2 9 9 2 2 2 1 2 2 2 2 9 2 2 2 2 2 2 9 2 2 2 2 2 2 2 2 2 9 2 9 9 2 9 2 2 2 2 9 2 2 2 9 9 2 9
left_child=1 3 17 8 5 10 28 16 9 12 18 19 -1 -7 -14 -8 27 22 -5 -3 21 61 23 32 26 33 -20 -4 -6 30 -30 -13 -2 37 -10 36 -16 -15 59 -34 41 42 58 -44 -12 -26 -24 -33 -27 -22 -9 -25 53 -17 -23 -43 57 -57 -29 -31 -18 -21
right_child=2 11 7 4 6 13 15 50 34 -11 44 31 14 25 35 52 60 -19 24 20 49 54 46 51 45 48 -28 40 29 38 -32 47 39 -35 -36 -37 -38 -39 -40 -41 -42 55 43 -45 -46 -47 -48 -49 -50 -51 -52 -53 -54 -55 -56 56 -58 -59 -60 -61 -62 -63
leaf_value=0.0031094328312813039 0.03444943795520377 0.0017811217187084704 -0.0013962759791623291 0.011498445030910829 0.0024379151273915961 -0.0036128489111883679 0.011963011109657529 -0.009329848923763635 -0.0034258173277212445 0.00038427851005060483 0.035888472113480556 -0.010974136168798191 0.0037592813505385528 -0.0061476373585642929 0.024149821310594288 -1.2914222965452435e-05 -0.0048161379889010633 -0.0048440808684454446 0.0047275415390307454 0.0044372984448401665 0.010335487536638762 0.012551335804496661 0.00015266256203347252 0.0072113592861531963 -0.023335262785231316 -0.026086374969418298 -0.002892223118790619 -0.0022390947211576051 0.012328581779925988 0.0081370692182283714 0.035681684748620456 0.013965365877831933 0.012925902004196336 0.0020912026709823603 0.0034929088467141414 0.010939534564918887 0.013020541241241393 -0.020024683505188153 0.011895044545644176 -0.015841743526882848 -0.015139200305558499 0.0017214486079541133 -0.021373372895714587 -0.0077034921308326149 0.009133724099455948 -0.0047402988601173996 -0.006954320078454721 -0.00050160446110091039 -0.0044951758878732572 0.0034533305338929096 -0.040363771100999313 0.00048889320807002335 -0.0021071348380612225 0.0074919296492447609 0.023303059501513651 -0.0045032325852536878 0.00083082335776322189 -0.019931925136032272 -0.0084308221083215003 -0.00093063093509968627 -0.00014738657792259341 0.01217308302569196
leaf_weight=23272.927032470703 1521.3019642829895 21254.865153312683 45165.608505249023 6811.5790064334869 24214.110085248947 63014.47679567337 8290.5459427833557 84526.862989664078 27106.094737291336 42171.015543460846 1045.8447065353394 5994.9432954788208 13979.783408403397 5143.5023720264435 11920.645426988602 53409.553442001343 36883.897601604462 45119.11584687233 26483.037274837494 12041.506778001785 19067.262387990952 9425.1469383239746 33062.125868320465 15235.766890048981 2947.0998945236206 1506.5426292419434 39918.91250371933 46149.390060424805 14730.344951629639 12146.573890447617 4153.1909062862396 4292.3289105892181 6897.1848819255829 2539.3984291553497 42710.64440369606 31776.862030267715 13190.700597286224 16846.652361631393 14747.981835603714 1019.5029544830322 8891.9572465419769 21644.889885902405 11810.895826816559 62057.985248804092 16849.988327503204 6716.6793127059937 23807.382779359818 13423.023148536682 21139.15430355072 47539.043534755707 653.49968671798706 128490.226552248 76065.303115844727 18944.146473407745 11139.306561231613 5038.1743402481079 12306.533416509628 5738.3739159107208 22037.631705284119 15567.793351411819 80399.9909927845 38632.826668024063
leaf_count=18196 819 18281 11849 3675 18710 37117 3813 29224 13313 6999 300 1641 4818 1193 5012 39275 6692 12231 11490 6408 4077 2381 8998 3339 567 302 21711 13231 7558 2441 1414 1860 1889 785 20811 8148 6358 3945 3209 298 2336 6471 3381 17682 4196 1100 7613 5886 3914 10063 207 25458 16351 5786 2976 1548 3419 1282 6127 3174 15077 19944
internal_value=5.44467e-05 0.00294071 -0.00342568 0.00180115 0.000403347 -0.00258913 0.00300913 -0.00521452 0.00487459 0.00695755 0.00178093 0.00705085 0.00990279 -0.00658529 0.0121336 0.000512253 -0.00417892 -0.000317723 -0.000150128 0.00817981 0.00916643 0.0126638 0.000654841 0.00194638 -0.00119473 -0.010557 0.000146787 -0.00542716 0.00758229 0.00961278 0.0174664 -0.000524699 0.0132897 -0.0148257 0.000806622 0.0141883 0.0183045 -0.0167793 0.00611984 0.0092197 -0.00635715 -0.00593934 -0.00717865 -0.00988943 0.0107244 -0.0104129 -0.00282332 0.00301185 -0.00593265 0.00542567 -0.00956841 0.00120156 -0.000128249 0.00195213 0.0183936 -0.00200321 -0.00549573 -0.0127199 -0.00424188 0.00304629 -0.00161566 0.0103383
internal_weight=1.54063e+06 842171 698458 659361 453232 210963 242270 443306 206129 136312 100773 182810 94140.9 110190 70868 156710 358125 255153 82877.3 159100 137845 71238.8 210033 153164 76065.7 47175.3 66401.9 240841 85560 61345.9 18883.5 23710.3 9437.99 24529.6 69816.7 56888.2 25111.3 21990.2 42462.3 7916.69 195676 186784 142056 73868.9 17895.8 9663.78 56869.5 17715.4 22645.7 66606.3 85180.4 143726 148419 72353.7 20564.5 44728 23083.1 10776.5 68187 27714.4 117284 50674.3
internal_count=528369 349198 179171 275681 192026 90295 101731 118526 83655 49531 43039 73517 42532 47256 24336 65225 89095 60645 38543 64130 45849 31709 48414 31803 34868 10139 33201 67326 36506 17796 8972 9387 3006 5923 34124 19518 11370 5138 8824 2187 55477 53141 40421 21063 4496 1667 16611 7746 4216 14140 29431 28797 61412 45061 5357 12720 6249 2830 19358 5615 21769 26352
cat_boundaries=0 4 5 9 13 15 19 20 24 27 30 34 38 42 43 46 50 54
cat_threshold=2181300912 3389166594 2245077060 9090 6 153649496 360710704 167952 534 20973600 1686241808 402686224 70 5315071 164866 128 131074 16779328 8706 6 67133570 839520642 277874688 9165 1174409312 68158004 941925634 0 0 2048 34120224 2483725072 211946766 272 2214593152 557056 80873472 256 136328600 25166112 76744768 272 1972401 2181071376 2239808544 2755863623 134226888 2147493888 2163344384 28 1162612736 1308632898 20021696 66
is_linear=0
shrinkage=0.05


Tree=41
num_leaves=63
num_cat=1
split_feature=5 16 12 16 16 9 16 5 7 9 12 16 16 6 16 16 9 16 13 12 6 16 9 16 9 13 6 6 15 4 5 16 16 9 13 9 7 10 6 13 9 9 8 21 6 16 4 16 6 16 16 16 16 16 16 16 9 13 16 3 16 14
split_gain=5603.66 1517.29 1337.11 1207.49 1384.65 1757.04 1248.23 1168.54 851.012 801.031 763.138 901.151 665.247 656.712 621.718 619.857 1388.35 619.098 609.316 538.939 524.303 491.545 1194.79 613.859 776.902 464.902 461.328 455.983 445.575 379.666 711.498 378.265 611.372 398.829 376.22 477.343 370.232 368.3 360.458 359.497 346.354 344.443 331.437 330.211 322.077 643.709 600.663 316.927 316.244 307.995 334.648 306.87 713.18 300.126 285.798 762.962 284.774 283.549 282.648 306.91 278.786 276.447
threshold=0.88861920172599795 44.500000000000007 0.10114974968372455 9.5000000000000018 16.500000000000004 0.47879832184596949 39.500000000000007 1.0000000180025095e-35 63.500000000000007 0.075093984962406032 0.051073907021007232 14.500000000000002 15.500000000000002 1.4826721883173499 11.500000000000002 14.500000000000002 0.7667152575315842 51.500000000000007 38.500000000000007 0.10002856334568651 1.5294421801812763 11.500000000000002 0.015373871938117749 8.5000000000000018 0.3335334133653462 28.500000000000004 2.5004244482173177 1.1734443370306302 49.500000000000007 2.5000000000000004 0.4005420054200543 10.500000000000002 12.500000000000002 0.30016501650165023 23.500000000000004 0.31709514392441224 119.50000000000001 1.5000000000000002 1.2860424414788889 19.500000000000004 0.13832872076010508 0.78720676486633945 1.1531894798023832 0 0.70594324686396315 28.500000000000004 34.500000000000007 48.500000000000007 0.09441390580894371 51.500000000000007 44.500000000000007 42.500000000000007 48.500000000000007 39.500000000000007 39.500000000000007 28.500000000000004 0.98833591829700784 17.500000000000004 28.500000000000004 59.500000000000007 49.500000000000007 1.0000000180025095e-35
decision_type=2 2 2 2 2 8 2 2 2 10 2 2 2 2 2 2 10 2 2 2 2 2 10 2 10 2 2 2 2 2 2 2 2 10 2 10 2 2 2 2 10 10 2 9 2 2 2 2 2 2 2 2 2 2 2 2 10 2 2 2 2 2
left_child=1 3 15 8 5 7 28 12 19 14 11 56 61 25 -9 21 26 29 -12 -1 34 23 -23 -2 -25 -4 49 -11 44 -3 37 40 33 -33 -21 -36 -16 -31 -24 -19 -27 -32 -20 -40 46 -46 -6 -15 58 50 53 54 -53 -17 55 -18 -7 -43 59 -48 -34 -5
right_child=2 17 13 4 6 10 -8 9 -10 27 18 -13 -14 47 36 16 51 39 42 20 -22 22 38 24 -26 31 -28 -29 -30 30 41 32 60 -35 35 -37 -38 -39 43 -41 -42 57 -44 -45 45 -47 48 -49 -50 -51 -52 52 -54 -55 -56 -57 -58 -59 -60 -61 -62 -63
leaf_value=0.010138998493605566 0.0023739314325108146 0.0014418881077274022 -0.0081788790469937526 -0.0079545890173200531 0.0021777645413725622 0.0042009827188221197 -0.00046832011134760842 -0.018791376531245876 -0.0010963951705382912 -0.020774654927514277 -0.007419431653868081 -0.0082622256435035974 0.048902788144893496 -0.00797666672328976 -0.044744274670288027 0.0097720634051394056 -0.0085750233031317881 -0.010013421040114087 -0.0019565824366782124 -0.00032088126044179066 -0.002817723181916483 -0.059768518121005768 0.0018254014515723478 -0.020104452096102905 -0.0018789303437467123 -0.0095814177428718891 0.0098738183356139493 0.0030673793019318461 0.014727703384234434 0.0093362578821136136 0.0086458736168175763 -0.039816364493589128 -0.0047092246196473037 -0.012112135840410085 0.0030642096411326982 0.010186163029174758 -0.08853100958042491 0.016871895521021918 0.01753416988338765 0.0028832556711241115 0.0015552580948294391 -0.0029004746931980633 0.006367520136384518 0.00069365596888349313 -0.0022529731845298633 0.012648546866096315 0.026738432313735062 -0.01535475116845969 0.012042987681573157 -0.019204849994928108 0.0051551146542113783 0.00058406028108067985 -0.012341440061832883 -0.0059596085390903261 -0.013283298379480203 0.0099366298213176465 0.013509580494794627 0.0049641793904646216 0.0045074058453624041 0.069063752299510062 0.0026992135096521354 0.017896677182507641
leaf_weight=52326.819928884506 74305.266771316528 24943.343972682953 61255.367565155029 17721.785034894943 19232.739959001541 16992.600289583206 144063.82531785965 2284.1827228069305 58077.588953495026 8757.6193652153015 48233.828940153122 10270.955480098724 558.00963735580444 66603.847723960876 2551.6249125003815 3630.2072138786316 46257.646373033524 7853.1282846927643 53235.058375835419 22245.640191078186 22412.312701940536 649.28418016433716 10986.473094463348 7326.6520240306854 28942.147345542908 8052.6820936203003 16944.490678548813 2600.6123023033142 15525.416839361191 58392.401038885117 36082.536304950714 1485.1552181243896 80826.428309202194 10338.953941345215 43628.91450548172 51066.20684337616 596.58584022521973 22450.972674608231 12338.493743419647 17317.50746011734 52440.966730356216 17478.669313430786 15421.488123178482 3820.8830828666687 25536.119212865829 10117.79807305336 1337.3306238651276 18626.841797590256 17740.632144451141 1944.7724282741547 24233.076218366623 35897.381008148193 15185.835707426071 18365.468560695648 20702.364805698395 6326.6289103031158 15909.427667856216 33282.115961313248 764.60307717323303 630.84651756286621 15064.904903650284 1097.3167462348938
leaf_count=21766 18299 21460 16156 7771 16188 5721 56699 550 9237 1839 17936 4309 271 20142 600 748 10474 2141 32446 8168 8825 219 2708 1816 6687 2635 4055 531 5848 30767 7118 510 24289 2854 31911 17802 92 5921 2887 7521 14532 3552 3791 1045 6422 2906 1002 5066 4405 418 5216 9259 4072 3764 5204 1638 5593 7521 381 273 4313 414
internal_value=5.20935e-05 0.00260128 -0.00351345 0.00143939 -0.000163078 -0.00326344 0.00242637 -0.0132165 0.00420587 -0.0228709 -0.0010144 0.00466632 -0.00485001 -0.00584152 -0.0386613 -0.00127883 -0.00313664 0.00623381 -0.00311257 0.00581241 0.00418773 0.00126533 0.00720914 -0.000228827 -0.00556112 -0.00444945 0.00277807 -0.0153159 0.00701473 0.00719743 0.00805355 -0.00309129 -0.00486816 -0.015595 0.00553037 0.00690493 -0.0530673 0.0114292 0.00881328 -0.00114069 7.26527e-05 0.00491106 -8.67746e-05 0.0135638 0.00542556 0.00197599 0.00852295 -0.00958928 0.0144832 0.00028207 0.00110225 -0.00623348 -0.00325855 -0.0033629 -0.00830703 -0.00634766 0.00870233 0.00225611 0.0303146 0.0403329 -0.00354531 -0.00644637
internal_weight=1.54129e+06 898739 642552 680938 431180 196231 234949 36167.7 249757 16790.6 160063 43173 19377.1 314695 5432.39 327857 189488 217801 116890 191680 139353 138369 27795.1 110574 36268.8 229464 65118 11358.2 90885.5 192630 167687 168209 107715 11824.1 116941 94695.1 3148.21 80843.4 27145.8 25170.6 60493.6 86843.3 68656.5 16159.4 75360.1 35653.9 39706.2 85230.7 20473.4 48173.5 46228.8 124370 51083.2 21995.7 73286.6 52584.3 32902 50760.8 2732.78 1968.18 95891.3 18819.1
internal_count=528704 359698 169006 273697 175988 81864 94124 12068 97709 3612 69796 15623 8456 90497 1242 78509 44848 86001 54173 88472 66706 33661 6859 26802 8503 65289 14201 2370 37425 76339 54879 49133 31966 3364 57881 49713 692 36688 6640 9662 17167 18191 36237 3932 31577 9328 22249 25208 6061 10146 9728 30647 13331 4512 17316 12112 11314 11073 1656 1275 28602 8185
cat_boundaries=0 2
cat_threshold=538018279 32768
is_linear=0
shrinkage=0.05


Tree=42
num_leaves=63
num_cat=14
split_feature=0 3 10 12 12 0 19 1 1 15 19 17 0 13 17 6 16 16 16 16 3 17 13 17 10 9 16 17 21 16 16 0 12 16 16 9 16 9 16 17 0 8 16 17 6 16 9 0 9 13 16 9 17 3 15 21 6 21 21 9 16 13
split_gain=4424.97 2165.42 1823.02 778.022 699.016 684.156 605.199 578.057 565.061 553.89 515.916 504.012 489.909 440.241 414.472 411.476 398.136 471.608 378.699 898.511 444.948 375.816 369.463 353.742 343.581 316.963 472.264 303.323 278.105 277.159 276.72 275.227 274.582 269.818 489.008 1028.25 515.881 492.719 283.664 260.301 259.838 252.017 246.625 239.375 338.098 238.239 237.815 234.693 231.176 575.22 226.337 271.978 224.578 211.691 208.548 208.354 204.526 203.15 201.614 196.914 252.739 192.735
threshold=1.0000000180025095e-35 12.500000000000002 1.5000000000000002 0.35577007333200317 0.20063512586071544 133.50000000000003 0 1.0000000180025095e-35 3.5000000000000004 54.500000000000007 1 2 22.500000000000004 3.5000000000000004 3 2.3456596035543407 14.500000000000002 44.500000000000007 15.500000000000002 10.500000000000002 193.50000000000003 4 10.500000000000002 5 3.5000000000000004 0.14302761677463352 10.500000000000002 6 7 12.500000000000002 47.500000000000007 16.500000000000004 0.086269858686867887 8.5000000000000018 16.500000000000004 0.13832872076010508 14.500000000000002 0.89900059921246378 11.500000000000002 8 3.5000000000000004 1.0375469924812033 45.500000000000007 9 1.8010791366906476 51.500000000000007 0.55563197310102408 1.5000000000000002 0.027692569870483984 75.500000000000014 51.500000000000007 0.79991181657848343 10 6.5000000000000009 75.500000000000014 11 0.037118878197673046 12 13 0.84622507122507129 51.500000000000007 52.500000000000007
decision_type=2 2 2 2 2 2 9 2 2 2 9 9 2 2 9 2 2 2 2 2 2 9 2 9 2 10 2 9 9 2 2 2 2 2 2 10 2 10 2 9 2 2 2 9 2 2 10 2 10 2 2 10 9 2 2 9 2 9 9 10 2 2
left_child=1 7 4 5 6 9 -2 30 18 11 31 16 13 14 28 23 22 57 19 -3 52 -14 29 -6 -7 26 -24 54 -8 -4 -1 -5 -9 -13 35 38 37 -37 -35 -11 -36 -30 48 -12 -45 -44 -21 53 49 -41 51 -42 56 -25 -15 -29 -20 -18 -23 60 -19 -50
right_child=2 8 3 10 15 24 12 32 -10 39 43 33 21 27 -16 -17 17 59 20 46 -22 58 25 47 -26 -27 -28 55 41 -31 -32 -33 -34 34 40 36 -38 -39 -40 42 50 -43 45 44 -46 -47 -48 -49 61 -51 -52 -53 -54 -55 -56 -57 -58 -59 -60 -61 -62 -63
leaf_value=0.0007388226881546835 -0.0100040370388568 0.014137464411107081 0.0089478652181293333 0.0038571168168531306 -0.013235321436457684 -0.0085565717026880646 -0.00095683708215592777 0.010743065267550188 0.020837196569423982 0.014322745913768892 -0.0070550284554265555 0.0026380655773957738 -0.00026750931259102644 -0.0061590970300712533 -0.0034305520826378544 -0.013770002721985704 -0.0078969692710535357 0.010891648487376678 0.045444919538310202 -0.0097828311058348258 0.07604609419616877 -0.0071283550757508685 -0.0016161493749858348 -0.006108149803810462 -0.0010610636291663925 0.0045495864569726858 -0.052631551928343068 -0.0058618415168925552 0.021010705363370626 0.024712203106343644 0.0055784223601663442 -0.0041167288482060757 0.0044653219874972866 -0.023040956925787351 0.0050415735007349914 -0.007027670814944491 -0.014353217228933022 0.0063320289930285743 -0.054517388500110543 -0.0015917620903753455 0.0027014010246165583 0.0073818206064755996 0.011730801733946167 -0.001297415428192515 -0.012994365960623817 -0.0065345850800094226 0.0029880505477492356 -0.0063293387745288355 0.012334312628256686 -0.058820882221957485 -0.011807997423409725 -0.0035851061282589549 0.010436387493030528 1.5596041171906658e-05 0.010400021243482979 0.0003211317018802758 0.017634587005847035 -0.0005444538631085566 -0.016451302883766283 0.0017660113896767399 -0.0068039131018306142 0.0029389099806140222
leaf_weight=201630.54865503311 23641.211580514908 16287.568563938141 14150.270058631897 34967.901012420654 13850.943859577179 22856.313568115234 4702.9002540111542 24247.347086191177 14822.231223583221 7333.6310725212097 55019.834646701813 39615.040338039398 17281.01228427887 37886.721605300903 9154.2584254741669 16698.515727043152 11736.19496679306 16539.817691326141 714.94199872016907 6787.3049073219299 284.14451050758362 23135.211354255676 1919.0077486038208 23268.422652006149 46171.937347412109 46879.741174936295 593.12171220779419 15335.152337551117 5860.2922623157501 3472.1906411647797 34605.262726306915 15670.538308143616 61850.301311731339 2041.247971534729 19620.743955135345 15020.479869842529 9562.8016345500946 12766.512927055359 1103.7821402549744 3997.0462012290955 31857.166839122772 8055.4396300315857 15947.645528078079 57254.324812889099 6924.124237537384 2009.6084649562836 7872.6012213230133 105477.0242202282 6064.3227119445801 492.26989030838013 4904.0496053695679 37405.38422369957 21350.180052757263 35863.256303310394 2000.9691557884216 121503.97608733177 8718.7042727470398 46941.627481460571 7765.272234916687 21969.675439834595 2297.4979493618011 54569.856277942657
leaf_count=159369 7184 6009 2827 8599 4476 3059 1635 11125 4006 1469 12184 8702 2832 11040 3354 6308 2663 3314 621 2365 108 3882 414 11696 5729 10042 123 4689 2425 703 26932 2672 29045 452 5624 3123 2076 2862 226 822 6089 2255 2996 13195 1519 368 2734 27418 1230 94 958 7322 8341 12818 554 34382 3123 9430 1362 4706 451 10594
internal_value=-7.06523e-06 0.00452411 -0.00159205 8.47936e-05 -0.00397379 0.00107822 -0.00235582 0.00272607 0.0120668 0.00181868 -0.0028389 0.000894689 -0.00163974 -0.000571144 0.00528081 -0.00626463 0.00286083 0.000854269 0.00997024 0.00605513 0.0138699 -0.00617548 0.00584 -0.00556228 -0.00354303 0.00362229 -0.0136772 -0.00149081 0.00956061 0.0120552 0.00144778 0.00138923 0.0062334 -0.000987918 -0.00205772 -0.00664953 -0.00433707 -0.000889656 -0.0341018 0.00529732 -7.50469e-05 0.013113 0.00449821 -0.00463484 -0.00255917 0.00968646 -0.00292493 -0.00491545 0.00306815 -0.00787885 -0.0014287 -0.000693643 0.0132935 -0.00239417 -0.00532683 -0.000372191 0.0197259 -0.00201658 -0.00947623 0.00498232 0.00873316 0.00387878
internal_weight=1.54033e+06 399171 1.14116e+06 669676 471481 499839 276322 322333 76837.7 430811 169837 340396 252681 204500 27772.9 195158 166499 99484.8 62015.4 30947.5 31068 48181.5 67014.3 178460 69028.3 49391.9 2512.13 176727 18618.6 17622.5 236236 50638.4 86097.6 173897 134282 40494.8 37349.8 27787 3145.03 90414.4 93787.3 13915.7 83080.7 119198 64178.4 17957.3 14659.9 164609 65123.5 4489.32 74166.6 69262.6 30783.8 59131.7 39887.7 136839 9433.65 58677.8 30900.5 40807 18837.3 60634.2
internal_count=528725 253778 274947 136637 138310 98468 75594 226471 27307 89680 38169 72107 68410 60334 9669 62716 34673 20564 23301 11108 12193 8076 14109 56408 8788 10579 537 50665 6315 3530 186301 11271 40170 37434 28732 8739 8061 5985 678 17573 19993 4680 16104 26898 14714 3364 5099 51932 12740 916 14369 13411 12085 24514 11594 39071 3744 12093 5244 8471 3765 11824
cat_boundaries=0 1 2 6 10 14 18 22 24 28 32 36 38 39 41
cat_threshold=1589248 34826 35922840 1895843858 96479660 8592 2317887360 17336320 2761960776 280 2107072 17302528 14811136 268 524296 33568116 33164 2586 2237717376 1225263940 276923537 192 1509032832 98560 2097152 2147631376 268503136 128 103293768 2559060500 2098476 28 2147755712 92832048 2161115280 8216 153259528 15144 280625700 1816711 256
is_linear=0
shrinkage=0.05


Tree=43
num_leaves=63
num_cat=17
split_feature=5 20 12 12 15 19 3 19 13 3 6 12 19 10 5 5 15 0 8 20 5 3 20 15 0 10 20 15 13 13 0 20 13 10 19 3 13 20 5 0 12 12 0 3 19 10 21 13 21 3 10 21 8 20 13 20 13 1 10 0 7 19
split_gain=4900.86 1250.56 1072.68 1060.92 670.037 655.18 653.127 567.154 536.502 493.327 481.862 480.678 427.22 409.884 406.455 367.695 360.449 356.556 417.816 384.947 368.011 327.974 335.991 314.87 342.208 319.524 303.806 285.17 262.007 253.819 252.775 239.686 253.542 237.963 236.48 271.424 374.746 232.281 226.861 223.843 217.079 208.278 193.874 192.351 191.969 191.344 187.474 185.755 185.147 184.742 183.28 183.117 179.803 178.619 176.849 173.724 196.33 172.826 171.741 191.052 167.094 166.621
threshold=0.52960654460459688 0 0.4751187549868649 0.17694703393793773 13.500000000000002 1 5.5000000000000009 2 24.500000000000004 325.50000000000006 1.4826721883173499 0.33640914566394936 3 1.5000000000000002 0.097960815673730522 3.4111455108359139 206.50000000000003 11.500000000000002 1.1089426250317342 4 0.20550527903469082 91.500000000000014 5 13.500000000000002 1.5000000000000002 1.5000000000000002 6 15.500000000000002 8.5000000000000018 73.500000000000014 1.5000000000000002 7 1.5000000000000002 1.5000000000000002 8 36.500000000000007 11.500000000000002 9 0.90201131999191442 1.5000000000000002 0.11301562177235637 0.42717915057497269 218.50000000000003 19.500000000000004 10 1.5000000000000002 11 81.500000000000014 12 3.5000000000000004 2.5000000000000004 13 1.050083612040134 14 77.500000000000014 15 14.500000000000002 1.0000000180025095e-35 2.5000000000000004 37.500000000000007 146.50000000000003 16
decision_type=2 1 2 2 2 9 2 9 2 2 2 2 9 2 2 2 2 2 2 1 2 2 1 2 2 2 1 2 2 2 2 1 2 2 9 2 2 1 2 2 2 2 2 2 9 2 9 2 9 2 2 9 2 1 2 1 2 2 2 2 2 9
left_child=2 11 4 5 7 27 -6 30 42 13 12 23 38 31 43 55 45 18 -9 20 -20 22 33 24 28 52 -12 34 61 41 40 51 -33 -4 37 36 46 -3 -10 -13 57 -14 53 -8 -28 -11 -36 54 -27 -34 -37 -7 -26 -5 -45 56 58 -1 59 -15 -29 -2
right_child=1 3 21 8 6 9 14 17 10 16 26 39 29 15 -16 -17 -18 -19 19 -21 -22 -23 -24 -25 25 48 44 60 -30 -31 -32 32 49 -35 35 50 -38 -39 -40 -41 -42 -43 -44 47 -46 -47 -48 -49 -50 -51 -52 -53 -54 -55 -56 -57 -58 -59 -60 -61 -62 -63
leaf_value=0.0022342151586543179 -0.0025175309018273476 0.00079660759796328301 0.0015175944103266532 -0.016391063013319388 0.0032661328489997431 -0.012891093360212338 0.014058177980022339 0.0048551348616579859 0.0028564656162387821 -0.0088306077841747623 -0.00069720132256838275 -0.0079768330446987109 -0.0010382474180595728 0.011193116649150946 0.0086682035954311013 0.020867477508103388 0.0037373214040472228 -0.00079771172652695415 0.019236926980628805 0.0033981459384236179 0.0089748646641886805 -0.0061961446873381072 -0.00268759255308587 0.00088405543587444376 -0.009348817363668915 0.0062151797417432523 0.0079937088800638833 0.0048620043141310888 -0.0054336819107485418 -0.013347653274275487 -0.001951913515485956 0.014808468678465385 -0.013983484597352545 0.0080993089652280064 -0.0010999261370401949 -0.0054507849630531331 -0.0034993906189193626 -0.011432017774650445 -0.0014164228186078684 -0.017529509472092333 0.00039161188396799303 -0.0063028214415369035 -0.020725772607647047 0.025813016269664285 -0.0094109098398449456 -0.0018936955664340047 0.0090094809074707464 0.055005966005425982 -0.0071654120431676703 0.0019163646617627286 -0.00057500360176549511 -0.0016036715272745392 -0.019474766580636238 -0.0064024586288471755 0.0062239081501435029 0.00079391968142178805 0.004003548555043009 0.0074851244115966822 0.017866681220333767 0.00056628408345134101 -0.0033588897260893313 0.01260982214575096
leaf_weight=32189.641486883163 3134.8233041763306 5254.1261694431305 95122.381730794907 4860.934654712677 32123.094987392426 4287.5921013355255 14029.485767602921 114070.26644849777 48573.607845067978 11512.577375888824 15793.930221796036 11192.652365446091 38898.319648742676 11785.872241973877 31593.449995517731 3625.9552750587463 27651.996765136719 18412.759430408478 14458.9814016819 14509.540826797485 22080.750828027725 17617.747007608414 44150.374894380569 16522.385461091995 8905.6659705638885 2776.9600806236267 1639.7101504802704 19392.513319969177 13299.200993299484 7296.730961561203 36659.715265750885 3757.0726056098938 1883.0272908210754 16049.602045059204 6852.5856420993805 64888.215774059296 24100.445941925049 14924.777495145798 86170.800338506699 13571.181693553925 50723.503387451172 36336.759065151215 2765.689248085022 5841.2955806255341 42965.440450429916 72782.382149219513 13868.866107225418 450.89538073539734 36425.057941198349 60284.556852340698 27417.723442792892 21957.903866767883 8640.1210331916809 56707.697387456894 1436.1476464271545 22333.532349824905 47293.959565401077 30536.992841720581 4957.2443845272064 6596.5851655006409 9071.8399219512939 4329.3962888717651
leaf_count=23047 1457 1197 62895 1348 24452 1217 6182 64800 11311 1750 4102 5276 9895 2410 6724 862 3733 2786 4466 4505 5029 3333 31089 4522 3132 695 377 4730 5828 1952 6924 1247 991 4822 2157 12768 8297 4406 24889 4186 30268 10656 357 1822 13116 10300 4241 199 9537 14519 4477 6172 2768 12236 416 4807 9965 10925 874 1089 1263 1982
internal_value=1.34577e-05 -0.00221692 0.00358205 -0.00152892 0.00494916 -2.87206e-05 0.00889895 0.00393726 -0.00366286 0.00141349 -0.00270963 -0.00701428 -0.00161144 0.00297312 0.0122904 0.00524906 -0.00121622 0.00580153 0.00653777 0.0102975 0.0130325 0.000268886 0.00100223 -0.00538261 -0.00671842 -0.00872798 -0.00666011 -0.00236319 -0.001226 -0.00444406 0.00165738 0.000587935 0.00219661 0.00246762 -0.00319663 -0.00245228 0.000739813 -0.00824926 0.000123898 -0.0132124 0.00282382 -0.00358096 -0.00777702 0.0175493 -0.00876929 -0.0028412 0.00567022 0.0238842 -0.00621768 0.00143455 -0.00400255 -0.00345227 -0.014336 -0.00719503 0.0219486 0.00463968 0.0058547 0.00479058 0.00960791 0.00737989 0.00224191 0.00627067
internal_weight=1.53935e+06 947288 592057 828491 419117 486481 85474.4 333642 342010 300710 277675 118797 217276 188763 53351.3 96593.1 111947 183532 165120 51049.3 36539.7 172940 155322 94033.6 77511.2 56747.8 60399.1 185771 20763.4 82531.8 150110 92170.2 65924.7 111172 157307 137128 44821.9 20178.9 134744 24763.8 113450 75235.1 64334.3 21757.8 44605.2 84295 20721.5 7728.34 39202 62167.6 92305.9 26245.5 17545.8 61568.6 7277.44 92967.2 70633.7 62726.6 23339.7 18382.5 28464.4 7464.22
internal_count=527778 233094 294684 193711 192545 103472 39795 152750 90239 59936 76298 39383 58703 44153 15343 20007 15783 81586 78800 14000 9495 102139 98806 29921 25399 16132 17595 43536 9267 22503 71164 24146 16757 67717 37543 31940 14695 5603 36200 9462 64240 20551 13941 8619 13493 12050 6398 2437 10232 15510 17245 7389 5900 13584 2238 19145 14338 33972 4373 3499 5993 3439
cat_boundaries=0 1 2 3 4 5 6 7 8 9 10 11 13 15 17 18 19 20
cat_threshold=1 542339 1860273 235594 22 14 2 10 540672 2 8192 1092225076 231680 536870912 163848 990087936 32896 8 6 745761
is_linear=0
shrinkage=0.05


Tree=44
num_leaves=63
num_cat=15
split_feature=5 16 16 16 9 0 17 16 20 16 9 7 20 16 13 16 0 16 16 17 17 4 5 10 17 15 9 13 4 15 0 9 16 16 9 19 5 17 0 13 13 7 17 4 5 0 17 3 17 13 0 16 16 16 9 17 17 16 17 13 16 20
split_gain=4624.53 1381.57 1038.34 1385.07 1688.03 995.83 971.14 953.391 853.028 727.182 711.275 685.45 965.682 649.24 645.757 620.22 618.623 504.674 475.979 464.941 450.028 446.901 450.36 442.599 418.475 407.653 397.552 494.459 391.587 387.525 378.515 378.333 453.045 371.694 366.152 362.191 352.327 335.925 316.101 309.02 308.916 298.796 295.815 292.592 429.271 289.235 286.151 285.07 284.25 278.527 276.579 276.084 514.379 276.165 593.551 275.902 274.397 272.848 271.76 259.696 256.624 252.252
threshold=0.91021802548748665 45.500000000000007 9.5000000000000018 16.500000000000004 0.49733331437023559 1.5000000000000002 0 39.500000000000007 1 4.5000000000000009 0.027692569870483984 76.500000000000014 2 51.500000000000007 2.5000000000000004 11.500000000000002 7.5000000000000009 14.500000000000002 15.500000000000002 3 4 3.5000000000000004 0.28617961842717549 2.5000000000000004 5 16.500000000000004 0.85394223715201367 11.500000000000002 749.50000000000011 49.500000000000007 1.5000000000000002 0.88003378378378383 51.500000000000007 44.500000000000007 0.90920231729055268 6 0.17445652173913045 7 87.500000000000014 11.500000000000002 5.5000000000000009 116.50000000000001 8 3.5000000000000004 0.33385909568874872 11.500000000000002 9 90.500000000000014 10 46.500000000000007 9.5000000000000018 44.500000000000007 48.500000000000007 49.500000000000007 0.60722439660795835 11 12 47.500000000000007 13 9.5000000000000018 48.500000000000007 14
decision_type=2 2 2 2 8 2 9 2 1 2 10 2 1 2 2 2 2 2 2 9 9 2 2 2 9 2 8 2 2 2 2 10 2 2 10 9 2 9 2 2 2 2 9 2 2 2 9 2 9 2 2 2 2 2 10 9 9 2 9 2 2 1
left_child=1 2 11 4 5 18 -6 29 9 58 15 12 19 26 16 -7 -11 20 40 -1 -8 -21 49 38 -9 30 55 -28 59 37 39 32 33 -32 -18 -36 -19 -5 51 -10 -4 -37 -14 -29 46 -17 -45 61 -40 -23 -31 -16 57 54 -54 -3 -12 -53 -2 -25 -46 -15
right_child=8 13 3 7 6 10 17 24 25 14 56 -13 42 47 23 45 34 36 -20 21 -22 22 -24 28 -26 -27 27 43 -30 50 31 -33 -34 -35 35 41 -38 -39 48 -41 -42 -43 -44 44 60 -47 -48 -49 -50 -51 -52 52 53 -55 -56 -57 -58 -59 -60 -61 -62 -63
leaf_value=0.0013959726382111184 0.010800079704709805 0.01471551768079335 0.0218900049322997 -0.0014691521133177413 0.015413231147268294 -0.019583843131059653 0.0029204082427536225 0.014306865143478585 0.0051172000557585615 0.017201776647916771 -0.025371569715581094 -0.0011795981434444599 -0.0019009974460130795 0.0064821639621955533 -0.0051160061052682995 -0.05011126507837315 0.012021058827836087 -0.0026595294364255215 0.039032126748187262 0.0022309309359157528 -0.0033798314774582472 0.019961336998810048 0.0077954992629856966 0.010532268300329668 -0.00042325898399263946 -0.0018486557075715914 -0.0025404129855138569 0.0014449205197411164 -0.0043516080197034184 0.018246249575657326 -0.0077686304954231429 -0.012553202597716411 -0.022683480406106786 0.0020624423568572051 -0.019378815492090778 0.0041396502803862766 -0.011960090567215685 0.0065541158365727799 0.00059177734289260269 -0.0060049423772686461 -0.0087058117459343828 -0.017380796034909558 0.0044561643976635881 0.014840497349082632 0.008350321272421345 -0.093975438876682346 0.0051223863681835388 -0.0092851839097471793 -0.013560596266595577 0.010896907272680051 0.0044201418048304851 0.00041839349610021264 0.0097459013850981647 -0.0019488497775290486 -0.015445568694219839 0.007753314274763193 -0.0095605862233652805 0.010733638236512508 0.0015364603803868168 0.00068766241556799301 1.59176814089922e-05 -0.0060199963697752344
leaf_weight=23250.226455450058 9503.6258380413055 22161.61448097229 856.7747106552124 16646.658789634705 8429.2087547779083 1534.8908474445343 55808.466705083847 4953.7861597537994 8587.9152493476868 7156.5769948959351 5195.3576338291168 54753.570641994476 45331.496350765228 11425.022085905075 176794.61597847939 1338.7157998085022 4628.8707039356232 23266.141121864319 561.37534618377686 18737.309317111969 57574.214922189713 16212.831345319748 51133.099241256714 7718.4557111263275 167246.311013937 38138.635498285294 17227.797659635544 20874.859612941742 41764.550296545029 10313.133504152298 33446.007356643677 46235.450661420822 3896.5595593452454 13492.531896352768 3056.5191688537598 8647.5374367237091 18108.214963912964 60322.888283252716 4546.9437661170959 22887.089983940125 21635.373007774353 1981.6799540519714 30671.381369590759 25854.393664121628 19257.761810064316 525.26502323150635 10764.803343772888 8039.4769051074982 16237.63062620163 17766.461091518402 5571.9057817459106 26108.308850049973 2882.548511505127 22246.998132944107 12368.720771074295 40068.30335187912 5900.7206375598907 8496.0213217735291 47223.922681093216 50676.249709129333 17747.343268632889 6224.3745169639587
leaf_count=9723 2369 6085 329 7031 3818 335 22448 2185 4224 2877 990 8513 23022 5230 49610 286 1019 15786 275 14955 24238 6586 12476 1246 65936 10325 5000 18864 5682 5100 8713 13636 990 3473 697 1955 3989 24912 631 11156 8880 301 15402 12457 4330 84 5251 1339 2362 8683 841 7502 813 6408 3391 11069 1139 2439 12229 9894 3956 3212
internal_value=1.42629e-05 0.00225576 0.00123985 -0.000169345 -0.00330238 -0.0128608 -0.00110296 0.00220341 -0.00333061 -0.00220308 -0.0231294 0.0037854 0.00512389 0.00593805 -0.0029628 -0.0431397 0.00473754 -0.00200352 -0.00640372 0.00778967 -0.000278812 0.00922081 0.0107607 -0.00349314 1.37843e-06 -0.00638789 0.00703376 0.00524979 -0.000654901 0.00628707 -0.00773513 -0.0092801 -0.00630296 -0.00494269 -0.000133633 -0.00424524 -0.00673027 0.00481954 -0.00454725 -0.00297021 -0.00753943 0.000126066 0.000664744 0.00667 0.00815144 -0.0625158 0.0119894 -0.00148168 -0.0104709 0.0152224 0.0133971 -0.00405255 -0.00144493 -0.00550178 -0.010684 0.0102365 -0.0169966 0.00295122 0.00309074 0.00198905 0.00435332 0.00207322
internal_weight=1.54202e+06 923292 723646 465789 200735 37548.5 163186 265055 618724 452040 14494.9 257856 203103 199646 395312 3398.87 25471.2 154757 23053.5 127100 113383 103850 85112.4 369841 172200 166684 173957 111727 100159 92854.6 128546 97070.5 50835.1 46938.5 18314.6 13685.7 41374.4 76969.5 269682 31475 22492.1 10629.2 76002.9 94499.2 73624.3 1863.98 36619.2 25688.9 20784.6 33979.3 15885 248897 72102.6 37498.3 15251.3 62229.9 11096.1 34604.3 56727.5 58394.7 37005.1 17649.4
internal_count=528697 364755 287962 188602 82597 12318 70279 106005 163942 111425 2834 99360 90847 76793 96827 705 6849 66461 9484 52423 46686 42700 27745 89978 68121 52517 67012 49858 16822 37884 42192 26812 13176 12186 3972 2953 19775 31943 73156 15380 9209 2256 38424 44858 25994 370 17708 9781 2993 15269 5941 70163 20553 10612 4204 17154 2129 9941 14598 11140 8286 8442
cat_boundaries=0 4 5 6 10 14 18 19 23 27 31 35 39 43 47 48
cat_threshold=128 2147614722 16779364 8834 6 6 151028042 360710706 168337 606 2232157776 1476955136 2765299970 2320 20971552 1610613264 402686208 192 540801 71303168 151162374 83986926 320 1174411704 738206516 3093603616 4 35694552 285786112 2895129699 8448 192 524288 12584960 260 136328200 2357215264 75695114 280 168296448 541184 2686459904 4 67110016 524544 13632896 256 22
is_linear=0
shrinkage=0.05


Tree=45
num_leaves=63
num_cat=15
split_feature=5 16 12 16 16 9 16 0 17 7 20 5 12 16 9 16 16 16 17 17 13 6 16 3 6 0 19 17 3 5 20 16 17 6 17 3 5 17 16 13 13 17 17 8 19 16 12 16 16 16 16 9 9 16 20 6 21 5 12 13 16 13
split_gain=4194.24 1192.16 1089.58 988.602 1078.72 1361.04 945.697 916.632 848.493 631.378 806.139 600.12 585.516 619.365 576.536 514.821 474.164 440.296 424.479 404.912 402.057 397.663 492.296 392.3 753.458 391.7 371.912 362.461 356.991 547.674 350.215 349.048 343.574 338.622 336.146 310.366 415.248 289.298 287.6 283.738 269.652 268.992 268.839 264.087 253.94 245.137 244.99 233.209 470.96 580.6 374.54 439.999 329.684 325.497 235.135 232.916 230.606 229.434 224.917 224.714 256.447 216.563
threshold=0.86495275763568458 44.500000000000007 0.047848495748160809 9.5000000000000018 16.500000000000004 0.47879832184596949 39.500000000000007 1.0000000180025095e-35 0 114.50000000000001 1 2.0016920473773268 0.051073907021007232 14.500000000000002 0.075093984962406032 11.500000000000002 51.500000000000007 15.500000000000002 2 3 38.500000000000007 1.4250779625779628 28.500000000000004 8.5000000000000018 0.09441390580894371 4.5000000000000009 4 5 2.5000000000000004 0.4005420054200543 6 28.500000000000004 7 0.84708464219630808 8 2.5000000000000004 0.3073115003808074 9 51.500000000000007 1.5000000000000002 46.500000000000007 10 11 2.0119047619047623 12 12.500000000000002 0.25587278503963856 44.500000000000007 10.500000000000002 12.500000000000002 48.500000000000007 0.57900140494974617 0.44464215104784505 49.500000000000007 13 1.1818865345181138 14 0.30792817761004815 0.52668438136035656 39.500000000000007 40.500000000000007 15.500000000000002
decision_type=2 2 2 2 2 8 2 2 9 2 1 2 2 2 10 2 2 2 9 9 2 2 2 2 2 2 9 9 2 2 1 2 9 2 9 2 2 9 2 2 2 9 9 2 9 2 2 2 2 2 2 10 10 2 1 2 9 2 2 2 2 2
left_child=1 3 26 9 5 7 21 17 -7 10 19 30 13 41 15 -9 27 -5 -8 -1 -14 23 -23 -6 31 -17 32 -3 -29 -30 34 46 -2 -16 -4 -21 40 -12 47 56 -37 -10 -18 -13 -22 -35 -25 48 -36 52 -49 -52 -50 -53 -54 61 -28 58 -26 -51 -61 -31
right_child=2 16 11 4 6 8 18 14 12 -11 37 43 20 -15 33 25 42 -19 -20 35 44 22 -24 24 57 -27 39 28 29 55 -32 -33 -34 45 38 36 -38 -39 -40 -41 -42 -43 -44 -45 -46 -47 -48 50 49 59 51 53 54 -55 -56 -57 -58 -59 -60 60 -62 -63
leaf_value=0.001429011634270371 -0.00012394437345328605 0.0030638268902600449 -0.00085714753744011623 -0.0057632932143380517 0.0026086555644511313 0.014338038570096967 0.013983235676010109 -0.015585740309772304 0.010165126219512127 -0.002328034653381291 0.0046685840213840889 -0.007821826696591299 -0.0072554581422109013 -0.0077340172141500867 -0.020977987462711831 -0.033366610734338435 0.01214436983535697 0.039263034322490287 -0.0010049247755628187 0.0030322641257198085 0.0025556003278069967 -0.0041901217131060237 0.012175863409642431 0.056812605307618551 0.016091510592871724 -0.069740530701373968 0.016980126374628448 0.0026907246528987128 0.013177781616976676 0.00020196932377087264 -0.0071134372150213846 0.0063760085320403413 -0.0067319646606965851 -0.010306573908676401 -0.0016370364924020446 0.018838564384371644 0.0071156291887116089 -0.0017053795345135581 -0.013232793694541639 0.0011250194579089721 0.0097422704460412794 0.00014482853823522394 -0.0031089243056481621 -0.038964568393130332 -0.003914190317352074 0.016573144895237518 0.024945409523309463 0.0043262182193734592 -0.041441100441678251 -0.0085880827219858118 0.0066357125428061995 -0.016766735134957671 -0.0032226196244910573 -0.001531375473201571 -0.020344103763925273 0.00073984800696691162 0.0013204963624646453 0.0061981820072527756 -0.0057619344949684688 0.0011567030922598109 -0.009010239577175911 0.0095059980605243163
leaf_weight=25208.795685052872 55307.137600421906 58665.442202329636 127511.60877919197 18673.038368940353 22509.492722511292 8503.6648490428925 4881.1416227817535 2259.0592393875122 20099.226430177689 36520.649664878845 28465.552854061127 88536.926869153976 47273.640080451965 9634.7701637744904 6614.850704908371 2009.5111420154572 3331.3684248924255 558.20861554145813 137363.25198864937 21125.885835647583 26612.21598982811 16517.506850719452 6364.7132751941681 1408.4874608516693 12700.489201068878 1174.5079011917114 5355.0508472919464 27229.118185043335 46302.356011867523 7627.1113336086273 56219.053338527679 874.02086400985718 30521.133507013321 3066.279584646225 62288.006547927856 16157.974427700043 54438.25902056694 47480.380163669586 8424.1697616577148 107243.794942379 16441.57315325737 10052.905822753906 21277.279409408569 685.07006096839905 35237.483014822006 1171.436714887619 1058.8246641159058 20353.524038314819 1348.483145236969 30937.740919113159 5519.8327100276947 7891.2887098789215 2935.7062714099884 6307.9913713932037 6425.8767457008362 15931.213929891586 4200.890255689621 27416.309534311295 1297.1888601779938 17885.53862285614 9493.9287705421448 34749.903118848801
leaf_count=10020 14276 22598 29310 8098 19061 3954 2092 552 6508 5433 13823 30272 17628 4044 1418 499 1361 278 54357 17073 13093 4008 1935 1025 3914 206 1744 23033 17998 1597 16825 450 9126 622 15611 6066 12786 24395 1903 23340 7353 3994 8147 217 19944 236 691 5224 365 7215 1287 1790 693 1649 1652 3227 1663 5841 453 4624 2535 7569
internal_value=9.6492e-06 0.00225231 -0.00302309 0.00121414 -0.000244763 -0.00300824 0.00204959 -0.0118478 -0.00101318 0.00373821 0.00479662 -0.00438692 -0.00189075 0.00330144 -0.0205722 -0.0338513 0.00549147 -0.00445438 -0.000489596 0.00713785 -0.00378403 0.00605618 0.000362427 0.00799305 0.010701 -0.0468018 2.43444e-05 0.00633517 0.00778998 0.00911797 -0.00348511 0.0335375 -0.00247436 -0.0139097 -0.00282103 0.00846808 0.00978839 0.000683997 -0.00421355 0.00186054 0.0142513 0.00682783 -0.00103995 -0.00806138 -0.00113064 -0.00287403 0.0431527 -0.0037704 -0.00478927 -0.00763367 -0.00043162 -0.0053425 -0.0183336 -0.00999905 -0.0150011 0.00589392 0.010116 0.00885775 0.014066 -0.00566833 -0.00236892 0.00783148
internal_weight=1.54168e+06 886285 655393 671171 425332 192941 232391 35526.9 157414 245839 209318 452765 148910 39786.9 16295.6 5443.08 215114 19231.2 142244 133372 109123 90147 22882.2 67264.8 44755.3 3184.02 202628 190505 131840 104611 363543 3341.33 85828.3 10852.6 307324 108164 87037.8 75945.9 179812 116800 32599.5 30152.1 24608.6 89222 61849.7 4237.72 2467.31 171388 131315 69027.3 40072.6 19719.1 10710.1 14199.3 9361.58 58308.2 9555.94 41414 13997.7 58317.2 27379.5 42377
internal_count=528701 357380 171321 271850 174901 81074 93827 11909 69165 96949 91516 121172 65211 14546 3533 1257 85530 8376 56449 53298 50665 37378 5943 31435 12374 705 50149 76022 53424 30391 90683 2166 23402 2276 73858 43278 26205 38218 44548 26747 13419 10502 9508 30489 33037 858 1716 42645 32695 17084 9950 4726 2710 3439 2345 12393 3407 10208 4367 14374 7159 9166
cat_boundaries=0 4 5 9 13 14 18 19 23 27 31 35 39 40 41 43
cat_threshold=128 2147615746 16779360 8834 6 20971520 553648656 402686209 68 2301133130 293601840 168212 598 1664259 3242985504 235943444 559980969 76 14 2434794104 8977298 2150663488 11008 335552656 235443138 2228422914 2453 139240512 3499779144 97650714 272 33826320 8953856 2765267215 280 2216689792 0 80742464 256 1776170 2 524371 1024
is_linear=0
shrinkage=0.05


Tree=46
num_leaves=63
num_cat=18
split_feature=5 12 12 20 16 16 16 9 17 16 9 9 16 6 17 16 16 9 16 16 16 16 16 16 17 6 16 17 16 16 9 17 16 9 17 9 4 5 4 8 16 2 19 6 17 16 17 17 20 16 22 2 0 4 19 17 9 17 3 19 19 16
split_gain=3602.07 1108.16 912.76 761.571 695.285 1280.87 848.7 903.19 856.451 798.829 909.863 727.982 687.708 678.135 675.86 626.269 601.454 629.597 555.998 545.9 508.759 493.427 552.236 1374.17 474.675 468.503 464.245 786.983 615.558 454.845 427.336 459.199 424.892 698.2 419.729 404.751 381.653 615.362 484.594 369.352 343.77 334.343 331.087 330.048 322.658 318.817 318.355 307.107 304.795 303.391 285.125 282.826 282.347 406.778 278.89 271.566 271.249 256.832 256.131 258.188 255.661 253.786
threshold=0.5415312706585601 0.19303311591707803 0.4973299563544647 0 48.500000000000007 46.500000000000007 14.500000000000002 0.72098013773829728 1 11.500000000000002 0.027692569870483984 0.84622507122507129 49.500000000000007 1.7918187347931875 2 44.500000000000007 8.5000000000000018 0.30016501650165023 8.5000000000000018 51.500000000000007 16.500000000000004 45.500000000000007 10.500000000000002 12.500000000000002 3 2.3808431629532554 16.500000000000004 4 39.500000000000007 15.500000000000002 0.86648841354723716 5 9.5000000000000018 0.48721219256933551 6 0.28586125808348034 20.500000000000004 0.14337101747173692 215.50000000000003 1.1020801384137473 51.500000000000007 128.50000000000003 7 0.59364486785807025 8 10.500000000000002 9 10 11 51.500000000000007 12 55.500000000000007 5.5000000000000009 4.5000000000000009 13 14 0.74995475931958022 15 164.50000000000003 16 17 49.500000000000007
decision_type=2 2 2 1 2 2 2 10 9 2 10 10 2 2 9 2 2 10 2 2 2 2 2 2 9 2 2 9 2 2 8 9 2 10 9 10 2 2 2 2 2 2 9 2 9 2 9 9 1 2 9 2 2 2 9 9 10 9 2 9 9 2
left_child=2 4 15 42 5 6 8 25 16 32 -11 19 -13 21 54 18 -2 45 48 35 24 22 34 -24 -9 -8 27 39 36 57 49 -32 -10 -34 55 -6 -28 38 -38 51 -23 -29 -3 -39 -14 -18 -22 -35 52 -17 -16 -20 53 -1 -12 -5 -7 -26 59 -4 -21 -37
right_child=1 3 58 13 11 56 7 20 9 10 14 12 44 -15 50 30 17 -19 26 60 46 40 23 -25 29 -27 28 41 -30 -31 31 -33 33 47 -36 61 37 43 -40 -41 -42 -43 -44 -45 -46 -47 -48 -49 -50 -51 -52 -53 -54 -55 -56 -57 -58 -59 -60 -61 -62 -63
leaf_value=0.0030338019049920384 0.00053849108383372977 0.002176619005057476 0.0039144879618601266 0.0085838817587121346 0.011612123464704419 0.013210493400765771 0.00021442595022013171 -0.023691722058224004 0.0030087077312864999 -0.044258241680902588 0.055092959988319534 -0.020219313381402867 0.0061225260086872867 -0.01122247032130206 0.0085752017117217312 0.014241629611792206 -0.013761317603487342 -0.0053660954992662468 0.0019017914206994415 -0.020571451473656601 -0.00046128099092289398 0.0021501372377682416 -0.021158802698117291 -0.0053510939586557315 0.011205074450749171 0.011234916660325563 0.0028506273403228217 -0.003190765068905501 0.00088143491977626563 -0.013071264830375906 -0.0068476037264813472 0.0067645999377851833 -0.018485733343608073 -0.007424556192142876 -0.0074451924069166885 -0.0080258369445842612 0.016501912728899903 0.015048939391380502 0.046118068411608849 0.0097204497234183278 -0.0075421598064736488 -0.016225499790367255 -0.004772741074583569 0.0014119271172119492 -0.0086349783354024469 -0.037995051896266174 -0.005482217142281239 0.0044213101004724883 0.0025589241336227788 -0.0041705737238649709 -0.0085022695880107354 -0.020553509297884576 0.0016242410578333204 0.012931722287190653 0.020211605231252542 -0.0017328879081556295 0.0049331497963974562 -0.0045973343551201857 -0.0083683382129251353 -0.00092538934695631761 -0.0036137450318276449 0.0036301901028065334
leaf_weight=14645.572846889496 34640.064916610718 58376.711325407028 36436.118911504745 7143.5494647026062 9104.1947479248047 18054.934519052505 54599.491780042648 5227.6372404098511 100903.48550319672 766.32704043388367 613.88230204582214 11997.776980638504 4845.5990717411041 41517.345813274384 25995.257598161697 26560.157382011414 3031.4047572612762 18720.582002162933 34371.696437358856 4016.6163628101349 58131.965760707855 40819.282595157623 16967.515023231506 72445.847759485245 3156.411328792572 11711.667840719223 21337.929291725159 55971.873745203018 70204.757050991058 17947.745871543884 6777.7084891796112 71371.005547046661 6349.7808520793915 8516.2554934024811 34116.793784856796 7950.8998711109161 10358.328308820724 6741.5436706542969 1593.335150718689 18274.679968833923 11790.236802577972 5392.7679958343506 24249.86129617691 12975.771113872528 15639.355248689651 2459.1113407611847 69108.930199623108 15256.558871984482 35067.431450605392 2442.6973474025726 2690.9554777145386 1460.8763380050659 12394.929072856903 35647.614494085312 8446.0514664649963 58811.06907749176 21909.236755132675 13656.193293809891 9135.8655488491058 112940.41900324821 4994.3419363498688 11313.608076095581
leaf_count=11301 8389 14217 21219 1851 2251 3797 10993 1303 23496 219 163 2915 1188 12776 5872 8316 753 4465 20459 838 13070 12003 4652 21365 713 2699 14866 27520 30687 3900 3715 35765 1404 1927 8797 1524 4507 1500 466 4589 3124 813 6231 2506 3971 608 16442 3391 18704 754 628 258 2035 13313 1886 16014 5226 3048 1582 72063 1017 2186
internal_value=-3.15606e-06 -0.0019405 0.00301496 -0.0040878 -0.000565043 8.54825e-05 -0.000657482 -0.00277689 0.00150973 0.00331359 0.00964423 -0.00523837 -0.0107135 -0.00531837 0.0107397 0.00417869 -0.00368675 -0.00973331 0.00311843 -0.000480403 -0.0047349 -0.00430604 -0.00549545 -0.00835104 -0.00965433 0.00216097 0.00181761 -0.000460212 0.00395234 -0.00753363 0.00750768 0.00558395 0.00145302 -0.00375809 -0.00294393 0.0029251 0.00801948 0.011502 0.0204537 0.00393529 -2.20903e-05 -0.00433581 0.000136705 0.00607508 -0.00514527 -0.0246201 -0.00318881 0.000176308 0.00629451 0.0126908 0.00697058 0.000985752 0.00838236 0.0100495 0.022639 -0.000614233 0.00867291 -0.00162616 -0.0002417 0.000255378 -0.0112009 -0.00118068
internal_weight=1.5401e+06 937995 602103 366238 571756 501894 461930 233540 228390 169539 38512.5 69862.4 32482.7 283612 37746.1 443591 58851.2 24211.1 336439 37379.7 167229 242094 189485 89413.4 39988 66311.2 238684 115472 123212 34760.4 107152 78148.7 131026 30122.6 100071 28368.7 53006.9 31669 11951.7 54107.3 52609.5 61364.6 82626.6 19717.3 20485 5490.52 127241 23772.8 97755.5 29002.9 28686.2 35832.6 62688.1 50293.2 9059.93 65954.6 39964.2 16812.6 158512 149377 9010.96 19264.5
internal_count=528250 231312 296938 101030 130282 114392 105369 52168 53201 38986 8768 15890 8074 80582 8549 202074 14215 5826 153524 7816 38476 67806 52679 26017 8964 13692 108171 53639 54532 7661 48550 39480 30218 6722 26662 5961 23845 8979 4973 25306 15127 28333 20448 4006 5159 1361 29512 5318 45353 9070 6500 20717 26649 24614 2049 17865 9023 3761 94864 93282 1855 3710
cat_boundaries=0 1 5 9 12 16 20 24 25 29 33 36 37 38 39 42 45 46 47
cat_threshold=2 158109952 1308623860 409076880 2628 208 2147484672 93325376 8448 69473280 83928068 3276812 2264924816 3658650626 2245011524 9088 151259136 109053552 16941210 580 2181301904 2886224128 3033607234 8580 167114 2106560 532480 80807936 272 19412368 352858640 2179109928 140 33555096 3072 8396800 22 103105697 133120 144 0 9502720 136 0 12593216 108554 1061513
is_linear=0
shrinkage=0.05


Tree=47
num_leaves=63
num_cat=12
split_feature=5 5 3 12 12 8 17 3 12 16 12 19 6 0 20 16 16 16 16 9 16 9 6 16 14 8 16 9 16 16 16 17 12 20 16 16 16 16 16 16 9 17 16 3 20 9 3 16 17 16 6 16 17 17 6 9 16 9 16 17 17 11
split_gain=3390.27 1194.98 1247.47 781.038 661.044 538.017 536.754 474.234 463.417 457.027 411.369 404.639 395.671 386.222 374.869 541.643 472.92 348.544 534.794 445.968 416.854 650.269 347.576 394.514 316.204 316.079 313.169 310.068 656.205 566.805 571.826 487.423 303.894 298.783 286.952 285.047 693.325 495.125 282.459 418.719 361.273 268.133 260.479 260.403 253.825 248.707 247.4 247.17 239.595 238.725 391.068 232.358 225.364 224.774 215.601 251.894 199.533 346.572 345.863 210.439 198.41 193.01
threshold=1.0006418485237487 0.28617961842717549 6.5000000000000009 0.038491179551041983 0.54027012285096976 1.195572658024038 0 305.50000000000006 0.4973299563544647 4.5000000000000009 0.35098612413239139 1 1.5759931167240275 1.0000000180025095e-35 2 16.500000000000004 10.500000000000002 44.500000000000007 9.5000000000000018 0.74361015841907574 16.500000000000004 0.18068402642829384 0.76151321326376042 14.500000000000002 1.0000000180025095e-35 1.1594398746572663 11.500000000000002 0.77784748361912748 15.500000000000002 51.500000000000007 44.500000000000007 3 0.19303311591707803 4 51.500000000000007 48.500000000000007 44.500000000000007 49.500000000000007 8.5000000000000018 12.500000000000002 0.1883205456095482 5 39.500000000000007 35.500000000000007 6 0.52603895570227122 5.5000000000000009 47.500000000000007 7 28.500000000000004 0.15260706430327342 11.500000000000002 8 9 2.3184046345811056 0.29638689570196425 15.500000000000002 0.99985465116279082 12.500000000000002 10 11 0.11956105677580293
decision_type=2 2 2 2 2 2 9 2 2 2 2 9 2 2 1 2 2 2 2 10 2 10 2 2 2 2 2 10 2 2 2 9 2 1 2 2 2 2 2 2 10 9 2 2 1 10 2 2 9 2 2 2 9 9 2 10 2 10 2 9 9 2
left_child=1 2 24 11 5 7 13 17 25 44 27 54 -7 56 -12 16 -16 18 33 34 21 26 -23 32 47 -8 -20 29 31 30 38 -29 51 -3 -19 36 -30 -37 -11 40 -40 -13 49 -28 46 -32 -5 -1 -44 50 -22 -24 -41 -21 -2 -56 58 59 -4 -58 -26 -43
right_child=3 4 6 9 -6 12 8 -9 -10 10 14 41 -14 -15 15 -17 -18 19 20 53 42 22 23 -25 60 -27 43 28 35 -31 45 -33 -34 -35 -36 37 -38 -39 39 52 -42 61 48 -45 -46 -47 -48 -49 -50 -51 -52 -53 -54 -55 55 -57 57 -59 -60 -61 -62 -63
leaf_value=0.00040786465020266853 0.00035279871581399866 0.004710096506941281 0.0060476223779104719 -0.0088433135908739507 -0.0057210213280247573 0.0044429289796980844 0.0078362803488160448 -0.0037305055194436034 0.0029743261222252401 0.0028337395281830867 -0.0023453088873262983 0.00036483431014006372 -0.0010299934691111751 -0.0070999238835293861 -0.0096105925934097634 -0.0058655565116516525 -0.021952273444125533 0.01064527371529482 -0.012077989849556402 0.0066119496312008058 0.041564383708010133 -0.0088569398425310739 -0.0012701257044003883 -0.012762976508256607 -0.0011848388920011549 0.013449742632698103 -0.013165646894064862 0.0026485244596063905 -0.0086320760232675309 -0.014888136734740471 0.0096791717828887073 -0.0072517980710887098 -0.0047419698431182475 -0.0024473603885591167 -0.008063967728298654 -0.018320409370098233 0.0033037787301541536 -0.0032059253535995052 -0.027047821282045643 0.0096385952098797332 -0.0076960104756090622 -0.004599902311779959 -0.0049457915392907628 -0.050065882556032199 -0.0070075943097858383 1.5465457941803305e-05 0.0036176341705366887 0.0047557573834252726 0.0026147163020950239 0.010818463713068901 -0.0010309280584477824 0.011861009132519732 -0.0040267836096517249 -0.0018636639056056577 0.021961322015888154 0.005472500948666633 0.027981206578219599 0.0017342937478665122 -0.010502802066737101 0.0081799792692016753 0.013097346603989576 -0.02855662504879071
leaf_weight=214885.71105122566 21163.713716983795 56542.668157339096 9261.9393367767334 4525.5010042190552 43593.897323846817 124965.58757448196 78763.296092271805 83142.633607625961 33887.140407323837 13163.811871528625 27863.791968822479 55171.946007966995 44885.977850198746 9874.2257957458496 22191.314004421234 53452.25003194809 11939.392246484756 22998.984617233276 2832.3838288784027 10767.819666624069 558.25551772117615 21175.833865404129 5411.7437353134155 5284.8199994564056 3331.8091907501221 36795.389315843582 727.08015608787537 36212.066640853882 56579.856320858002 6956.1804728507996 16330.369560956955 18918.005243301392 9193.207052230835 19640.88921046257 2249.2094764709473 14009.690457344055 15498.889322280884 8836.0171179771423 3466.161913394928 3612.4170393943787 7927.1963765621185 35472.153605699539 28114.168239355087 1400.35755443573 9527.9160618782043 11240.407575368881 33190.235667705536 38550.541750669479 16694.840715885162 8900.0255103111267 14767.726496696472 8923.1686789989471 18029.393975734711 28510.543031215668 2612.0365340709686 20404.516706943512 2832.5654165744781 6973.8618035316467 4787.4819684028625 2596.47385430336 9030.9201955795288 860.20434474945068
leaf_count=164569 4923 13469 3753 2276 10763 24641 28715 12705 12380 3090 7754 14893 8613 2060 7347 17946 3795 5421 689 2643 172 5412 1274 1274 1916 10414 217 9253 13722 1447 3934 4993 2214 5193 536 3263 4087 2374 934 761 1726 10863 6783 297 3291 2255 7817 28924 4092 2213 3533 2093 4199 7161 680 4655 1492 2586 1771 1226 4883 315
internal_value=3.78989e-05 0.00173248 0.00364719 -0.00320568 0.000192017 0.000689957 0.00679064 -0.000436414 0.00811549 -0.00433372 -0.00496319 6.55068e-05 0.00299662 0.00133759 -0.00739995 -0.00900671 -0.0139284 0.0005983 -0.000431853 0.00379388 -0.00245773 -0.00570734 -0.00399379 -0.000419473 0.00145015 0.00962378 -0.0229735 -0.00374418 -0.00508842 -0.00124544 4.11933e-05 -0.000749698 0.00235351 0.00286512 0.00897833 -0.00760823 -0.00606553 -0.012475 -0.00335951 -0.00582739 -0.0135852 -0.00183175 0.000128844 -0.0374668 0.000279389 0.00573949 0.00212169 0.00106924 -0.00212944 0.00430573 0.000523235 0.00690398 -0.00174285 0.000461169 0.0039945 0.00734461 0.00448784 0.00910939 0.000407552 0.018581 0.00925809 -0.00516645
internal_weight=1.54201e+06 1.01285e+06 451571 529155 561282 517688 185772 347836 149446 393471 346227 135685 169852 36326.5 115447 87583 34130.7 264694 200167 64526.6 123984 54948.6 49988.8 28812.9 265799 115559 4959.82 230780 150055 80725.9 73769.8 55130.1 23528.1 76183.6 25248.2 94924.5 72078.7 22845.7 46199 33035.2 11393.4 91504.3 69035 2127.44 47243.7 27570.8 37715.7 253436 44809 24226 15326 14334.9 21641.8 39278.4 44180.3 23016.6 26452.3 12402.9 14049.4 5429.04 12362.7 36332.4
internal_count=528690 386097 264689 142593 121408 110645 64397 77391 51509 106264 92880 36329 33254 12888 36842 29088 11142 64686 48925 15761 30263 13470 12267 6855 200292 39129 1203 56038 37692 18346 16899 14246 5581 18662 5957 23446 17809 5637 10710 7620 2660 26071 16793 514 13384 6189 10093 193493 10875 5918 3705 3367 4960 9804 10258 5335 10828 5304 5524 2718 6799 11178
cat_boundaries=0 4 5 6 10 11 15 16 19 23 27 31 35
cat_threshold=155228202 100671860 285381051 2576 301224 2 2181572176 2281751552 2232494144 8600 6 2434803440 2147547218 2754610497 8960 22 2183664344 2214618112 619785282 1024 524816 131328 12 2634888 32768 80742472 328 134217728 352 131226 16 4461936 1543504388 196616 276
is_linear=0
shrinkage=0.05


Tree=48
num_leaves=63
num_cat=21
split_feature=5 7 10 5 20 10 4 6 0 14 0 10 5 1 10 10 14 3 4 17 21 10 17 17 20 3 0 20 9 11 14 17 3 9 0 17 17 0 17 20 9 14 2 0 20 1 11 11 5 0 8 17 4 17 20 21 20 0 0 17 21 17
split_gain=3217.43 841.388 959.488 835.516 805.697 601.338 431.153 430.47 514.99 391.776 377.811 478.35 376.306 744.963 368.94 336.568 328.799 464.904 336.091 317.625 305.985 302.839 298.263 285.701 266.923 259.026 252.187 238.821 236.742 236.341 224.016 221.974 220.66 213.823 205.063 197.604 195.603 194.59 206.985 206.324 192.327 190.923 190.892 189.056 184.833 180.729 171.076 169.222 232.129 167.178 163.592 158.887 157.901 155.704 153.176 182.875 150.523 147.301 146.437 145.315 144.164 142.393
threshold=0.75010373443983414 93.500000000000014 1.5000000000000002 0.19123809523809526 0 1.5000000000000002 119.50000000000001 0.41381886248111011 169.50000000000003 1.0000000180025095e-35 2.5000000000000004 1.5000000000000002 0.1241124794416142 1.0000000180025095e-35 3.5000000000000004 2.5000000000000004 1.0000000180025095e-35 6.5000000000000009 5.5000000000000009 1 2 5.5000000000000009 3 4 5 88.500000000000014 91.500000000000014 6 0.58339080459770132 0.011551272128387741 1.0000000180025095e-35 7 9.5000000000000018 0.85737756219683947 1.5000000000000002 8 9 63.500000000000007 10 11 0.26266028002947689 1.0000000180025095e-35 5.5000000000000009 16.500000000000004 12 5.5000000000000009 0.11956105677580293 0.067779660845796272 3.2803699033207234 8.5000000000000018 1.6554508324056518 13 2.5000000000000004 14 15 16 17 1.5000000000000002 477.50000000000006 18 19 20
decision_type=2 2 2 2 1 2 2 2 2 2 2 2 2 2 2 2 2 2 2 9 9 2 9 9 1 2 2 1 10 2 2 9 2 10 2 9 9 2 9 1 10 2 2 2 1 2 2 2 2 2 2 9 2 9 1 9 1 2 2 9 9 9
left_child=1 2 12 29 10 6 16 -7 9 14 30 -12 13 36 37 23 18 27 -6 54 46 58 -8 -3 25 35 -24 57 59 -4 61 -32 41 -13 -20 -14 52 39 -39 -9 -17 -15 -31 -22 51 -37 -19 48 -30 -35 -36 -34 -1 -27 55 -5 -43 -18 -10 -11 -59 -2
right_child=4 15 3 19 5 7 22 8 21 28 11 33 24 32 -16 40 17 20 34 -21 43 -23 26 -25 -26 53 -28 -29 47 42 31 -33 44 49 50 45 -38 38 -40 -41 -42 56 -44 -45 -46 -47 -48 -49 -50 -51 -52 -53 -54 -55 -56 -57 -58 60 -60 -61 -62 -63
leaf_value=0.00022950349554924873 0.0025816728324819134 0.0039775377570085563 0.0046476073869391168 0.0048894329070116567 -0.0092874220289990983 -0.0056189381438112142 -0.0027015308022547749 0.00054815544161726027 -0.0062542578572043206 0.0047881726456342529 -0.017855450496204989 -0.003896564406514925 -0.0066381885003301364 0.0031639097867011989 0.0035320349126272844 -0.0072394313779924092 0.027984420083693975 0.0030872010107746827 0.00046301827039959165 0.001225501009872954 -0.0024424579245294546 2.978948132290949e-05 -0.0079290350770032901 -0.0060648451349728794 -0.0074903135292737405 -0.008756441018894787 -0.019073338011475337 -0.002153723629520462 0.002932066026700843 0.0081399202691458967 0.010742566812518554 -0.0040617224386395269 0.012667784652893772 -0.0077886479416602169 -0.0034192280829757719 -0.00014497307438966306 -0.0002810741267813985 0.0019654412689596081 -0.0077930338586198137 -0.004365268174973189 0.0018306323237620885 0.028232857248144519 0.015174051916968065 -0.014647434533834328 0.001587178583036178 0.0052758327031920361 -0.015457822188165672 -0.0070786489203287471 0.017121620082892298 -0.018429744419374752 -0.016868864861206829 0.005744429408107439 0.0042219545730306741 -0.0012849207359466458 0.0010409253518114427 0.010344076032625283 0.0085333881446537779 -0.0040569435518704932 -0.015599457044337631 0.017732734430255342 0.016803531089068433 -0.0062918697454850542
leaf_weight=42013.862107276917 5289.1576116085052 8333.1645693778992 11292.863625049591 41252.603380680084 21170.805152893066 35811.951586484909 26474.176649570465 136732.92896699905 23335.320078849792 3563.6043210029602 12578.790817737579 25860.351756572723 6318.4694437980652 59732.767069816589 63993.758426189423 6556.0052056312561 1996.2834825515747 24624.096073150635 40781.116652965546 65334.472233533859 8205.3338899612427 20573.874800682068 37174.20684671402 47012.791121959686 13383.540280818939 10252.203957080841 5879.2026805877686 2282.0219886302948 20375.157072305679 14635.715826511383 5100.0779521465302 5011.2423338890076 22766.016337156296 11937.202464580536 102428.32130718231 29923.399573087692 142861.75546622276 7743.6828746795654 18205.004858016968 25311.599933624268 53800.052344322205 1184.9217894077301 28309.393683195114 5172.9044909477234 7689.7871613502502 31626.288006782532 1308.7418172359467 3340.5235497951508 3356.2872943878174 5344.2169389724731 2311.0137033462524 13126.906269788742 60323.062140703201 21789.777992486954 13307.307406187057 24558.287398576736 5346.3721940517426 1104.083749294281 5109.8595380783081 5632.0889394283295 3308.6742832660675 31053.970637321472
leaf_count=37518 2273 1304 3739 9415 10985 8601 4876 30284 3091 709 3876 6282 1654 29548 10898 996 1041 5754 17914 15366 2139 2482 7529 7330 3800 2115 876 1026 3757 5906 2245 2245 7664 3404 29605 8780 111466 1140 2734 6238 7828 509 7734 1048 2779 7515 335 718 804 1188 791 4397 41860 4436 3342 5619 2467 435 611 1070 1317 13537
internal_value=-5.05752e-05 0.00219902 0.00288177 0.0057932 -0.00236904 -0.00172686 -0.00345957 -0.000406896 0.000146537 0.000952239 -0.0064994 -0.00927615 0.00164659 0.0024472 0.000252917 -0.00173705 -0.00235133 0.00129495 -0.00340135 0.00380639 -0.0010188 -0.00459129 -0.00688162 -0.00455315 -0.000862396 2.6265e-05 -0.00944907 0.0117593 0.00581097 0.0110845 -0.00317006 0.00341239 0.00586903 -0.00677434 -0.00254497 0.00177556 0.000914235 -0.000863322 -0.00488316 -0.000219587 0.000845319 0.0040515 0.0127771 -0.0071571 0.00863228 0.00264003 0.00214991 0.00345632 0.0049395 -0.0110802 -0.00371614 0.0101383 0.00258264 -0.00367885 0.00593669 0.0069263 0.0121674 0.0166901 -0.00793351 0.0127419 0.0116133 -0.00500145
internal_weight=1.54221e+06 782732 667030 198691 759482 657307 284221 373086 337274 288255 102175 55720.6 468339 355045 251987 115702 214693 48002.1 166691 144453 39311.1 49019.1 69527.6 55346 113294 99910.1 43053.4 8691.06 36267.7 54238 46454.4 10111.3 109847 43141.8 145520 67868.2 245199 187993 25948.7 162045 60356.1 66264.1 42945.1 13378.2 43582.7 61549.7 25932.8 27072 23731.4 17281.4 104739 35892.9 102337 32042 79118.2 65810.9 6531.29 6409.04 28445.2 9195.69 4412.76 36343.1
internal_count=528945 335087 317629 51121 193858 158808 85671 73137 64536 58352 35050 14750 266508 238208 51294 17458 72390 13095 59295 33742 9276 6184 13281 8634 28300 24500 8405 3819 7058 17379 20300 4490 47364 10874 48310 17949 190844 40396 3874 36522 8824 32524 13640 3187 14840 16295 6089 5279 4561 4592 30396 12061 79378 6551 18376 15034 2976 2793 3702 1779 1752 15810
cat_boundaries=0 1 5 7 11 15 16 17 20 24 28 32 33 34 38 42 43 45 46 49 51 55
cat_threshold=1 237250200 1619165474 2160207956 8466 42055927 132224 8896 524416 2160197898 268 2109576 16777216 12585216 64 22 6 33554952 41316 86027592 84443200 100672336 345 576 37785216 2156532066 651299008 27024 12736 17301504 12584960 268 6 14 101455552 134792224 2696948761 12 2281705544 16834816 604048408 272 14 1256424082 66560 6 524296 8397568 2684486912 1092225284 33792 2147747328 3020030048 680525864 20
is_linear=0
shrinkage=0.05


Tree=49
num_leaves=63
num_cat=11
split_feature=5 16 16 12 16 9 16 16 16 9 19 16 9 9 12 16 16 6 20 16 5 7 16 10 6 19 20 16 9 6 16 13 16 16 9 16 9 2 13 16 10 5 9 16 20 16 16 6 19 15 16 19 19 6 5 9 20 9 16 12 19 19
split_gain=2931.47 908.281 838.545 811.318 743.93 814.255 642.146 954.456 649.098 659.476 638.128 610.333 688.494 605.471 594.932 798.181 569.64 556.803 493.033 471.158 459.51 457.024 456.586 444.1 438.052 424.46 415.23 408.309 591.295 402.65 376.623 374.991 448.849 374.649 543.314 373.798 361.639 423.99 358.903 355.895 348.082 401.5 345.127 333.91 366.878 510.075 568.087 326.658 320.797 320.407 284.07 280.87 278.577 268.636 261.862 258.685 252.497 241.345 230.135 226.608 226.204 222.054
threshold=0.66709292412617238 44.500000000000007 8.5000000000000018 0.20732547204936255 16.500000000000004 0.48721219256933551 48.500000000000007 46.500000000000007 14.500000000000002 0.72098013773829728 0 11.500000000000002 0.083499335989375839 0.85737756219683947 0.19925545681460691 14.500000000000002 39.500000000000007 1.9000907441016335 1 51.500000000000007 1.0000000180025095e-35 111.50000000000001 49.500000000000007 1.5000000000000002 2.3184046345811056 2 3 9.5000000000000018 0.51118469462840332 0.91580028098994937 45.500000000000007 38.500000000000007 4.5000000000000009 8.5000000000000018 0.083499335989375839 15.500000000000002 0.075093984962406032 134.50000000000003 39.500000000000007 10.500000000000002 1.5000000000000002 0.30792817761004815 0.35142318398132361 42.500000000000007 4 39.500000000000007 28.500000000000004 0.81828128108215648 5 49.500000000000007 28.500000000000004 6 7 1.1540124140988697 0.19123809523809526 0.74995475931958022 8 0.12746615087040622 11.500000000000002 0.10002856334568651 9 10
decision_type=2 2 2 2 2 8 2 2 2 10 9 2 10 10 2 2 2 2 1 2 2 2 2 2 2 9 1 2 10 2 2 2 2 2 10 2 10 2 2 2 2 2 10 2 1 2 2 2 9 2 2 9 9 2 2 10 1 10 2 2 9 9
left_child=1 2 18 6 5 20 7 8 10 24 33 27 -13 19 15 25 49 26 21 42 35 23 -15 59 -10 -7 57 -12 -29 -14 31 32 -28 -2 39 -4 37 58 -16 -35 -3 -42 -8 44 45 46 51 -38 -31 56 -46 -11 -30 -32 -17 -9 -6 -5 -22 -1 -24 -40
right_child=3 40 4 17 16 14 13 55 9 43 11 12 29 22 38 54 -18 -19 -20 -21 36 -23 60 -25 -26 -27 30 28 52 48 53 -33 -34 34 -36 -37 47 -39 61 -41 41 -43 -44 -45 50 -47 -48 -49 -50 -51 -52 -53 -54 -55 -56 -57 -58 -59 -60 -61 -62 -63
leaf_value=0.010307123975652626 -3.3954131440129004e-05 0.0038459105590974603 -0.0056010064676362444 -0.012589944045889992 0.0061439909320182015 0.011264157173300576 0.0096087929541672518 0.012510517062328903 -0.00049039129218661709 0.0083732836806972074 0.0026568146714596405 -0.042252360650875703 0.00015992104726335885 -0.018477325695064037 -0.0074726003259838027 -0.0011179467141442848 -4.085478881799384e-05 -0.0097349734797135563 0.00061980253250163429 -0.011362751207225161 -0.0091329953953104993 -0.0014053789485277872 0.0018872297422944354 0.013246364118558389 0.01026869404657162 0.0015236925297670808 -0.0010461489154828453 -0.017986689544671312 0.0055132832236023388 0.052898020489487198 0.0021700654012543905 -0.0034200343072243499 -0.01056298796218734 -0.012151433172728383 -0.0049060850698952668 0.035523601813488431 -0.017755235522842239 -0.069158345436131488 0.0050852942203617607 -0.042111589431627641 0.014790442086474268 0.0058524086280419361 -0.0023180358844782328 -0.00052116571660873543 -0.017106251633283134 -0.010215506118698668 0.0099873680627591398 0.0015577947578292563 0.012037398211559275 0.01324686295878693 -0.0047875386999793809 -0.0049901580319280268 -0.0057650932530388527 -0.0059490047684601383 -0.014181668036809239 0.0038196590766570609 -0.00090357580607671047 0.001068543895950246 -0.033149097252286812 0.0037954502475710909 -0.010373977546609611 -0.0025270191328728366
leaf_weight=17994.043745040894 29864.582427978516 113673.360912323 20837.135097026825 3423.4258098602295 45521.0284678936 23137.825220823288 9744.9081165790558 15800.887621879578 47427.461252450943 4243.9249503612518 94113.518606424332 650.1011016368866 8339.73699426651 11969.183689117432 32395.305939435959 9305.2388579845428 114182.04483366013 38311.724547863007 62543.268313884735 8539.0939073562622 1847.5510792732239 16916.561447620392 6233.3211627006531 24922.198546409607 11816.842890262604 21664.769419908524 16225.559997797012 6099.5706763267517 10454.519619464874 481.16933274269104 31887.325261354446 91170.309699296951 52407.066182136536 2274.3372802734375 17921.146525859833 566.61565327644348 5871.1138186454773 543.06656074523926 12255.19491314888 1757.6009228229523 18050.397979021072 41343.873951435089 16061.22018289566 38049.663826465607 11703.267316102982 28417.595554828644 8354.3514461517334 3490.8670256137848 24366.843119859695 11512.069927215576 7799.5029108524323 52116.813161611557 11471.04630279541 14970.281363010406 6525.6952285766602 18691.376257181168 17633.459556341171 58235.571417808533 2169.6974220275879 51889.186360359192 9476.7740697860718 43740.621033430099
leaf_count=7518 7734 63322 9146 1189 19568 8674 2389 3374 9629 756 21687 185 2023 2975 13382 5526 50751 11968 32294 1780 465 2543 1603 6234 2720 9341 3838 1320 2301 118 9627 27501 14194 600 4572 283 1268 84 6771 461 5155 8398 3132 9256 3568 6484 1966 724 5369 5103 2327 10863 2558 4064 1398 4575 9647 14206 509 28111 2567 27035
internal_value=-1.78865e-05 0.00230948 0.00131136 -0.00206077 -2.58265e-05 -0.00228526 -0.00084695 -0.000192591 -0.00085267 -0.00281359 0.0011284 0.00272537 0.00866767 -0.00561775 -0.000667353 0.00314698 0.00217979 -0.00409641 0.004175 -0.00118282 -0.00911025 0.00616461 -0.0111205 0.007516 0.00165575 0.00655705 -0.00329129 0.00107926 -0.00421838 0.00966636 -0.00436555 -0.00552158 -0.00831314 -0.00367842 -0.00863774 -0.00451072 -0.0161806 -0.0277258 -0.00328387 -0.0252189 0.00546683 0.00856895 0.00218597 -0.00457078 -0.00593877 -0.00463113 -0.00217953 -0.0105545 0.0128569 0.00557561 -0.012174 -0.00398317 -0.000387461 -0.000423924 -0.00650352 0.00780118 0.00417708 0.000309956 -0.022109 0.00547225 -0.00551467 -0.000860477
internal_weight=1.5414e+06 720532 547465 820872 373199 184351 514240 452216 417724 209929 207794 155977 33837.9 62024.5 149025 60633.5 188849 306631 174265 34345.2 35326 111722 27679.3 94805.4 59244.3 44802.6 268320 122139 28025.1 33187.7 206661 159803 68632.6 51817.7 21953.1 21403.8 13922.3 4560.32 88391.1 4031.94 173068 59394.3 25806.1 150685 112635 93132.7 64715.1 9361.98 24848 74666.6 19502.8 56360.7 21925.6 46857.6 15830.9 34492.3 63154.5 61659 4017.25 69883.2 15710.1 55995.8
internal_count=528729 323250 246375 205479 169675 84606 118892 104446 96497 47569 48928 35561 7695 14446 72127 24939 85069 86587 76700 7301 12479 44406 7145 41863 12349 18015 74619 27866 6179 7510 59224 45533 18032 13367 5633 9429 3050 1058 47188 1061 76875 13553 5521 35220 25964 20069 13585 1992 5487 34318 5895 11619 4859 13691 6924 7949 29215 15395 974 35629 4170 33806
cat_boundaries=0 1 2 3 4 5 6 7 8 9 10 11
cat_threshold=549505 6 501874 2 14 2048 32768 1443952 14 444768 1247234
is_linear=0
shrinkage=0.05


Tree=50
num_leaves=63
num_cat=21
split_feature=5 12 12 15 20 20 4 19 13 19 15 17 19 4 17 16 19 17 9 6 9 20 4 16 16 16 16 17 16 9 16 17 17 17 17 6 17 9 16 13 4 16 17 16 16 8 16 17 16 9 17 5 13 16 17 16 16 4 16 17 16 2
split_gain=2627.75 916.671 760.982 675.983 618.871 553.964 651.171 652.877 656.449 504.319 476.761 470.39 461.212 460.01 450.33 437.573 368.96 349.925 340.941 320.797 293.394 292.421 286.896 286.328 508.538 553.867 279.359 276.17 274.514 274.016 273.964 265.708 264.638 264.106 256.467 255.696 247.398 246.991 239.184 239.763 231.333 229.177 226.848 223.436 302.022 480.927 256.084 218.369 216.661 237.814 215.763 220.717 212.757 212.638 207.038 197.546 328.241 193.803 184.184 183.541 181.055 178.502
threshold=0.47092630155510484 0.33259453816776829 0.36696589050096362 56.500000000000007 0 1 119.50000000000001 2 13.500000000000002 3 11.500000000000002 4 5 7.5000000000000009 6 51.500000000000007 7 8 0.80014130946773443 1.7086079157730554 0.87515133171912851 9 6.5000000000000009 44.500000000000007 9.5000000000000018 14.500000000000002 10.500000000000002 10 44.500000000000007 0.13832872076010508 14.500000000000002 11 12 13 14 1.0485755038628157 15 0.72554997608799632 14.500000000000002 31.500000000000004 27.500000000000004 6.5000000000000009 16 9.5000000000000018 16.500000000000004 1.0855735414558947 48.500000000000007 17 14.500000000000002 0.36474287828338886 18 1.0000000180025095e-35 52.500000000000007 49.500000000000007 19 17.500000000000004 8.5000000000000018 12.500000000000002 48.500000000000007 20 45.500000000000007 283.50000000000006
decision_type=2 2 2 2 1 1 2 9 2 9 2 9 9 2 9 2 9 9 10 2 10 1 2 2 2 2 2 9 2 10 2 9 9 9 9 2 9 10 2 2 2 2 9 2 2 2 2 9 2 10 9 2 2 2 9 2 2 2 2 9 2 2
left_child=2 3 10 5 29 15 7 21 9 14 16 -6 37 -12 -9 20 61 -8 -16 23 28 -7 -10 24 54 26 -26 -15 47 -3 32 -24 -22 -5 -25 -32 58 -4 39 41 -20 -31 -21 -19 45 -45 -46 -2 49 -47 51 -18 -35 -48 -13 56 -14 -11 -37 -27 -39 -1
right_child=1 4 12 33 11 6 17 8 22 57 13 19 55 27 18 -17 50 43 40 42 30 -23 31 34 25 59 -28 -29 -30 38 35 -33 -34 52 -36 36 -38 60 -40 -41 -42 -43 -44 44 46 48 53 -49 -50 -51 -52 -53 -54 -55 -56 -57 -58 -59 -60 -61 -62 -63
leaf_value=0.0060976873283589538 0.0032061431551852135 -0.011353318042004889 0.00099408635424748067 0.0059664450798491957 0.0029313699775902527 0.0060576885521983412 -4.5300347089449633e-05 -0.0016111957223192497 -0.010156046759454527 0.023583262520180781 0.0021091459956256221 -0.00050793727490707136 0.00082547040552420972 0.016897567169228418 0.015693510617689522 -0.018334623092480719 0.0008191875298048999 -0.00022915758247976908 0.010925918646365501 -0.0069493654882742248 0.0063883925776927353 -0.010847357304068632 -0.0045293513476837516 -0.0087727214838395004 -0.0068043378026119913 0.0011997007316429714 -0.019477669940512355 0.0082257751336417568 0.0033148010578623816 0.0048506475918996947 -0.0020187874581322316 0.0021155443049193875 -0.005457787803772091 0.0095364725653324725 0.0009323718749389056 -0.0039864429418919696 -0.015794467897907345 0.0050989253104080229 -0.002391795961587857 0.0061357974927622964 0.00090773532638997343 -0.010633246981514534 -0.015092381954069362 -0.021906606423000498 -0.0015827598399626016 -0.032942811742406569 -0.015950090603178285 -0.0050492013795048196 -0.012993041779518842 -0.001258583455359015 0.0029837462935018168 -0.0079154190161484055 0.000215562062093283 -0.0047017705008278324 -0.0060930785866994894 0.0013328584812491802 -0.0047729792129316793 0.010525595316805393 -0.018711544436412979 -0.0076709266373322666 0.013459840646725278 -0.003880737329300494
leaf_weight=104227.75349545479 10031.540045261383 4833.1518220901489 31807.585535764694 43697.578409194946 16109.968074321747 3150.8931491374969 118625.36658358574 24186.56513261795 6640.6652362346649 3365.8150863647461 18574.507107257843 34034.320162057877 51688.83908033371 15330.93841791153 8938.6184124946594 5153.290048122406 27621.701546192169 34402.484032392502 8775.9002532958984 21216.508365154266 7151.4889667034149 13503.513338565826 19375.939542770386 8789.2788093090057 6022.1816742420197 7443.147579908371 15657.044940710068 23090.72723031044 22099.686186313629 4657.1042428016663 11074.508058547974 67152.667160987854 13785.530607938766 6734.3313748836517 30053.824232816696 12429.46194934845 13783.799927711487 28245.820431947708 29093.496242046356 26629.004383325577 16777.799373626709 4906.5360102653503 14406.472192525864 5951.9319772720337 58155.049823760986 616.1803297996521 6084.5722484588623 39664.315214157104 7337.8055777549744 14653.77497792244 99884.717507600784 9796.9752659797668 67254.943578481674 13575.53454208374 32384.386903524399 76431.386046171188 53054.267922878265 18254.67568230629 2560.4491720199585 26960.924106121063 8400.9737527370453 4682.6048684120178
leaf_count=48277 2859 1733 23468 8504 4286 875 19882 6289 3323 1246 14147 9378 27831 4932 2161 1420 16741 6149 2791 6365 2525 4412 5807 2690 1691 2431 4492 7366 5964 922 3902 19979 5100 1384 9107 3988 4329 10036 7344 6600 3596 1043 4326 1176 9982 92 1021 10752 1224 2419 47367 2144 12561 2283 8499 48093 31907 4016 830 8178 3164 639
internal_value=5.33494e-06 -0.00153904 0.00276574 -0.0005738 -0.00394174 -0.00126692 -0.000416818 0.00180602 0.00271392 0.00602719 0.00444893 -0.00528244 0.000721262 0.00856971 0.00361959 -0.00404107 0.00349498 -0.00204601 0.00728685 -0.00595437 -0.00348567 -0.00764716 -0.000141414 -0.00500647 -0.00619253 -0.00969831 -0.0159577 0.0116929 -0.00132139 0.000133128 -0.0060419 0.00062727 -0.00141091 0.00288487 -0.00126585 -0.00847501 -0.0109597 0.00421729 0.000983655 0.00369701 0.00434857 -0.0030935 -0.010249 -0.00373162 -0.00486468 -0.00926231 -0.00325056 -0.00338313 -0.00593263 -0.00253919 0.00177066 -0.00146747 0.0010639 -0.00818363 -0.00323218 -0.000599881 -0.00201026 0.0125536 -0.00649841 -0.00575371 0.00701591 0.00566811
internal_weight=1.54098e+06 988144 552839 704947 283197 587260 449526 190123 173469 80299.4 303210 213078 249629 56996.2 58678.9 137734 246214 259403 34492.3 196968 132581 16654.4 93169.3 161345 122502 56083.3 21679.2 38421.7 71795.5 70119.3 60785.2 86528.6 20937 117687 38843.1 39848.2 28773.7 68454.4 65286.1 36192.6 25553.7 9563.64 35623 140777 106375 28559.7 77815.2 49695.9 22607.8 15270 137303 37418.7 73989.3 19660.1 66418.7 181174 104743 21620.5 14989.9 34404.1 36646.8 108910
internal_count=528038 241926 286112 162841 79085 140392 98723 54495 49208 20099 141613 61443 144499 26445 14837 41669 115168 44228 8548 57157 40249 5287 29109 46466 34669 16792 6183 12298 19575 17642 20674 25786 7625 22449 11797 13049 9147 36668 15909 8565 6387 1965 10691 24346 18197 4911 13286 13611 3735 2511 66252 18885 13945 3304 17877 107831 59738 5262 4818 10609 13200 48916
cat_boundaries=0 1 2 3 4 8 9 13 14 18 19 23 27 31 35 39 42 46 50 54 58 62
cat_threshold=2 9 540672 206019 16777344 1107296256 147849216 8192 112650 235438160 76040544 8217 4 231754 2106072 2148010192 2243954987 8472 2 270976 2357870848 79891524 8450 2658944 151521888 75498641 116 2098688 2156037120 92317774 272 203436176 2223128948 345180272 392 2150109192 2483052548 2195720 8 40407664 8397584 2447476000 102760960 2223556432 539134290 268 5014048 2415919696 84936964 16 1296040448 385901062 1007079480 6 2281969168 604032288 2751663187 256 136581376 227033602 2097409 20
is_linear=0
shrinkage=0.05


Tree=51
num_leaves=63
num_cat=16
split_feature=5 7 8 20 20 5 10 4 4 13 0 0 10 13 15 0 21 8 2 4 4 5 17 0 15 17 11 10 13 17 8 13 13 10 11 17 8 11 10 9 17 11 11 17 17 21 4 0 5 2 17 13 21 0 17 15 10 17 2 0 17 0
split_gain=2469.22 779.642 776.042 681.459 637.311 427.251 415.316 580.486 521.924 447.936 486.521 405.261 502.186 368.93 364.222 370.547 361.66 354.158 331.964 317.925 313.487 305.788 297.002 290.231 259.649 249.269 244.129 241.843 235.662 225.12 215.071 202.888 200.053 199.882 198.021 197.616 188.629 180.895 180.826 179.942 179.703 170.086 167.536 159.811 157.365 152.989 152.573 150.244 149.04 148.591 143.734 143.422 138.212 137.893 135.884 135.601 127.81 125.719 124.635 124.067 122.704 120.854
threshold=0.90201131999191442 98.500000000000014 1.1421086941604339 0 1 0.1241124794416142 2.5000000000000004 119.50000000000001 380.50000000000006 4.5000000000000009 3.5000000000000004 1.5000000000000002 1.5000000000000002 6.5000000000000009 23.500000000000004 1.5000000000000002 2 1.2083634828750605 8.5000000000000018 6.5000000000000009 1.5000000000000002 1.7509124087591244 3 258.50000000000006 12.500000000000002 4 0.050830507837235937 1.5000000000000002 9.5000000000000018 5 2.0119047619047623 52.500000000000007 8.5000000000000018 1.5000000000000002 0.13411654211775542 6 1.480061162079511 0.083700162380756379 2.5000000000000004 0.50012382367508679 7 0.0098435927912187606 0.021866930890685126 8 9 10 271.50000000000006 1.0000000180025095e-35 0.16032128514056229 6.5000000000000009 11 6.5000000000000009 12 349.50000000000006 13 138.50000000000003 2.5000000000000004 14 40.500000000000007 33.500000000000007 15 16.500000000000004
decision_type=2 2 2 1 1 2 2 2 2 2 2 2 2 2 2 2 9 2 2 2 2 2 9 2 2 9 2 2 2 9 2 2 2 2 2 9 2 2 2 8 9 2 2 9 9 9 2 2 2 2 9 2 9 2 9 2 2 9 2 2 9 2
left_child=1 2 11 24 6 18 7 9 13 10 -2 12 20 59 15 28 26 29 57 -11 -1 -17 -22 25 48 55 35 -7 54 -3 43 -16 39 45 36 58 -21 61 -31 -24 -10 -20 -34 51 -35 60 52 49 -4 -14 -33 -23 -47 -42 -6 -9 -50 -5 -12 -8 -13 -18
right_child=4 17 3 5 14 27 8 23 40 19 16 33 47 -15 31 21 37 -19 41 34 22 30 32 -25 -26 -27 -28 -29 -30 38 -32 50 42 44 -36 -37 -38 -39 -40 -41 53 -43 -44 -45 -46 46 -48 -49 56 -51 -52 -53 -54 -55 -56 -57 -58 -59 -60 -61 -62 -63
leaf_value=-0.0012980068475719458 0.018642386286299988 0.0016954528493382552 0.00070195976673860928 0.011364126205792219 0.013448214168998157 0.00237026089687584 0.030573584113386544 -0.0026538738851181083 0.00080962834053193529 -0.0076095165744856866 0.018971353954097527 0.0065819333132511541 0.0060748138568301477 0.0036035344079946049 0.013412788027534607 -0.0054544462510733756 0.00200550543257296 0.0016339948163767784 -0.00070310801143750831 -0.00053042627711103461 0.0049250027174050099 -0.0023169291288637332 0.019716642325139495 -0.01732806261070707 0.0071135484634357723 -0.0063740754749962436 -0.0024002021221487015 0.0069350549740129306 -0.003898792044338534 -0.006621186702595489 -0.038990161088377176 -0.0049156690832703638 -0.00076089735772533814 0.004995261386425795 -0.014414413073725521 0.0024651276066063178 -0.0094359961610275545 -0.025143112540954443 -0.0019468207085729995 0.0044438320136849577 -0.0026841178033191727 0.021231485289760401 0.0022327281160888983 -0.014269536185934085 -0.00029228831852175637 -0.00093183273285544685 -0.010218601130666118 0.0038625934231636665 -0.010308505489861952 0.013336883811568268 0.0018109888845222605 -0.01069219786971988 -0.0070004052803760448 -0.010838209370707655 -2.1862390738278872e-05 0.005635979963433165 -0.0013902450299388123 0.0039497020050566775 0.0073169980278932033 0.013085615356824974 -0.0024430248058388386 -0.0088160409360466176
leaf_weight=75781.819969177246 4965.0855143070221 18618.336760520935 14880.533522367477 13776.663812160492 3459.5871405601501 47232.458899021149 1361.2518129348755 32059.593426942825 37544.557286024094 21285.607722759247 5021.0569157600403 6729.7524421215057 16213.684471607208 42282.579279184341 2458.4932382106781 60679.445514917374 5180.0422084331512 57643.079452514648 978.37321043014526 152426.56894683838 78973.334766149521 7743.691036939621 2459.0452444553375 4721.7993454933167 8155.9848437309265 73308.372037649155 6867.4993691444397 75236.026726484299 25140.059739112854 43320.655487060547 677.20796704292297 15596.853476285934 83209.793123245239 17719.535605192184 2747.5011773109436 6956.0094225406647 6186.3795008659363 1051.667364358902 39606.077202320099 8931.3384232521057 27946.446985006332 9135.2085802555084 106621.05840802193 16962.957091808319 68186.37745308876 28475.944111585617 8649.2192890644073 23904.597370386124 8784.3721835613251 12458.173131942749 16161.08754825592 15041.368966579437 13989.987777709961 6365.1750917434692 4075.2735180854797 5829.0559575557709 7403.0674059391022 9833.0916721820831 4226.8086175918579 3983.7411890029907 8527.0838196277618 5138.603259563446
leaf_count=66721 2214 2890 5368 5172 1704 11479 298 5901 5371 10769 1328 1537 6476 8832 696 14918 1418 8234 243 46815 47566 2442 927 618 2241 13929 1643 16379 12232 6792 221 4125 54636 3877 909 1624 1985 265 5855 4076 4276 2347 63049 5628 15288 6670 1760 7026 2553 3507 4194 4712 3281 759 2028 991 1705 3697 806 660 1973 1051
internal_value=2.97899e-05 0.00168422 0.00235368 0.00506709 -0.00239169 0.0065465 -0.00142436 -0.00232016 0.0011094 -0.00082297 0.00401167 0.00140821 0.00222878 0.00516837 -0.00502535 -0.00620305 0.00190203 -0.00149617 0.0115303 -0.00186608 0.00155508 -0.00769899 0.00232673 -0.00518813 -0.000825442 -0.00467247 0.00549765 0.00517458 -0.00157412 -0.00327303 -0.0110679 -0.000422209 0.00130665 -0.000793327 -0.0011084 0.00884824 -0.000877827 -0.00539373 -0.00438822 0.00774249 -0.001581 0.0191097 0.000920516 -0.0105912 0.00079895 -0.00285421 -0.0041652 0.00679008 -0.00291002 0.0092306 -0.00149361 -0.00784258 -0.00293305 -0.00419584 0.00618162 -0.00137803 -0.00623022 0.00828292 0.0136313 0.0175443 0.00153974 -0.00338387
internal_weight=1.54089e+06 915435 756247 195416 625451 156192 457455 337972 119484 222053 39406.8 560831 408553 47627.6 167996 133780 34441.7 159188 33723.3 182646 355976 101105 280195 115919 39224 111197 23071.4 122468 32674.9 101545 40425.2 34216.4 201221 152278 161360 16203.9 158613 11370.3 82926.7 11390.4 71856.2 10113.6 189831 39748 85905.9 66372 51115.2 52576.5 31068 28671.9 31757.9 22785.1 42465.9 34311.6 7534.86 37888.6 16187.4 23609.8 9247.87 5344.99 15256.8 10318.6
internal_count=528687 363325 339554 51184 165362 39317 112462 92266 20196 70827 10349 288370 253984 9790 52900 43885 8135 23771 11459 60478 236975 27921 170254 21439 11867 20821 5401 27858 15964 15537 13003 9015 122688 34386 49709 3758 48800 2734 12647 5003 10406 2590 117685 12782 19165 15221 11711 17009 9626 9983 8319 7154 9951 5035 3732 6892 4258 8869 2134 958 3510 2469
cat_boundaries=0 1 2 4 8 12 16 20 24 28 32 34 38 40 43 47 51
cat_threshold=1 6 33792231 66560 402917104 2459046240 579995714 8594 8384 25696288 2160066974 8589 2109640 83886336 72353825 64 33560192 25088 2162175104 256 536768 67109312 2227374344 276 34349600 3490218352 2380268820 256 201601240 142606656 12779526 10320 411897857 230432 34091392 565252 2686451982 256 541065254 136 34111504 41220 354462792 101197504 2282225664 2147560720 256 9544 32772 2687634696 256
is_linear=0
shrinkage=0.05


Tree=52
num_leaves=63
num_cat=19
split_feature=5 5 10 8 20 1 13 0 10 3 3 11 10 0 6 17 6 1 5 8 7 17 17 11 3 17 11 0 13 0 17 21 10 8 6 19 7 17 8 20 17 7 19 17 2 8 17 10 0 17 5 21 5 21 17 17 11 11 10 7 3 6
split_gain=2212.66 667.893 1040.28 521.437 510.244 442.706 402.903 531.092 372.828 360.207 358.109 356.074 325.162 317.999 306.815 296.473 294.878 294.301 275.595 299.584 268.603 262.693 235.982 227.643 222.665 219.23 214.694 344.679 210.576 206.127 191.958 189.915 189.025 178.69 175.31 221.77 180.116 181.896 174.054 235.238 170.924 167.884 166.606 160.616 160.213 159.426 155.863 155.244 154.333 154.264 152.495 150.7 148.208 145.913 145.654 133.802 130.621 130.221 125.996 124.213 122.619 120.199
threshold=0.96562974630140086 0.23553051495212957 1.5000000000000002 1.1636634199134201 0 1.0000000180025095e-35 2.5000000000000004 2.5000000000000004 2.5000000000000004 116.50000000000001 934.50000000000011 0.067779660845796272 1.5000000000000002 155.50000000000003 1.5455313267813271 1 0.42108920668592958 2.5000000000000004 2.0802384500745164 1.0455488494907585 40.500000000000007 2 3 0.10168402242873398 4.5000000000000009 4 0.022016949765384201 1.0000000180025095e-35 9.5000000000000018 1.5000000000000002 5 6 1.5000000000000002 2.0119047619047623 0.61861168384879728 7 59.500000000000007 8 1.0884455731318017 9 10 43.500000000000007 11 12 6.5000000000000009 1.3750761266747871 13 5.5000000000000009 1.5000000000000002 14 0.39047078842881461 15 0.097960815673730522 16 17 18 0.035084746312350042 0.0074040003206020085 3.5000000000000004 9.5000000000000018 254.50000000000003 0.44532598532796325
decision_type=2 2 2 2 1 2 2 2 2 2 2 2 2 2 2 9 2 2 2 2 2 9 9 2 2 9 2 2 2 2 9 9 2 2 2 9 2 9 2 1 9 2 9 9 2 2 9 2 2 9 2 9 2 9 9 9 2 2 2 2 2 2
left_child=1 2 5 9 6 43 7 -2 13 17 16 20 53 23 30 44 -10 -3 40 -20 22 -14 -9 24 -8 61 27 46 -18 -26 50 56 -22 58 49 36 45 -38 -28 -40 -6 -17 -13 -1 -4 -36 -7 -12 -27 -31 -5 -16 59 -11 -15 -55 -24 -29 -21 -46 -34 -19
right_child=4 3 15 14 18 26 8 11 10 12 47 42 21 54 51 41 28 25 19 33 32 -23 31 -25 29 48 38 57 -30 34 -32 -33 60 -35 35 -37 37 -39 39 -41 -42 -43 -44 -45 52 -47 -48 -49 -50 -51 -52 -53 -54 55 -56 -57 -58 -59 -60 -61 -62 -63
leaf_value=0.0022308340777306068 0.024692234553212639 -0.0047177313518674911 0.0073697242937504947 0.010556824533364097 -0.0010413945673397559 0.0064626108424049285 -0.0069483369066330822 -0.0073241639640166389 -0.0069429408914828215 -0.014099107753885263 -0.0083367852709193124 -0.028055314832955452 0.0016331339694043929 0.0016387133018458686 0.00014291586383807445 0.0063936597368297252 0.010336172172642195 -0.0012972894830259828 -0.0046041698907386772 -0.01353386458761238 -0.010605290737076998 -0.0035791752561162601 0.021035640389699326 -0.011037702722699168 0.0025232042722370153 0.0038610026573707777 0.0045651727781122571 -0.032264145341809859 0.0022556628809892623 -0.00017129240870310321 0.0011212263001429057 0.0011840762206373268 0.010114357684450691 -0.037755549641819708 -0.0010239460378589516 0.00095699369067918307 -0.0040001119921292752 -0.012876005037552291 0.012949982072606225 -0.00018561935801197471 -0.0050455267996389799 -0.0042555968080135566 -0.0042497559309459575 -0.00038738757835654218 0.01235232742560595 -0.009287500068298718 0.00083511472966129392 -0.00056559976679732568 -0.001360350507990759 -0.0066971584693852858 0.0039917839110760935 -0.0067562927858520255 0.0092738392475305801 -0.0081766666881850428 -0.014516249062634401 -0.0018425635120915673 0.0087131247520531776 -0.0072804542590178059 -0.0016596018039192189 0.021602390748162257 -0.011743354873948494 0.0046482450084988558
leaf_weight=97067.674108028412 2853.7670080661774 23457.803099393845 15103.121740818024 9843.6314263343811 42422.568147182465 22079.592480182648 23790.576498985291 2082.0676305294037 7766.2248668670654 5776.0669445991516 13020.292565345764 1244.7114586830139 41372.109020471573 1690.7522702217102 49319.012164354324 20775.97202372551 9289.1270253658295 10247.140482902527 25529.883862733841 16317.793401241302 4155.8221454620361 58122.861739397049 4330.552551984787 7710.2595586776733 23961.848453521729 17790.858162164688 46571.385094881058 584.61771202087402 61023.843461036682 12146.110668420792 63520.311240911484 3586.0064163208008 2765.0841603279114 692.44183564186096 80559.215240478516 56473.123863935471 27121.79718542099 7335.8846349716187 15832.044532775879 4351.8613770008087 71769.3131711483 4502.3117566108704 1804.3788855075836 147685.12531042099 7013.0989010334015 6291.6386282444 27800.481758594513 12689.672337532043 69186.754781723022 35681.858641624451 87199.71055316925 9417.3398249149323 10166.188398838043 19769.043249130249 8089.148138999939 14448.703763246536 4275.9767751693726 4780.9412059783936 2588.6922047138214 7534.3644897937775 834.51437187194824 49867.870797395706
leaf_count=75244 1443 7567 5942 2106 11839 9648 12171 600 1665 1048 1678 329 7087 224 9280 6601 1476 2760 12494 5021 738 9914 1179 2363 10476 5449 20471 118 11229 3387 12747 997 496 226 21159 12368 4542 1286 4520 1546 20871 771 477 115289 2162 1729 12590 1557 16556 9993 16720 1898 2130 3591 1112 2603 1196 993 541 1855 117 12426
internal_value=-2.09524e-05 0.00145221 0.00291143 0.000261741 -0.00245436 0.00187755 -0.0015451 0.00425789 -0.00195589 -0.00105808 0.000616772 0.00193176 -0.00294256 -0.00287393 0.00212765 0.00873634 0.0023021 0.0004832 -0.0048656 -0.00817384 0.00414838 -0.00141199 0.00821765 -0.00256551 -0.00232651 0.00131265 0.00433803 0.00203233 0.00332332 -0.00188591 0.0032588 0.0108691 -0.0033416 -0.0128233 -0.0023542 -0.00163126 -0.00283602 -0.00589497 0.00624613 0.0101243 -0.00355854 0.00449505 -0.0140797 0.000651066 0.0114248 -0.00162267 0.00332769 -0.00450133 -0.000292282 -0.00504136 0.00465733 -0.000964473 0.0139072 -0.00675013 -0.0117367 -0.0055035 0.0148979 -0.0100081 -0.0119082 0.0171442 0.00504511 0.00363417
internal_weight=1.54308e+06 961188 431849 529339 581895 366754 422574 27932.9 394641 310039 103789 25079.1 139489 290852 219300 65095.1 78079.2 170550 159321 45128.8 22030 99495 14274.6 281072 273362 147093 122001 55245.6 70313 249571 160564 12192.5 7755.42 19598.9 225610 177782 121309 34457.7 66755.3 20183.9 114192 25278.3 3049.09 244753 39816.8 86850.9 49880.1 25710 86977.6 47828 97043.3 58736.4 24713.7 39993.8 9779.9 34217.7 8606.53 5365.56 18906.5 14547.5 3599.6 60115
internal_count=528611 371632 259880 111752 156979 240419 105987 7572 98415 69001 17605 6129 24243 80810 42751 19461 14370 44758 50992 18282 5323 17001 3972 79474 77111 37191 49886 23349 12705 64940 31573 3372 1351 5788 54464 41084 28716 5828 26537 6066 32710 7372 806 190533 12089 22888 22238 3235 22005 13380 18826 11178 6147 7242 1336 6194 2375 1111 5562 4017 613 15186
cat_boundaries=0 1 5 9 12 16 20 22 23 27 28 32 33 37 41 45 47 49 52 56
cat_threshold=6 2250520472 25838336 2895120452 8452 438317528 92832064 8522793 20 134742080 67633504 65808 2147755160 688050176 607357284 11018 69739472 1090551808 2765302085 392 34244835 1024 606571 35653184 67682304 2753561856 256 22 134260288 4028252962 93325648 272 540674 37785216 3229747296 651298960 27088 201625328 2558658864 546442258 268 134225920 227016992 2214593552 258 1364291879 164096 860913760 2048 192 524288 12582912 2315781384 573440 2751537288 16
is_linear=0
shrinkage=0.05


Tree=53
num_leaves=63
num_cat=20
split_feature=5 12 0 12 15 4 19 19 20 4 8 5 20 8 13 15 8 5 20 13 6 0 20 5 19 13 10 12 19 12 19 12 8 19 20 3 13 19 13 7 19 13 7 13 4 19 13 18 4 20 4 8 21 7 15 2 22 0 21 0 19 7
split_gain=1997.96 743.847 752.839 606.514 587.888 553.506 472.417 412.969 406.069 387.906 375.301 369.32 349.743 371.285 329.567 372.517 345.618 328.506 303.776 279.334 277.856 268.057 259.123 224.794 218.675 206.563 203.702 200.845 208.893 198.371 192.769 189.602 184.499 180.059 170.191 168.391 167.436 194.834 166.087 154.743 188.548 147.222 142.658 142.55 141.724 140.481 137.341 189.862 137.173 150.314 136.795 135.863 133.971 129.303 126.142 123.822 123.661 122.866 121.128 119.183 135.542 118.558
threshold=0.97306967074408945 0.4751187549868649 12.500000000000002 0.20732547204936255 11.500000000000002 168.50000000000003 0 1 2 7.5000000000000009 1.2556604579630897 0.30792817761004815 3 1.1052742850784469 2.5000000000000004 126.50000000000001 1.0606674027726661 0.20550527903469082 4 5.5000000000000009 1.3335401157981805 2.5000000000000004 5 2.0802384500745164 6 52.500000000000007 2.5000000000000004 0.080361041402882985 7 0.26122765296434236 8 0.033355570252055551 1.5719738276990187 9 10 573.50000000000011 28.500000000000004 11 52.500000000000007 135.50000000000003 12 53.500000000000007 604.50000000000011 53.500000000000007 3.5000000000000004 13 80.500000000000014 14 155.50000000000003 15 2.5000000000000004 1.128502838168316 16 102.50000000000001 12.500000000000002 4.5000000000000009 17 2.5000000000000004 18 162.50000000000003 19 51.500000000000007
decision_type=2 2 2 2 2 2 9 9 1 2 2 2 1 2 2 2 2 2 1 2 2 2 1 2 9 2 2 2 9 2 9 2 2 9 1 2 2 9 2 2 9 2 2 2 2 9 2 9 2 1 2 2 9 2 2 2 9 2 9 2 9 2
left_child=1 2 4 7 6 22 27 34 33 -6 26 46 13 19 16 23 24 43 39 -8 36 50 55 31 -9 -17 35 28 -1 -14 44 -16 -25 53 -2 45 -10 -38 -19 40 -18 -30 -28 -15 -24 -4 -11 -48 49 52 -21 -7 -33 -5 -51 -3 -46 -36 -13 60 -22 -20
right_child=3 5 10 8 9 51 12 14 20 11 -12 58 29 17 15 25 18 38 61 21 59 -23 30 32 -26 -27 42 -29 41 -31 -32 48 -34 -35 57 -37 37 -39 -40 -41 -42 -43 -44 -45 56 -47 47 -49 -50 54 -52 -53 -54 -55 -56 -57 -58 -59 -60 -61 -62 -63
leaf_value=-0.01014703693339522 -0.00087111295437207253 -0.002154782391441182 -0.0043387378476571785 0.0029808419507046727 0.0013149164402512568 -0.0096449887931908049 0.017338945129949133 0.0056387486837255439 -0.0074709120499271559 0.010996334285511514 0.0032884973284329402 0.0088474365944232886 0.0020797690806497334 0.015131250222406146 0.0010041154756227969 0.016601997157892439 0.0013170093520478016 0.0061980193744954242 -0.0048764468134585397 -0.00036588844709192509 0.0068392535679124011 -0.0017484053049178893 -0.00083795493881868406 -0.0043588217930757723 0.018901692578615556 0.0024456920133406617 0.0012208903196868513 -0.0016416770312600801 0.0030393218722671715 -0.0041375974178707231 -0.001027333786085197 0.0022524989219283704 -0.019178176190556319 -0.0051102150293640906 -0.0059266156818520823 -0.0077380058490409773 -0.00016043856383041443 -0.0049490048730589896 -0.0046489977034847802 -0.0098281599663354313 0.014125926262001513 -0.0045228016102739623 -0.0043233679252031058 0.0023504780541604309 0.0050784516058819283 0.00075363510612291374 0.044853232110537093 0.013620728650896297 -0.003936102695817339 -0.0047283395474081585 0.0048311176889578138 -0.0036747572539264379 -0.0034727330832577557 -0.0058514474343835787 0.002877706586140916 -0.0091125109758970462 -0.00061412952813258328 -0.016986637879370457 0.0036329660620135957 -0.018659313899918057 -0.0083101161485920599 -0.020045919245737204
leaf_weight=3463.4876024723053 4352.1745903491974 34693.614942550659 32713.075242519379 28604.322852134705 29971.981805801392 18776.739431381226 3213.5748474597931 10028.831272602081 28327.064197778702 33629.850380659103 49120.424887657166 16049.375196218491 47518.540466308594 15052.849644899368 66937.125272989273 2793.3604142665863 7405.6358726024628 58798.394812583923 6376.0325407981873 15630.004764080048 1514.5801033973694 28965.210673570633 21418.91180896759 43289.208597183228 4514.1325137615204 33118.517254829407 58397.940151691437 80211.109480857849 73370.999255895615 17573.036912202835 64697.876946926117 39631.822737693787 2206.4986810684204 13655.464014530182 4133.3850932121277 18479.368317604065 35135.286694049835 53737.519506454468 3753.6514532566071 1695.1314358711243 4692.1876602172852 7054.0976843833923 14478.029294967651 2551.9472239017487 46634.073054552078 23106.165181159973 715.84345984458923 1575.9781625270844 64763.276653289795 30456.551973581314 66677.320589780807 19351.849660873413 13755.957774400711 4844.8460350036621 6638.6456038951874 7838.6780931949615 11997.676598787308 6402.9309723377228 36542.868593215942 2693.9339127540588 52053.526356458664 1613.4879560470581
leaf_count=1691 1201 26613 5542 8086 23041 3855 1050 4135 8203 13072 7277 3953 21604 4495 15797 542 1842 13569 1911 13380 390 6301 18169 13519 1743 5750 9267 37695 29639 10423 36459 10435 759 3879 1820 2648 11210 17784 980 252 1101 3892 1787 922 18540 3901 329 687 10885 9102 31553 3397 3690 747 1790 2341 5190 1620 9059 369 16926 273
internal_value=-1.38677e-06 0.00139022 0.00215749 -0.00233301 0.00311786 -0.00112392 0.00224744 -0.00105305 -0.00439193 0.00623138 -0.000495804 0.00789613 0.00357422 0.00463527 -0.000695869 -0.00123443 0.0038049 0.00724531 -0.000180244 0.00280821 -0.00550974 0.00238841 -5.95451e-06 -0.00187595 0.00977345 0.00354725 -0.00175885 0.000147182 0.00185764 0.000401142 0.00100224 -0.00122027 -0.00507795 -0.000274343 -0.00920065 -0.0036011 -0.00412349 -0.00305647 0.00554704 0.00431288 0.00629852 0.0023757 0.000119387 0.0132788 0.00264248 -0.00223144 0.0118041 0.0236464 -0.00217936 -0.000921934 0.00384422 -0.00661502 0.000776917 0.00170091 -0.00336619 -0.00343646 0.00391436 -0.0126368 0.00522676 -0.0083983 -0.00788194 -0.00793213
internal_weight=1.5394e+06 964025 738615 575371 542320 225409 423834 354805 220567 118486 196295 88513.9 259735 194643 339916 303591 36325.4 80156.8 21782.5 114486 173462 111273 187281 267679 14543 35911.9 147175 164100 83888.6 65091.6 144749 222183 45495.7 47104.6 14888.5 74298.6 117200 88872.8 62552 13793 12097.8 80425.1 72876 17604.8 80050.7 55819.2 35921.7 2291.82 155246 90483 82307.3 38128.6 53387.8 33449.2 37095.2 42532.3 58631.7 10536.3 52592.2 56262 53568.1 7989.52
internal_count=528082 372321 257757 155761 227335 114564 177194 88167 67594 50141 30422 27100 104277 72250 83526 72269 11257 19966 5379 52284 54882 51234 107312 65977 5878 6292 23145 72917 35222 32027 78358 51699 14278 12712 4641 12091 37197 28994 14549 3195 2943 33531 11054 5417 41899 9443 14088 1016 35902 25017 44933 7252 14125 8833 10892 28954 23730 3440 13012 17685 17316 2184
cat_boundaries=0 1 2 3 4 5 6 7 8 9 10 11 12 13 14 15 16 18 19 21 22
cat_threshold=1598129 540672 2 14 20 1 1254753 16384 371274 150730 10 120835 9667 727115 20481 22 1079845347 34056 100729729 8471332 165120 8192
is_linear=0
shrinkage=0.05


Tree=54
num_leaves=63
num_cat=14
split_feature=16 16 16 16 9 17 16 9 16 16 16 17 17 20 1 16 17 12 9 16 9 17 6 17 9 19 12 16 6 16 17 16 6 3 2 3 13 6 16 17 17 12 16 16 13 6 19 13 12 16 6 16 17 17 13 9 6 13 3 6 16 13
split_gain=851.837 1359.01 1124.05 1452.31 1298.93 1108.05 1007.02 803.58 2352.4 727.915 1488.97 1006.49 703.737 653.423 632.609 600.374 566.081 548.145 601.312 528.597 562.996 493.241 489.254 451.579 448.849 378.518 380.165 519.496 693.068 627.394 495.657 405.157 372.88 407.439 362.19 354.049 392.247 382.691 352.251 341.257 334.144 332.918 324.857 313.149 304.269 302.057 293.277 289.572 284.419 452.406 635.804 607.935 518.847 454.893 283.552 282.361 276.976 263.705 260.193 309.244 250.395 234.015
threshold=44.500000000000007 8.5000000000000018 48.500000000000007 49.500000000000007 0.55563197310102408 0 51.500000000000007 0.3335334133653462 15.500000000000002 39.500000000000007 28.500000000000004 1 2 3 6.5000000000000009 47.500000000000007 4 0.11637076062710917 0.84622507122507129 10.500000000000002 0.015373871938117749 5 0.99976700838769805 6 0.59995385325334571 7 0.32375760811855592 14.500000000000002 1.2152872444011686 11.500000000000002 8 16.500000000000004 0.32326935097405984 9.5000000000000018 5.5000000000000009 136.50000000000003 52.500000000000007 1.3487883525503228 15.500000000000002 9 10 0.45941855382586749 11.500000000000002 50.500000000000007 38.500000000000007 0.11116531165311654 11 10.500000000000002 0.19303311591707803 14.500000000000002 0.67611661409254398 16.500000000000004 12 13 35.500000000000007 0.95244377434351057 0.60020632737276491 42.500000000000007 52.500000000000007 0.19594913342221312 42.500000000000007 8.5000000000000018
decision_type=2 2 2 2 10 9 2 8 2 2 2 9 9 1 2 2 9 2 10 2 10 9 2 9 8 9 2 2 2 2 9 2 2 2 2 2 2 2 2 9 9 2 2 2 2 2 9 2 2 2 2 2 9 9 2 10 2 2 2 2 2 2
left_child=1 13 15 4 -4 -5 17 8 14 10 11 25 -10 23 61 39 -12 18 43 -16 -21 -11 -22 -1 -8 38 27 29 31 46 -31 -29 33 -33 -6 36 -25 -38 42 -2 -15 -37 -9 -7 -28 -35 -27 -14 49 52 51 -51 55 -52 -50 -13 -32 -19 -53 -60 -23 -3
right_child=2 7 3 5 34 6 24 9 12 21 16 48 47 40 19 -17 -18 57 -20 20 22 60 -24 35 -26 26 44 28 -30 30 56 32 -34 45 -36 41 37 -39 -40 -41 -42 -43 -44 -45 -46 -47 -48 -49 54 50 53 58 -54 -55 -56 -57 -58 -59 59 -61 -62 -63
leaf_value=-0.00082792148319893444 0.01206616057266729 0.0049987273574702389 0.0043633310892124359 0.0083717579302790696 -0.0037420153348038353 0.010920508061860776 -0.0157301070472112 0.0052015409339001735 0.010255975412973481 0.0070747400954060645 0.019459674568070601 -0.00048835375571934395 0.010245000465007457 -0.0038714227499659741 -0.011640274605973484 0.0098151908780187494 0.0056495924832014287 0.01112114809673081 -0.010095183439306519 -0.041728125821633322 -0.028899563974503047 -0.0056942963945229826 -0.00013105774838822969 0.0075451127427675615 -0.0038112577660559493 0.0044800539789782833 -0.0092284290224382108 -0.0010370370351353655 -0.00573677020598136 0.031673354436652472 -0.00062235855891629686 0.0078500329701882525 0.0056355400439729916 0.064062855913112365 -0.016244268204998732 0.003109927223210933 0.0048836181786409945 -0.0043542564465981169 -0.0012339302726393222 0.0025295883195493116 0.0015619634966839201 -0.0049234851665349308 0.034608495558242247 -0.0031253740376193731 -0.0002962182306264202 0.024322111442776555 -0.0046735371943141917 -0.0043276233297263097 -0.0084977849764390854 -0.0069087400238895787 -0.0050862254858171814 0.0050126243172501214 -0.005435044977650595 -0.017059580048619554 -0.0031249358144894313 0.007464498232275677 0.010530982832516592 0.002718583395033552 0.050885904695171236 0.01484421572861251 -0.0020771846045184636 -0.010543040360842155
leaf_weight=59082.179811239243 10099.040543317795 2657.2090680599213 14574.766649961472 45400.069018363953 7426.3451194763184 8227.1893527507782 11965.694416284561 1562.1209807395935 16180.064578294754 10077.358698606491 9914.84978723526 19431.00274348259 3881.8799247741699 63356.347634077072 8892.5336744785309 45653.61674785614 29530.549134254456 17300.823255300522 13887.574362277985 4457.6855249404907 4127.4720187187195 120506.54122591019 2301.9114751815796 90532.918828010559 23240.680580854416 20973.09907412529 12627.80585694313 15534.180401325226 33389.550093650818 2431.3539569377899 6900.8039634227753 2140.7367286682129 11150.898129224777 758.72623610496521 26348.647566795349 55842.481320381165 37985.754936933517 15904.157803058624 2466.037184715271 130489.76624941826 51120.980239391327 16768.479557037354 2355.4416916370392 7663.9065897464752 38906.674339771271 1296.0872948169708 14999.077544212341 27930.941909313202 40733.799935340881 8099.926424741745 27141.920806407928 5350.5182631015778 20875.193988084793 11217.206725120544 61833.879457235336 26221.64578127861 28782.450053930283 20287.320560216904 752.67299580574036 2837.4332699775696 79353.131651639938 27305.311244249344
leaf_count=17142 3597 1018 7084 15451 3453 2309 3283 565 5360 3492 3203 5636 1105 27488 1798 15979 10628 5146 3794 907 796 40489 438 29881 7793 5767 4487 5224 7356 861 3315 1991 2763 490 5677 8989 18635 6273 697 45404 20609 2794 800 2155 18850 395 4355 10498 14969 3763 6384 3628 6846 2898 31292 7822 6695 8624 267 556 26709 11592
internal_value=5.24489e-06 -0.000670292 0.00205089 -0.000588862 -0.00811208 0.00186936 -0.00100945 -0.00189167 -0.00612708 -0.00127397 -0.000160989 -0.00103177 0.00177015 0.00173088 -0.0137465 0.00483352 0.00912761 0.00257191 -0.00249524 -0.0206864 -0.0280734 -0.00371379 -0.0186012 0.00304761 -0.00786248 0.00158352 0.00118052 0.00254596 -0.000743516 0.00539954 0.00986945 0.00465543 0.0104172 0.0231216 -0.0134955 0.00410261 0.00553473 0.00215728 0.0135488 0.00321576 -0.00144517 0.00125468 0.0228868 0.00414673 -0.00248507 0.0390201 0.000663265 -0.00254837 -0.00331824 -0.00168606 -0.0050236 0.00301285 0.00109324 -0.00859367 -0.00525877 0.00407872 0.00837173 0.00658625 0.0120013 0.0224125 -0.00425795 -0.00916461
internal_weight=1.54105e+06 1.15848e+06 382565 196323 48349.8 147973 102573 767888 97735 670153 460216 420770 47992.9 390593 49742.1 186242 39445.4 67366.8 29778.7 19779.6 10887.1 209937 6429.38 276116 35206.4 196275 189891 138357 64270.2 74086.8 38114.6 30880.6 15346.4 4195.55 33775 217034 144423 53889.9 6383.6 140589 114477 72611 3917.56 15891.1 51534.5 2054.81 35972.2 31812.8 224495 121928 55399.7 17040.6 66527.8 38359.1 102568 45652.6 35683.3 37588.1 8940.62 3590.11 199860 29962.5
internal_count=528265 398516 129749 64769 16214 48555 33104 266705 33512 233193 162503 148672 16963 131811 16549 64980 13831 22028 8258 3939 2141 70690 1234 83714 11076 64611 62549 39212 18219 20993 10871 10863 5639 2876 9130 66572 54789 24908 2062 49001 48097 11783 1365 4464 23337 885 10122 11603 84061 37800 17496 8214 20304 9282 46261 13458 10010 13770 4451 823 67198 12610
cat_boundaries=0 4 8 12 13 17 21 25 26 30 34 38 39 42 46
cat_threshold=69214848 3775415296 97585344 8592 1073750736 2281832802 2241084482 9114 404753408 557712 270696704 28 6 2626816 549392 2097418 4 20971520 621941264 134254882 204 153658688 2499805746 167967 604 10240 0 2147483648 2112 128 134250560 1686114354 402657318 2692 1109399792 1276150302 2955257128 4 460024 2181825544 1351154688 537067820 2316042504 67652608 541130897 4
is_linear=0
shrinkage=0.05


Tree=55
num_leaves=63
num_cat=8
split_feature=5 16 12 13 0 16 12 16 9 16 16 16 19 16 6 16 9 16 13 1 19 16 16 6 16 9 16 12 5 16 16 16 16 16 20 16 16 13 20 16 9 16 16 16 20 9 16 12 19 19 13 1 0 16 16 6 6 19 8 16 9 16
split_gain=1868.7 739.39 812.758 758.172 520.651 485.257 477.44 421.943 391.183 594.858 539.6 605.073 428.484 455.125 404.02 378.295 363.212 339.788 318.452 314.663 314.259 312.331 461.738 306.37 422.074 304.393 344.031 298.6 298.275 292.263 366.074 362.408 306.902 298.185 279.103 476.895 332.302 275.66 274.553 268.209 462.737 578.212 325.485 262.688 258.242 258.112 252.754 366.775 247.089 243.296 233.789 223.495 220.438 218.348 215.903 214.501 207.574 206.529 202.851 201.748 462.619 298.793
threshold=1.0006418485237487 45.500000000000007 0.11301562177235637 36.500000000000007 2.5000000000000004 4.5000000000000009 0.32375760811855592 51.500000000000007 0.77784748361912748 15.500000000000002 51.500000000000007 44.500000000000007 0 11.500000000000002 1.8010791366906476 16.500000000000004 0.84622507122507129 8.5000000000000018 11.500000000000002 33.500000000000007 1 8.5000000000000018 15.500000000000002 1.5006318449873632 9.5000000000000018 0.23104297837393925 28.500000000000004 0.46394378052198465 0.42125428513813273 48.500000000000007 44.500000000000007 39.500000000000007 28.500000000000004 49.500000000000007 2 16.500000000000004 10.500000000000002 16.500000000000004 3 9.5000000000000018 0.015373871938117749 28.500000000000004 11.500000000000002 14.500000000000002 4 0.3335334133653462 48.500000000000007 0.080361041402882985 5 6 16.500000000000004 2.5000000000000004 1.0000000180025095e-35 12.500000000000002 10.500000000000002 1.2469230602842252 1.5006318449873632 7 1.1987364548895441 16.500000000000004 0.5417210617928635 40.500000000000007
decision_type=2 2 2 2 2 2 2 2 10 2 2 2 9 2 2 2 8 2 2 2 9 2 2 2 2 10 2 2 2 2 2 2 2 2 1 2 2 2 1 2 10 2 2 2 1 10 2 2 9 9 2 2 2 2 2 2 2 9 2 2 8 2
left_child=1 2 4 21 19 38 8 16 10 12 11 14 -10 -14 17 44 27 -7 46 51 -15 37 -23 24 49 26 54 28 -3 30 31 32 55 -31 -8 36 -36 -4 -2 -6 41 42 -41 56 -11 -13 -18 -48 -42 -5 -9 -1 -53 -25 -19 -17 -22 -35 -20 60 -26 -61
right_child=5 7 3 23 39 6 34 50 9 15 -12 45 13 20 -16 29 18 25 58 -21 43 22 -24 53 59 -27 -28 -29 -30 33 -32 -33 -34 57 35 -37 -38 -39 -40 40 48 -43 -44 -45 -46 -47 47 -49 -50 -51 -52 52 -54 -55 -56 -57 -58 -59 -60 61 -62 -63
leaf_value=0.0032340505681387691 0.0032568735435713776 0.015063641410678247 -0.0060245422595751026 0.009055248348328283 0.0038111268084493662 0.0023321226587803322 -0.0013619792744582766 -0.0095340367132804305 -0.0066374497384403784 -0.007980080401585387 -0.012329604336209171 0.011577785928661585 -0.0019420468129524124 0.036208653231314822 0.0034920153800420692 0.0041497727235514708 0.0024393105054838272 -0.017524343087735428 0.0027635141814575603 0.064900081644743424 0.0037596249636254785 -0.0086630746355691353 -0.002098174155758799 -0.0058694948507811897 -0.010843924493885904 -0.0039439331867421731 -0.006233868025745843 0.00033448917204443728 0.0068825825735504779 -0.013744130939121713 0.0021222076916779585 -0.0083675878024628784 0.0093533069272207399 -0.010549920259009235 -0.0077220120534789083 -0.0040803363875401635 -0.017396353582201093 0.0011581739494355479 -0.0050054693763771762 -0.013856601368092469 -0.010160884267553724 0.0016638666083664756 -0.052641458829287092 -0.00016333414755853679 -0.020939343079550914 0.0030027032515120948 -0.019894943653595912 0.00058793984237323876 0.00053636772020925567 0.0027842284960170917 0.00081768189365272182 0.014133495352037315 0.0057115586063105853 0.0009173614758802187 -0.042073763896289418 -0.0072303155545814443 0.014411874903900787 0.0025018144362758889 0.0077977163461751126 0.0050644657565186513 -0.00025958142379660441 -0.0010561892231233502
leaf_weight=92528.058675050735 51540.900082111359 15240.964527368546 18176.538438558578 19348.043119907379 50086.174587011337 13764.921135663986 29488.052827119827 7365.7522482872009 20289.038793325424 11587.187529087067 7859.13813996315 14830.952548503876 40772.302191972733 828.06441116333008 26697.445511579514 6083.8196837902069 10103.463166952133 2730.6792106628418 74019.817382574081 216.13683700561523 9163.4945921897888 48801.526158094406 59367.828839540482 27101.315279245377 12550.960077047348 22835.748825073242 5276.2289793491364 11781.035836219788 41428.324993848801 14629.459109544754 25130.683830022812 34824.633762836456 6022.9909365177155 5358.4652585983276 24275.34187912941 58457.371990919113 13994.687808513641 50378.525905609131 12480.894593954086 1006.4631967544556 5638.1264204978943 2187.3954830169678 1170.8993330001831 13271.661965608597 5781.5015647411346 21493.226602315903 4170.9334516525269 4590.0354902744293 121517.64614200592 77131.869665384293 21009.417677640915 9808.8073256015778 37376.474224567413 21059.143159151077 1333.8666560649872 12960.131224155426 9130.7240595817566 6955.1302354335785 27424.374648332596 34305.440317869186 58154.55721616745 47612.598927497864
leaf_count=53078 13480 5344 4720 8362 9204 3162 8143 1937 5978 2475 1689 4027 10570 213 6133 1800 2901 706 40127 37 2378 17129 24538 10124 4737 4827 1487 5078 8130 3525 6867 9347 1675 1582 8015 19507 4380 14849 4473 206 1115 437 221 3038 1482 4434 1382 1080 21513 37656 8454 2934 10438 7006 387 2900 2277 1894 6628 19534 32454 24474
internal_value=-2.98182e-05 0.00122902 0.000523168 -0.000793131 0.00246357 -0.00243574 -0.0029967 0.00381507 -0.00202084 -0.00324964 0.000322597 0.00123526 -0.000210262 0.00157276 -0.00139954 -0.00544584 0.00466964 -0.00424214 0.00301522 0.00475569 0.00599704 -0.00338666 -0.00506004 0.000748737 0.00145453 -0.00705455 -0.014658 0.00757737 0.00908307 -0.00438072 -0.00294261 -0.00506782 -0.000483415 -0.00891857 -0.00562243 -0.00692037 -0.0112601 -0.000746296 0.00164582 0.000697455 -0.000488326 -0.0164941 -0.0347282 0.00519027 -0.0123114 0.00650408 -0.00295001 -0.00916474 6.12152e-05 0.00404312 -0.0018697 0.00466219 0.00746256 -0.00290185 -0.0255891 -0.00359478 0.00907671 -0.0031848 0.00412452 -0.000181844 -0.00213854 0.00150703
internal_weight=1.54251e+06 1.01266e+06 795525 473988 321536 529849 465827 217134 339611 222789 116822 108963 93455.3 73166.2 72638.9 129334 188759 45941.4 120309 139929 32393.9 176724 108169 297264 249103 32176.5 9340.77 68450.3 56669.3 111965 85022.3 59891.6 25066.9 26943.1 126215 96727.4 38270 68555.1 64021.8 181607 131521 4364.76 2177.36 31565.9 17368.7 36324.2 18864.4 8760.97 127156 96479.9 28375.2 139713 47185.3 48160.5 4064.55 19044 18294.2 12313.6 101444 152624 70705.5 81918
internal_count=528678 385827 304766 205583 99183 142851 124898 81061 84853 58001 26852 25163 24454 18476 16702 33547 70670 10569 52118 66487 7906 61236 41667 144347 127217 7407 2580 18552 13474 29590 22589 15722 6375 7001 40045 31902 12395 19569 17953 32696 23492 864 427 7693 3957 8461 5363 2462 22628 46018 10391 66450 13372 17130 1093 4700 4655 3476 46755 81199 37191 44008
cat_boundaries=0 1 2 3 4 5 6 7 8
cat_threshold=549249 2048 2 22 12 540688 34826 1586841
is_linear=0
shrinkage=0.05


Tree=56
num_leaves=63
num_cat=22
split_feature=5 12 10 15 20 16 16 9 16 9 16 16 17 17 16 16 12 16 16 17 16 4 19 9 16 5 22 17 2 19 6 12 19 16 16 17 19 8 10 17 12 4 17 9 12 4 20 17 17 17 4 9 16 12 17 21 17 5 17 19 4 5
split_gain=1742.31 850.918 833.208 642.314 686.897 489.258 486.739 484.094 1069.61 483.235 494.683 422.743 402.008 384.357 378.302 756.054 378.14 363.961 678.08 384.891 343.456 334.984 301.333 292.72 298.525 278.485 273.186 272.025 270.399 251.75 238.996 238.775 315.669 248.145 453.523 231.919 237.375 230.107 242.051 228.523 215.176 214.926 208.37 202.798 202.27 201.117 231.672 200.154 198.561 197.877 182.784 178.947 174.561 198.28 168.872 168.499 165.726 164.802 162.758 162.083 195.823 251.972
threshold=0.33385909568874872 0.47203327427654984 1.5000000000000002 33.500000000000007 0 9.5000000000000018 44.500000000000007 0.14302761677463352 28.500000000000004 0.63163576038541958 51.500000000000007 51.500000000000007 1 2 48.500000000000007 49.500000000000007 0.2366182907172821 39.500000000000007 28.500000000000004 3 11.500000000000002 803.50000000000011 4 0.76198131985913353 44.500000000000007 1.0000000180025095e-35 5 6 6.5000000000000009 7 2.9191368788142986 0.028440365989344078 8 14.500000000000002 11.500000000000002 9 10 1.0233238134094929 1.5000000000000002 11 0.13337778828734445 33.500000000000007 12 0.38432252767625408 0.030553718666580913 176.50000000000003 13 14 15 16 1.5000000000000002 0.46718319971281569 4.5000000000000009 0.082510154047462994 17 18 19 0.097960815673730522 20 21 157.50000000000003 0.74798904487718632
decision_type=2 2 2 2 1 2 2 10 2 10 2 2 9 9 2 2 2 2 2 9 2 2 9 10 2 2 9 9 2 9 2 2 9 2 2 9 9 2 2 9 2 2 9 10 2 2 1 9 9 9 2 10 2 2 9 9 9 2 9 9 2 2
left_child=2 3 16 4 5 26 7 8 20 10 21 23 43 -5 44 -16 35 18 19 -9 -7 58 -19 24 -6 28 -2 -17 -4 -18 -10 32 -21 34 -34 -1 -37 -25 -39 -27 -29 -22 -13 -3 -11 46 -14 -20 -24 -28 -38 -33 53 -51 -46 -36 -26 -31 -8 -54 61 -61
right_child=1 12 25 13 11 6 9 17 30 14 -12 42 45 -15 15 27 29 22 47 31 41 -23 48 37 56 39 49 40 -30 57 -32 51 33 -35 55 36 50 38 -40 -41 -42 -43 -44 -45 54 -47 -48 -49 -50 52 -52 -53 59 -55 -56 -57 -58 -59 -60 60 -62 -63
leaf_value=-0.0020972243628426339 -0.0057135881581670614 -0.0083580225168953109 0.0058689243372677183 -6.6233674596855239e-05 -0.0033092438589090662 -0.019572569482914932 0.0063220483705029367 -0.0055709633885231971 -0.0034000439219948604 -0.0036905562030543045 -0.0073064130792135796 -0.0046589898341356144 -0.0035461399621450292 0.0045624760643045653 -0.012520311652701786 0.0062448028430953937 0.0029790630696263469 -0.0092219045872411875 0.019791751933801758 -0.031908270515626537 -0.017868485249903667 -0.00074422471306556345 0.0057130775881312837 -0.0021517346693330826 0.0079054624697161412 -0.0017251447637973661 -0.0015457573409854688 -0.006518589941310428 0.013529832334481946 -0.00032543484528129037 0.020937644441761792 -0.016168506541228242 -0.003828444730578754 -0.0041942348580517076 -0.0057096314099753659 -0.0019605060427662574 0.00023331018870041055 -0.013177896466141068 -0.0054775849916856058 0.0062970951662704644 0.0029026551330190086 -0.056306715211744296 -0.023258603744575248 0.00099229366069827473 -0.00076165256773849611 -0.0094491828291773643 -0.010373716944707378 0.0060743270722758329 -0.0036741372359481595 0.0089515366794637573 0.0058344891582993623 -0.00099312679972310175 -0.0014939910804173953 0.0027295137196504389 0.0060258353143282997 0.015127413044993557 -0.0010152423844145548 -0.0074978120900985566 0.015164279566763143 0.017395149859032039 0.00017692401279739743 0.0042218608458691742
leaf_weight=16122.153199195862 10556.082812786102 6826.1584131717682 23636.46048951149 91959.527011394501 49628.665790319443 3418.9522130489349 8404.5276720523834 45587.734118938446 4922.397567987442 10796.568151473999 5648.5545380115509 2386.8553574085236 71658.690789937973 87542.701216459274 16210.392859697342 12984.469012022018 64776.788548231125 25177.970734834671 3266.26895403862 575.96091341972351 494.8991904258728 6931.258355140686 6195.2380239963531 29838.264055252075 11321.043560028076 12360.184466600418 23875.194495439529 14831.078117609024 22470.095009088516 165360.3570125103 1267.6532986164093 1990.9646635055542 5555.1940681934357 5377.7637140750885 1059.9876449108124 13692.455798149109 17104.019956111908 14368.482294082642 35228.065315008163 31487.78972363472 10247.417722940445 1383.3363208770752 4158.1896440982819 38504.492839574814 13179.739446640015 30560.441211223602 15033.916803121567 14327.512122631073 61228.871448278427 24089.316972732544 98130.701894760132 78411.219518184662 24276.554419755936 27333.99466919899 30083.718856573105 11363.557503700256 9633.4003734588623 8415.6108384132385 13888.90913438797 4490.8383462429047 21967.6472427845 18924.801123142242
leaf_count=9687 2475 2242 9298 19236 13910 837 1982 9990 1263 2586 1138 699 22465 18506 3735 2823 41436 5973 696 154 167 980 1276 12637 2971 2534 5572 3164 6332 117649 375 420 1191 1375 232 8054 14547 4673 8990 6684 2452 282 1143 10482 3056 5549 5737 3206 13122 5360 51278 16915 5544 6546 6868 2378 2731 1857 3114 1142 3723 5343
internal_value=3.39763e-05 -0.00108448 0.0025587 -0.000487013 -0.00114845 -0.000343086 -0.00123977 -0.00248344 -0.0125278 0.00111896 0.00623808 -0.00408191 -0.00441527 0.00219144 -0.000528956 -0.00347778 0.00154307 -0.00203981 -0.00064923 -0.001739 -0.0290185 0.00885612 -0.00455533 -0.00353941 -0.00119635 0.00688969 0.00204866 0.000373517 0.00960269 0.000318949 0.00158662 -6.40944e-05 0.00431999 0.00522612 0.0080469 0.00355627 0.00426308 -0.00562134 -0.00770864 0.00403678 -0.00266791 -0.0461935 -0.0165201 -0.000415794 0.00243151 -0.00596093 -0.00473187 0.00863664 -0.00281081 0.00261417 0.00500269 -0.0013691 0.00343449 0.00564435 0.00395935 0.0133568 0.00380778 -0.000672781 0.0118409 0.00180359 0.00356708 0.00674897
internal_weight=1.54253e+06 1.06898e+06 473557 906392 726890 570327 414812 271605 11487.2 143207 34873.2 156563 162584 179502 108333 54273.4 383602 260118 167516 149922 5297.19 29224.7 92602.1 150018 70583.1 89954.5 155514 38063 46106.6 238553 6190.05 104335 23932.5 23356.5 17978.7 145049 128927 79434.8 49596.5 43848 25078.5 1878.24 6545.05 45330.7 54060 117253 86692.6 17593.8 67424.1 144958 115235 80402.2 121083 51423.3 43263.5 12423.5 20954.4 173776 22293.4 69659.8 45383.3 23415.6
internal_count=528782 259426 269356 212951 175209 127455 91750 59852 2924 31898 7214 47754 46475 37742 24684 12174 244508 56928 36557 32655 1286 6076 20371 45912 19612 24848 35705 8439 15630 160942 1638 22665 5330 5176 3801 83566 73879 26300 13663 9218 5616 449 1842 12724 12510 33751 28202 3902 14398 33230 65825 17335 27658 11906 9924 2610 5702 119506 5096 15752 10208 6485
cat_boundaries=0 1 5 9 13 14 15 19 20 21 25 26 29 33 34 37 41 45 49 50 54 58 59
cat_threshold=22 2164524672 1090554114 684722241 8448 2183923016 402694660 2824872219 10258 69243136 2240304688 539166140 196 707586 147212354 532616 17342464 82906120 256 112650 16384 1090523408 1728055810 268734858 608 540672 134217792 2214600708 3310906 1024 540692 2751539200 16 14 2097152 548864 2097416 17039360 17302032 4325674 76 153649408 3288375088 32923 596 2164261568 524560 15830019 320 19054656 33588288 67117348 874652696 16 134742272 8914768 605228032 260 573602
is_linear=0
shrinkage=0.05


Tree=57
num_leaves=63
num_cat=21
split_feature=5 10 10 20 4 13 19 11 5 15 2 17 3 4 20 5 1 17 17 17 16 16 9 13 2 16 13 17 3 9 6 17 3 9 4 5 3 1 17 6 1 21 16 11 7 10 20 16 3 20 21 19 9 17 17 17 17 17 11 17 16 16
split_gain=1583.54 687.42 613.282 517.073 615.202 474.899 659.924 502.132 456.997 444.901 422.229 416.323 403.24 383.841 368.632 363.349 571.864 351.436 320.804 317.429 312.805 510.409 378.206 292.764 264.731 259.631 258.742 327.412 241.763 239.455 220.234 218.387 217.782 194.648 192.703 191.544 183.173 180.63 178.076 177.624 177.293 190.568 172.585 171.87 180.22 174.118 169.434 167.653 160.892 160.259 157.034 155.761 154.785 151.346 149.446 147.479 146.886 144.139 141.706 140.86 174.58 138.629
threshold=0.48031007751937987 2.5000000000000004 1.5000000000000002 0 123.50000000000001 13.500000000000002 1 0.10168402242873398 1.0000000180025095e-35 9.5000000000000018 12.500000000000002 2 6.5000000000000009 803.50000000000011 3 0.1241124794416142 1.0000000180025095e-35 4 5 6 10.500000000000002 12.500000000000002 0.46718319971281569 6.5000000000000009 12.500000000000002 51.500000000000007 10.500000000000002 7 38.500000000000007 0.027692569870483984 0.40879945154655811 8 2.5000000000000004 0.88003378378378383 121.50000000000001 1.5388642770841725 8.5000000000000018 287.50000000000006 9 1.4001108647450111 35.500000000000007 10 51.500000000000007 0.0067621250501057762 194.50000000000003 3.5000000000000004 11 43.500000000000007 1.0000000180025095e-35 12 13 14 0.97437538986834771 15 16 17 18 19 0.04405155451968313 20 17.500000000000004 48.500000000000007
decision_type=2 2 2 1 2 2 9 2 2 2 2 9 2 2 1 2 2 9 9 9 2 2 10 2 2 2 2 9 2 10 2 9 2 10 2 2 2 2 9 2 2 9 2 2 2 2 1 2 2 1 9 9 10 9 9 9 9 9 2 9 2 2
left_child=2 3 15 4 5 6 7 11 24 10 26 40 -7 14 23 16 48 43 -17 -6 31 22 -22 34 -4 33 27 51 -13 -26 -25 -14 -8 -12 -3 -15 -18 -21 -23 -33 41 -2 47 -10 45 -45 -24 -16 -1 -38 -30 -5 -34 -28 -11 -48 -35 -51 -54 -50 -61 -49
right_child=1 13 8 9 19 12 32 -9 17 54 25 28 20 35 42 18 36 -19 -20 37 21 38 46 30 29 -27 53 -29 50 -31 -32 39 52 56 -36 -37 49 -39 -40 -41 -42 -43 -44 44 -46 -47 55 61 59 57 -52 -53 58 -55 -56 -57 -58 -59 -60 60 -62 -63
leaf_value=-0.0019492741758505791 -0.001979885555040061 0.024290634314658683 0.0072327414462417805 -0.0097230306767821673 -0.0010899998076321288 -0.0058450234079850429 0.040477269059267663 -0.014067936582004118 -0.00994424731964548 0.0062841257240594424 -0.0068701228864760976 0.0028995283702555504 -0.0044525313122593174 -0.00094106424864570019 -0.0019508714985391092 -0.010136635173751433 0.0030094052580108698 -0.00020214987600767175 -0.00066367344952704454 -0.0044633543444696248 -0.031723587189986163 0.0022023643940150043 0.0025539750567529287 -0.003138376536221784 -0.00094995762906233236 -0.029852619919061036 -0.0025039504036001997 -0.0058968958333355413 -0.0014499194803035838 0.020521277346917045 0.0038079210836349988 0.005351712965120283 0.015689031159693154 -0.010440977665755453 0.0077506499339665734 -0.0084225124808157692 0.00030083031881182316 -0.012779848993552213 -0.0019871372231908321 -0.00093493556646040074 1.6908696880370492e-05 0.014892208792359649 -0.012932885992914662 0.0062484439603896508 -0.00064521534414855209 0.014913360814337454 -0.017154902848360843 0.007035203452117925 0.0027617173444518428 0.002240112643316982 -0.010700553080056506 0.0069498456977833342 0.012173907601047522 -0.0083019668599527922 -0.0017320826969613502 -0.0047792945053209239 -0.022828907702386967 0.0097940131809931847 0.0023261202020850198 -0.0017397628493692194 0.0022405840436139049 -0.001892012883459227
leaf_weight=53788 2024.0939342975616 2524.6176676750183 37230.976431131363 1575.9126882553101 92858.464951753616 38016.544205904007 590.58323192596436 5333.869565486908 1662.8604412078857 9002.254034280777 15947.699404001236 23794.536143541336 9582.6004505157471 95488.408941745758 45989.985666513443 10954.341519117355 62052.167095184326 44614.094973325729 48352.760186672211 128723.95581245422 1825.8633644580841 38926.346144914627 3206.5647015571594 12758.862049341202 1572.5008602142334 1814.1298100948334 16497.070334672928 13809.56627202034 14060.209741592407 7449.5420191287994 107948.0055308342 42613.178718805313 7296.002269744873 5632.4293422698975 5822.1845664978027 9396.3554010391235 7317.2084412574768 6877.2824811935425 72753.667302370071 15258.701840400696 4178.1108365058899 9757.2451722621918 2836.1390025615692 35103.27904343605 7689.4010109901428 6944.7449035644531 4629.2070903778076 11573.632970094681 79075.161772727966 7840.939523935318 6806.7232782840729 12073.304618835449 6674.0620503425598 35619.331413984299 16373.123716831207 5060.1148617267609 4247.3039526939392 32933.159163951874 8069.9756300449371 62849.530595302582 49044.157687664032 6965.3690967559814
leaf_count=53788 578 519 13462 638 16816 18389 316 1493 357 2900 3772 7239 2802 13186 10053 2547 30782 9115 10918 24513 538 11324 890 2901 356 422 6460 5437 2894 1862 20469 12990 1643 1370 877 1246 2705 920 21770 3966 795 2632 593 7947 1065 1406 1338 2515 56595 2580 1435 4587 1575 14319 5853 1424 1045 11209 1976 45298 35019 1495
internal_value=4.8784e-05 -0.00115795 0.00218005 -0.0020372 -0.00136022 5.30924e-05 0.00316715 0.000638238 0.0050123 -0.00483933 -0.00624871 0.00193251 -0.00113662 0.000830794 0.00213488 0.00120725 0.00181262 0.00304537 -0.00241534 -0.0033427 -0.000213243 -0.00168046 -0.0104312 0.00369968 0.00909519 -0.0115724 -0.00439932 -0.00047138 -0.000545296 0.0167792 0.00307367 0.00253614 0.0105321 -0.0102873 0.0127557 -0.00161138 0.00480453 -0.00488487 -0.00052685 0.00369353 0.00886087 0.0120045 -0.000863295 0.00586299 0.00639284 0.00767988 -0.00741428 -0.000332761 0.000466211 0.00712067 -0.00447364 0.00501855 0.00973269 -0.0064688 0.0011137 -0.0107047 -0.015802 0.00834238 0.00678436 0.00114656 4.86825e-06 0.0036812
internal_weight=1.53929e+06 982814 556475 681510 548918 320458 88585.4 65954.8 142267 132592 107217 60620.9 231873 301304 196419 414207 354900 96014.4 59307.1 228460 193856 126402 14721.8 129054 46253 27641.6 79575.2 27458.8 44661.5 9022.04 120707 67454.5 22630.6 25827.4 8346.8 104885 110143 135601 111680 57871.9 15959.4 11781.3 67365.1 51400.3 49737.4 42048 12895.9 64529 244757 48091.3 20866.9 13649.2 22040 52116.4 25375.4 9689.32 9879.73 40774.1 14744 190969 111894 18539
internal_count=527924 240913 287011 187059 140256 98007 22576 17066 35570 46803 38050 15573 75431 53854 39422 251441 237976 19890 13465 42249 57042 37284 4190 24766 15680 6609 31441 10662 11568 2218 23370 19758 5510 6187 1396 14432 47276 25433 33094 16956 4005 3210 14656 10775 10418 9353 3652 14063 190700 16494 4329 5225 5194 20779 8753 2762 2415 13789 3551 136912 80317 4010
cat_boundaries=0 1 2 6 7 11 15 19 23 27 31 33 34 35 37 38 42 46 49 53 57 61
cat_threshold=22 738499 2166895624 134787088 3211328 8448 22 2250519448 25199904 2227251204 8448 218140680 92283712 67209616 16 335557072 3364358368 2227306762 8589 170394144 2416485744 94414156 256 136839232 16788000 4196432 2654 134218178 1577587552 15862808 10526 1082296928 99328 2 1 5308919 33792 671776 2147780448 278454368 697304116 16 4194368 2350007826 412223550 20 35656576 67158016 81788928 36175872 541698 2170562560 272 151031816 360710992 67240386 16 37785216 2148140146 651299010 10704
is_linear=0
shrinkage=0.05


Tree=58
num_leaves=63
num_cat=19
split_feature=5 16 16 16 9 16 17 12 12 13 13 12 16 17 0 9 16 17 16 17 17 16 9 15 17 16 17 9 16 17 13 17 16 16 16 21 12 5 17 17 19 0 16 9 16 17 13 13 17 19 17 4 0 4 5 16 15 9 4 19 17 5
split_gain=1496.86 658.362 671.823 791.938 1089.69 616.645 605.966 494.034 477.947 471.05 460.896 456.362 881.957 480.371 449.201 561.036 537.242 427.624 403.833 340.355 336.952 332.299 367.07 332.134 304.782 286.586 279.637 278.047 454.891 447.712 415.509 327.363 327.329 408.831 323.628 275.682 273.639 287.254 270.005 252.38 248.556 243.063 237.645 284.232 246.742 235.126 233.891 217.068 212.071 208.644 198.727 197.551 193.171 187.605 336.294 217.225 183.183 183.093 181.249 193.88 176.473 175.553
threshold=1.0006418485237487 45.500000000000007 9.5000000000000018 16.500000000000004 0.5374574829931974 39.500000000000007 0 0.086269858686867887 0.32796157455345715 22.500000000000004 5.5000000000000009 0.19925545681460691 14.500000000000002 1 1.0000000180025095e-35 0.047847985347985351 11.500000000000002 2 4.5000000000000009 3 4 51.500000000000007 0.81833367078355956 95.500000000000014 5 15.500000000000002 6 0.77784748361912748 15.500000000000002 7 4.5000000000000009 8 51.500000000000007 44.500000000000007 11.500000000000002 9 0.46394378052198465 0.35941599946175068 10 11 12 4.5000000000000009 8.5000000000000018 0.037216579460346781 28.500000000000004 13 39.500000000000007 11.500000000000002 14 15 16 52.500000000000007 9.5000000000000018 3.5000000000000004 0.4005420054200543 48.500000000000007 56.500000000000007 0.76963678522560619 82.500000000000014 17 18 0.20550527903469082
decision_type=2 2 2 2 8 2 9 2 2 2 2 2 2 9 2 10 2 9 2 9 9 2 8 2 9 2 9 10 2 9 2 9 2 2 2 9 2 2 9 9 9 2 2 10 2 9 2 2 9 9 9 2 2 2 2 2 2 8 2 9 9 2
left_child=1 2 7 4 10 19 -6 50 18 -9 40 12 13 -8 25 16 -16 57 48 56 -11 22 36 27 51 -12 -10 30 29 34 49 -30 33 42 -29 -15 37 -3 -36 -17 -4 -18 -32 44 -44 -23 -13 58 -2 -20 -1 -24 -52 -49 -55 -56 -5 -7 -26 -60 -48 -14
right_child=8 21 3 5 6 17 11 9 26 20 14 46 61 35 15 39 41 -19 23 -21 -22 45 24 -25 47 -27 -28 28 31 -31 32 -33 -34 -35 38 -37 -38 -39 -40 -41 -42 -43 43 -45 -46 -47 60 53 -50 -51 52 -53 -54 54 55 -57 -58 -59 59 -61 -62 -63
leaf_value=0.00075103477679146484 0.0083365031891092685 0.015585897876535594 0.044895552398920915 0.0063583424944704779 0.015017270081293077 0.011359280598575647 -0.0045898380631234185 -0.0035477893330376057 -0.0015879014458561815 0.0063924424423013396 -0.0065977764250789344 -0.0072884878664496878 -0.0019390546026045081 0.014462397999497778 -0.013208243238656606 0.0033892497852041365 -0.032743702320970805 -0.0013690116629272399 -0.0011724815339329373 0.001944181076649878 0.0010425441877313832 0.0038132820149230692 -0.0020850057379472385 0.0024111188260298915 0.0032638312759700758 0.028301868047185444 -0.0060695167187856391 -0.0015869816735244392 -0.011860870441328391 -0.0068535816337766944 0.0021149010302000219 -0.0042954586954786923 -0.013796366943887507 0.0043281967415824477 0.019479794719897709 0.0047998464133393037 0.00033771481618454917 0.0068733513374044028 0.0038965531411335043 -0.013819264256053938 0.0031372328151369464 -0.062304730390577545 -0.025828767439197195 -0.0035938567195393819 -0.0058836616440139881 -0.0054371719101560176 -0.00055367808849627362 -0.00017527276145077686 0.00056578025428859278 0.010265722668791973 0.0089579007939558346 -0.020792220366831433 0.0033212194159653883 0.0086363593101986651 0.0054077678466683951 -0.0019361357717176506 0.015475408903686949 0.0014341628659009951 -0.013399102129732761 0.0015474518213568172 -0.0074942158856238471 -0.010954008122624696
leaf_weight=16358.52979016304 15204.982649087906 12221.930654287338 496.53066372871399 32290.402659654617 5626.1487758159637 9710.5530133247375 11608.184988021851 43129.347532749176 53610.938404798508 38830.496462583542 19905.347192764282 34917.397888183594 9129.4973120689392 9340.083242893219 2642.2348113059998 2509.7703840732574 1784.5146152973175 171454.03135490417 5838.7163293361664 61856.139438390732 121546.5663125515 11955.565934658051 4834.9614381790161 42628.218488454819 8886.2830531597137 605.17573070526123 99358.841100692749 34594.262822151184 16649.760848522186 20869.179558038712 13587.54697394371 101385.62023925781 5216.3145840167999 25246.999146461487 3137.3111846446991 35279.841280460358 11463.761301994324 41880.073276519775 23936.679031133652 14137.096771478653 1218.2726721763611 1143.9771790504456 2956.2010114192963 29141.856442451477 3261.7281346321106 16118.861642837524 42681.645561933517 19366.61988067627 20775.974107265472 12578.461757898331 41897.777509212494 1992.0998477935791 23855.595849514008 38908.845906734467 22612.04195022583 18151.305349349976 6643.0492961406708 8910.2264475822449 4943.7337009906769 3862.856541633606 11651.963204860687 13221.574779748917
leaf_count=5835 4101 4732 149 13687 2744 3017 4177 12106 16484 16367 8681 13210 5400 3403 648 514 457 64637 1657 23764 51022 4495 3049 8124 3305 296 31600 9337 4896 6015 3245 26578 1129 6006 876 10817 4993 8241 5976 2952 382 204 904 6299 1119 5843 22539 17509 5448 3131 16689 443 3825 17653 5140 4166 2304 4648 874 662 7253 2838
internal_value=1.03938e-05 0.00113814 0.000471149 -0.000618328 -0.00289748 0.00108909 -0.00110768 0.0024118 -0.00214215 0.00109089 -0.00988271 -0.00164912 0.00112948 0.00446921 -0.0109028 -0.0158285 -0.0295625 -0.000587351 -0.0011857 0.0042506 0.00233836 0.00357756 0.00433106 -0.00171724 0.0027264 -0.00556671 -0.00449938 -0.00230701 -0.00337292 -0.000525382 -0.000121589 -0.00536408 -0.00169089 -0.000839624 0.00161707 0.00682553 0.00735495 0.00884181 0.00571161 -0.011231 0.0155276 -0.0443087 -0.00350522 -0.00566483 -0.0153688 -0.00149843 -0.00409565 0.00332696 0.00385218 0.00664459 0.00568549 -0.00753488 0.00691192 0.00423855 0.00531145 0.00213767 0.00791227 0.0066068 -0.00177394 -0.00685708 -0.00204368 -0.00727202
internal_weight=1.54156e+06 1.01158e+06 794382 508764 217899 290864 173456 285618 529980 203506 44442.9 167830 78579.2 56228.1 42728.1 22217.6 5570.73 190075 377010 100790 160377 217199 189125 341029 123559 20510.5 152970 298401 200573 82537.4 97827.8 118035 79410.6 74194.3 61668.3 44619.9 65565.8 54102 27074 16646.9 1714.8 2928.49 48947.3 35359.8 6217.93 28074.4 89251 116732 35981 18417.2 82111.9 6827.06 65753.4 99038.8 79672.2 40763.3 38933.5 18620.8 17692.9 8806.59 54333.6 22351.1
internal_count=528595 385670 304565 198721 86664 112057 72381 105844 142925 79495 14283 69637 26635 18397 13752 4775 1309 72302 94841 39755 67389 81105 70767 85292 52801 8977 48084 77168 53678 22204 23490 31474 18702 17573 16189 14220 17966 12973 6852 3466 531 661 11567 8322 2023 10338 43002 49309 9549 4788 26349 3492 20514 44468 26959 9306 15991 7665 4841 1536 29792 8238
cat_boundaries=0 4 8 12 16 20 24 28 32 36 38 41 45 46 50 54 55 59 60 64
cat_threshold=0 131074 2112 8706 134254848 83888692 274728080 76 155451424 1702892432 402817300 206 134521808 1451909984 3277872 2076 2221146752 33718400 550570120 8577 2298742784 100663888 16941202 580 67110544 33590018 1020266513 2304 2181048016 2147539970 2777689166 8592 2214887424 2357201926 68229201 66 807612704 163840 2147483712 2147483648 25167936 0 8388868 68288512 256 104 2215387776 1208532992 2228422720 256 2248147336 8929540 80751744 264 614913 2235863472 1140883988 272663824 86 4579 2248672896 1493745764 2754716944 260
is_linear=0
shrinkage=0.05


Tree=59
num_leaves=63
num_cat=18
split_feature=5 3 10 4 20 10 0 20 17 16 16 13 12 4 17 10 15 13 19 13 0 3 16 12 16 13 17 8 4 19 17 17 5 2 0 10 12 3 5 12 20 16 12 15 0 17 12 0 19 17 13 13 10 17 4 17 0 17 16 16 21 17
split_gain=1366.5 822.477 767.709 424.849 637.405 408.686 406.424 666.865 388.828 400.739 698.146 371.001 366.287 352.002 361.716 345.493 337.407 331.126 295.452 428.101 282.545 261.245 251.128 269.067 336.683 249.925 248.597 243.647 237.411 234.327 234.008 226.152 222.339 269.821 211.089 221.647 207.367 195.833 193.299 191.946 189.576 187.932 186.196 190.994 181.886 178.955 177.303 190.201 175.641 172.111 166.493 161.627 161.075 159.56 159.526 156.486 205.402 154.16 151.758 296.916 149.089 151.254
threshold=0.26679751390251888 9.5000000000000018 1.5000000000000002 584.50000000000011 0 3.5000000000000004 1.5000000000000002 1 2 15.500000000000002 12.500000000000002 6.5000000000000009 0.32375760811855592 119.50000000000001 3 4.5000000000000009 25.500000000000004 9.5000000000000018 4 12.500000000000002 10.500000000000002 3.5000000000000004 8.5000000000000018 0.038491179551041983 44.500000000000007 8.5000000000000018 5 1.0626088850174218 19.500000000000004 6 7 8 0.097960815673730522 15.500000000000002 3.5000000000000004 3.5000000000000004 0.48435714081824377 11.500000000000002 0.66622458001768348 0.086269858686867887 9 47.500000000000007 0.42094888001259773 70.500000000000014 5.5000000000000009 10 0.52380952393608116 220.50000000000003 11 12 10.500000000000002 8.5000000000000018 2.5000000000000004 13 111.50000000000001 14 1.0000000180025095e-35 15 9.5000000000000018 15.500000000000002 16 17
decision_type=2 2 2 2 1 2 2 1 9 2 2 2 2 2 9 2 2 2 9 2 2 2 2 2 2 2 9 2 2 9 9 9 2 2 2 2 2 2 2 2 1 2 2 2 2 9 2 2 9 9 2 2 2 9 2 9 2 9 2 2 9 9
left_child=1 17 6 4 5 22 11 13 27 10 39 57 16 18 42 46 34 29 26 20 60 -13 -4 28 36 -7 -8 58 -24 -1 -26 -19 33 -29 51 -36 -25 -21 -32 -10 52 -33 43 -15 -9 -17 47 -5 -30 -14 -42 -6 -11 -23 -38 56 -12 -2 -3 -60 61 -20
right_child=2 8 3 15 12 25 7 44 9 40 55 21 49 14 -16 45 -18 31 19 37 -22 53 23 24 30 -27 -28 32 48 -31 38 41 -34 -35 35 -37 54 -39 -40 -41 50 -43 -44 -45 -46 -47 -48 -49 -50 -51 -52 -53 -54 -55 -56 -57 -58 -59 59 -61 -62 -63
leaf_value=0.016429660865913746 0.014282253077800537 0.011272287406600991 0.0041020685564599974 -0.0023376830872067762 0.0086359679472139822 0.022407997015869499 -0.0080724474952089727 -0.0077739371167893506 0.011333217927987985 -0.004247673960073064 -0.011940974884213678 -0.0051389912799653659 -0.0011431790197893872 -0.0020375688282518846 -0.0076637134340783609 -0.0028041938550906345 0.0042317569815701027 0.0043908450363714215 0.0032972233669207327 -0.0076602953825136563 0.00021845646347316293 0.0066357625156068904 0.022153042596855198 -0.00086353509068901307 -0.0020923289730373751 0.0060226734061046804 -0.001513171589021155 0.011242088556453183 0.0076771719698095313 0.0037972789210804362 0.010734214909016507 -0.00064282344418103293 0.0063457723334184452 0.024763597552713474 -0.0059633091471532063 0.00047820610084716537 -0.0020516952959005936 -0.00068729626877924214 0.0029374985585382727 0.0015137215427227057 -0.00020663136515711679 0.0031892466481199299 -0.0080672751689696478 0.0070708845346876999 -0.016171628686489518 0.0026864467708650535 -0.013456549290427132 -0.0083460638240823656 0.00036644932789319673 -0.0092783410598994663 0.010291838721710389 -0.00043504339729919287 0.013437381378464522 -0.00029623960022654415 -0.012017396115458101 -0.0064059085895639316 -0.038088942171508475 0.0025039210218580901 -0.0049984801528302238 0.0068211296566676296 0.00295373005711007 0.01546540155263414
leaf_weight=5168.6709973812103 5809.1767144203186 7298.1851785182953 72577.009010314941 92432.649315595627 6110.3550097942352 2488.5920238494873 22713.182647705078 32010.537900209427 6792.7693028450012 5823.9840121269226 3033.459808588028 27474.388730049133 9579.9572389125824 46920.690999269485 54816.701143264771 21859.868636131287 28767.609619855881 32152.445050954819 3564.6966619491577 12057.624240875244 18198.223430633545 9350.763251543045 1839.3890063762665 95839.049662590027 16454.854037284851 35727.627656936646 39694.396088123322 17116.836858034134 15100.170415878296 12680.029006719589 10725.570080518723 211779.2962448597 15636.901392936707 4703.9526710510254 38716.808668375015 20385.635211467743 8084.7650663852692 61026.991520881653 30711.959174871445 18608.649466991425 4490.412472486496 37687.013100624084 10984.298242807388 6558.9655742645264 8075.275883436203 46158.617718696594 4378.7203898429871 15359.790939807892 18019.235091209412 20309.632954359055 23749.086805582047 24994.760957956314 1651.859831571579 73282.520701169968 7978.485435962677 8549.09099650383 997.95755910873413 5345.6256973743439 7794.6680855751038 16686.049273014069 6954.9493334293365 9183.7400193214417
leaf_count=2740 2611 2720 16188 14227 1938 410 6294 10928 2193 2114 995 14982 2569 8669 10471 3002 6366 23001 967 4569 3788 3565 565 20925 3771 6809 10787 5513 2853 7036 2377 156380 3286 1058 9081 4120 2223 16259 6936 6024 1204 27182 2146 1121 1990 6286 695 1926 3494 5389 8125 7563 426 28627 1683 2648 193 2452 2807 6819 1891 2502
internal_value=6.56077e-06 0.00235287 -0.000938269 0.000171001 0.000970568 0.00224283 -0.00251316 -0.00341622 0.00547341 0.00294428 -0.000630644 -3.5031e-05 -0.00172626 -0.0025875 -0.00467823 -0.00188976 -0.000483225 0.000863448 -0.00114938 0.000398429 0.00471053 -0.00091533 0.00157492 0.000679124 -0.000143318 0.00709022 -0.00390142 0.00816379 0.00467361 0.00746744 0.00295213 0.000444868 0.010897 0.0141579 -0.00198688 -0.00374153 -0.00174475 -0.0018378 0.00495459 0.00413996 0.00674681 -6.38975e-05 -0.00213793 -0.000920359 -0.00946365 0.000921825 -0.00359464 -0.00319391 0.0037022 -0.00667454 0.00861946 0.00134711 -0.000338263 0.000489022 -0.00700202 -0.0102626 -0.018376 0.0086536 0.00494453 0.00305771 0.00885923 0.0120687
internal_weight=1.54103e+06 442401 1.09862e+06 644601 464411 315547 454023 332760 142934 73697.3 37981.9 121262 148865 292674 119281 180190 118975 299467 173394 110986 37901.6 110108 277330 204753 169795 38216.2 62407.6 69236.6 34958.8 17848.7 57892.4 281619 37457.7 21820.8 90207.6 59102.4 111902 73084.6 41437.5 25401.4 35715.3 249466 64464 53479.7 40085.8 68018.5 112171 107792 33119.4 29889.6 28239.5 31105.1 7475.84 82633.3 16063.3 12580.5 4031.42 11154.8 31778.9 24480.7 19703.4 12748.4
internal_count=528479 262464 266015 131396 105260 68234 134619 82382 46125 23922 12053 52237 37026 69464 22407 26136 29068 216339 47057 29976 9148 47174 61015 44827 37915 7219 17081 22203 6912 9776 13084 206563 9857 6571 22702 13201 24831 20828 9313 8217 11869 183562 11936 9790 12918 9288 16848 16153 6347 7958 9329 9501 2540 32192 3906 3836 1188 5063 12346 9626 5360 3469
cat_boundaries=0 1 2 6 10 11 14 15 19 23 24 28 29 33 37 41 45 47 51
cat_threshold=6 22 2517378704 1763317760 2362452032 8450 69219008 3297248496 2162303234 143 540675 33599872 67167520 608319760 39642 2164261376 67635728 2204930 8268 33920 2147614720 43124738 18816 1 4672 8720 2099458 20 496936 268032 1745371650 9635840 16 222299344 276956416 26214418 8192 134217792 8396896 131096 24 169878088 33124 86027592 256 541065267 132480 2214596608 534528 67119113 4
is_linear=0
shrinkage=0.05


Tree=60
num_leaves=63
num_cat=19
split_feature=5 16 16 16 17 9 16 20 16 22 11 12 4 0 12 16 17 17 10 19 17 4 5 4 16 4 10 17 20 4 20 4 17 13 17 4 5 16 20 16 9 16 13 16 16 16 9 9 16 19 16 16 16 2 4 12 17 17 19 4 17 17
split_gain=1291.1 576.43 623.163 676.182 737.097 646.261 474.015 457.041 435.281 404.958 401.209 440.832 397.129 331.483 327.527 549.833 325.515 318.945 316.34 304.362 278.23 270.408 556.032 367.76 264.392 286.667 297.51 283.582 264.05 257.945 345.904 297.676 233.724 216.21 215.696 222.382 421.986 269.46 205.302 228.539 209.042 208.327 189.287 188.15 209.884 185.584 184.103 180.831 186.186 179.268 179.175 253.457 780.52 174.558 169.972 172.651 169.88 169.842 165.074 175.918 164.434 164.341
threshold=0.80044994375703049 44.500000000000007 9.5000000000000018 16.500000000000004 0 0.48721219256933551 39.500000000000007 1 15.500000000000002 2 0.10168402242873398 0.19303311591707803 41.500000000000007 2.5000000000000004 0.13654929868211915 14.500000000000002 3 4 1.5000000000000002 5 6 35.500000000000007 0.14337101747173692 234.50000000000003 4.5000000000000009 91.500000000000014 1.5000000000000002 7 8 437.50000000000006 9 3.5000000000000004 10 5.5000000000000009 11 4.5000000000000009 0.30792817761004815 50.500000000000007 12 14.500000000000002 0.66676373519704923 7.5000000000000009 37.500000000000007 10.500000000000002 12.500000000000002 11.500000000000002 0.79489683493589747 0.98530311757505962 44.500000000000007 13 1.5000000000000002 13.500000000000002 10.500000000000002 1.0000000180025095e-35 133.50000000000003 0.16270336555042328 14 15 16 31.500000000000004 17 18
decision_type=2 2 2 2 9 8 2 1 2 9 2 2 2 2 2 2 9 9 2 9 9 2 2 2 2 2 2 9 1 2 1 2 9 2 9 2 2 2 1 2 10 2 2 2 2 2 8 10 2 9 2 2 2 2 2 2 9 9 9 2 9 9
left_child=1 2 9 4 58 8 21 13 12 -1 11 24 -6 -2 15 32 46 -11 -15 -3 -13 -5 23 53 61 26 47 -27 34 30 31 -19 -7 -28 -21 -36 -37 -38 39 40 41 -22 -16 -14 -45 -34 -8 48 56 -44 -40 52 -52 -23 55 -33 -26 -39 59 -4 -24 -9
right_child=7 19 3 6 5 14 16 10 -10 17 -12 20 43 18 42 -17 -18 29 -20 28 38 22 60 -25 25 27 33 -29 -30 -31 -32 54 45 -35 35 36 37 57 50 -41 -42 -43 49 44 -46 -47 -48 -49 -50 -51 51 -53 -54 -55 -56 -57 -58 -59 -60 -61 -62 -63
leaf_value=-0.0014114231522510379 -0.0014614341203095574 -0.0007508854812075718 0.012019598574761356 0.0010354085633204066 -0.0041842547686184754 -0.0034684915930236885 0.01099967803389487 0.0090577710618477379 0.033944887066811279 -0.0010190311536738363 -0.0096393938624153366 -0.008069186526114892 -0.0021969666664282922 -0.01443985054319984 -0.0069794809334514166 -0.0068304384052955275 -0.0016229395591856042 0.0012511365348621701 -0.0053068883505631888 -0.010817852251355934 0.001616063473416229 0.033339742277417331 0.0075152742149170561 0.03953807300963904 -0.0052420562341002341 0.00040217909440221598 0.011255856476947178 -0.0033524955748035312 0.0018988948239125219 -0.00057790662976309681 0.0018845528605498632 0.01477504991686991 0.00068509767620261383 0.0029410869976453911 0.0012014569253633806 0.011822685718561978 0.0067997506344150407 0.0083688184275229581 0.0045462342666820095 -0.0028043332685493069 0.0054846992656794793 -0.01953490725790508 0.0022406690962004641 -0.023195080838777707 -0.011927344832242868 0.0088507507822705861 0.0013129354555332664 -0.0015882997258831793 0.0088594380123223071 -0.0040326824631219593 -0.0028519991055332471 -0.0014701424132063101 -0.016066615143181945 0.010422119372066239 0.0049244653173085087 0.0083512263601491828 0.0046420657274468414 -0.0039106426195021698 0.005070934128796712 0.035108860963572068 0.00092053762258330427 0.0017271229671359655
leaf_weight=48662.980659484863 41556.12980556488 33210.888290166855 2795.7856183052063 38145.011687278748 14386.070894956589 8011.4435594081879 8254.4100968837738 12414.456480979919 560.22851324081421 29780.817200183868 13380.031346797943 20811.382982969284 2433.385066986084 12329.902213811874 32633.026642560959 16087.109734296799 114036.43170905113 16698.596272945404 41040.133509159088 1871.492705821991 3438.1817119121552 940 17555.310925722122 1571.0019927024841 7749.3247413635254 108093.90398478508 11256.030937194824 94029.567668199539 62852.530370235443 20571.241916894913 45310.090157985687 14866.245641469955 10482.470465898514 25598.228275299072 18004.482902050018 32580.259319067001 40729.476985216141 3695.244044303894 7633.828483581543 26517.328902959824 24740.75997710228 1759.1133363246918 16218.715388536453 7619.5656373500824 9039.9406278133392 20696.558917999268 12087.197886943817 54713.866524219513 9916.763899564743 38188.975950956345 54504.950549840927 84544.827338457108 14054.982616901398 7123.2976570129395 21311.616212129593 35310.681054592133 9873.0569024085999 11714.002077102661 4940.8420255184174 1170.4310157299042 20488.190911531448 19917.515283584595
leaf_count=19596 18594 13766 1768 25137 6683 3278 2621 2901 276 12399 3888 5862 571 3821 12786 6384 46426 13210 10394 806 867 940 3494 445 2298 17838 2650 16186 28638 3229 22985 5157 3875 6695 14740 13903 8662 758 2190 6986 6039 532 8584 1660 2208 6946 5676 17903 2850 21975 15122 24670 3867 2488 4253 13627 2821 2444 2244 262 4027 4544
internal_value=3.22733e-06 0.00132156 0.000580871 -0.000602482 -0.00282854 -0.0035374 0.0012704 -0.00158402 -0.00972646 0.00264445 -0.00107781 -0.000884163 -0.0104582 -0.00480939 -0.00205731 0.000952566 -0.00058353 0.00371787 -0.00741708 0.00363049 -0.00254774 0.0041732 0.00668353 0.0174127 0.000235699 -0.000198086 0.00174767 -0.00134468 0.00447898 0.00463351 0.0054369 0.007261 0.00414747 0.00548082 0.00597194 0.00626745 0.00729621 0.00466909 -0.00201818 0.000575726 0.00356977 -0.00554522 -0.0039688 -0.0151851 -0.017082 0.00610359 0.00524148 7.49458e-05 0.00337936 -0.00216294 -0.0029292 -0.00330214 -0.00556123 0.0130976 0.00866579 0.0102547 0.000295198 -0.000962698 0.0111969 0.018793 0.00396604 0.00454539
internal_weight=1.54251e+06 842636 637978 405465 185265 176357 220201 699874 34039.2 232512 604948 591568 33479 94926.2 142318 55277.6 134378 183849 53370 204658 238005 85822.8 47677.8 9634.3 353563 321231 119107 202123 171447 154068 133497 88187.1 39190.5 36854.3 108595 106723 88719 56138.7 217194 56455.4 29938.1 5197.3 87040.7 19092.9 16659.5 31179 20341.6 82253 27539.1 54407.7 160739 153105 68559.9 8063.3 71488.5 50176.9 17622.4 15409.2 8907.06 3966.22 38043.5 32332
internal_count=528445 348927 265210 170754 79500 75226 91254 179518 11398 94456 146709 142821 11122 32809 63828 20483 54723 74860 14215 83717 66135 36531 11394 3873 76686 69241 35217 34024 69951 62461 59232 36247 14099 9345 41313 40507 25767 11864 60273 14424 7438 1399 43345 4439 3868 10821 8297 25872 7969 30559 45849 43659 18989 3428 23037 18784 5119 3202 4274 2030 7521 7445
cat_boundaries=0 4 5 6 10 14 15 19 23 24 25 28 31 32 33 37 41 42 46 50
cat_threshold=128 2148664322 16779332 642 1 149073234 157295648 1820853040 402817297 78 3374317872 663749174 402952600 594 1589376 2150109448 2281709616 32937 2072 2110928 2156419200 2227308810 10653 28 6 138711296 75513972 270532624 16777216 33559568 32897 2 1771554 134488136 75540320 67110936 272 2105472 0 79694088 256 461952 2283808712 2147508224 2153776128 28 2181562760 573440 80749696 256
is_linear=0
shrinkage=0.05


Tree=61
num_leaves=63
num_cat=7
split_feature=5 12 7 15 4 13 16 16 10 12 11 5 12 4 9 16 9 16 16 9 16 9 22 16 13 12 6 16 6 6 1 15 13 21 6 15 13 16 3 21 6 9 4 6 9 12 5 16 21 13 16 16 3 18 13 3 21 13 21 16 9 9
split_gain=1161.26 557.682 484.487 362.797 371.183 365.684 351.144 580.917 332.843 317.608 352.195 309.579 303.28 282.359 277.319 272.818 679.727 786.169 396.276 983.378 383.365 283.93 275.13 257.185 255.903 252.626 246.586 270.33 233.776 205.773 201.904 228.208 198.614 194.554 190.173 237.798 188.827 380.401 186.687 186.764 185.34 181.193 176.79 168.671 155.149 154.62 154.141 152.585 149.715 149.516 173.345 161.984 187.755 148.33 147.615 147.458 143.096 137.876 178.363 220.133 167.027 154.259
threshold=1.0134539969834091 0.54027012285096976 55.500000000000007 11.500000000000002 6.5000000000000009 53.500000000000007 9.5000000000000018 44.500000000000007 2.5000000000000004 0.32375760811855592 0.095775734561841616 0.26679751390251888 0.12926422868497259 103.50000000000001 0.69831455354606586 14.500000000000002 0.61771003904773913 51.500000000000007 11.500000000000002 0.083499335989375839 7.5000000000000009 0.3335334133653462 0 9.5000000000000018 26.500000000000004 0.075030662858087752 2.3184046345811056 46.500000000000007 1.463541227107773 2.2896735509660231 451.50000000000006 105.50000000000001 38.500000000000007 1 1.2855578727841503 53.500000000000007 16.500000000000004 48.500000000000007 550.50000000000011 2 1.737038736317756 0.99755799391734767 1428.5000000000002 0.62505879586077151 0.68929271575828222 0.25031429308626568 0.097960815673730522 45.500000000000007 3 41.500000000000007 15.500000000000002 40.500000000000007 22.500000000000004 4 3.5000000000000004 116.50000000000001 5 14.500000000000002 6 14.500000000000002 0.72554997608799632 0.083499335989375839
decision_type=2 2 2 2 2 2 2 2 2 2 2 2 2 2 8 2 10 2 2 10 2 10 9 2 2 2 2 2 2 2 2 2 2 9 2 2 2 2 2 9 2 10 2 2 10 2 2 2 9 2 2 2 2 9 2 2 9 2 9 2 10 8
left_child=1 2 3 5 -5 6 24 12 38 10 15 45 32 -3 -9 18 17 26 20 -20 44 23 34 -22 25 -1 27 -17 -26 41 31 33 57 -18 -21 48 37 43 39 46 -7 -11 47 -16 54 -6 -4 -10 -36 50 -14 52 -52 -23 -2 -39 -13 58 59 -8 -61 -59
right_child=9 13 8 4 11 40 7 14 42 29 -12 56 49 -15 36 16 30 -19 19 22 21 53 -24 -25 28 -27 -28 -29 -30 -31 -32 -33 -34 -35 35 -37 -38 55 -40 -41 -42 -43 -44 -45 -46 -47 -48 -49 -50 -51 51 -53 -54 -55 -56 -57 -58 61 -60 60 -62 -63
leaf_value=0.0058101649847170245 0.015029536605071312 -0.00087281599448306695 0.019672110538367982 0.0001453619631916311 0.013233213848903639 -0.00067020849589726394 0.010366579341066296 0.0093820391197542083 0.0016314456773802331 -0.0048327579961718378 -0.0090208453485668746 0.0021151580242715312 -0.0065496358969288114 -0.0066517750922589231 -0.0019727006616364448 -0.00091451370699547729 -0.0073184769240458069 -0.013555015463824358 -0.052497166149807539 0.0041369254757672958 -0.0032935427793735145 -0.0089947547867692407 -0.0060070328066349869 -0.020051499143994178 0.0096298898044974574 -0.00051172110594481252 0.010966940517785859 0.0080089217690306417 0.00064182188147089096 -0.009665783869527619 -0.010348771117661928 0.0030627164779858385 0.0071297579360145415 -0.0027529345731241253 0.013895882979906002 0.03278498079856091 0.0048227287646142782 -0.0048444123045020297 -0.0058086686190476702 -0.0053009442075179561 -0.007667784689904443 -0.001211888744999771 -0.001055510413681685 0.0095945756337706134 0.00020464294879980372 0.0069023588751614259 -0.00026564743469718817 0.0067833329477096057 0.00053711857538251632 0.0014997176613159627 -0.0031669291031594347 -0.0046224345772590989 0.006086572425840639 -0.00065608680552502825 0.0036065423965967315 -0.024259445421792855 0.0069559068656684896 -0.010080731041838735 -0.0021068456539746028 0.009224196157851975 -0.00035994698635886257 -0.00041365140702655478
leaf_weight=31061.397762775421 3250.1123261451721 116422.66366553307 981.2591552734375 38127.012647151947 15574.067577838898 58501.817539215088 10553.256953239441 21656.076965332031 66624.812804698944 79094.922505140305 13593.243346214294 43963.562400341034 28247.245674371719 25824.769906759262 4901.8865776062012 20001.316921234131 30319.113904714584 6434.2560260295868 693.86076259613037 9505.1981422901154 4527.2639701366425 6346.1093683242798 3199.0463519096375 4631.9593470096588 32571.856018066406 32166.510701656342 12900.35480260849 14742.354376792908 9300.2397408485413 13722.94153547287 10515.028306484222 13320.732219457626 13562.104085683823 101430.13994765282 10112.346103191376 1406.5363123416901 48909.677076101303 12291.00345993042 28126.319312572479 21378.255300045013 11287.668169260025 61350.432299613953 47912.079235553741 8823.2537906169891 46322.623588085175 25343.050988912582 74096.731351852417 18324.402117729187 2657.6318430900574 18871.118069410324 10861.356938362122 21253.599606513977 11065.610199451447 33141.963748216629 21752.233109235764 1061.6531019210815 23404.459506988525 4647.7555480003357 15620.001183271408 5870.9499220848083 20129.887244462967 36746.197854042053
leaf_count=11863 942 70981 171 29817 6322 36410 3514 6946 10887 22437 4001 11401 11582 5359 2347 4716 8698 1392 241 2498 1225 1630 845 1199 14376 11648 3294 3494 3729 5210 1292 2703 5776 26212 2497 275 22818 4601 4047 3717 5067 20825 6298 2630 12490 11538 12729 3007 769 9638 7252 8927 3076 8192 5003 224 6023 1756 5626 2526 6013 15784
internal_value=-5.3184e-06 0.000981269 0.00145389 0.00221478 0.00438808 0.0015377 0.00212015 0.0012362 -0.000367828 -0.00191482 -0.00112182 0.00588192 -0.000324002 -0.00192202 0.00439079 -0.000821205 -0.00198038 0.00284849 0.000825972 0.00623078 -0.000416319 -0.00383865 0.00774859 -0.0117696 0.00460186 0.00259402 0.005064 0.00287198 0.00763361 -0.00382213 -0.0036588 -0.00317383 0.00147516 -0.0038044 0.00960543 0.0132782 0.0029682 -0.000381622 -0.00222442 -0.00117922 -0.00180208 -0.00325108 0.00137308 0.00546352 0.00191791 0.0093123 -4.80445e-06 0.00274283 0.0111273 -0.00245851 -0.00350428 -0.001512 0.00150299 -0.00199883 0.00509199 -0.00638978 0.00379832 0.000655495 0.00236506 0.00427538 0.00180441 -0.0014993
internal_weight=1.54104e+06 1.01607e+06 873818 616374 146412 469962 400173 295073 257444 524972 370803 108285 197429 142247 97643.6 357210 209663 54078.3 147547 27574.6 119972 48647.3 26880.8 9159.22 105100 63227.9 47644 34743.7 41872.1 154168 155585 145070 107130 131749 23681.7 14176.5 75987.5 27077.8 124583 96456.2 69789.5 140445 132861 13725.1 71325 40917.1 75078 84949.2 12770 90298.9 71427.8 43180.6 21927 39488.1 25002.3 13352.7 67368 93568 52174.1 36554.1 26000.8 41394
internal_count=528506 386426 310086 269230 65101 204129 162652 121036 40856 142080 93608 35284 81470 76340 39566 89607 51801 12896 37806 7125 30681 12246 6884 2424 41616 23511 11504 8210 18105 48472 38905 37613 40995 34910 6039 3541 32620 9802 20664 16617 41477 43262 20192 4977 18435 17860 12900 13894 3266 40475 30837 19255 10328 9822 5945 4825 17424 35219 17679 12053 8539 17540
cat_boundaries=0 1 3 5 7 8 10 12
cat_threshold=103163585 967501324 106632 1629335683 229504 538542183 32768 8193 695771347 65544 340472679 32896
is_linear=0
shrinkage=0.05


Tree=62
num_leaves=63
num_cat=14
split_feature=0 1 20 12 7 19 17 13 19 16 0 3 16 12 16 22 6 9 16 12 12 15 16 16 17 9 16 16 17 6 4 16 16 17 17 17 15 9 6 9 16 16 16 9 3 12 21 21 6 15 17 0 9 16 16 16 17 3 16 9 6 16
split_gain=1061.12 938.53 675.622 566.642 461.357 479.554 507.465 312.329 324.722 323.414 335.931 344.219 304.753 403.483 309.678 364.971 301.922 300.963 301.816 288.606 287.478 282.449 271.551 383.096 271.523 264.01 709.296 430.367 421.205 262.429 251.875 242.796 597.809 240.126 224.015 220.457 218.738 265.963 206.999 202.029 275.155 227.984 334.954 221.304 213.94 191.731 188.543 183.538 181.593 181.556 180.725 180.371 177.101 251.137 487.867 258.457 182.879 241.416 181.931 176.446 168.17 166.447
threshold=1.5000000000000002 2.5000000000000004 0 0.52380952393608116 279.50000000000006 1 2 8.5000000000000018 3 46.500000000000007 1.0000000180025095e-35 13.500000000000002 45.500000000000007 0.14456353655764018 14.500000000000002 4 0.61861168384879728 0.86217220730951893 51.500000000000007 0.11637076062710917 0.33259453816776829 665.50000000000011 10.500000000000002 12.500000000000002 5 0.24008281573498966 9.5000000000000018 11.500000000000002 6 0.76931366047745375 5.5000000000000009 48.500000000000007 49.500000000000007 7 8 9 14.500000000000002 0.90631472659486334 1.737038736317756 0.95007331378299131 51.500000000000007 12.500000000000002 10.500000000000002 0.027692569870483984 173.50000000000003 0.023003564373608901 10 11 1.463541227107773 19.500000000000004 12 1.0000000180025095e-35 0.66655458417395208 13.500000000000002 10.500000000000002 51.500000000000007 13 75.500000000000014 1.5000000000000002 0.12746615087040622 1.3306253629692204 7.5000000000000009
decision_type=2 2 1 2 2 9 9 2 9 2 2 2 2 2 2 9 2 10 2 2 2 2 2 2 9 8 2 2 9 2 2 2 2 9 9 9 2 10 2 10 2 2 2 10 2 2 9 9 2 2 9 2 10 2 2 2 9 2 2 10 2 2
left_child=1 7 20 4 5 6 16 8 -1 10 11 61 13 14 15 -7 -4 18 -14 49 36 34 48 59 -5 26 -17 -27 -29 -30 -11 -19 -33 -32 -6 -10 37 -2 51 40 41 42 -18 -44 47 -28 -16 -43 -15 -3 -34 -21 53 54 58 -55 -54 -58 -8 -24 -12 -9
right_child=2 19 3 24 21 12 52 9 35 30 60 -13 17 22 46 25 39 31 -20 38 -22 -23 23 -25 -26 27 45 28 29 -31 33 32 50 -35 -36 -37 -38 -39 -40 -41 -42 44 43 -45 -46 -47 -48 -49 -50 -51 -52 -53 56 55 -56 -57 57 -59 -60 -61 -62 -63
leaf_value=0.013389569964178116 -0.0024235589232090397 0.0083848261589941318 -0.003551337875959504 -0.000348299184466787 -0.01414117652395654 -0.0046778146078262075 -0.019260999852508315 0.0021102789609109517 -0.0049765375860414737 0.00035065397558748957 -0.0016715424770153591 0.0048804547564836138 0.0095665449563281362 0.0022581862034130968 0.0012625632815661499 0.0078686286646782681 0.0031906997137220784 0.0055191547403081534 -0.0031983060490300801 0.0093624855479626009 -0.011338418450125351 0.0027232301686002333 -0.041558545038419756 -0.0016699718966466479 -0.0067754089584648449 0.0040517907432894833 -0.0034564127877221387 0.028860091748527023 -0.0035928309259194709 0.012586332516598589 0.0089893476870142128 -0.012068652259737217 0.0096715673212186687 0.0012465987443662345 -0.003455608818661169 0.0060476378202068571 0.0014450315269363152 -0.009053516639931012 -0.0033418174364634118 -0.00062195338638081348 -0.011510158619127797 0.027717382391343623 -0.03536708544622378 -0.0065692583054299432 0.0016030862313389752 -0.032210586567746079 -0.0044414463719847841 0.0086033286794788538 -0.0046644851658856441 0.019619505755591515 5.6625562081691677e-05 0.0030927376299207752 -0.0046330128891928215 0.0058551002078733577 -0.026832534837708245 -0.017968736934837623 -0.0068521604609447636 -0.021268587570858227 0.0011902882351005981 -0.0097476983805115415 -0.0068756438430239673 -0.00085581090045796419
leaf_weight=9468.896139383316 36589.885959148407 33680.516930103302 42212.661921262741 24140.396464824677 5145.6598386764526 10305.900426626205 1248.3426434993744 63861.324746847153 7026.0553417205811 37437.644051074982 58374.760345458984 40637.300187110901 29480.764688014984 55193.496433734894 71179.705528497696 4923.2157142162323 22189.553339242935 23036.239856004715 5493.1317677497864 17183.299164533615 15276.972652673721 18475.660676956177 449.57284784317017 67015.90339922905 51519.49427819252 58210.256734609604 823.48876261711121 3335.5951685905457 3155.3396363258362 12177.257522821426 25802.774949073792 9066.1701316833496 7191.5992977619171 16382.270410776138 101642.84216833115 12749.409893274307 15659.417591810226 25787.413687467575 8271.2949538230896 66134.544538974762 2980.8112938404083 1335.1177742481232 801.86602878570557 3950.4661462306976 12608.319965839386 1959.6579556465149 18177.827377796173 20043.526778697968 11434.857595682144 4025.8194828033447 15214.128040313721 34508.648565530777 41236.718481063843 11842.172754049301 2357.1419639587402 1258.5241713523865 9327.8695957660675 4216.8112452030182 8390.5365536212921 13507.791172504425 21147.080893039703 182361.78219246864
leaf_count=4574 9557 10114 9804 5839 706 2196 276 44406 3616 28897 24878 15725 5939 12098 14416 1037 4643 5133 1116 5270 4607 2297 99 15142 12176 12146 174 676 661 2459 12238 2086 1546 7920 13528 6307 3843 7823 2582 15068 610 310 184 821 2070 393 3802 4614 2636 1165 3253 10304 9845 2759 543 292 2544 786 1978 2979 9902 133039
internal_value=-1.20971e-05 0.00169331 -0.00102177 -0.000590136 -0.000198395 0.000319862 -0.00140486 0.000775893 0.00578149 0.000447665 -0.000180007 0.000617137 0.00135198 0.000653724 0.00221419 0.00420337 0.000122723 0.00394161 0.00756162 0.00615733 -0.00506569 -0.00298472 -0.00129418 -0.00323956 -0.00472572 0.00528543 -0.00353647 0.00617047 0.0127763 0.00925073 0.00333585 0.00161881 -0.00123617 0.00598503 -0.00397227 0.00213025 -0.00383822 -0.00516455 0.00400193 0.00131536 0.00332009 0.00404581 0.000610557 -0.0114348 0.00676888 -0.023707 0.000101815 0.00981525 0.00107005 0.00958482 0.00314738 0.00517705 -0.00469864 -0.0012208 -0.00644745 0.00356526 -0.00629273 -0.0113332 -0.00146011 -0.0107752 -0.00305553 -8.65095e-05
internal_weight=1.54062e+06 572919 967705 874391 798731 673467 252135 475249 29244.4 446005 366382 286860 421332 331850 184248 94890.7 172257 89482 34973.9 97669.6 93313.7 125264 147602 80973.3 75659.9 84584.8 7706.36 76878.4 18668.2 15332.6 79622.7 54508.1 31471.9 42185 106789 19775.5 78036.7 62377.3 59963.2 130044 63909.7 60928.9 26941.9 4752.33 33987 2783.15 89357.5 21378.6 66628.4 37706.3 22405.7 51691.9 79878.1 25096.7 11996 13100.7 54781.4 13544.7 9638.88 13957.4 79521.8 246223
internal_count=528447 320937 207510 181680 163665 147134 57147 291502 14497 277005 227950 193170 89987 70914 37960 19742 38124 19073 7055 29435 25830 16531 32954 18220 18015 17546 1604 15942 3796 3120 49055 12018 6885 20158 14234 9923 21223 17380 18156 28320 13252 12642 5648 1005 6994 567 18218 4924 14734 11279 4799 15574 19023 5848 2797 3051 13175 3330 2254 3078 34780 177445
cat_boundaries=0 1 2 6 7 8 11 15 19 22 26 28 30 34 37
cat_threshold=1 542339 268964698 1485312722 3220800 11009 39642 13002864 2147747456 67143968 617712707 128 0 75499520 256 2181072832 2424867872 3029544144 8448 1032 8421376 196746 1145574744 1544061440 340141076 788 54607843 128 537067776 1024 2105728 557056 79693824 256 2183135360 2214652928 2696939521
is_linear=0
shrinkage=0.05


Tree=63
num_leaves=63
num_cat=26
split_feature=15 20 4 10 10 17 8 10 4 13 13 19 7 1 17 12 11 13 17 19 6 6 13 1 17 19 17 21 8 21 17 17 21 9 17 9 9 9 10 7 10 15 17 13 9 21 17 21 13 9 12 19 12 13 12 21 17 7 17 21 17 17
split_gain=562.797 561.883 730.989 587.983 583.269 534.671 424.472 394.68 376.069 324.011 307.997 414.159 411.546 295.731 286.955 283.657 275.33 381.825 247.502 236.231 225.746 205.837 201.907 390.099 212.51 199.145 193.223 185.819 184.065 183.47 227.276 183.218 179.782 179.272 217.933 178.168 176.48 175.032 170.732 187.898 169.296 162.68 174.099 166 218.91 172.419 159.925 157.63 156.899 295.842 160.399 152.534 150.311 150.192 146.13 143.691 143.137 138.935 134.845 133.632 132.967 130.433
threshold=26.500000000000004 0 119.50000000000001 1.5000000000000002 1.5000000000000002 1 1.0020080321285143 2.5000000000000004 549.50000000000011 52.500000000000007 53.500000000000007 2 18.500000000000004 35.500000000000007 3 0.20063512586071544 0.11956105677580293 13.500000000000002 4 5 0.91580028098994937 1.1818865345181138 12.500000000000002 25.500000000000004 6 7 8 9 1.0746578311760702 10 11 12 13 0.90387293764731103 14 0.90387293764731103 0.10364721485411142 0.93553854565336259 3.5000000000000004 934.50000000000011 3.5000000000000004 6.5000000000000009 15 9.5000000000000018 0.76963678522560619 16 17 18 73.500000000000014 0.50012382367508679 0.39768576089477126 19 0.50007190352752895 52.500000000000007 0.10400850794785722 20 21 8.5000000000000018 22 23 24 25
decision_type=2 1 2 2 2 9 2 2 2 2 2 9 2 2 9 2 2 2 9 9 2 2 2 2 9 9 9 9 2 9 9 9 9 10 9 10 10 10 2 2 2 2 9 2 8 9 9 9 2 8 2 9 2 2 2 9 9 2 9 9 9 9
left_child=1 2 4 18 10 -2 15 13 14 31 11 12 25 27 -5 41 17 19 -4 47 37 35 23 29 -24 -1 -27 60 -16 -13 -31 -7 -19 -14 -35 48 -21 -12 39 46 53 42 -3 44 57 -46 -10 -6 50 -50 -11 -47 -20 59 -9 -26 -23 -44 -56 -30 -8 -37
right_child=5 6 3 8 16 9 7 54 38 21 20 22 33 -15 28 -17 -18 32 52 36 -22 56 24 -25 55 26 -28 -29 40 30 -32 -33 -34 34 -36 61 -38 -39 -40 -41 -42 -43 43 -45 45 51 -48 -49 49 -51 -52 -53 -54 -55 58 -57 -58 -59 -60 -61 -62 -63
leaf_value=0.0022968237375149392 0.0060615988912249234 -0.0037961314923455544 -0.0080392496021335271 -0.0056614213342065772 -0.0011851309390818222 0.014236020422533163 -0.0080268259751063598 0.0011947614786970749 0.00092049494791916699 0.0024563777260117798 -0.0020032117578836729 0.0023815655228487478 -0.0014586573157196951 -0.022514375568889692 -0.001397089358139208 -0.0026357173603293233 -0.010959349683896865 0.011592111108997175 -0.0021987217782067467 0.044174044531540807 -0.0047636034373945849 0.00020382130005766662 -0.0026685022693033363 -0.0010460478835559728 0.0065656348735158134 -0.00042398036735439367 -0.0099221849904094165 -0.011148402725594406 0.0037134520541132355 0.00032695644519791048 0.013362695803328828 0.0039885797221030994 0.0027472944669548003 -0.022249556236745276 -0.0070520131233324755 0.00057502199517670178 0.016351526923982476 0.0040710051040161064 4.6225298340025697e-05 -0.014043265818166076 0.0083372100031466317 0.0084625962615467384 0.015457235423908176 -4.7852861273129627e-05 0.0086913199107187377 -0.0098410630833620644 -0.0044769507610924698 0.010213351673421016 -0.01360567902566243 0.0011440083832588753 -0.0018823661638771778 0.0025481069351729023 -0.0086397573961131784 -0.0069678350528842277 0.0031309213055892523 0.0019017577953430479 -0.0041814758926391636 0.0023445494275258472 -0.0062127759390466029 -0.00088166471383500531 -0.0033001742277619685 0.0050982039762000921
leaf_weight=60919.362354755402 60904.529278755188 17991.788682460785 32377.33758187294 12783.640185594559 3820.4457850456238 5413.6852238178253 22156.131339073181 31339.029905796051 18557.324935913086 53597.360291242599 31719.046525239944 8039.9421277046204 10020.959736347198 2783.5558862686157 29041.110116243362 98183.965741872787 2671.5644345283508 6273.4040801525116 79118.651907682419 636.02807784080505 39811.521441459656 38908.516769647598 20756.381231307983 14231.179281234741 20999.337406396866 22075.821589946747 7059.9273025989532 14181.026010274887 76127.368645429611 4041.9705989360809 19606.036468505859 22441.238137960434 67404.888919830322 2956.0767540931702 11723.449187278748 26665.713340759277 5456.0749542713165 18940.980152130127 52259.407088279724 4127.5468592643738 13418.390143871307 7099.6457440853119 6147.8635880947113 46960.116846323013 5371.3934445381165 4088.7405276298523 52693.169985771179 14778.701490402222 5798.7767601013184 8214.7619090080261 35350.38939166069 6299.2854351997375 10227.996149539948 4138.9406952857971 4978.0346446037292 77351.308325767517 35657.608284235001 3009.0275554656982 17151.540180444717 19973.215556144714 45450.112020015717 39650.704612731934
leaf_count=28055 18351 10277 6671 2494 870 1828 6979 6743 2866 14888 28111 2399 2182 510 6279 65391 709 1727 15393 150 16909 10202 10024 2798 9106 11005 3952 4384 14097 1242 5873 7813 18802 648 2512 8047 1176 8548 7328 494 2430 3669 2552 25835 2657 2190 8211 3365 1470 3907 20812 3210 2149 834 1153 33367 9707 810 3844 3770 13741 11226
internal_value=6.39483e-06 -0.000494566 0.000170076 -0.00138819 0.00150863 0.00182786 -0.0022422 -0.00436419 -0.000138754 0.000878546 0.000589749 0.0014098 -0.000897154 -0.00649001 0.00151232 -0.000741321 0.00487573 0.0053059 -0.00429424 0.0106869 -0.00194623 0.000294986 0.00301387 0.00583073 0.0019281 0.000670947 -0.00272838 -0.00594437 0.00215525 0.00891906 0.0111358 0.00598718 0.00350249 -0.00661443 -0.0101337 0.00125914 0.0192315 0.000267877 -0.00215001 -0.00367264 0.00306312 0.00117684 0.000601174 0.00170222 0.00500115 0.00142849 -0.00307168 0.00787268 -4.27092e-05 -0.00495992 0.000732035 -0.00233354 -0.00293582 0.00235703 -0.00100174 0.00289819 -0.00189379 0.011149 -0.00411226 0.00275871 -0.00485026 0.00328033
internal_weight=1.54193e+06 1.20933e+06 876139 404844 471294 332603 333191 138039 283120 271699 370253 279782 114756 84570.8 155483 195152 101041 98369.5 121724 24691.3 90471.5 243844 165026 45919.1 119107 90055.1 29135.7 81787.3 142699 31687.9 23648 27854.9 73678.3 24700.5 14679.5 169278 6092.1 50660 127637 75378 113658 96967.9 89868.2 71876.4 24916.3 15759.4 71250.5 18599.1 102961 14013.5 88947.7 10388 89346.6 100240 53468.6 98350.6 74566.1 9156.89 22129.6 96100.6 67606.2 66316.4
internal_count=528742 420491 266546 73016 193530 108251 153945 37354 48803 89900 166731 113163 48354 25614 29904 116591 26799 26090 24213 5561 53568 80259 64809 12312 52497 43012 14957 25104 27410 9514 7115 9641 20529 5342 3160 60350 1326 36659 18899 11571 21131 51200 47531 37254 11419 8057 11077 4235 41077 5377 35700 5400 17542 18701 11740 42473 19909 3362 4997 17867 20720 19273
cat_boundaries=0 1 5 6 10 14 15 19 20 24 26 28 32 36 38 41 45 47 50 51 52 54 58 62 64 68 72
cat_threshold=22 469762194 2525107058 278071364 2186 540675 2365849664 67114544 1278032 8260 2298512648 50363200 537102512 340 738499 2150111488 50858500 205684869 112 3 35652096 1141435152 2687536640 65536 700530855 163848 1270481476 32768 2214592528 526336 79693835 8212 4096 540672 2097411 4 939528960 98688 134479872 67108896 8464 1145311529 1276249600 440795176 644 271057159 8 2105792 16826368 79692064 1637992596 1786144 1118842980 204805 800512 541700 69207296 8196 267008 2684371456 536938496 16 303106323 98432 73400600 3565732416 872522024 132 33559808 1073766400 2105611 8208
is_linear=0
shrinkage=0.05


Tree=64
num_leaves=63
num_cat=26
split_feature=5 12 15 3 17 8 5 1 13 12 8 10 19 3 17 17 0 10 3 0 19 19 8 17 13 19 19 11 17 22 17 17 8 17 7 22 17 21 15 17 10 0 12 13 3 0 21 17 5 3 17 11 17 21 17 11 0 21 13 15 13 21
split_gain=1015.4 471.49 400.491 298.849 293.198 289.332 283.592 343.015 320.658 277.864 259.496 243.386 235.146 224.717 259.783 191.241 190.051 275.914 179.431 171.833 162.1 161.225 159.878 154.737 147.814 146.918 143.922 143.261 142.876 141.532 135.956 135.608 130.988 130.039 141.581 137.633 126.587 126.387 124.729 122.703 122.502 121.786 120.607 119.667 119.262 293.397 118.325 113.85 113.828 113.183 111.979 108.123 106.162 105.457 102.179 100.655 99.7359 104.952 100.169 95.149 93.7465 92.9004
threshold=0.96562974630140086 0.50007190352752895 9.5000000000000018 73.500000000000014 0 2.0119047619047623 0.23553051495212957 1.0000000180025095e-35 53.500000000000007 0.036454551200931613 1.1636634199134201 1.5000000000000002 1 300.50000000000006 2 3 268.50000000000006 3.5000000000000004 136.50000000000003 61.500000000000007 4 5 1.1103325561418582 6 6.5000000000000009 7 8 0.031061687772827491 9 10 11 12 1.399901768172888 13 352.50000000000006 14 15 16 325.50000000000006 17 1.5000000000000002 1.5000000000000002 0.62546363899198132 41.500000000000007 4.5000000000000009 1.5000000000000002 18 19 0.50038639876352409 17.500000000000004 20 0.11956105677580293 21 22 23 0.10168402242873398 92.500000000000014 24 5.5000000000000009 130.50000000000003 80.500000000000014 25
decision_type=2 2 2 2 9 2 2 2 2 2 2 2 9 2 9 9 2 2 2 2 9 9 2 9 2 9 9 2 9 9 9 9 2 9 2 9 9 9 2 9 2 2 2 2 2 2 9 9 2 2 9 2 9 9 9 2 2 9 2 2 2 9
left_child=1 2 6 25 48 9 7 18 10 11 13 26 28 14 46 -13 17 19 52 21 -21 55 24 -15 -14 -3 -2 -24 -9 36 56 -5 42 -12 35 -35 61 -16 -19 -22 -18 -30 54 47 -38 49 -8 -39 -4 -46 -10 53 -1 -32 -23 -11 57 58 -28 -60 -51 -6
right_child=5 3 4 31 29 -7 8 12 50 16 33 15 22 23 37 -17 40 38 -20 20 39 32 27 -25 -26 -27 30 -29 41 -31 51 -33 -34 34 -36 -37 44 43 -40 -41 -42 -43 -44 -45 45 -47 -48 -49 -50 60 -52 -53 -54 -55 -56 -57 -58 -59 59 -61 -62 -63
leaf_value=-0.0023277798970733764 0.0040849965974437616 0.002956331743121095 0.011259694175852826 0.0054046513027915313 -0.0045981629458069833 -0.021996483528754902 0.011593378916714725 0.0054945076009101125 0.00053500203810106942 -0.0037622881399148873 -0.0061086208865411681 0.0057196933838086772 0.015572582469275023 -0.001816359950076017 0.0019126673781102996 0.00012827311148152045 -0.02551619340011814 0.00018238343241819665 0.032242697571336389 0.002071325524682669 -0.0047272924679615845 -0.0042344499266041878 0.0056788133213363356 -0.007861169216359952 0.0036620808868968974 -0.00093672573706235398 0.0056775787775169015 0.014071294835929614 0.00078847165938680417 -0.0016245289192455331 -0.0018863738565275011 -0.0060825339940666842 -0.006139484951861199 0.00377355879384034 -0.0011823822584026745 -0.0017566951696394773 0.00059664661915599985 -0.0011062053605583658 0.0062073023894594938 -0.011577279898807521 -0.0063754401227889739 -0.0099092929088701251 -0.0060175307850754223 0.0037540966257780619 0.0067912029320004149 0.0031925695161536699 0.0030102240237544452 -0.0050961548698393372 0.0050265752080826519 0.012555127415566384 -0.010266193100435191 -0.018707411449701811 0.0012185193215006876 -0.0079695667097817013 -0.00067882648766739778 -0.012238588518275306 -0.011487854606652421 -0.004092101932938845 -0.0016407568092164087 0.027018242982468244 0.031014081343099961 0.0019829745797416633
leaf_weight=26687.048964262009 10075.414337873459 29740.032828092575 14916.375804185867 2773.5297498703003 6206.74329662323 1734.9933524131775 4868.0169813632965 16746.653199672699 3175.849906206131 69474.681817054749 4716.3003692626953 28788.387738227844 2832.2121438980103 32949.882766485214 31238.386402130127 32618.322347164154 881.42096948623657 43652.942914247513 445.06717276573181 5327.8831858634949 16446.15762090683 22295.122195959091 9482.6755456924438 15603.000978946686 32352.769106149673 130687.85785961151 11323.793467760086 10968.993451118469 25949.319021701813 16540.985699892044 20116.844571352005 33949.53600692749 14603.245386123657 93673.636766195297 23445.08592414856 12783.57505106926 17852.808898448944 57061.008549690247 10693.817389726639 10903.911905765533 15915.682932853699 2963.3336319923401 12684.638557195663 8863.7472689151764 12523.128307819366 56187.018549919128 22859.912629365921 26039.124433040619 14395.808336734772 9192.8581366539001 9876.7727780342102 1309.3295948505402 100709.33440685272 11039.231135845184 214745.86618423462 3687.5652346611023 1818.1394429206848 8802.9506137371063 11433.436625003815 296.14308547973633 743.11618161201477 38997.267397165298
leaf_count=19758 3404 16040 6931 527 2411 502 1146 6115 812 21926 1037 5708 1146 5052 7482 6565 117 8008 147 791 2511 6746 2700 2469 12815 80183 3367 3100 10074 6225 6330 6465 4399 19169 3003 2713 14002 13613 1727 1680 1952 527 4987 2185 5334 10413 5219 6186 2976 2743 2556 468 73931 4011 63020 1152 273 3122 3818 95 280 14352
internal_value=3.62103e-05 0.00103367 0.00159633 -0.00114628 0.00360319 -0.00161457 0.000943182 0.00230842 4.2061e-05 -0.00155345 0.000342429 0.0004081 0.0044817 -0.000802281 0.000149544 0.00275062 -0.00216516 -0.00195875 0.000586385 -0.00244717 -0.00590913 -0.00211195 0.00666372 -0.00376104 0.00462123 -0.000214893 -0.00147928 0.0101805 0.00182091 0.00275171 -0.00232723 -0.00521502 -0.00153679 0.0020387 0.00233483 0.00310966 0.00326263 -0.000834651 0.001368 -0.0074618 -0.0073813 -0.000308169 -0.00126768 -0.00176798 0.00428555 0.00512347 0.00452111 -0.00235723 0.00819596 0.00995374 -0.00764576 -0.00463558 0.00047554 -0.00404512 -0.00101348 -0.0041891 -0.000100964 0.000549229 0.00232239 -0.000914946 0.0139387 0.00107845
internal_weight=1.54167e+06 960999 763848 197151 187556 580670 576292 229137 347154 578935 334102 137622 101296 199483 150930 61406.7 441313 424516 127841 370169 32678 337491 55636.7 48552.9 35185 160428 76215.3 20451.7 45659.3 158244 66139.9 36723.1 264329 134619 129902 106457 141703 123202 54346.8 27350.1 16797.1 28912.7 249726 91963.9 96498.9 78646.1 27727.9 83100.1 29312.2 22459.1 13052.6 32465.4 127396 31156.1 237041 73162.2 33674.5 31856.3 23053.4 11729.6 9935.97 45204
internal_count=528516 371837 268622 103215 65667 156679 202955 130313 72642 156177 69274 37161 36477 43352 35831 12273 119016 116947 93836 107212 4982 102230 19761 7521 13961 96223 24888 5800 16716 55760 21484 6992 79152 25922 24885 21882 49535 29466 9735 4191 2069 10601 74753 21984 32772 18770 6365 19799 9907 8357 3368 10809 93689 10341 69766 23078 10675 10402 7280 3913 3023 16763
cat_boundaries=0 4 5 9 13 14 15 19 20 21 25 26 30 33 37 38 42 44 48 50 54 58 62 64 68 70 72
cat_threshold=272629888 3566338322 278071396 2242 1992225 275480 3087015936 394 8476 2183411152 2155905552 98568526 128 43040 1574560 35664712 16777488 606208296 16 43018 1088048 2147790008 160961328 9438549 8968 507815555 2299266624 2148062288 2419066216 9050 5248 32768 9504768 2231369728 2281702148 16941320 4 100893137 34127896 16820224 157319323 9 311099585 172201 34087232 17301504 2216689920 272 1099432257 32896 168296736 8390960 2754684993 576 67637376 67634688 538116356 16 3240108136 1929380366 19321132 582 843610627 132224 5015848 1209017348 289407144 2114 50907223 36224 146292737 66560
is_linear=0
shrinkage=0.05


Tree=65
num_leaves=63
num_cat=22
split_feature=0 1 20 12 17 12 11 7 15 6 17 16 12 19 1 1 0 16 17 15 19 17 16 14 17 17 16 6 15 17 20 21 17 4 1 16 15 14 4 16 16 16 17 16 17 21 17 16 16 16 20 0 4 4 3 16 19 21 21 6 3 17
split_gain=864.273 760.01 622.953 459.845 381.186 373.685 372.15 413.329 376.053 326.53 447.823 285.787 281.071 262.446 254.615 246.976 300.17 234.828 293.815 238.394 230.953 229.8 219.77 215.882 212.23 211.179 209.031 207.152 206.977 201.611 199.259 230.16 225.034 196.207 192.635 204.807 189.402 183.867 192.974 175.653 583.398 343.261 209.827 176.981 171.36 164.365 160.865 159.768 295.062 280.818 182.484 158.599 166.891 155.63 151.492 157.087 144.665 143.064 141.308 140.093 134.301 133.473
threshold=1.5000000000000002 4.5000000000000009 0 0.4751187549868649 1 0.15265293723860116 0.10168402242873398 287.50000000000006 136.50000000000003 0.56116625686792354 2 47.500000000000007 0.33259453816776829 3 31.500000000000004 4.5000000000000009 18.500000000000004 7.5000000000000009 4 1.5000000000000002 5 6 50.500000000000007 1.0000000180025095e-35 7 8 46.500000000000007 1.1467909114235628 698.50000000000011 9 10 11 12 5.5000000000000009 32.500000000000007 44.500000000000007 21.500000000000004 1.0000000180025095e-35 6.5000000000000009 39.500000000000007 16.500000000000004 10.500000000000002 13 15.500000000000002 14 15 16 8.5000000000000018 12.500000000000002 10.500000000000002 17 1.0000000180025095e-35 27.500000000000004 5.5000000000000009 158.50000000000003 48.500000000000007 18 19 20 0.16670372017192828 21.500000000000004 21
decision_type=2 2 1 2 9 2 2 2 2 2 9 2 2 9 2 2 2 2 9 2 9 9 2 2 9 9 2 2 2 9 1 9 9 2 2 2 2 2 2 2 2 2 9 2 9 9 9 2 2 2 1 2 2 2 2 2 9 9 9 2 2 9
left_child=1 5 12 6 58 20 7 8 9 26 22 17 36 -8 51 23 45 18 53 -19 61 -10 34 -12 37 33 39 -20 46 -21 32 -32 -18 -13 35 56 44 38 -22 40 41 57 59 -43 -2 -17 -9 -6 49 -49 -51 52 -3 -7 55 -50 -11 -4 -5 -42 -23 -1
right_child=2 14 3 4 47 11 13 28 21 10 15 25 -14 -15 -16 16 30 19 27 29 24 60 -24 -25 -26 -27 -28 -29 -30 -31 31 -33 -34 -35 -36 -37 -38 -39 -40 -41 42 43 -44 -45 -46 -47 -48 48 54 50 -52 -53 -54 -55 -56 -57 -58 -59 -60 -61 -62 -63
leaf_value=0.00015548059777705927 -0.012882370013021949 0.0041234349631304743 0.0054772134510632448 0.0094779123752006533 -0.0027524962236549406 0.0046216151549291059 0.00022873423271702029 -0.0066304370732904712 0.010608107945241856 -0.0046865751689727985 -0.0051505285491124774 0.0019032754367361284 -0.010989901871829959 -0.012006790708118196 0.048817460724435296 0.0040093814585145816 0.0061283693080283804 -0.0029539544424530277 0.0026996036514909116 0.0027318957439504583 0.00021216060832971188 -0.0063075141940345195 -0.012783732731517781 0.0069612890045476286 0.0021880702273273478 -0.00042302410758630806 0.0028614675549663623 -0.0029879703128205741 0.002506992040886826 -0.0015204033867117922 -0.0011742725235797087 -0.01223580885193138 0.00032032073076113836 0.009668109141537512 -0.0060387296664070307 0.0067227723783955112 0.0016973959617023169 0.012771622567128835 0.0070340726123879664 -0.0057813742732813903 0.034919336530178993 -0.012240676150753166 0.002175086143391397 0.00059198983853816795 -0.0039079958316668396 0.00031987508675074077 -0.0021848352370074015 -0.0067219164321968578 -0.00022558982312146419 -0.0076059190536613384 -0.026368849125910983 0.0057961468051244656 0.016991686939046447 0.019973865382909309 -0.011283380658777001 -0.008603154289689656 0.0023657221297503097 -0.002551948971212005 -0.00040955886604373735 0.012127866551884492 0.0035026306888287597 -0.0097923862583173728
leaf_weight=11856.602227687836 5852.6007485389709 3726.8910119533539 6933.9678022861481 3987.8163356781006 33886.565618038177 3462.8864765167236 7335.2220406532288 28239.538625240326 11495.590642213821 18871.723609209061 21889.920972585678 15381.070211410522 15319.202815055847 10896.186977148056 383.53532028198242 148246.1746931076 20982.71784734726 110355.15934348106 51807.13964676857 48894.372967243195 15425.014829158783 3734.3146514892578 5229.2884659767151 4421.3914680480957 103171.57601881027 20952.359349012375 17964.209112882614 23167.888329267502 17192.126863479614 64809.064910888672 43594.86106967926 5261.2799997329712 81137.258617401123 17271.115996837616 20401.312622070312 8690.9570116996765 13950.001054763794 8539.9273881912231 31608.783533334732 36147.796867847443 776.76048898696899 13375.878336668015 6713.9332053661346 3361.9557509422302 57956.67423582077 37918.956875801086 72901.852268695831 7338.9077262878418 17448.63947725296 1845.623368024826 4582.2210710048676 26513.390271186829 7782.1370813846588 3154.9806382656097 6844.1752502918243 8236.1526479721069 11819.445384502411 27575.587116956711 37503.505564689636 5089.5198545455933 52870.763568401337 4702.1535925865173
leaf_count=6539 1756 1131 1648 983 7393 2400 1560 3802 2136 4798 7443 11780 4612 2774 68 33783 3561 66189 32549 30223 11309 1227 1176 1695 55052 12527 4139 10831 2127 41781 7464 929 13853 7731 3568 2235 3357 3893 13707 8488 195 3075 1552 797 16061 8784 9640 1701 4575 425 1078 7104 1986 1338 1165 2164 2900 6304 8803 1152 10217 2822
internal_value=1.54124e-06 0.00154001 -0.000911145 -0.00049641 -0.00334791 0.0010519 -3.44688e-05 0.000141083 0.000662164 0.000225494 0.000866772 0.000128435 -0.00479927 -0.00709067 0.00833374 0.00155043 0.00191458 -0.000462146 0.00183444 -0.00129847 0.00294437 0.00416573 -0.00295493 -0.00311505 0.00353038 0.00349585 -0.0021042 0.000941955 -0.00256487 0.000308271 0.000257886 -0.00236797 0.00151424 0.00600875 -0.00209549 -5.26547e-05 -0.00358016 0.00602143 0.00479684 -0.00299649 -0.00141924 -0.00378766 0.00822841 -0.00966323 -0.00473395 0.00325812 -0.00342701 -0.00536069 -0.00727084 -0.0134065 -0.0210363 0.00792411 0.0128254 0.0119245 -0.0046738 -0.00291219 -0.00197144 -0.000937698 0.000543007 0.0151254 0.00285484 -0.00267402
internal_weight=1.53879e+06 572966 965823 872744 121674 534560 751070 732839 614506 546405 428465 359256 93078.5 18231.4 38406 363453 337141 305651 81592.9 224059 175304 68100.7 65012.7 26311.3 158745 53604.5 117940 74975 118334 113703 150976 48856.1 102120 32652.2 59783.4 39382.1 77759.3 55573.7 47033.8 99975.4 63827.6 51247.4 12580.2 16737.8 63809.3 186165 101141 80182.3 46295.7 13766.8 6427.84 38022.4 11509 6617.87 32529 25684.8 30691.2 34509.6 41491.3 5866.28 56605.1 16558.8
internal_count=528055 320960 207095 181309 28287 310671 153022 148688 133119 119539 92189 217349 25786 4334 10289 77512 68374 185311 47118 138193 93322 13580 14677 9138 83961 32038 27350 43380 15569 72004 25807 8393 17414 19511 13501 9933 21174 28909 25016 23211 14723 11824 2899 3872 17817 42567 13442 18501 11108 3204 1503 10221 3117 3738 7904 6739 7698 7952 9786 1347 11444 9361
cat_boundaries=0 1 5 9 10 14 15 19 23 27 31 32 34 38 42 46 48 52 53 54 56 58 61
cat_threshold=1 2147485312 1157663010 617678915 8448 2634317856 75497828 402887699 2118 322 4456640 2147484674 13631617 8448 540672 2281705472 2215117104 198754 132 436216912 2693473576 84937826 26762 2248148864 268995682 3033730055 8464 140509824 1410384690 413306188 2308 20 1074858151 229632 384 1040 14680456 8576 9984 548864 2686452736 16 71303240 201327104 135276576 20 12596731 177536 34080264 8437760 196810 28 2 606281 1073898309 33024 403708416 66816 35652096 67691024 2751503616
is_linear=0
shrinkage=0.05


Tree=66
num_leaves=63
num_cat=26
split_feature=0 10 1 20 12 7 20 4 0 17 20 11 14 0 3 17 6 4 19 10 9 20 10 17 17 3 3 17 0 6 17 17 17 12 16 16 17 10 17 12 19 20 4 17 17 10 19 16 9 22 16 16 3 17 19 17 1 22 9 0 17 8
split_gain=757.802 865.632 748.574 519.884 370.477 374.876 370.314 319.34 284.492 262.87 261.53 257.835 246.352 257.669 316.588 243.986 240.83 235.38 245.288 229.219 226.804 234.58 216.186 198.627 197.031 184.563 179.542 171.547 169.184 169.107 176.789 167.299 165.454 162.004 161.22 188.936 157.449 156.637 153.235 150.118 148.936 147.838 147.731 143.953 137.052 133.486 130.962 125.282 139.488 124.775 123.807 464.903 392.645 145.379 122.966 122.251 120.29 120.161 118.565 118.155 116.524 114.087
threshold=1.5000000000000002 1.5000000000000002 2.5000000000000004 0 0.42405653134909088 474.50000000000006 1 295.50000000000006 1.0000000180025095e-35 2 3 0.10168402242873398 1.0000000180025095e-35 1.0000000180025095e-35 9.5000000000000018 4 1.3335401157981805 75.500000000000014 5 3.5000000000000004 0.76963678522560619 6 2.5000000000000004 7 8 8.5000000000000018 25.500000000000004 9 4.5000000000000009 2.5004244482173177 10 11 12 0.11637076062710917 15.500000000000002 11.500000000000002 13 5.5000000000000009 14 0.38683127320720845 15 16 218.50000000000003 17 18 2.5000000000000004 19 51.500000000000007 0.9872721917455175 20 10.500000000000002 15.500000000000002 136.50000000000003 21 22 23 8.5000000000000018 24 0.71444879321591659 258.50000000000006 25 1.700547730829421
decision_type=2 2 2 1 2 2 1 2 2 9 1 2 2 2 2 9 2 2 9 2 8 1 2 9 9 2 2 9 2 2 9 9 9 2 2 2 9 2 9 2 9 1 2 9 9 2 9 2 10 9 2 2 2 9 9 9 2 9 8 2 9 2
left_child=2 3 12 15 5 6 7 11 26 -6 42 22 13 14 31 39 23 18 41 32 40 25 27 -15 -8 -22 -4 -3 60 30 34 -1 -9 -10 35 -24 -21 -7 -16 57 -14 -17 -11 -23 -19 -26 -41 48 -30 -43 -40 58 53 -53 -29 -12 -28 -2 -52 -46 -5 -20
right_child=1 4 8 28 9 37 24 19 33 10 55 -13 20 16 38 17 -18 44 61 36 21 43 29 -25 45 -27 56 54 47 -31 -32 -33 -34 -35 -36 -37 -38 -39 50 46 -42 49 -44 -45 59 -47 -48 -49 -50 -51 51 52 -54 -55 -56 -57 -58 -59 -60 -61 -62 -63
leaf_value=0.0027794737563419923 0.0097940951295023525 -0.00056252446602334221 0.0062399620508983645 -0.0024275185851584361 0.005426684698955314 -0.0048147611955072578 0.0016863907609600713 0.0023983459444300022 0.006612809038692543 0.0039297297316463172 -0.013794757152846577 -0.0072297152036959744 0.0057565913494482691 -0.004122772088861971 -0.0014772085383025261 0.003520733643653066 -0.0060104643947852792 -0.022064518512515192 -0.00032935705875374716 0.0053623653130016845 0.020385080836115465 0.0056419685413669415 0.0095258986963826994 0.001396949301736658 -0.0048195180324605335 -5.0492677121630423e-05 0.011803744628747996 0.0083720675323720774 -0.006942945858127267 0.014835196477420815 0.0031993778807029557 -0.00034972053134396728 -0.0018758120594431398 0.0014955966205388842 0.0042406644357154853 0.024958878256991834 -0.00041828761823417809 0.00014408204919182007 0.008786455278458857 0.0053824176715953961 0.022668594024005256 -0.041875040387506918 -0.0029552566585904958 -0.0041640276357890419 -0.0044386646565881104 -0.00075119444271388395 -0.0049993119990563353 -0.030309123868688947 -0.018820249293152014 -0.01116288087947871 -0.0095739349326220309 0.010903166997656902 0.05256365183641825 0.0036789572824458372 0.0031997927804843802 -0.0043624990289221387 0.025522740010766588 0.00056304675655504787 3.1989447952038806e-05 -0.025620702583619273 -0.0088371048080844606 -0.014310087744278272
leaf_weight=52598.064601659775 3703.1055955886841 26100.531481266022 20183.071285247803 12127.039292812347 9818.1804022789001 37774.90518951416 47214.677851438522 32050.823147058487 25406.826066017151 16377.771480560303 3620.775563955307 5083.1455738544464 2506.6421160697937 24310.592103242874 10846.895290613174 1750.5585813522339 26130.719603538513 1122.1277959346771 86463.801909685135 34684.727022886276 2958.0670509338379 6481.8256647586823 6584.2960262298584 49396.651297330856 33151.281090974808 1763.2301411628723 11104.908910274506 13951.980534315109 6108.0981278419495 6037.2817587852478 24804.504196643829 227086.49181723595 77059.816570520401 39532.823199987411 7204.4547827243805 2838.4445576667786 17840.049599170685 27530.32688331604 15753.227943181992 3546.0809767246246 2753.047105550766 341.57866215705872 14858.906556367874 8824.8127670288086 105284.7228577137 51459.406950712204 20905.515659809113 997.57785677909851 4153.794385433197 6452.2430567741394 5883.6995780467987 10830.841590881348 463.78806042671204 19583.193905830383 65325.20422744751 65440.858221054077 1866.6857750415802 69451.76544380188 7073.7001903057098 661.5366005897522 17155.123569965363 1483.2507948875427
leaf_count=38402 802 5911 6743 4126 2116 4804 10638 5335 7588 3918 810 1158 1146 10346 4555 481 12283 231 24492 5500 1577 3282 1420 21041 8782 592 2988 3063 1492 1099 5242 168375 12935 11866 1573 593 2862 3317 6221 902 1221 99 2601 4683 20944 10654 5130 250 1145 1928 2064 4559 183 8145 14805 14494 416 15388 2824 89 6003 553
internal_value=4.44537e-06 -0.000848413 0.00144514 -0.00287294 0.000255262 0.000816428 0.00132869 0.00224846 0.00542178 -0.00237786 -0.00314212 0.00384754 0.000624326 0.000354449 0.000993381 -0.0021571 -0.0018862 -0.00314256 -0.00135169 0.000686165 0.00542622 0.00299924 0.00421598 -0.000424001 -0.00090107 0.0127278 0.00919021 0.00295385 -0.00818787 0.00701769 0.00587821 0.000238857 -0.000620237 0.00349771 0.00986622 0.014177 0.00339994 -0.00272432 0.0039894 -0.000101779 0.0146654 -0.00943391 0.000654426 -1.04618e-05 -0.00475677 -0.00234496 -0.00349339 -0.0133987 -0.011752 -0.0127722 0.0049839 0.00361834 0.00695388 0.00625666 0.0041111 -0.00485913 0.0137798 0.00103187 -0.00433027 -0.00457074 -0.00618663 -0.000565242
internal_weight=1.54186e+06 968520 573340 341708 626812 516696 451391 319565 98094.3 110116 100298 157930 475245 449958 350120 301166 99838 203560 96491.4 161635 25287.6 20027.9 152847 73707.2 131825 4721.3 33154.7 105378 40541.6 47469 41431.7 279685 109111 64939.6 16627.2 9422.74 52524.8 65305.2 70435.3 97606.5 5259.69 8544.38 31236.7 15306.6 107068 84610.7 24451.6 11259.5 10261.9 6793.82 59588.5 43835.2 30877.8 30414 79277.2 69061.6 12971.6 73154.9 12957.4 105946 29282.2 87947.1
internal_count=528785 207685 321100 84055 123630 99691 91570 61496 29601 23939 21823 34864 291499 278998 235328 71039 43670 48817 27553 26632 12501 10134 33706 31387 30074 2169 10147 23779 13016 9927 8828 206777 18270 19454 3586 2013 8362 8121 28551 22222 2367 2508 6519 7965 21264 19436 6032 2887 2637 2027 23996 17775 12887 12704 17868 15304 3404 16190 4888 21033 10129 25045
cat_boundaries=0 1 2 6 7 11 12 13 17 21 25 29 33 37 41 45 46 47 50 53 54 55 59 60 64 65 69
cat_threshold=22 6 2147746944 16810274 9469954 8192 2 2147771520 3674739344 2163310660 8845 573440 6 19403016 16789364 341877192 88 69509720 3767141138 92278020 16 2281702096 1158186592 9536721 2058 33560064 142663680 1247296 256 4492448 2156003392 378669059 18820 270545360 2172649632 79694112 396 33563544 67166208 2684495112 272 157581352 2415929892 406884647 2052 549121 2 35651592 276858128 636497224 16809984 2048 48 180224 6293536 10192 142639376 2156922000 8216 306176 72 2424315924 24 12 9249858 134776384 2416477552 568339544 16
is_linear=0
shrinkage=0.05


Tree=67
num_leaves=63
num_cat=19
split_feature=16 16 16 16 17 9 9 16 17 16 16 17 16 20 17 1 16 17 17 16 6 12 9 9 9 17 13 17 2 17 1 12 20 16 6 13 13 21 16 6 17 13 16 19 17 17 16 16 16 9 13 12 16 6 17 16 7 19 7 19 9 13
split_gain=514.566 857.992 773.651 1006.15 826.256 822.331 554.719 1538.14 602.244 497.407 1202.65 679.201 489.217 483.518 482.24 440.92 423.732 372.887 341.22 337.314 377.298 328.306 492.192 324.964 302.119 296.44 293.036 287.194 265.676 265.312 262.588 262.527 258.389 326.618 240.483 389.472 218.013 216.652 215.713 210.272 298.034 224.978 209.576 201.926 201.807 198.332 195.368 215.766 188.571 187.852 185.586 220.781 172.389 291.48 279.464 209.311 171.496 176.547 171.452 169.813 163.678 354.88
threshold=44.500000000000007 8.5000000000000018 48.500000000000007 49.500000000000007 0 0.51880896226415107 0.3335334133653462 15.500000000000002 1 39.500000000000007 28.500000000000004 2 51.500000000000007 3 4 1.5000000000000002 47.500000000000007 5 6 10.500000000000002 2.2496803069053715 0.12926422868497259 0.92003717472118973 0.47879832184596949 0.027692569870483984 7 42.500000000000007 8 5.5000000000000009 9 8.5000000000000018 0.35098612413239139 10 13.500000000000002 1.1079976089858812 12.500000000000002 10.500000000000002 11 12.500000000000002 1.4001108647450111 12 40.500000000000007 42.500000000000007 13 14 15 10.500000000000002 12.500000000000002 50.500000000000007 0.69295811671242491 17.500000000000004 0.14456353655764018 15.500000000000002 1.6023411829134722 16 11.500000000000002 208.50000000000003 17 50.500000000000007 18 0.14302761677463352 5.5000000000000009
decision_type=2 2 2 2 9 10 8 2 9 2 2 9 2 1 9 2 2 9 9 2 2 2 10 8 10 9 2 9 2 9 2 2 1 2 2 2 2 9 2 2 9 2 2 9 9 9 2 2 2 10 2 2 2 2 9 2 2 9 2 9 10 2
left_child=1 13 16 5 34 -4 7 15 -9 10 11 37 21 18 -12 -3 27 -11 -1 -17 24 22 48 -14 30 31 -23 -2 -7 -15 -21 32 56 43 35 -5 -10 52 -22 40 -20 49 -19 -34 -16 -26 -33 -48 -6 -41 -42 -52 54 -54 55 -8 57 -13 -51 -30 61 -29
right_child=2 6 3 4 12 28 9 8 36 17 14 25 23 29 44 19 -18 42 39 20 38 26 -24 -25 45 -27 -28 60 59 -31 -32 46 33 -35 -36 -37 -38 -39 -40 41 50 -43 -44 -45 -46 -47 47 -49 -50 58 51 -53 53 -55 -56 -57 -58 -59 -60 -61 -62 -63
leaf_value=-0.00047578838429043768 0.0083428489586096829 -0.0052252753414828703 0.0034845789384408106 -0.012394715185961226 0.0081030488791456346 -0.0025423845967188106 0.0047285304488668654 0.007811548095066758 0.0085094055724491326 0.00576623020801054 0.017398164565985207 -0.0032642647546870019 -0.016581408791824945 0.0016676597640562275 -0.0039773606647038511 -0.008831105687311977 0.0080842448576591529 -0.0048242518948628209 0.013296808900870725 -0.021086532808112912 -0.0078924868250604061 0.010833339870459167 -0.012515950524162628 -0.0042113260859960294 -0.0012509347869140645 -0.0046341391688223378 -0.00023242264115386999 0.033149225680443227 -0.018219108885795723 -0.0032741427614388571 -0.040699910419756589 0.0012894052057797309 -0.0047672279961280808 -0.0059525513500655377 0.0018443739301232328 0.0086527645302259936 -0.0052038451107252349 0.00062492708156468627 0.031296915755107339 0.0091249267571206129 -7.8584874717953836e-05 -0.0023595832031847539 -0.0014924514477993496 0.0046007248287538013 0.0068910882902487426 -0.019923607231300225 -0.010392701562061282 -0.0031502007161486553 -0.0036114779088768688 0.0053187208873333751 0.0088385512630212125 0.0035982986530416865 0.0068825502411863542 -0.006224856099256092 0.0051362481609202471 0.026729510741608439 -0.0037622016571362115 0.0035087868011219473 -0.002421630333496563 -0.010080969880617885 0.0025366416855244424 -0.0032911905207395247
leaf_weight=70475.807287216187 18530.408862829208 19285.351900577545 13736.765203475952 2321.3590915203094 6987.061692237854 7345.5100321769714 1724.5629146099091 20750.205522298813 3302.6152017116547 11461.537761211395 10609.497372865677 11224.803676128387 7746.6288547515869 44557.556133508682 5206.3889133930206 13152.017764568329 45780.584476470947 119405.49749493599 9309.4329586029053 3763.5664386749268 1793.1807208061218 10698.285679340363 9370.6034429073334 16872.453568220139 1833.7235858440399 85010.03001499176 13571.33766579628 688.15400719642639 10578.338703632355 69531.608061313629 3128.3645305633545 14234.966398954391 8511.0708854198456 32340.625400781631 32619.740988016129 41070.258287191391 23625.486444950104 77507.719480752945 435.58194088935852 11104.349635839462 22612.074786186218 26256.179615259171 78049.996669769287 17693.353253126144 23670.069187402725 6493.38827252388 14843.607343912125 33474.641984224319 6756.1923513412476 14361.783033847809 26779.326082229614 80591.431326150894 9291.8085670471191 7801.9019093513489 25723.575529813766 2898.4424481391907 12528.90007686615 67087.217794895172 14253.506349086761 16593.017594337463 99330.255124807358 21893.137523174286
leaf_count=20637 6673 9210 6869 743 1885 3421 711 6849 943 3978 3462 4093 2166 17689 1995 3247 16017 40200 3225 1160 466 3318 2613 5572 396 34063 5815 217 2285 30397 607 5978 2640 10795 8680 15869 9028 24910 108 2289 5387 8952 26378 5746 8457 1459 6107 16132 1807 4207 7720 28833 3839 1800 8674 1135 1700 20695 2297 3551 26880 15241
internal_value=8.35423e-06 -0.000516957 0.00159833 -0.000592074 0.00145198 -0.00686194 -0.00148682 -0.00500934 0.00141236 -0.000974106 -5.75726e-05 -0.000838537 -0.00238629 0.00139341 0.00828664 -0.0111469 0.00390688 -0.00299821 0.00252603 -0.0148786 -0.0194364 0.000584181 -0.00368046 -0.00810421 -0.0222499 -0.00213984 0.00464572 0.00254511 -0.0109795 -0.00134415 -0.029994 -0.00113917 -4.83918e-07 -0.00259049 0.00508745 0.00752651 -0.00352041 0.00225409 -0.00022284 0.00355663 0.00465816 0.00123152 -0.0035071 0.00155793 0.00493075 -0.0158377 -0.00385865 -0.0053753 0.00234434 0.00360538 0.00403802 0.00490534 0.00491505 0.000900061 0.00717814 0.0184851 0.00166883 0.00253798 0.00146324 -0.0132603 0.00166298 -0.00217927
internal_weight=1.54019e+06 1.1577e+06 382490 196268 148014 48253.6 767864 97563.5 47678.3 670300 461383 421897 72002.6 389833 39486 49885.2 186223 208917 275744 30599.8 17447.8 47383.5 23113.9 24619.1 15219 296949 24269.6 140442 34516.9 114089 6891.93 211939 149386 58545 76011.4 43391.6 26928.1 124948 2228.76 205268 139292 65975.8 197455 26204.4 28876.5 8327.11 62553.2 48318.2 13743.3 39719.6 129983 107371 47440.3 17093.7 30346.6 4623.01 90840.9 78312 28615.3 27171.4 121912 22581.3
internal_count=528216 398594 129622 64594 48468 16126 266961 33473 16820 233488 162932 149018 23176 131633 13914 16653 65028 70556 83547 7443 4196 15438 6305 7738 3622 107949 9133 49011 9257 48086 1767 73886 45669 19181 25292 16612 9971 41069 574 62910 45165 17745 66578 8386 10452 1855 28217 22239 3692 8793 41940 36553 16159 5639 10520 1846 26488 24788 6504 5836 42338 15458
cat_boundaries=0 4 8 12 13 17 21 25 29 33 37 38 40 44 45 49 53 56 57 58
cat_threshold=69740168 3775456448 2781939840 8464 404761600 566256 270696728 28 134226640 3625058402 93591616 9114 6 2626816 549648 2261258 12 20971520 655364624 134254888 204 2301146368 2432696882 45242 2654 3524002856 8930560 2718114818 4 134251584 1150325558 402784294 2756 2355405352 2953470976 97667156 272 12 2970624365 240649 67108992 134219072 9437252 8193 279307 201326792 134218752 13633616 8192 0 8929536 67240192 256 0 2147483648 2112 541824 1582497
is_linear=0
shrinkage=0.05


Tree=68
num_leaves=63
num_cat=27
split_feature=12 16 16 16 16 17 9 13 13 9 13 17 16 22 21 16 17 17 16 16 22 4 17 4 17 17 17 20 16 16 9 1 17 17 21 17 17 17 21 16 17 17 16 11 16 9 16 13 16 12 17 17 17 21 2 16 22 16 17 16 16 16
split_gain=521.673 443.946 680.418 668.648 781.446 770.426 684.546 467.52 467.619 495.759 440.719 470.357 412.906 373.661 372.005 351.474 346.872 326.285 313.584 298.827 291.273 288.532 286.604 259.872 341.764 258.838 248.471 246.898 239.21 219.953 208.886 204.677 202.417 192.626 192.245 189.307 186.844 179.164 178.199 174.752 174.671 171.554 169.86 167.211 167.151 165.392 193.635 168.068 164.385 178.825 163.461 160.082 155.078 153.815 151.704 149.714 144.566 142.693 141.527 140.024 299.143 474.046
threshold=0.54330016495000055 44.500000000000007 8.5000000000000018 48.500000000000007 49.500000000000007 0 0.52603895570227122 38.500000000000007 14.500000000000002 0.42891986062717774 53.500000000000007 1 47.500000000000007 2 3 15.500000000000002 4 5 40.500000000000007 50.500000000000007 6 168.50000000000003 7 10.500000000000002 8 9 10 11 10.500000000000002 39.500000000000007 0.74995475931958022 2.5000000000000004 12 13 14 15 16 17 18 51.500000000000007 19 20 28.500000000000004 0.055068412651731215 6.5000000000000009 0.31709514392441224 15.500000000000002 76.500000000000014 14.500000000000002 0.21987222296260497 21 22 23 24 9.5000000000000018 50.500000000000007 25 11.500000000000002 26 10.500000000000002 16.500000000000004 39.500000000000007
decision_type=2 2 2 2 2 9 10 2 2 8 2 9 2 9 9 2 9 9 2 2 9 2 9 2 9 9 9 1 2 2 8 2 9 9 9 9 9 9 9 2 9 9 2 2 2 8 2 2 2 2 9 9 9 9 2 2 9 2 9 2 2 2
left_child=1 2 13 12 6 19 -5 8 14 15 11 18 25 17 23 28 -7 -1 33 -6 55 -2 -12 24 -4 -3 57 34 -10 32 58 -30 42 -9 -22 -8 -11 -28 -15 -29 44 -21 48 -36 -19 46 -24 -47 49 -13 -20 -17 -16 -42 -54 -18 -49 -25 -14 -38 -61 -62
right_child=21 3 7 4 5 16 35 10 9 36 22 29 30 38 52 51 20 40 50 41 27 -23 45 26 -26 -27 37 39 31 -31 -32 -33 -34 -35 43 -37 59 -39 -40 -41 53 -43 -44 -45 -46 47 -48 56 -50 -51 -52 -53 54 -55 -56 -57 -58 -59 -60 60 61 -63
leaf_value=-0.00050187736768979579 -0.0017843516139310703 0.0075634286333507057 0.010842926451014746 0.0043999891503479147 0.0017028586460954512 0.0077531503206973579 -0.0056198547616944251 0.0080585743343833272 -0.0063202068715434217 -0.0069073798728052985 -0.0042630625936403068 0.011123302498404534 0.0063827068579569452 0.0027296272723526826 0.00077847373714924064 0.0030290178413789229 0.0021698672994641104 0.012253074240240107 0.014021934385279967 -0.0060335033939814603 0.0095750974590723126 -0.0078645791125374898 -0.00996815876229332 -0.0056131563879145245 -0.0018998720990902552 0.0016480661929862122 -0.0085426578238742765 0.00093455460621255963 -0.011945702069034482 -0.0023663336446709746 0.0059880629397938345 -0.026429145032545506 -0.0017616192503337694 0.018368520297820278 0.0040682508067784199 -0.013433903357745301 0.0020259030302561916 -0.00014136584967864262 -0.0032065136354362 -0.0096875227582489086 0.0058887562765031478 -0.016358946610483736 0.010831532661153297 -0.0047270607551908915 0.00054480653977420537 -0.00054357912952385386 0.002144178831918388 -0.014872346505650065 -0.0011049682464813989 0.0017227127462418506 -0.0045009731956648898 -0.0090453006210564901 -0.00099335416340869185 0.0023529692121056259 -0.008140203894429824 -0.015589443191620801 0.0041453855623274647 0.014564357386229463 0.01718267577087022 -0.005630561984033138 0.0045394956932359063 -0.0037970407817243266
leaf_weight=67009.765744447708 160811.83236336708 22578.87512588501 13165.0694668293 11309.569466590881 8214.4156339168549 33323.834886312485 14083.805339574814 12264.183987855911 4782.7185368537903 25654.73939704895 52534.372062444687 9139.9534289836884 4626.6927328109741 16987.043135881424 11051.952590942383 4917.4846477508545 1780.0477108955383 10322.827254533768 1512.414393901825 10876.008728265762 12786.402496337891 22205.137192726135 8157.5587298870087 1103.0335547924042 8761.0459518432617 102090.59768605232 6708.0033614635468 11524.997693538666 4419.4495429992676 30767.560695409775 27657.010825872421 5451.137683391571 17215.261050701141 7240.1327652931213 28982.977994918823 17378.609946966171 16715.37978720665 114334.29878592491 49355.309751987457 5830.0835387706757 39214.475452423096 6417.6783061027527 8838.5955202579498 6641.3577311038971 4325.7051000595093 78794.725128889084 5539.8909542560577 1018.8378336429596 14034.107116937637 11329.564426422119 5448.8562335968018 6195.4538557529449 10584.533961772919 142840.05302619934 24877.767685651779 3558.0199089050293 34547.277880191803 4251.3839163780212 9039.6993837356567 54934.406804084778 26853.256351709366 46718.806808233261
leaf_count=20439 86352 7666 5942 5200 2633 10777 3878 4531 1365 10231 21063 2746 1102 5515 3138 1437 514 3403 527 3398 3759 4236 2595 202 4319 32968 1562 4326 1841 11045 10124 1190 6268 2422 7984 4384 5366 23166 16268 2060 12727 1925 3304 1841 1325 28885 1717 477 4531 4070 1784 2017 4851 46166 5119 1007 12718 824 2386 17996 9755 15112
internal_value=-1.61001e-05 0.000321479 -0.00019937 0.00188989 -0.00028807 0.00164159 -0.00615002 -0.00109265 -0.00222902 -0.00394913 0.000398278 0.00277761 0.00415594 0.00166771 -0.000492955 -0.0104142 0.00354434 0.00251146 0.00864536 -0.00614691 0.00157092 -0.00252209 -0.00115364 0.000730614 0.00575549 0.00272019 -0.000141035 0.00248316 -0.0154995 0.00107603 0.00848734 -0.0199462 0.00282518 0.0119 0.00431731 -0.00994238 -0.00297422 -0.000607688 -0.00168636 -0.00263255 0.00353797 -0.00987894 0.00464637 0.00242779 0.0087899 0.000122312 -0.00506956 0.000744213 0.00306303 0.00592056 -0.000461552 -0.00370803 -0.00439377 0.00311489 -0.00600546 -0.00965 0.00359718 0.010388 0.0135444 -0.00227871 -0.00283882 -0.000754247
internal_weight=1.54164e+06 1.35862e+06 1.01992e+06 338701 172708 129936 42772 689863 391480 196643 298383 117791 165993 330055 194837 25766.2 104428 263713 26465.6 25508.1 71103.9 183017 180593 148323 21926.1 124669 126397 65765.8 14653.3 91325 41323.4 9870.59 60557.5 19504.3 48410.7 31462.4 170877 121042 66342.4 17355.1 196703 17293.7 43342.2 35624.3 14648.5 128058 13697.4 114361 34503.6 20469.5 6961.27 11112.9 46514.3 182055 35462.3 5338.07 35566.1 5354.42 13666.4 145222 128506 73572.1
internal_count=528479 437891 329959 107932 53686 40224 13462 224116 115433 66310 108683 41228 54246 105843 49123 7850 32268 84060 9264 7956 21491 90588 67455 36015 10261 40634 25754 19970 4396 31964 13612 3031 20919 6953 13584 8262 58460 24728 21783 6386 63621 5323 14651 9825 4728 46392 4312 42080 11347 6816 2311 3454 13108 58893 9970 1521 13195 1026 3488 48229 42863 24867
cat_boundaries=0 4 8 9 11 15 19 20 24 28 32 36 37 41 45 47 51 55 58 60 64 68 71 75 79 81 82 86
cat_threshold=155484192 76684084 402830393 582 2154070544 2483028496 270698784 8716 388039329 269564863 42112 67117192 3775414272 97585152 10512 153137408 1125122614 404783546 2652 8808512 2252920072 10468 425755035 10241 34091904 2148066384 622898508 272 136351960 1149408052 402788470 2692 16777344 134220304 8421378 8192 22 101200960 581632 2685477954 256 262672 2214592512 268568608 8704 1508970657 196864 33555392 151028004 617622602 8 2221148168 9734 8620268 16 67108936 2483060800 16908416 456696341 229768 67371168 1024 26214464 8321 4456448 133652 140297 576 0 67109392 164096 134489408 524576 2147484952 16 19669120 2281737040 2148566344 8208 973103365 106497 8536384 786432 565776 539033856 260
is_linear=0
shrinkage=0.05


Tree=69
num_leaves=63
num_cat=10
split_feature=0 10 1 20 4 20 6 10 13 4 15 20 16 16 10 19 1 15 0 12 6 13 19 3 13 13 11 2 0 13 19 16 12 0 13 4 19 16 16 0 4 6 16 3 13 15 12 16 19 16 4 12 0 19 12 0 0 20 3 0 11 3
split_gain=738.622 755.141 684.789 442.788 301.609 539.017 334.111 305.688 291.393 317.155 316.901 321.642 306.742 543.655 266.793 262.477 261.026 250.292 243.486 232.463 228.039 244.717 241.939 213.733 209.237 208.289 203.209 229.627 180.697 269.775 237.589 177.708 169.686 168.509 167.07 169.979 166.116 166.114 189.618 157.493 161.587 156.4 156.108 161.163 145.982 143.861 137.626 125.691 144.615 124.54 123.057 119.417 123.996 117.441 116.71 116.314 116.088 115.44 169.28 115.428 112.379 111
threshold=1.5000000000000002 1.5000000000000002 3.5000000000000004 0 622.50000000000011 1 0.52348248954831356 2.5000000000000004 8.5000000000000018 7.5000000000000009 4.5000000000000009 2 9.5000000000000018 15.500000000000002 4.5000000000000009 3 34.500000000000007 46.500000000000007 59.500000000000007 0.2366182907172821 0.63174692049272141 11.500000000000002 4 214.50000000000003 54.500000000000007 52.500000000000007 0.091515322430775731 55.500000000000007 25.500000000000004 13.500000000000002 5 6.5000000000000009 0.10400850794785722 5.5000000000000009 4.5000000000000009 137.50000000000003 6 16.500000000000004 10.500000000000002 1.0000000180025095e-35 27.500000000000004 1.0909737488684861 44.500000000000007 27.500000000000004 48.500000000000007 320.50000000000006 0.52380952393608116 46.500000000000007 7 39.500000000000007 56.500000000000007 0.39768576089477126 17.500000000000004 8 0.12926422868497259 1.0000000180025095e-35 272.50000000000006 9 7.5000000000000009 150.50000000000003 0.081339419700014307 14.500000000000002
decision_type=2 2 2 1 2 1 2 2 2 2 2 1 2 2 2 9 2 2 2 2 2 2 9 2 2 2 2 2 2 2 9 2 2 2 2 2 9 2 2 2 2 2 2 2 2 2 2 2 9 2 2 2 2 9 2 2 2 1 2 2 2 2
left_child=2 3 8 18 5 6 31 28 15 24 11 12 36 -14 46 -1 39 32 20 -12 21 -2 26 42 -10 51 27 -22 29 30 60 -3 -7 -5 35 -9 44 38 -23 40 -4 -34 43 -15 -11 56 59 -33 -49 -39 -44 52 -24 -52 -41 -26 -20 58 -17 -6 -8 -31
right_child=1 4 16 33 14 17 7 34 9 10 19 -13 13 23 -16 57 -18 -19 45 -21 22 37 25 -25 55 -27 -28 -29 -30 61 -32 47 41 -35 -36 -37 -38 49 -40 54 -42 -43 50 -45 -46 -47 -48 48 -50 -51 53 -53 -54 -55 -56 -57 -58 -59 -60 -61 -62 -63
leaf_value=0.011175914271313986 -0.013805480402129595 0.0056027334747718541 0.0040036625185137327 -0.005980045645713257 -0.0017282934703662424 -0.0011180074068051049 0.0058028722849832867 0.024480147886976583 0.00078903142806338469 0.01585338644852316 0.0089470768440820924 -0.0028348683459454736 -0.0059443806853074505 -0.001103849647448507 0.00096013707100799399 0.018899542584383641 0.050180949628771045 0.0025236532648970087 -0.0073461570920438177 0.0028222197729246604 -0.00049590974067392475 -0.0032313743424382487 0.0049567926063644081 0.049543218656920754 -0.0015632758621377094 -0.0034467991622371373 -0.012005658780753624 -0.0053846499073476944 -0.001122905967130234 -0.0050386395698046489 0.014858549160415142 -0.0039355227380529672 -0.0022049654123318151 -0.014071588154200579 0.0045594762071896507 0.0049537110253230904 0.0041790538489959676 0.0066724103908427567 -0.012133785305500387 0.0077417876749367792 0.013671566736474877 -0.0081156994435177647 0.0072536347923416455 0.0070305431292403357 -0.0025623895819345487 0.0067154722370378426 -0.011721992078537972 -0.014810624131157864 0.0054319671943158371 -0.0020719379521477069 -0.013092475794565649 -0.0016270362350871946 0.00024475284731077915 0.0040748899733357878 0.0022959641808396269 -0.0060839270769992224 -0.023948208013807339 -0.00020362954918496401 0.000786194610538451 -0.0056018399103056884 -0.0049903219439511315 0.0017625244835085382
leaf_weight=12409.565011024475 6112.0973815917969 7478.1477587223053 6832.1108794212341 32313.707649230957 78257.188025951385 63970.554471969604 14872.510327577591 2171.4406127929688 116649.62612581253 6493.3240208625793 20955.122535705566 48382.51523733139 23420.046367645264 28093.44602060318 67438.269077777863 2215.1714644432068 340.06771469116211 28092.931324481964 19172.339157581329 59418.786099672318 82971.671374797821 19764.758971691132 38173.239328384399 244.57665991783142 103846.52212738991 20664.889341592789 5206.9629373550415 33805.735766410828 47310.659718513489 6464.0416376590729 7131.674699306488 37439.748811483383 22606.966130971909 8034.350310087204 94215.66847205162 2289.9920072555542 20120.970012187958 5013.1300110816956 8576.8316271305084 16851.648015499115 11767.61398935318 22165.114974737167 21951.992331266403 7773.0404369831085 1289.54074883461 1740.9916014671326 4385.6603798866272 996.63323640823364 7111.3483254909515 21667.461214065552 1522.2420585155487 15994.876014471054 22011.975913047791 2835.4030210971832 23640.592438459396 16487.31272816658 1113.3971652984619 15449.568678379059 3086.2581543922424 25498.77717256546 2877.6476676464081 83276.96276974678
leaf_count=5774 1408 1808 2168 11008 12183 15367 3190 440 86608 2687 8913 23118 9820 14721 9184 1173 60 6085 2937 27238 22304 5082 9328 73 82593 5371 1384 5994 7882 2219 1487 8979 5770 1972 17964 347 8705 1360 2240 4724 3137 5330 10138 2761 572 240 697 239 1725 5895 543 3611 3938 963 6659 8602 149 7797 1052 3269 642 18688
internal_value=5.892e-05 -0.000782585 0.00148339 -0.00267073 0.000249894 0.000935051 0.00207743 0.00281361 0.000894371 0.000580874 0.00185209 0.000579443 0.00203184 0.000551603 -0.00150796 0.00542721 0.00656399 -0.00168338 -0.00201318 0.00441919 -0.001615 -0.00431479 -0.000860744 0.00298893 -0.000719942 0.00100513 -0.00234197 -0.00191118 0.00147684 0.00254989 0.00715648 -0.00154036 -0.00277041 -0.00758971 0.00500728 0.0144609 0.00658605 -0.00326029 -0.00592579 0.00631213 0.0101207 -0.00513128 0.00280501 0.000659195 0.0127857 -0.00707471 -0.00304708 -0.00271323 0.00293066 -0.000428737 0.00573015 0.00221293 0.00323346 -0.00194445 0.00456249 -0.00218271 -0.00825851 0.00198264 0.00834116 -0.00268029 0.00405062 0.00127259
internal_weight=1.54047e+06 968390 572077 342338 626052 450472 313636 260611 512645 479484 242501 162127 113745 85840.7 175580 33160.6 59432 136836 301990 80373.9 279964 61134.3 218829 62420.7 236983 96845 121984 116777 161933 114623 24881.8 53025.9 108743 40348.1 98677.1 4461.43 27903.8 55022.2 28341.6 59092 18599.7 44772.1 62176.1 35866.5 7782.86 22026.7 108142 45547.7 8107.98 26680.6 26309.6 76180.1 60185.2 4357.65 40492.2 120334 20285.7 20751 5301.43 103756 17750.2 89741
internal_count=528315 207716 320599 84221 123495 98162 65610 52859 303851 288055 110252 74101 50983 39019 25333 15796 16748 32552 71241 36151 67915 15985 51930 29199 177803 22248 29682 28298 34108 26226 5319 12751 26467 12980 18751 787 11964 14577 7322 16688 5305 11100 29126 17482 3259 3326 16149 10943 1964 7255 11644 16877 13266 1506 11383 91195 3086 10022 2225 15452 3832 20907
cat_boundaries=0 1 2 3 4 5 6 7 8 9 10
cat_threshold=22 6 14 105178 606275 656579 170056 128 672897 6
is_linear=0
shrinkage=0.05


Tree=70
num_leaves=63
num_cat=23
split_feature=0 3 10 20 0 15 12 11 4 21 0 17 16 9 16 17 16 16 1 12 12 1 17 20 17 14 17 17 21 17 9 3 16 16 20 17 17 11 12 3 16 21 16 4 17 10 17 17 16 16 19 17 17 9 0 17 14 3 16 16 16 17
split_gain=691.522 800.714 608.107 424.592 468.747 377.609 322.698 316.808 293.407 259.322 255.031 308.29 253.362 342.094 340.984 339.794 331.081 420.509 246.666 228.807 219.171 215.849 204.335 195.675 195.572 193.456 239.562 178.411 172.096 163.464 161.758 161.462 157.767 222.038 190.31 173.133 156.43 155.607 155.544 152.402 150.749 148.74 143.021 143.142 188.394 160.452 138.928 137.993 144.867 179.721 149.669 137.299 135.454 134.48 131.014 136.916 130.981 168.881 158.445 142.357 262.962 328.139
threshold=1.0000000180025095e-35 19.500000000000004 2.5000000000000004 0 46.500000000000007 8.5000000000000018 0.53789429037264669 0.11956105677580293 867.50000000000011 1 2.5000000000000004 2 45.500000000000007 0.65884320283297282 51.500000000000007 3 10.500000000000002 11.500000000000002 1.0000000180025095e-35 0.38007601771893978 0.035444283337438771 5.5000000000000009 4 5 6 1.0000000180025095e-35 7 8 9 10 0.88003378378378383 30.500000000000004 10.500000000000002 12.500000000000002 11 12 13 0.02416949163723205 0.0909504365257532 108.50000000000001 51.500000000000007 14 45.500000000000007 218.50000000000003 15 6.5000000000000009 16 17 48.500000000000007 49.500000000000007 18 19 20 0.81833367078355956 4.5000000000000009 21 1.0000000180025095e-35 56.500000000000007 15.500000000000002 40.500000000000007 17.500000000000004 22
decision_type=2 2 2 1 2 2 2 2 2 9 2 9 2 10 2 9 2 2 2 2 2 2 9 1 9 2 9 9 9 9 10 2 2 2 1 9 9 2 2 2 2 9 2 2 9 2 9 9 2 2 9 9 9 10 2 9 2 2 2 2 2 9
left_child=1 18 3 4 6 10 7 12 20 24 25 -12 16 14 -14 31 28 53 -1 54 -4 27 56 -22 -6 36 -27 -3 -2 39 40 -15 35 34 -34 -8 -5 -11 -20 -17 -13 -24 43 44 -25 -45 -30 -44 -49 -50 -51 -9 -32 -18 55 -7 59 58 -58 60 -19 -62
right_child=2 21 8 5 9 19 32 51 -10 37 11 30 13 15 -16 29 17 22 38 -21 23 -23 41 42 -26 26 -28 -29 46 -31 52 -33 33 -35 -36 -37 -38 -39 -40 -41 -42 -43 47 45 -46 -47 -48 48 49 50 -52 -53 -54 -55 -56 -57 57 -59 -60 -61 61 -63
leaf_value=8.7863052421600463e-05 0.0046697386055072785 0.0099780841096709892 0.006142639986006981 -0.00032686373116393017 0.0009750654581772262 0.01395006863747493 -0.0099281905567285521 -0.0016629441375913762 -0.0010175337638456889 -0.020994009270082294 0.00025558287947790372 -0.0050108846225491097 0.010359629800670771 0.00064492736706947421 -0.0062671597828015124 0.0022679929916143596 -0.015953077351311348 -0.00084310149942585968 0.0060117622518219612 -0.0039255628368542461 -0.0017644142357517657 0.017147702365773336 -0.0011057474446084824 -0.00013547798558320961 -0.0052102831572592165 0.0087403256586200406 -0.0034213885993630297 0.0034410682247155546 -0.0029867221972357835 0.0058616117943979676 -0.016972148706067735 -0.014637921707244079 -0.0018810490266072972 -0.0043857244807730322 -0.022813277305538941 0.00080058043251212112 -0.0058625825804876812 -0.0075991868500299561 0.0017596106620598564 -0.003730835542280886 -0.019236397144852889 -0.0049758985733312257 0.0088826395005549806 -0.00058561247331823931 0.0059468156605712924 0.0072403762808360044 0.0014248525979079576 0.0075540913517177831 -0.0097866442412317001 -0.0078343619718345588 0.0059838259845611877 -0.012321116411207233 -0.009066613296974101 -0.0061420094325688847 -0.0015334700479229743 0.0036010850612518634 0.021576299760526992 -0.00081787555293713035 0.0056500843681766728 -0.002739198207371818 0.019450259158769117 0.0028278636763098227
leaf_weight=245662.96688270569 33673.847477436066 20517.076205968857 29339.64936876297 18612.014065027237 18007.268118858337 4683.5794858932495 4497.4818618297577 5287.8109006881714 111005.22905397415 3333.1668829917908 11650.327196359634 24967.295785903931 20040.806017160416 2692.0224204063416 3643.6070804595947 36421.385824203491 5180.3734405040741 31120.901539087296 30207.867630243301 14144.250772476196 37103.526385784149 5546.423597574234 84694.591191291809 21414.792918920517 44020.571990966797 7310.8890819549561 9050.986784696579 21313.569863796234 21779.507435798645 19898.294080495834 8118.5904371738434 4825.8434092998505 1633.4187166690826 27096.011610269547 3292.9618887901306 22653.648994684219 40655.693578481674 6205.8753938674927 74664.912946939468 14925.673411130905 2011.6546444892883 35122.576731204987 14022.271953344345 72264.367702245712 31404.295753002167 7201.2222332954407 98590.793884277344 9251.8338513374329 3804.9308702945709 2534.9461233615875 8514.2175421714783 7080.8206250667572 16654.013213396072 10724.62441110611 6703.4153168201447 10092.458032608032 2273.4966337680817 5773.2265481948853 4986.7255868911743 27294.173059463501 3995.7733232975006 11509.817748308182
leaf_count=190494 9047 6860 5639 7107 2654 1565 1232 1392 15261 525 2531 6377 4972 895 921 10698 1304 7816 13187 5042 8652 1355 21563 4828 6707 2907 3749 7377 5697 5009 2310 1013 463 8551 945 6543 15878 956 33570 2701 516 9087 2717 12851 7045 1188 25365 1860 744 479 1641 2055 4538 2846 1549 3547 622 1036 1354 7003 1074 3026
internal_value=-1.65034e-05 0.00177906 -0.000640614 -0.00140197 -0.000790491 -0.00358034 -0.0002958 0.000124147 0.00110362 -0.00459721 -0.00475737 -0.00709622 0.000328097 0.00253282 0.00780161 0.000948389 -0.000271473 -0.00150433 0.000954468 0.00101233 0.00209772 0.00787993 -0.000901688 0.0015258 -0.00341476 -0.00279659 0.00201622 0.00665071 0.00151066 0.0020155 -0.00874959 -0.00915386 -0.00378412 -0.00616135 -0.0159248 -0.000980262 -0.00412526 -0.0122685 0.00298446 0.0005241 -0.00607227 -0.00224058 0.00224215 0.0014646 0.00348198 0.000123666 0.000626433 0.0049403 0.002642 -0.000416001 0.0028115 -0.00777637 -0.0116685 -0.00933835 0.00426397 0.00689401 0.000943366 0.00556477 0.0106396 0.000128599 0.00180737 0.00712678
internal_weight=1.54271e+06 397913 1.14479e+06 796932 622277 174655 550710 491537 347861 71566.9 139031 63401.9 479168 102448 23684.4 78763.2 376720 222676 350536 35623.7 236856 47377.1 206771 207516 62027.8 75629.6 16361.9 41830.6 154044 71245.4 51751.6 7517.87 59173.5 32022.4 4926.38 27151.1 59267.7 9539.04 104873 51347.1 26979 119817 170413 132285 52819.1 79465.6 120370 38128.2 24105.9 14854.1 11049.2 12368.6 24772.6 15905 21479.5 14776 86954.1 13033.4 7260.22 73920.7 46626.5 15505.6
internal_count=528436 252843 275593 212688 155072 57616 144230 126496 62905 10842 45913 16272 123049 26209 5893 20316 96840 56731 237251 11703 47644 15592 52581 42005 9361 29641 6656 14237 40109 18408 13741 1908 17734 9959 1408 7775 22985 1481 46757 13399 6893 30650 33353 25912 11873 14039 31062 7441 4724 2864 2120 3447 6848 4150 6661 5112 21931 3012 1976 18919 11916 4100
cat_boundaries=0 1 3 7 11 15 16 20 23 27 29 33 34 38 42 44 48 52 56 57 60 63 67 71
cat_threshold=6 50927927 163840 535040 1074266130 2 272 2298478656 67641120 37905 64 287319440 268438288 2154966023 9166 1 960 17301504 12585376 268 35651584 565540 85992780 2248681168 159940868 2698125504 8 403185685 172322 33554944 8413200 2753767488 22 2 202117448 8752 2320 28 2282001984 2022203490 26223636 16 1376787811 42528 67121552 2222989600 2219967489 8208 2165081176 67145504 4229335 594 537224 67682592 71508040 16 262273 2097920 16384 66560 266240 2348828228 806560780 584 2224178688 9504830 16 2097152 0 2229248 12
is_linear=0
shrinkage=0.05


Tree=71
num_leaves=63
num_cat=26
split_feature=5 10 0 7 11 16 16 16 6 16 16 16 17 17 17 16 6 17 16 21 9 16 17 17 22 17 19 7 17 19 7 22 13 17 19 17 13 22 17 17 16 9 17 19 17 16 6 21 6 21 1 16 6 16 16 17 13 16 0 17 16 9
split_gain=737.366 308.419 425.656 262.757 253.793 245.613 284.871 656.808 328.288 296.077 270.829 965.971 564.383 480.83 289.345 266.984 295.917 293.671 447.313 214.073 218.951 405.668 211.004 210.9 205.779 204.576 199.613 198.288 187.928 187.517 177.985 174.522 171.015 166.454 165.912 159.645 158.467 153.073 149.999 144.977 140.84 243.943 207.816 129.403 129.323 128.181 129.821 126.766 126.427 126.102 123.676 123.523 120.846 137.939 208.117 166.059 128.672 119.922 128.217 118.129 117.996 161.443
threshold=0.75010373443983414 1.5000000000000002 1.0000000180025095e-35 47.500000000000007 0.10168402242873398 4.5000000000000009 44.500000000000007 48.500000000000007 1.0909737488684861 47.500000000000007 39.500000000000007 28.500000000000004 0 1 2 15.500000000000002 1.1818865345181138 3 11.500000000000002 4 0.42502796420581662 9.5000000000000018 5 6 7 8 9 8.5000000000000018 10 11 214.50000000000003 12 6.5000000000000009 13 14 15 47.500000000000007 16 17 18 49.500000000000007 0.57900140494974617 19 20 21 16.500000000000004 0.18761281588447656 22 1.1952467371492979 23 15.500000000000002 50.500000000000007 2.4003089598352223 10.500000000000002 16.500000000000004 24 55.500000000000007 49.500000000000007 5.5000000000000009 25 17.500000000000004 0.77459177091106868
decision_type=2 2 2 2 2 2 2 2 2 2 2 2 9 9 9 2 2 9 2 9 10 2 9 9 9 9 9 2 9 9 2 9 2 9 9 9 2 9 9 9 2 10 9 9 9 2 2 9 2 9 2 2 2 2 2 9 2 2 2 9 2 8
left_child=1 3 27 29 5 28 10 9 25 22 11 13 39 15 -13 17 45 18 -7 -19 21 -21 -8 -4 34 -9 50 -3 -2 44 31 -25 49 -5 -15 -18 -30 -14 -36 -12 41 -28 -42 -29 -1 -17 -47 -40 -38 -31 -10 -44 53 56 55 -55 -34 58 -27 -53 -46 -62
right_child=4 2 23 33 -6 6 7 8 26 -11 12 14 37 24 -16 16 35 19 -20 20 -22 -23 -24 30 -26 57 40 43 36 32 -32 -33 52 -35 38 -37 48 -39 47 -41 42 -43 51 -45 60 46 -48 -49 -50 -51 -52 59 -54 54 -56 -57 -58 -59 -60 -61 61 -63
leaf_value=-0.0026466738513824736 0.0052095308541952757 0.0046750042356075083 0.0056202315934529229 -0.0084094392634043846 -0.0076555994055617117 6.8134011071166995e-05 -0.0011588150813490405 0.0053485782062115675 -0.0019746571843862249 0.0082507573166813314 0.01071004912602881 0.018065685798212831 0.0031167571008495964 0.00023619346042623321 0.0052586742725506987 -0.0038081392853618885 -0.00093361688393591802 0.0025523087536461707 0.02072623117240395 -0.0013613607857424883 -0.00050926722979975267 -0.023223350130336815 0.0043757231582887048 0.0026053618704933654 -0.0087713098571857648 0.0015107243065109145 0.0022380987695580046 0.0059682357612470538 0.0018853558764042684 -0.00084731436760742253 -0.00174429347589889 -0.0012897580153107466 0.0059105240275139715 -0.0015240643940411913 -0.013141096781141249 -0.010606827244806166 -0.00027000876421204138 -0.0067065138873670955 -0.0091681657826545547 0.0002357784878988992 0.00014338278254621213 -0.012480567416215942 -7.8212945289709027e-07 0.015970239639120289 -0.00087295090236627333 0.033190595037123474 0.0048060036876555901 -0.003192321176540155 -0.0077134320777950535 0.012871996902149331 0.026141410963831376 -0.0060092484623109734 -0.0030654084180170319 0.0091287342886797549 0.002133544481128014 -0.0030408815038129536 0.0011447675299524841 0.0009916689839245521 -0.009547350100913168 -0.015226394499151913 0.0055502130130306981 0.00040610471887419825
leaf_weight=47202.996407985687 24325.128433704376 32481.339272260666 28062.985758781433 11656.795045852661 14512.254901885986 6163.7811822891235 33310.845708370209 15344.027572870255 759.53609585762024 23025.395973682404 3690.4479215145111 6294.1118731498718 4168.4812722206116 27102.203196287155 14781.485730886459 5227.9319369792938 6047.2577199935913 54461.674051761627 4557.3107788562775 6335.8658101558685 58495.432465553284 3189.5414853096008 35639.157482147217 132745.33962512016 19388.087161064148 4006.3540937900543 3560.4176201820374 5517.924941778183 43372.530035734177 2373.3646855354309 46032.442720413208 36705.07639336586 32516.548922538757 35501.180956363678 4428.6705822944641 14557.59344291687 14585.128034114838 80900.446280956268 9790.7289731502533 30757.206521034241 16976.690341711044 13441.580410957336 4267.8693509101868 7953.3314056396484 97431.098137617111 428.8955225944519 6410.4748778343201 94734.426969051361 9368.5272161960602 5718.3478648662567 805.07560205459595 8833.7909212112427 13807.344321489334 3022.4988396167755 101957.4599199295 37017.513290643692 25093.090054035187 15591.923814296722 7580.4132330417633 5778.9140605926514 20455.409688234329 59956.897730827332
leaf_count=28340 6330 12047 5877 2024 4202 1776 8661 4155 282 5937 1041 1594 1165 6757 3889 1332 1200 13724 1218 1636 13755 834 8994 28882 5535 1510 917 1417 10888 910 6264 8057 16066 6085 1370 3135 3941 20786 2583 7741 4274 3194 1128 2105 58429 178 1654 23562 2798 2156 145 2102 7221 1863 61342 21633 16656 4327 1477 1436 9071 38821
internal_value=5.4304e-06 0.00108098 0.00237671 0.000321197 -0.00110736 -0.000979361 -0.00132062 0.000315054 -0.00255649 0.0033418 -0.00198961 -0.00127431 -0.00403882 -0.00195447 0.00909516 -8.19686e-05 -0.00413223 0.000911497 0.00884232 0.000216493 -0.00165382 -0.00868342 0.00170239 0.00154389 -0.00395236 0.000735171 -0.00512831 0.00679044 0.00144399 0.000696044 0.00101269 0.00176171 0.00172875 -0.00322828 -0.00326501 -0.00777365 8.2643e-05 -0.00622482 -0.00413587 0.00136097 -0.00564926 -0.00939836 -0.00387296 0.0118904 -0.000320482 0.00208559 0.00659059 -0.00375298 -0.00318141 0.00886326 0.0124207 -0.00748023 0.00145828 0.00177121 0.000933993 -0.00212051 0.00383475 -0.00187076 -0.005724 -0.00966969 0.000297059 0.00171472
internal_weight=1.54021e+06 783209 289498 493711 756998 742485 650834 188922 96946.6 91975.4 461912 342395 119517 321320 21075.6 165876 32672.2 133204 10721.1 122483 68020.8 9525.41 68950 243546 155444 42522.7 54423.9 45952.6 91651.3 446553 215483 169450 221506 47158 136056 20604.9 67326.2 85068.9 108954 34447.7 52859.3 17002 35857.3 13471.3 225046 12067.3 6839.37 104525 23953.7 8091.71 1564.61 18880.6 213414 199607 141997 40040 57609.6 27178.7 11586.8 14612.7 177843 80412.3
internal_count=528429 335266 64649 270617 193163 188961 165004 48539 24947 23592 116465 85732 30733 80249 5483 40442 7499 32943 2994 29949 16225 2470 17655 49080 39807 11469 13478 15569 23957 262508 43203 36939 127847 8109 34272 4335 17627 21951 27515 8782 13051 4111 8940 3522 134661 3164 1832 26145 6739 3066 427 4666 124781 117560 84838 23496 32722 7314 2987 3538 106321 47892
cat_boundaries=0 4 8 12 16 18 22 26 27 31 32 36 37 38 42 43 47 48 51 55 59 60 64 66 68 71 74
cat_threshold=151262208 84444116 404914494 140 285221616 2290244610 2776632394 9090 2625536 549392 2228488 4 268435472 2147618818 2112 128 831119653 99586 2214855296 2299030592 2765204737 320 2396312 1895989538 29362212 8322 168011665 201340544 2357240160 80874512 16 49152 2216953224 268976388 567279809 392 1853329 54805193 134219080 75538688 604114064 16 1705992 8832 2147485696 25166848 128 8407042 71303168 1107296788 268435504 16777216 528 32768 4 276296 581700 2752579840 280 402065 1159239050 587235332 616870146 20580 134654656 196744 697303248 34056 128 0 8390656 34078720 134218512 2105354
is_linear=0
shrinkage=0.05


Tree=72
num_leaves=63
num_cat=18
split_feature=5 12 15 10 0 8 17 16 16 20 13 3 13 0 21 17 17 12 9 0 21 9 12 16 20 12 16 16 3 5 20 15 7 13 0 17 3 11 16 16 16 9 17 16 16 9 17 17 17 3 17 13 20 20 11 17 16 16 12 17 9 8
split_gain=710.354 324.559 292.001 272.262 313.837 306.458 259.413 232.232 322.562 259.628 289.354 299.616 221.261 320.752 240.73 240.161 219.038 231.158 216.848 199.267 197.429 195.5 257.171 226.882 210.637 177.139 171.42 233.428 167.763 167.332 166.853 219.386 156.696 164.083 154.528 161.234 153.416 152.836 148.158 235.962 381.053 199.286 188.769 173.129 307.037 537.36 287.744 213.665 180.408 166.822 151.829 144.942 142.769 140.728 139.972 134.223 135.315 224.202 130.509 159.282 130.103 129.438
threshold=0.72743726861373925 0.4973299563544647 9.5000000000000018 3.5000000000000004 155.50000000000003 1.5376700771578899 0 45.500000000000007 9.5000000000000018 1 51.500000000000007 89.500000000000014 3.5000000000000004 7.5000000000000009 2 3 4 0.12548429020823573 0.88906469760900142 1.0000000180025095e-35 5 0.85394223715201367 0.13654929868211915 48.500000000000007 6 0.62081819921666048 15.500000000000002 11.500000000000002 190.50000000000003 0.3328716528162512 7 9.5000000000000018 622.50000000000011 8.5000000000000018 2.5000000000000004 8 144.50000000000003 0.11269491408020259 44.500000000000007 10.500000000000002 11.500000000000002 0.23104297837393925 9 39.500000000000007 28.500000000000004 0.18068402642829384 10 11 12 6.5000000000000009 13 52.500000000000007 14 15 0.067779660845796272 16 9.5000000000000018 42.500000000000007 0.11637076062710917 17 0.92863065624259666 2.510869565217392
decision_type=2 2 2 2 2 2 9 2 2 1 2 2 2 2 9 9 9 2 10 2 9 8 2 2 1 2 2 2 2 2 1 2 2 2 2 9 2 2 2 2 2 10 9 2 2 10 9 9 9 2 9 2 1 1 2 9 2 2 2 9 10 2
left_child=1 2 6 4 5 12 18 8 9 10 11 -8 13 15 53 -2 -4 -18 26 -20 -17 28 23 -23 -24 30 27 -1 -9 -21 37 34 33 -5 -32 -36 52 38 39 49 41 -41 -40 44 45 -42 -47 -45 -46 -14 -51 -33 55 54 -15 -3 -57 -58 59 -10 -59 -7
right_child=3 36 16 32 -6 61 7 21 58 -11 -12 -13 25 14 -16 20 17 -19 19 29 -22 22 24 -25 -26 -27 -28 -29 -30 -31 31 51 -34 -35 35 -37 -38 -39 42 40 43 -43 -44 47 48 46 -48 -49 -50 50 -52 -53 -54 -55 -56 56 57 60 -60 -61 -62 -63
leaf_value=0.0011892397992629934 0.014552101703207643 -0.0018557077278682978 0.0016529342712289026 0.010662017904870737 -0.007245761231484015 -0.0073832883969371325 0.0098572309121321318 0.01068555678968288 -0.001875563334031549 -0.00030867433174043291 -0.0038047033419304414 0.0025375750893840941 -0.005196391945587275 0.0040453662059267799 -0.0080816966307000106 0.0088752113796392428 0.0095819890930834029 0.003544465585940008 -0.0013927912242539587 -0.019719404300213492 -0.0024208624345176139 0.0036365414777195619 0.0081907790955057704 -0.0046411739701202794 -0.0016138812263954813 -0.0058483564379576899 0.0047806618124171503 -0.011400573363218716 0.0024557282972159037 -0.0065427056553841222 -0.0016315937280382935 0.011808006763071132 -0.0022281648665792432 0.0015291664912774217 -9.1814410948918949e-05 -0.0069110649172370309 -0.0052921304174621204 -0.0075131068799408063 -0.00042420077476121087 -0.026346374488372033 -0.040625841974631878 -0.0078480451275132652 0.0042161659604173854 0.002234673972096402 0.020377265377767233 0.0023043218866990911 -0.0039840215442628023 -0.0050849809402721104 0.0044184149018774085 -0.0025266379911672312 0.001809935107670378 -0.00013250238808858896 -0.0027624790022806951 -0.012789454628364347 -0.008837639073115253 0.0047604145918354402 -0.0025725586325134916 0.00071126679560506653 -0.0016474465376256843 0.0021422672709737012 0.0079007784783459694 -0.029017277490041644
leaf_weight=11928.257015943527 6633.0527420043945 37975.242836236954 67764.407790660858 5190.9138062000275 22651.745101928711 13595.521428346634 29246.891363859177 15585.593995332718 36093.469839334488 34200.514055013657 8003.3679645061493 26784.408798694611 12150.954097747803 18783.882533550262 9146.7251486778259 7658.2708442211151 24304.496229410172 45598.413051128387 12916.381307840347 3413.6638240814209 7799.9803988933563 15596.637352705002 21502.966039896011 17638.285425186157 7350.7727110385895 21344.861789941788 13791.596166849136 5324.4071230888367 10275.350653648376 8190.2742171287537 42669.587977409363 2805.2741253376007 28000.795965194702 93243.947545528412 10705.158898830414 45735.556385040283 16953.532577991486 8085.1222503185272 66472.317193031311 1617.2595410346985 856.20118713378906 14543.920202970505 32685.381008625031 12476.964958429337 2256.3085858821869 36777.885604381561 35977.283702611923 49559.617920160294 8185.4561197757721 25250.083328008652 100431.37811183929 26935.274702310562 43010.987329006195 1587.2398474216461 2373.969265460968 25517.207933425903 29995.739907026291 14689.380597352982 93930.704181909561 77869.33366727829 11007.562735319138 727.60872578620911
leaf_count=5796 2584 21869 28177 918 3049 4145 12092 4924 12253 16923 4868 4706 5830 3904 2009 3040 7885 19568 5714 695 3226 6016 9240 6736 4689 7822 7670 2581 1572 1896 18122 927 3354 16386 2400 11777 2964 2378 17157 419 251 3555 8092 2976 547 8872 8938 12785 2136 5721 23529 8504 29690 386 521 13016 18077 10132 41434 26718 3969 251
internal_value=1.70852e-05 0.00109637 0.00166463 -0.00105042 -0.00146425 -0.00125498 0.00104773 0.00149868 0.000848123 0.00320919 0.00508729 0.00635835 -0.00108564 0.00197084 -0.00123689 0.00660149 0.00367949 0.00564295 -0.00215036 -0.00566525 0.00317773 0.00376321 0.00224175 -0.000756577 0.00569526 -0.00138159 0.000625274 -0.00269658 0.00741581 -0.0104204 -0.00120376 -0.00277192 0.00107208 0.00201089 -0.0039023 -0.00561892 -0.000766564 -0.000707607 -0.000569786 -0.00112346 -0.00241572 -0.0097007 0.00110581 -0.00160976 -0.000131014 -0.0012692 -0.000805494 -0.00361328 0.00789225 0.000397743 0.000938624 0.000994144 -0.0002935 0.0015188 0.00259828 0.000597691 0.00174504 0.000363715 -0.000267555 0.000869787 0.00379116 -0.00848423
internal_weight=1.54138e+06 766460 587310 774916 648480 625828 449643 394078 306129 98235.2 64034.7 56031.3 611505 53983.1 31891.8 22091.3 137667 69902.9 55564.6 24520.3 15458.3 87949.6 62088.7 33234.9 28853.7 557522 31044.3 17252.7 25860.9 11603.9 536177 128851 126436 98434.9 99110.3 56440.7 179150 407326 399241 300083 162251 16161.2 99157.7 146090 84053.1 73611.4 72755.2 62036.6 10441.8 137832 125681 29740.5 162196 22745.1 21157.9 119185 81209.9 55692.7 207894 113963 25696.9 14323.1
internal_count=528381 331870 232153 196511 175853 172804 176523 152171 118994 38589 21666 16798 168408 15670 6820 8850 55630 27453 24352 8305 6266 33177 26681 12752 13929 152738 16047 8377 6496 2591 144916 41730 20658 17304 32299 14177 99717 103186 100808 75559 40479 3974 25249 36505 20744 18061 17810 15761 2683 35080 29250 9431 96753 4811 4425 67063 45194 32178 80405 38971 14101 4396
cat_boundaries=0 4 5 7 11 15 17 18 19 23 27 31 35 39 43 44 45 49 52
cat_threshold=3443558432 100926022 268882106 16980 6 34287843 1024 136356608 559104 10523996 272 34116872 2197851300 3105923483 8200 51719 32768 22 6 274192 1074267136 16777554 272 2200437248 548608 2754721089 8518 2281710536 134750464 2227185856 8456 153092096 117965632 2228266 140 2101248 540672 2228488 4 135013640 3872 32797 10782 14 22 151818570 176186480 409993491 10760 537160 16795680 136380416
is_linear=0
shrinkage=0.05


Tree=73
num_leaves=63
num_cat=22
split_feature=5 8 12 7 10 5 16 12 11 20 6 5 4 20 10 0 15 16 16 0 16 17 17 16 17 16 16 16 19 13 17 20 17 19 17 17 20 6 20 16 16 17 8 4 17 17 10 16 17 17 6 13 6 20 13 19 4 16 16 13 20 16
split_gain=633.405 326.272 317.104 312.374 367.045 377.557 265.099 216.432 208.007 198.596 221.778 194.4 226.282 280.556 184.839 176.599 202.483 186.016 351.234 202.536 192.539 482.842 442.119 353.977 259.715 223.038 267.755 236.264 217.206 170.755 170.194 167.831 166.881 165.702 165.067 164.071 163.285 225.29 151.341 259.805 246.138 155.738 151.227 171.603 157.473 150.849 149.388 143.969 142.89 141.857 139.488 138.287 159.607 135.802 134.897 151.737 134.283 131.169 186.013 130.89 127.208 123.274
threshold=1.0006418485237487 2.0119047619047623 0.57736722003153917 98.500000000000014 1.5000000000000002 0.21479943013096692 4.5000000000000009 0.42094888001259773 0.067779660845796272 0 0.44532598532796325 0.1241124794416142 6.5000000000000009 1 2.5000000000000004 238.50000000000003 246.50000000000003 44.500000000000007 48.500000000000007 3.5000000000000004 15.500000000000002 2 3 11.500000000000002 4 16.500000000000004 39.500000000000007 28.500000000000004 5 20.500000000000004 6 7 8 9 10 11 12 2.2896735509660231 13 16.500000000000004 10.500000000000002 14 1.1852039286249816 75.500000000000014 15 16 3.5000000000000004 7.5000000000000009 17 18 2.6669648181276089 12.500000000000002 0.6600423131170664 19 15.500000000000002 20 105.50000000000001 16.500000000000004 10.500000000000002 47.500000000000007 21 49.500000000000007
decision_type=2 2 2 2 2 2 2 2 2 1 2 2 2 1 2 2 2 2 2 2 2 9 9 2 9 2 2 2 9 2 9 1 9 9 9 9 1 2 1 2 2 9 2 2 9 9 2 2 9 9 2 2 2 1 2 9 2 2 2 2 1 2
left_child=2 6 3 4 11 46 32 8 15 10 -7 12 54 35 34 16 17 20 30 -20 21 23 -22 -8 -25 53 27 60 50 -9 -19 -13 -2 -21 -5 -14 37 -26 41 40 -40 -31 43 44 -33 -15 -6 -23 -49 -12 -28 52 -45 -24 55 -1 -4 58 -53 -34 -27 -35
right_child=1 -3 56 14 5 9 7 29 -10 -11 49 31 13 45 -16 -17 -18 18 19 33 22 47 25 24 36 26 28 -29 -30 38 -32 42 59 61 -36 -37 -38 -39 39 -41 -42 -43 -44 51 -46 -47 -48 48 -50 -51 -52 57 -54 -55 -56 -57 -58 -59 -60 -61 -62 -63
leaf_value=0.010860677135120051 0.0082654588379011736 -0.023455442486188614 -0.0011499889054330738 0.00065666362178866064 0.0060967833478744633 -0.00019092131156493467 -0.00035907349052796017 -0.011608934931129069 -0.0054344395963135455 -0.00083069560847523992 0.0074136186426027959 -0.0058422705226241697 0.00061789296071649365 0.0059838004898986226 0.00056414385371980548 -0.0051544979559691043 0.0040741461109149169 0.0073311988173127398 0.0042593097139542032 -0.0075400891241173542 -0.010718124912893966 -0.00023826045816109046 -0.004457761951865021 0.022290448944591836 0.0045231981355990511 0.003249268473617234 -0.0015644338394640344 0.010692809961199277 -0.0058968651075913718 0.0035027126770307069 0.0007439638934241239 -0.0028964066820376926 0.0024373776601807973 -0.0048342973464113028 -0.0042302941203383642 0.005440968411647925 0.00098970011214852076 0.019195283727555315 -0.0055470184511226747 -0.0021645965056231922 -0.017381721022849593 -0.0040823530063162795 0.0026370816964864071 -0.013371357280928364 0.0026459427731536952 -0.00251566833750467 0.01659796240707094 -0.012132648391831577 -0.0042559026120783305 0.0031158812061814409 0.0074588786212904865 -0.00072954932075075377 -0.0031964437114154181 -0.016324352127200192 -0.00041090048068861376 0.0011011354337374785 -0.0062703668518243249 0.0014211340415088035 -0.0099228860999181195 -0.0027091024807489707 -0.0074468376483956787 0.0026965395721176375
leaf_weight=5761.1078984737396 8384.6928935050964 1670.4222276210785 88058.817353248596 25608.448417186737 47141.196214914322 44190.120565414429 45529.981088161469 6792.7636182308197 27264.435632944107 46588.945417165756 23681.415343761444 14469.360823154449 23045.946797370911 6403.6323716640472 104890.13944959641 22812.189935684204 21597.865040063858 22584.678181886673 10498.347215890884 15562.477012395859 16946.015104055405 16580.188002347946 7114.5390815734863 2497.6231911182404 7786.8852422237396 8394.2994298934937 15851.404901742935 8037.7844414710999 26058.900683641434 13453.533514738083 17342.564249277115 18828.209077596664 36574.47018289566 10116.387205600739 53124.935752391815 75248.519669532776 11134.742035865784 3939.9660978317261 13504.512392759323 32683.375532865524 6512.1232359409332 13594.630101680756 35830.914921522141 5910.0293333530426 40080.976663351059 28035.193843603134 3648.3438365459442 7266.8403105735779 27826.03701210022 101748.64659619331 5867.527163028717 15609.339486598969 11078.704445838928 3657.6116065979004 136013.57797002792 12874.52020573616 14982.136282205582 21205.144105672836 8496.6732244491577 18655.356970787048 4142.3167564868927 11738.316894054413
leaf_count=3561 2235 487 55516 3932 15078 10442 12333 1794 7630 11845 5231 4587 11830 3474 15133 2845 4293 5983 4459 3352 4735 4390 1654 730 1908 2093 4017 2213 7028 3851 4942 5566 9738 2108 8272 36981 3171 908 4598 11274 2157 4462 8967 1367 11617 15427 860 2103 7182 22789 1578 3558 2178 990 109195 8343 3166 4924 1956 5857 1200 2459
internal_value=1.25368e-06 -0.00139922 0.000734268 0.00103209 0.00149814 0.00297213 -0.00132944 -0.00174384 -0.00122763 0.00206082 0.0028549 0.000640522 0.00143554 0.00294996 -0.00081026 -0.000900734 -0.000604939 -0.000934695 0.00100865 -0.00187744 -0.0017155 -0.000401812 -0.00339141 0.00227749 0.0070119 -0.00182056 -0.000766883 0.00400183 -0.00282046 -0.00399947 0.00447212 -0.000691613 0.00169771 -0.00359933 -0.00264125 0.00431035 0.00532974 0.00944586 -0.00335118 -0.00491118 -0.00939794 -0.000309714 -0.000216621 -0.00106024 0.000874468 -0.000933852 0.00685142 -0.00407711 -0.00589195 0.00392819 0.000873109 -0.00288964 -0.00673666 -0.00850742 0.000135721 0.00412509 -0.00189454 -0.00144714 -0.00397021 0.000698872 -0.000288572 -0.000789132
internal_weight=1.54253e+06 529976 1.01255e+06 909514 725891 266999 528305 464691 378150 216209 169620 458892 287382 132733 183624 350885 328073 306475 87842.8 47915.5 218633 122562 96070.4 70889.2 25359.2 79124.4 68352.2 20574.4 47777.8 86540.9 39927.2 171509 63614.5 37417.2 78733.4 98294.5 22861.6 11726.9 79748.2 52700 20016.6 27048.2 157040 121209 58909.2 34438.8 50789.5 51673.1 35092.9 125430 21718.9 62299.9 16988.7 10772.2 154649 18635.6 103041 45311.2 24106 55229.8 12536.6 21854.7
internal_count=528552 142757 385795 327113 299776 66245 142270 124440 96304 50307 38462 233531 188811 67712 27337 88674 85829 81536 23303 12378 58233 32725 25508 19050 6717 20773 18129 5506 12623 28136 10925 44720 17830 7919 12204 48811 5987 2816 26342 18029 6755 8313 40133 31166 17183 18901 15938 13675 9285 28020 5595 13983 3545 2644 121099 11904 58682 10438 5514 15595 3293 4567
cat_boundaries=0 1 2 6 10 13 14 18 19 22 23 27 31 32 33 37 41 45 49 53 54 55 56
cat_threshold=14 14 2199955008 2290276354 2215716938 9090 2214887512 2156004356 68225253 578 2147483648 2147483650 2112 275593 168310040 75538740 807404838 28 1 67109256 1342701828 30408832 1712801 2149593536 25706528 12585248 328 2301394952 385876482 404918690 2128 4 10 167773760 2281701634 872417280 256 33587216 134776944 79767889 530 2147746928 2417099896 210894912 272 134217728 67109684 268566832 4 201589960 35090 4327434 464 12 334554 12
is_linear=0
shrinkage=0.05


Tree=74
num_leaves=63
num_cat=11
split_feature=5 12 16 13 16 16 9 8 0 10 16 3 16 19 12 11 0 19 13 21 19 15 16 19 16 5 8 13 7 5 9 13 3 16 9 16 19 8 19 2 5 1 16 16 9 19 13 15 19 13 15 13 21 0 9 16 13 7 3 13 5 21
split_gain=597.788 318.185 483.394 351.832 340.169 336.18 411.539 282.197 267.652 219.44 215.63 209.211 207.57 198.246 190.49 209.084 197.277 190.462 183.972 189.111 176.576 171.127 168.109 167.213 165.206 163.692 158.519 158.419 150.007 147.46 151.269 148.552 148.227 145.856 266.418 237.042 205.724 195.95 191.364 144.017 141.434 139.653 138.712 214.842 148.864 138.058 137.785 137.782 138.388 129.231 197.174 135.621 126.997 126.944 171.974 289.575 125.654 125.468 124.934 124.23 120.619 113.654
threshold=1.0134539969834091 0.086269858686867887 46.500000000000007 30.500000000000004 51.500000000000007 48.500000000000007 0.66676373519704923 2.0119047619047623 9.5000000000000018 1.5000000000000002 4.5000000000000009 13.500000000000002 8.5000000000000018 0 0.42951928823104285 0.067779660845796272 60.500000000000007 1 2.5000000000000004 2 3 31.500000000000004 4.5000000000000009 4 44.500000000000007 0.39047078842881461 1.0855735414558947 52.500000000000007 4.5000000000000009 0.36394297102560175 0.027692569870483984 8.5000000000000018 500.50000000000006 16.500000000000004 0.66676373519704923 40.500000000000007 5 1.1653453523554711 6 7.5000000000000009 2.2549323017408125 10.500000000000002 16.500000000000004 10.500000000000002 0.22257607926397738 7 4.5000000000000009 107.50000000000001 8 55.500000000000007 9.5000000000000018 67.500000000000014 9 1.0000000180025095e-35 0.10364721485411142 11.500000000000002 9.5000000000000018 14.500000000000002 64.500000000000014 53.500000000000007 0.48848533547609485 10
decision_type=2 2 2 2 2 2 10 2 2 2 2 2 2 9 2 2 2 9 2 9 9 2 2 9 2 2 2 2 2 2 10 2 2 2 8 2 9 2 9 2 2 2 2 2 10 9 2 2 9 2 2 2 9 2 10 2 2 2 2 2 2 9
left_child=1 5 3 -3 11 8 -7 10 9 17 41 -4 23 -13 15 18 -16 -1 19 28 -6 59 -10 -5 -19 -15 42 -23 -12 30 31 -11 52 34 53 47 37 -36 -37 -22 -17 56 43 -24 -45 -26 -28 -35 -49 -25 -51 -52 -32 -14 55 -55 -2 -33 -8 61 -40 -20
right_child=7 2 4 12 20 6 58 -9 22 29 14 13 33 25 16 40 -18 24 21 -21 39 27 26 49 45 -27 46 -29 -30 -31 32 57 -34 35 36 38 -38 -39 60 -41 -42 -43 -44 44 -46 -47 -48 48 -50 50 51 -53 -54 54 -56 -57 -58 -59 -60 -61 -62 -63
leaf_value=-0.010047319216425092 0.0072024697822665462 -0.0025978191560856378 0.0014252366646117258 0.009734450006749773 0.0058722056743892026 0.0035827563033197563 -0.0051538364785262396 -0.02151610229750257 0.0063789156501904247 0.025984493870249276 0.012419405726016594 0.0021861028690474088 -0.0032671438281005345 0.013117651183439456 -0.0033135320418549333 -0.0031723264546056409 -0.014889657465336839 0.0019059506337444324 -0.0076081054900599887 -0.0028935552012886276 0.00088501657355764579 0.0081606193695699502 -0.00066275167238157625 0.0036503785461086805 0.00075280835764783853 0.0059888253881368037 -0.0079226995772071745 0.00016925547817083528 0.0029209992684511386 0.0041683703506535628 -0.00029782273018353548 0.0051355634960434512 0.041745293611722384 0.0019828858023398102 0.0014354251060964057 0.0029275139305679873 -0.0016266826357357095 0.015263867686394809 -0.00094056705037801134 -0.0081080484449426952 -0.011153427572216499 0.0036000605070533446 -0.00072502038823245199 -0.035941231404956073 -0.012386470745954345 0.0094582693180689029 0.0011921383932159036 0.019984788333446971 0.005446128974234599 -0.0038838626044828289 -0.00091581793677717425 0.00430433087313123 0.011771915830843544 -0.0093736385061541569 -0.0065568104647394853 -0.041345795162754335 -0.0024276966004727648 -0.019990391934725026 -0.014526371809473996 -0.0050285310974111166 -0.0055763576180500865 -0.001245573507202417
leaf_weight=3010.8266839981079 3917.9181776046753 157463.04007816315 43192.322669029236 6480.4955546855927 4935.9190604686737 11220.076925516129 8309.6925282478333 1731.4336321353912 11436.645596981049 380.1938943862915 5671.8872630596161 21705.38241147995 13915.862230062485 11646.252448558807 78606.000903129578 20008.666110992432 3860.248607635498 116318.74033808708 7245.1921875476837 9954.014123916626 7121.3632309436798 6877.1008741855621 3575.5215835571289 42913.812823057175 6665.4488680362701 26103.448755741119 4326.3565325737 63055.042276382446 15556.260082960129 40507.445667028427 2527.2386484146118 943.80661487579346 377.78774070739746 39548.698080301285 9408.7322423458099 22105.816612243652 75511.350961685181 3519.361485004425 42398.845129013062 11874.119209051132 7681.9432511329651 34209.899470806122 11492.669828891754 864.65472221374512 2989.5662879943848 14441.1485850811 99004.263552188873 2100.6900761127472 7417.0360491275787 21051.6622402668 23198.941226243973 26832.894958019257 16178.715866327286 2067.2169878482819 8099.7414090633392 1076.921183347702 24968.331793308258 1047.4049396514893 6216.0552003383636 27262.493119239807 20971.573932647705 215599.19947290421
leaf_count=1539 1531 51799 28641 2584 1727 4991 3149 500 1850 99 2673 4847 6492 2934 26479 5103 597 53384 2073 3295 4406 1681 623 17485 3211 5613 701 13956 3618 10026 704 318 65 21801 5112 10521 39057 840 24657 2471 2591 6474 1976 150 513 6161 15251 766 2977 12863 9457 10776 4477 499 1841 248 9774 218 1108 9408 5077 52591
internal_value=-1.96688e-06 0.000707344 4.80245e-05 -0.000619444 0.00282212 0.00189659 -0.0036098 -0.00136948 0.00231842 0.00346518 -0.00130293 0.00407366 0.000225662 0.0059976 -0.00167785 -0.00120387 -0.00385558 0.00237157 -0.000874077 0.00279197 -0.00254598 -0.00123128 0.000582274 0.00192844 0.00264426 0.00818628 3.99568e-05 0.000955229 0.00545675 0.00594372 0.00929523 -0.00261371 0.0107751 -0.000601074 -0.00192031 0.000512808 -0.00062878 0.00519675 -0.00107728 -0.00473421 -0.00538677 0.00143856 -0.00416726 -0.00949106 -0.0176787 0.00671409 0.000810436 0.00328279 0.00868349 0.00148362 0.000175698 0.00188386 0.0101475 -0.00645997 -0.0104109 -0.0203343 -0.00112133 -0.00808444 -0.00916538 -0.00184264 -0.00247439 -0.00145286
internal_weight=1.5407e+06 1.0145e+06 652662 526083 126579 361834 25745.8 526206 336088 202399 524474 102647 368620 59455.1 461378 378912 82466.2 140436 351221 31182.2 23931.4 320039 133690 120478 137425 37749.7 122253 69932.1 21228.1 61962.6 21455.1 2371.41 19083.7 248142 113599 134543 88439.4 12928.1 85476.2 18995.5 27690.6 63096.1 18922.4 7429.74 3854.22 21106.6 103331 49066.4 9517.73 113997 71083.5 50031.8 18706 25159.7 11243.9 3144.14 28886.2 1991.21 14525.7 250107 63370.4 222844
internal_count=528349 386005 275491 224852 50639 110514 9248 142344 101266 80202 141844 42035 173053 13394 124065 96989 27076 64295 89295 9586 8604 79709 21064 53165 62756 8547 19214 15637 6291 15907 5881 635 5246 119888 54089 65799 45009 5952 40255 6877 7694 17779 3262 1286 663 9372 15952 25544 3743 50581 33096 20233 5181 9080 2588 747 11305 536 4257 64072 29734 54664
cat_boundaries=0 1 2 3 4 5 6 7 8 9 11 13
cat_threshold=1732769 16384 38337203 182306 34816 1181698 290825 1748002 139649 5916688 1280 245400064 6284
is_linear=0
shrinkage=0.05


Tree=75
num_leaves=63
num_cat=20
split_feature=5 10 12 0 5 1 10 0 8 17 17 11 20 0 15 4 10 4 9 8 17 16 9 17 17 1 20 10 12 4 17 20 3 1 17 14 17 14 15 17 17 5 20 17 17 8 0 16 12 16 9 17 20 0 14 16 16 17 16 0 22 5
split_gain=551.902 331.594 288.936 265.587 248.416 289.259 225.173 295.655 310.47 224.409 206.63 195.556 202.531 439.292 209.73 199.028 188.804 181.031 172.685 170.381 160.55 159.48 212.999 158.048 145.728 145.676 145.215 145.028 129.987 125.712 139.989 124.628 126.727 145.661 122.572 146.876 119.657 118.411 122.33 117.289 115.694 114.225 112.539 112.276 112.119 108.799 107.674 118.196 124.837 107.211 121.149 106.554 104.619 104.21 132.299 110.43 140.288 145.818 104.139 101.893 98.9492 98.6532
threshold=0.63169856459330154 1.5000000000000002 0.51365349247850312 1.0000000180025095e-35 0.1241124794416142 1.5000000000000002 3.5000000000000004 122.50000000000001 1.5500865051903117 0 1 0.10168402242873398 2 8.5000000000000018 10.500000000000002 212.50000000000003 1.5000000000000002 1885.5000000000002 0.99985465116279082 1.1070848083218792 3 44.500000000000007 0.72554997608799632 4 5 45.500000000000007 6 2.5000000000000004 0.19303311591707803 1.5000000000000002 7 8 106.50000000000001 5.5000000000000009 9 1.0000000180025095e-35 10 1.0000000180025095e-35 288.50000000000006 11 12 3.2803699033207234 13 14 15 1.2802619176830141 23.500000000000004 45.500000000000007 0.12548429020823573 51.500000000000007 0.98948474126492714 16 17 27.500000000000004 1.0000000180025095e-35 40.500000000000007 28.500000000000004 18 51.500000000000007 2.5000000000000004 19 2.9873092369477914
decision_type=2 2 2 2 2 2 2 2 2 9 9 2 1 2 2 2 2 2 10 2 9 2 10 9 9 2 1 2 2 2 9 1 2 2 9 2 9 2 2 9 9 2 1 9 9 2 2 2 2 2 10 9 1 2 2 2 2 9 2 2 9 2
left_child=1 4 6 27 5 29 7 8 11 -6 46 12 15 14 34 16 21 37 -4 36 -16 24 44 -18 -2 42 43 -3 41 -1 -31 -11 33 -33 -14 -36 -17 38 -8 -21 -24 -25 -7 -9 -23 58 47 48 -5 50 -15 -20 -32 54 55 56 -26 -58 -34 -37 -50 -30
right_child=2 3 18 10 9 25 17 26 -10 31 -12 -13 13 49 20 19 23 -19 51 39 -22 22 40 28 53 -27 -28 -29 61 30 52 32 45 -35 35 59 -38 -39 -40 -41 -42 -43 -44 -45 -46 -47 -48 -49 60 -51 -52 -53 -54 -55 -56 -57 57 -59 -60 -61 -62 -63
leaf_value=-0.0014211045381859373 -0.0028422668350249606 0.0046745803324460579 -0.0051950150692417693 0.0066059001723411635 -0.0069639760158963573 0.0062334332090130118 0.0010404920745723111 -0.0011644467156433165 -0.0086325469819612064 -0.0099643522098235848 0.00011328280590088096 -0.0061389529592071378 -0.0041833142592798854 -0.0053909210391985558 0.013427772406593444 -0.001420599943532814 0.00039060687964832634 -0.001766627396774433 0.0005055293953355964 0.0032708165379543132 0.001644302744353658 0.016252137219690085 -0.0049399496369412687 0.0053034581320096493 -9.6794135492494633e-05 0.034164917392923787 -0.012563198526464078 0.011939207061792625 0.0019821780970162464 -0.001620326469198704 0.0025184623961169157 -0.0017986856056086407 -0.0031269630051385406 0.0036758102823336706 -0.002078095761793007 0.0083241837922278863 -0.0064189792736146214 0.0094415788772032015 0.0055000520499135725 -0.0011089688082768451 0.0018468236788898988 0.016591339608359745 0.00067087565452986241 -0.0076696892374499949 0.0052256726886702465 0.0077620530960596018 3.4292600600602973e-05 0.0085942752599538381 -0.0090930891235845024 -0.021887450754736887 -0.014313203511145345 -0.0071071701794801758 0.00017139981912965585 -0.005172661531205807 0.0050778459761375745 -0.0048906194424698747 0.020763978780685727 0.0030785876647561176 -0.01881848974210525 -0.00010420271044505821 0.0021914173909986542 -0.015516753068451128
leaf_weight=75637.89941072464 61166.93027472496 37093.801927804947 57974.693290472031 18716.942484378815 18125.478943347931 28585.140480995178 77275.55077791214 15244.241674900055 12137.197988271713 3563.8696165084839 92347.592656850815 15267.906096696854 34965.15358710289 13405.338721036911 3622.7039980888367 24272.888147592545 52920.319810390472 36502.232305526733 28702.654367208481 19060.861414670944 14185.743139743805 2941.0086538791656 8197.270450592041 33655.120616912842 45343.226832866669 415.98664903640747 6060.9213943481445 8431.7944028377533 25339.255537986755 44155.632655143738 109390.33645987511 22430.765688180923 28015.16902422905 26509.530462265015 34379.586630821228 6895.517107963562 23657.555281162262 5544.1179487705231 19197.149765729904 76993.725844621658 26712.869193315506 2400.390793800354 13349.980074882507 11748.978717803955 10725.577403783798 2219.8309347629547 16927.767230033875 13915.636515378952 2071.7013032436371 1483.0606546401978 5312.6454226970673 5461.8839571475983 83899.821338415146 7716.0958609580994 15323.635206699371 10112.752363204956 1639.928649187088 4006.4312963485718 1097.8906698226929 7469.8750357627869 28946.066825389862 830.87872910499573
leaf_count=66575 18871 12991 17199 4062 4289 9485 13931 2063 3754 1003 18885 4367 12906 2783 1169 4417 12876 4542 9226 3213 4870 878 2542 7544 14551 65 851 2439 6504 29598 71023 6402 5069 6179 12131 2962 4556 922 3114 13177 8143 597 4963 1627 3097 386 2385 3069 467 312 1191 1908 56554 1412 4155 3263 525 1360 190 2227 6424 252
internal_value=-5.08137e-05 0.00101996 -0.000886615 0.00262253 0.000254575 0.000878674 -0.000571417 -0.000969743 -0.000716999 -0.00192098 0.00172798 -0.000554151 -0.00040578 -0.00221643 -0.000876646 8.07677e-05 0.000796132 0.00125515 -0.00353337 -0.00145459 0.00405045 -0.000156284 0.00232387 0.00239982 -0.000985407 0.00475684 -0.00557378 0.00602029 0.00410782 0.000354059 0.000919537 -0.000829692 -0.000422833 0.0011667 -0.00192487 -0.000303896 -0.00388942 0.00233637 0.00192795 -0.000239604 0.000252236 0.00605539 0.00446431 -0.00399787 0.00761526 -0.0029057 0.00357805 0.00452105 0.00338123 -0.00895009 -0.00792392 -0.000713617 0.00149976 0.000364746 0.00092392 -0.000117894 0.000828757 0.00826012 -0.00371934 0.0039418 0.00143522 0.00142603
internal_weight=1.5417e+06 675849 865854 218451 457397 355435 773715 635196 602141 101963 172926 590004 574736 121720 101519 453017 309032 138519 92139.2 143985 17808.4 193886 48576.7 115146 145309 42351.1 33054.1 45525.6 62225.6 313084 237446 83837.1 80273.2 48940.3 83710.1 48745 47930.4 102017 96472.7 96054.6 34910.1 36055.5 41935.1 26993.2 13666.6 31332.9 80578.1 63650.3 49734.7 20201 18718 34164.5 193290 84142.1 76426 61102.3 50989.6 5646.36 29113.1 14365.4 31017.8 26170.1
internal_count=528491 312503 215988 50722 261781 238263 187655 165146 160605 23518 35292 156851 152484 40551 36265 111933 86570 22509 28333 25363 6039 58797 14660 27773 44137 14513 4541 15430 14897 223750 157175 19229 18226 12581 30226 17320 8973 17967 17045 16390 10685 8141 14448 3690 3975 5645 16407 14022 10953 4286 3974 11134 127577 25266 23854 19699 16436 1885 5259 5189 6891 6756
cat_boundaries=0 4 8 9 12 16 20 21 25 26 30 34 38 42 43 47 51 55 56 60 61
cat_threshold=84447240 385889092 67209691 16 103035352 1770031408 2160134212 8592 22 4194368 2214741520 143654936 2282488704 83889764 2759862673 8782 237011648 75499360 79696028 2128 20 3239579658 587204620 19173804 12847 1 1145049096 3692971520 2555873288 4 136327680 25690336 2231712 280 2101584 2164793376 71305226 384 2298479176 67127584 67113298 6 6 34079104 540672 81789952 268 1856 67117056 2147486728 536 2181310096 201375744 2767195201 256 12 528384 16384 2098176 4 8432706
is_linear=0
shrinkage=0.05


Tree=76
num_leaves=63
num_cat=15
split_feature=5 10 10 20 8 3 15 12 9 16 16 16 16 16 9 7 12 11 16 22 16 16 16 21 22 1 12 3 21 12 20 12 21 16 2 21 6 16 9 6 6 20 16 3 16 10 21 9 3 7 21 22 6 16 6 12 20 6 16 18 20 12
split_gain=493.817 400.175 384.905 277.738 362.956 358.679 266.267 226.228 295.346 330.195 307.149 342.77 232.011 478.484 265.194 210.464 230.889 201.168 193.677 191.476 184.821 476.126 178.434 178.338 166.076 164.651 164.523 154.786 153.015 148.243 147.087 225.196 144.861 141.184 154.493 140.905 140.741 139.901 139.26 136.764 136.215 188.326 164.392 158.147 131.149 130.447 129.936 129.501 135.097 128.51 127.581 125.378 123.729 118.609 153.8 116.637 116.456 112.505 111.308 112.972 110.997 124.915
threshold=0.3073115003808074 1.5000000000000002 2.5000000000000004 0 1.0020080321285143 254.50000000000003 10.500000000000002 0.17694703393793773 0.85394223715201367 44.500000000000007 14.500000000000002 11.500000000000002 9.5000000000000018 12.500000000000002 0.027692569870483984 622.50000000000011 0.025025010186868205 0.099560533783265528 11.500000000000002 1 16.500000000000004 10.500000000000002 40.500000000000007 2 3 59.500000000000007 0.086269858686867887 1.0000000180025095e-35 4 0.2366182907172821 5 0.47203327427654984 6 46.500000000000007 172.50000000000003 7 1.1079976089858812 12.500000000000002 0.88003378378378383 1.737038736317756 0.36004866180048672 8 4.5000000000000009 353.50000000000006 48.500000000000007 6.5000000000000009 9 0.99438989078777584 342.50000000000006 34.500000000000007 10 11 0.53687123713342411 9.5000000000000018 1.3640099626400999 0.4973299563544647 12 0.77651867286424114 50.500000000000007 13 14 0.33640914566394936
decision_type=2 2 2 1 2 2 2 2 10 2 2 2 2 2 10 2 2 2 2 9 2 2 2 9 9 2 2 2 9 2 1 2 9 2 2 9 2 2 10 2 2 1 2 2 2 2 9 10 2 2 9 9 2 2 2 2 1 2 2 9 1 2
left_child=1 27 3 5 -5 7 25 8 9 12 11 24 -2 14 18 16 -4 28 -14 -9 21 -21 55 -12 -10 38 37 -1 -13 35 -23 -32 60 34 53 -29 -15 -3 -6 46 47 42 -42 -44 51 -17 -26 -18 -49 -25 -39 -40 -30 54 -28 -22 -31 -16 -11 -60 61 -7
right_child=2 26 15 4 6 32 -8 19 10 58 23 17 13 36 57 45 40 -19 -20 20 22 30 -24 49 39 -27 33 29 52 56 31 -33 -34 -35 -36 -37 -38 50 44 -41 41 -43 43 -45 -46 -47 -48 48 -50 -51 -52 -53 -54 -55 -56 -57 -58 -59 59 -61 -62 -63
leaf_value=-0.0017582854146905365 0.00480803701091075 0.01560938450251109 0.006574601792152017 -0.00071653935942778168 -0.004117492092702243 -0.0009521314947814755 0.00055509871084055294 0.0009555268997518718 -0.014751781187324365 0.010225593825693146 -0.00039861780883105648 -0.003060468505374623 -0.013889782156423136 -0.0016108526996780562 -0.015847872746622482 -0.0048178652851048904 -0.0038682201756202977 -0.012726319411791039 -0.039347287929364066 -0.0012688138830413739 0.0068775101045896085 -0.0028813935954801161 -0.0015267983515622166 -0.0025551689916057893 0.0087107644303744559 -0.028615474028883342 0.0092383105323898089 -0.0024018749085329347 -0.0027239238931564495 0.0010249295320327227 -0.0075662302863469203 -0.018470977353974748 -0.008528042292879949 0.0082946610363704883 -0.0091935019339262954 0.0030435038281991277 0.0067511674392279723 -0.0061213869090846326 -0.00017150532161892427 -0.0021277891372781066 0.0063061877976255875 -0.00061799069321899795 0.0031771282613589414 -0.00023160653792282714 -0.017157384296474686 0.00065626785284121441 0.0011789441210942617 0.0023256703723729746 0.02983538521124976 -0.0085205119354258355 0.0077878198193409576 -0.0093915111497856127 0.012743278600410727 0.00095917061942977404 -0.0027801347691951009 -0.0040910488465187691 -0.0017130796563983777 -0.00046509681358631694 -0.0052025935506038587 0.0086555025616805916 -0.0063126667965824005 -0.0064580519557380384
leaf_weight=53731 24836.986700057983 5163.3838148117065 19734.852673053741 73643.869604349136 24521.260286808014 61700.39056968689 13484.142877101898 68249.006959676743 1757.7651250362396 18161.209688901901 73148.085477352142 2125.3251712322235 2258.3813555240631 10048.096530675888 1647.437783241272 24221.13946723938 22344.241482257843 1080.4938623905182 1116.9322888851166 64996.885530948639 11645.038748025894 7517.4813888072968 62456.162813901901 27348.773468732834 7421.3636314868927 888.23895072937012 11428.587553262711 13264.404404878616 1427.8057074546814 142306.63033723831 15021.774373531342 6914.2920396327972 12140.087774515152 11338.82315659523 2853.9866414070129 113386.08331036568 10078.208402633667 1871.2647383213043 4448.2146232128143 23104.703234910965 22389.765464544296 81602.623348712921 77894.47100186348 60417.92533826828 4403.8383741378784 19761.202403068542 24993.18251824379 2851.9011867046356 528.12737035751343 13477.507984161377 13536.588682889938 21802.373439788818 13658.120507717133 29271.881338834763 3469.6413221359253 3059.9288151264191 53399.593362092972 4261.3239605426788 2701.0934476852417 3204.5349473953247 17364.899065256119 12365.035027265549
leaf_count=53731 5962 1519 3586 29888 6579 9488 3724 20153 488 4275 17992 550 584 2537 408 2986 4596 323 287 18801 3539 2020 18807 8170 2181 154 3453 7343 432 84547 4289 2008 1926 3183 413 61085 2240 492 1318 5779 3999 16962 15533 8911 1320 2328 6899 694 93 2520 3553 6720 3370 8656 1097 1084 35980 915 624 717 2757 2004
internal_value=2.27532e-05 0.00140556 -0.000556505 -0.00118062 -0.00316265 -0.000716271 -0.00575323 -0.000169256 0.000829499 0.00341244 -0.000237715 0.00223412 0.00124989 -0.00175503 -0.0111444 0.000862902 0.00135526 0.00819278 -0.0223231 -0.00128459 -0.00217539 -0.00365861 -0.000360101 -0.00187663 0.00033108 -0.00727045 0.00464215 0.000726242 0.00950671 0.00114037 -0.00893208 -0.0109991 -0.00339786 0.00328682 0.00207914 0.00247323 0.00257654 0.00848702 -0.00692631 0.000811378 0.000970935 0.0013382 0.00233143 0.00168813 -0.00917295 -0.00235839 0.00290663 -0.0024884 0.0066316 -0.00452349 0.00609936 -0.00783287 0.0112718 0.00280769 0.00643934 0.00459496 0.000277808 -0.00475597 0.00828664 0.00232318 -0.00271537 -0.00187115
internal_weight=1.54125e+06 455022 1.08623e+06 754480 143192 611288 69548.1 507718 267857 78314.2 189543 75568.8 54247.4 29410.4 9284.08 331746 287764 18291.7 3375.31 239861 171612 94450.4 77161.1 113974 57277 56063.9 78934.2 376088 17211.3 322357 29453.5 21936.1 103570 58362.9 47024.1 126650 20126.3 20571.2 55175.7 55519.2 268029 242305 160702 138312 30654.4 43982.3 32414.5 25724.3 3380.03 40826.3 15407.9 26250.6 15085.9 44170.1 14898.2 14705 195706 5908.76 24066.8 5905.63 91430.3 74065.4
internal_count=528572 265052 263520 203832 49703 154129 19815 137954 67253 18549 48704 20022 12933 6971 2194 59688 54374 4675 871 70701 50548 27118 23430 28682 15347 16091 22366 242686 4352 188955 8317 6297 16175 16802 13619 68428 4777 5564 15937 14859 50788 45405 28443 24444 9358 5314 9080 5383 787 10690 4045 8038 3802 13206 4550 4623 120527 1323 5616 1341 14249 11492
cat_boundaries=0 1 2 4 5 7 8 10 12 13 15 17 18 19 20 21
cat_threshold=22 68420225 5583043 133376 13764608 19057280 1280 2 17373683 229376 100797456 5564 6 1368195093 98304 706576 256 6292112 14 17 20
is_linear=0
shrinkage=0.05


Tree=77
num_leaves=63
num_cat=31
split_feature=0 10 10 20 4 17 13 4 20 17 7 20 10 13 8 16 17 17 19 13 17 19 15 17 4 21 17 13 0 17 11 17 22 16 20 16 13 9 17 22 4 16 21 10 17 8 16 17 20 17 21 4 21 21 17 22 16 20 21 16 9 0
split_gain=488.761 504.75 323.484 309.089 218.285 340.906 210.517 232.162 235.037 225.635 207.785 293.91 213.877 206.267 240.094 286.648 200.024 199.567 199.109 228.676 202.052 194.382 190.064 183.675 167.067 159.088 153.824 148.448 147.4 142.45 136.299 133.881 133.574 135.292 172.846 154.049 187.289 150.081 127.84 126.421 123.052 131.727 120.805 120.42 120.157 119.342 119.111 117.666 116.904 115.689 156.897 117.865 115.469 113.944 113.706 113.386 112.403 111.03 110.922 109.884 123.169 109.495
threshold=1.5000000000000002 1.5000000000000002 1.5000000000000002 0 66.500000000000014 1 8.5000000000000018 7.5000000000000009 2 3 214.50000000000003 4 3.5000000000000004 5.5000000000000009 1.0789993759101313 1.5000000000000002 5 6 7 14.500000000000002 8 9 45.500000000000007 10 54.500000000000007 11 12 55.500000000000007 11.500000000000002 13 0.048288343156256332 14 15 7.5000000000000009 16 17.500000000000004 7.5000000000000009 0.95164678774735711 17 18 133.50000000000003 6.5000000000000009 19 3.5000000000000004 20 1.625508130081301 11.500000000000002 21 22 23 24 332.50000000000006 25 26 27 28 15.500000000000002 29 30 10.500000000000002 0.21324118167642972 5.5000000000000009
decision_type=2 2 2 1 2 9 2 2 1 9 2 1 2 2 2 2 9 9 9 2 9 9 2 9 2 9 9 2 2 9 2 9 9 2 1 2 2 10 9 9 2 2 9 2 9 2 2 9 1 9 9 2 9 9 9 9 2 1 9 2 10 2
left_child=2 3 6 4 18 25 9 27 16 -1 11 13 23 24 17 -16 55 -15 26 20 -20 53 61 -12 30 47 -2 -8 -22 -10 46 -5 -4 34 -34 36 37 -35 -38 -27 -19 -42 -23 -26 -24 54 -3 -6 -25 -17 -51 57 -7 -11 -21 -9 59 -52 -28 -43 -61 -13
right_child=1 10 32 31 5 52 7 8 29 21 12 22 -14 14 15 49 -18 40 19 45 28 42 44 48 43 39 58 -29 -30 -31 -32 -33 33 35 -36 -37 38 -39 -40 -41 41 56 -44 -45 -46 -47 -48 -49 -50 50 51 -53 -54 -55 -56 -57 -58 -59 -60 60 -62 -63
leaf_value=-0.0022409085485286507 -0.00069754525196979739 0.0080730833701534981 -0.0031047508824640375 -0.014164393280267513 0.0014031864388296322 -0.0013214650466863412 0.00046905626237098478 -0.0017678257537470561 0.0020241532091910394 -0.0062171067500984833 0.0035216436825253046 -0.00051999939412965474 0.0002245847347308767 0.0021089577191199097 0.012453099957310263 0.0035092703868899672 0.00062518765709320768 -0.00028760396191065632 -0.0038720907801891441 -0.0042792413755612544 0.00836400384507195 0.013390427967045211 -0.0013330765854952268 -0.0033714035115130305 0.0016793068355370198 -0.0060417730013412833 -0.0040750144818862818 -0.0020551870838255884 0.00092951429544541313 -0.0035953306426081445 0.0027342433986936279 -0.0052888412684520113 0.013179655434280483 0.039857393031081094 0.003215061691187428 0.0055209045457257832 0.003423572231766845 0.0063794988022099364 -0.0034541146043555572 0.00057284219661179168 0.0012182885453579904 -0.0054961131739185223 0.0046854664514596649 0.023316743330683398 0.0049868769156754455 -0.014982974900247553 0.022996362566058141 -0.0078230568862592675 -0.0087215120357848463 -0.0049910858884216766 0.0049196149967942653 -0.00041813452856322944 -0.0063354764157060777 0.0054025667509451742 0.00081148370960578873 0.004662256931692651 -0.0039930017049981626 0.0012900450835237423 -0.013958836026784502 -0.033435153116328629 -0.012563984131884798 -0.0036737224066226942
leaf_weight=9426.8391771316528 17555.646216869354 2399.3683156967163 6311.7523121833801 4830.2215559482574 4759.1540961265564 14194.428403377533 120878.03728580475 7511.2185840606689 17825.597944498062 3494.7014622688293 7904.2937655448914 50716.584583520889 80205.112290859222 29963.004557132721 6311.9101176261902 61328.798499584198 79858.542008638382 23911.116807222366 6457.2663099765778 14952.390004396439 19934.874099969864 10161.119260311127 13366.694841623306 44450.878861904144 12935.520049571991 7961.1424949169159 7051.9996249675751 112404.36002373695 10017.485595941544 30667.660825967789 2752.3017141819 35442.883613348007 8981.0765779018402 511.08315491676331 8478.001394033432 37253.11398434639 12476.87645816803 968.24929285049438 14710.594791412354 76915.00312256813 6525.8126473426819 4680.2799060344696 6616.9531245231628 675.67691659927368 17180.417632341385 1468.3302752971649 3023.7143425941467 12622.00372838974 13269.351843833923 10344.105300426483 30590.417346000671 58258.705413341522 60555.158278465271 5288.3151967525482 41082.029854774475 78489.299822092056 14352.402747392654 67735.217679977417 4774.3690271377563 855.53167629241943 4064.7002959251404 60181.151748657227
leaf_count=4611 5182 590 2040 1668 993 2886 90297 3423 8857 1679 1102 14295 10526 6660 1308 11989 36397 6548 1720 4528 5629 4580 2841 6204 2241 1550 2092 85871 2220 15761 676 11271 2934 149 2771 11999 3974 308 4608 14964 1282 924 2986 115 3681 520 744 2556 1879 2110 6508 10164 12198 2364 12388 34986 2981 14828 1423 161 839 12566
internal_value=-9.77159e-06 -0.000694297 0.00114869 -0.00224423 -0.00169239 -0.00281751 0.000636236 0.000344283 0.00153218 0.00437136 0.000146281 0.000646469 -0.00150747 0.00144185 0.00112033 0.00194301 0.00242735 -0.00116739 -7.72435e-05 0.0010467 0.00414742 0.00680815 -0.00126943 -0.00362433 0.00614875 -0.000941002 -0.00366868 -0.000747224 0.00587571 -0.00152968 0.0117979 -0.00635692 0.00390613 0.00443672 0.00835077 0.00340064 0.000645208 0.0179646 -0.000297807 -4.82925e-05 -0.00297215 -0.00507912 0.00996268 0.00275505 0.00222266 -0.000916472 0.0163965 -0.00529752 -0.00460277 0.00165233 0.000969808 0.00136391 -0.00538368 0.000777186 -0.000547611 0.0041005 -0.00679478 0.00241992 -0.00807443 -0.0109825 -0.0161991 -0.00223146
internal_weight=1.54087e+06 968557 572313 340574 300301 177007 482623 447635 214352 34987.9 627983 482153 145830 340709 318922 234569 165859 84352.8 123294 93912.4 36409.6 25561.1 141445 65624.5 21786.6 102257 29382 233282 29952.4 48493.3 8175.38 40273.1 89690.7 83379 17459.1 65919.9 28666.8 1479.33 27187.5 84876.1 54389.8 30478.7 16778.1 13611.2 30547.1 57502.8 5423.08 17381.2 57720.2 228257 166928 156584 74749.6 8783.02 56034.4 86000.5 23952.9 98325.6 11826.4 9600.51 4920.23 110898
internal_count=528145 207550 320595 83788 70849 35147 291812 275592 99424 16220 123762 104051 19711 70668 66302 46907 74806 19395 35702 27005 9569 11609 33383 9185 4366 20063 8697 176168 7849 24618 2010 12939 28783 26743 5705 21038 9039 457 8582 16514 12735 6187 7566 2356 6522 17436 1334 3549 8083 45599 33610 31500 15084 4043 16916 38409 4905 21336 3515 1924 1000 26861
cat_boundaries=0 1 5 6 10 11 15 19 20 23 24 28 30 34 38 42 43 44 48 49 51 55 58 59 63 65 67 69 73 74 75 77
cat_threshold=22 2106064 3423129824 2162173186 8591 14 3292534104 1543504388 268894492 276 6 2348819408 2223550528 2693803066 8962 2483037208 142631248 72483154 10518 573442 67108928 76030304 67109137 1720608 2101696 16777216 4196640 4 593644384 2186 2101896 1342742784 2157970432 256 3221489248 4027204466 210895936 272 1147179032 1082130944 269582340 128 16788832 22 799632 143163460 2223049804 260 8407826 439929127 131072 128 532484 2281701384 276 2105472 49248 4194306 20 136851712 285259874 2148730888 128 15344768 131200 545337377 33024 1770545264 3328 19407504 25750560 12583259 2320 545696872 2 1098981846 164992
is_linear=0
shrinkage=0.05


Tree=78
num_leaves=63
num_cat=23
split_feature=0 1 10 20 0 15 0 21 12 11 16 17 12 17 16 16 22 7 1 12 17 19 0 13 17 16 16 17 13 15 17 13 20 17 21 19 17 16 12 19 16 16 16 13 17 16 16 2 17 19 17 16 16 16 20 19 16 21 11 12 0 16
split_gain=416.275 478.993 458.554 410.756 309.997 246.375 246.381 226.743 191.097 204.292 192.953 257.94 239.94 239.188 214.454 212.12 187.463 180.647 176.67 172.785 170.514 166.65 161.438 151.555 165.984 157.803 164.603 201.801 155.248 205.17 177.497 150.29 192.588 150.27 150.017 149.754 148.064 144.124 137.833 135.311 133.025 181.092 235.859 290.594 167.64 140.234 136.59 130.518 126.274 125.679 125.612 124.911 202.695 325.445 179.008 150.626 158.909 124.163 123.96 123.193 122.387 121.567
threshold=1.5000000000000002 2.5000000000000004 2.5000000000000004 0 46.500000000000007 16.500000000000004 5.5000000000000009 1 0.57736722003153917 0.081339419700014307 45.500000000000007 2 0.14456353655764018 3 14.500000000000002 48.500000000000007 4 604.50000000000011 29.500000000000004 0.023003564373608901 5 6 1.0000000180025095e-35 3.5000000000000004 7 46.500000000000007 7.5000000000000009 8 11.500000000000002 1.5000000000000002 9 55.500000000000007 10 11 12 13 14 49.500000000000007 0.33259453816776829 15 49.500000000000007 15.500000000000002 12.500000000000002 41.500000000000007 16 44.500000000000007 1.5000000000000002 15.500000000000002 17 18 19 10.500000000000002 16.500000000000004 40.500000000000007 20 21 28.500000000000004 22 0.020661925571039321 0.500500476078794 23.500000000000004 48.500000000000007
decision_type=2 2 2 1 2 2 2 9 2 2 2 9 2 9 2 2 9 2 2 2 9 9 2 2 9 2 2 9 2 2 9 2 1 9 9 9 9 2 2 9 2 2 2 2 9 2 2 2 9 9 9 2 2 2 1 9 2 9 2 2 2 2
left_child=1 23 3 4 8 6 50 21 9 10 12 -12 13 -2 16 48 -15 19 22 -4 -14 -6 47 33 -25 26 27 -26 49 -30 -31 32 39 -1 37 -11 40 -17 -7 -29 41 42 46 -44 -45 -43 -21 -3 -13 -28 -5 -22 54 55 -53 56 -54 -16 -9 -56 -8 -47
right_child=2 18 17 5 7 38 60 58 -10 35 11 15 20 14 57 34 -18 -19 -20 36 51 -23 -24 24 25 -27 28 31 29 30 -32 -33 -34 -35 -36 -37 -38 -39 -40 -41 -42 45 43 44 -46 61 -48 -49 -50 -51 -52 52 53 -55 59 -57 -58 -59 -60 -61 -62 -63
leaf_value=-0.0011956798600286083 -0.0023576218256383869 0.0053286242997850689 0.0062368282457922839 -0.0096349058369925248 0.0024614468164829619 0.0049619872550007264 -0.0092413024118873088 -0.020501522020794746 -0.0045923325511704766 0.00083692800219793077 0.0070207234564235088 0.0091731528504518482 -0.0093307738399423853 -0.0062747721719303602 -0.0042416154401616777 -0.0058992887311123659 0.004386765495679866 -0.0020570485512270038 0.037329407871114849 0.010253104334278965 3.8644423607500685e-05 -0.0039958316192332888 0.002676259368145075 -0.0016540428985040885 0.0099590997802900816 0.0029509357870162612 0.032407927845259366 0.012416007799877799 -0.0022092739093729015 -0.00040110251741484488 0.0043246614871032974 -0.0011275093600119687 -0.00019021882023652757 0.011532309097990839 -0.0035632497376203841 -0.0070084172788979623 -0.00024125550423470651 0.006453507491032389 -0.0053680803154530429 0.003913898657960331 0.0068076166785613779 -0.002025834281503948 0.00082540807460667785 0.037200243689348815 0.013153824452987146 0.0048207896782721249 0.0012704922753742581 0.012989018191587778 0.0018275792408164186 0.0036648144561969285 -0.00295709367407049 -0.00016425162482653369 0.0031423638650612956 -0.0040351612097104909 -0.006781265769652569 0.0032950165688062057 0.033183606286792323 0.00096815738611522463 -0.007689262714074746 -0.016849728636861079 -0.023678864312527782 -0.0042463027101401233
leaf_weight=3796.3552794456482 45507.360217571259 25690.057752370834 16863.866488695145 8264.6285767555237 12353.594564437866 9529.7982542514801 18806.136712551117 2453.8932337760925 25871.822780370712 9175.9811105728149 20907.177036523819 8381.7613189220428 7444.7801158428192 4388.2522056102753 15128.459271430969 3240.1319222450256 66311.223518848419 45685.848229885101 401.43458652496338 4593.4240403175354 64593.590160369873 52162.824803352356 64338.435426712036 88653.898599863052 7619.5167510509491 66986.928012132645 379.45298790931702 7005.0814397335052 113986.95691275597 72419.880022764206 27371.069665431976 32344.918751716614 19120.460125207901 5957.8344304561615 28883.614482164383 18047.189254999161 125650.42696595192 8698.0141913890839 4882.864452123642 14161.706183671951 13576.825613260269 41713.637572050095 5658.8793382644653 812.8348593711853 6709.0282502174377 17434.996596336365 53669.474647283554 7096.6732287406921 19374.29230928421 15383.71072602272 47566.868371725082 9345.4647092819214 840.00783896446228 26750.305239439011 18839.662404537201 13682.580407857895 924.42118167877197 46748.620945215225 8185.0817847251892 3622.157653093338 1591.7470989227295 4690.5938861370087
leaf_count=2016 10492 8381 3047 2771 1800 2590 4524 388 6683 2107 4662 2012 1736 1010 3402 848 14969 5537 73 872 15496 7935 19304 54946 4506 41019 159 3672 70056 47097 17425 20813 11126 3154 6708 4546 23626 2061 1474 7789 2511 7742 1018 157 1270 3304 10038 1665 4531 7615 15148 2175 207 6584 4544 3466 245 10282 1259 870 298 896
internal_value=7.95976e-06 0.00107676 -0.000623375 -0.00141715 -0.000895942 -0.00453233 -0.0056663 -0.00387614 -0.000416041 -0.000170932 0.000105213 0.00216053 -0.000462224 0.00076972 0.00184324 0.000677607 0.00372467 0.000866174 0.00426855 0.00132453 -0.00196444 -0.00275918 0.00413152 0.000421679 0.000292405 0.000750419 0.000274614 0.0022238 -0.000406863 -0.000759966 0.000895523 0.00141063 0.00344873 0.00658952 -0.00161527 -0.00436636 0.00102273 0.00309803 0.00146214 0.00673263 0.00208951 0.00161611 0.00334535 0.00938515 0.0158239 -0.000319134 0.00197884 0.00698706 0.00405001 0.00438162 -0.00394801 -0.00156791 -0.00297036 -0.000698457 -0.00598428 0.00507976 0.0187851 -0.000306168 -0.0106361 -0.00840183 -0.010369 0.00289847
internal_weight=1.54228e+06 572714 969564 632504 541862 90642 76229.4 75155.4 466707 440835 413612 89485 324127 178084 132577 68577.8 70699.5 337060 97526.6 291374 146043 64516.4 97125.2 475188 465434 376780 309793 80251.7 229541 213778 99790.9 72632.2 40287.2 9754.19 40821.8 27223.2 274510 11938.1 14412.7 21166.8 148860 135283 71443.6 13180.7 7521.86 63839.2 58262.9 32786.7 27756.1 15763.2 55831.5 138598 74004.6 42197.3 31807.3 15447 1764.43 61877.1 10639 22461.8 20397.9 22125.6
internal_count=528657 320816 207841 147823 121018 26805 22741 11382 109636 102953 96300 20822 75478 40155 29663 16160 15979 60018 29423 54481 35323 9735 29350 291393 286223 231277 190258 47906 142352 134578 64522 43400 22587 5170 9617 6653 51434 2909 4064 11461 27808 25297 13355 2445 1427 11942 10910 10046 6543 7774 17919 33587 18091 10502 7589 3918 452 13684 1647 5414 4822 4200
cat_boundaries=0 1 3 7 11 12 16 17 21 25 29 30 34 36 37 41 42 45 48 49 53 54 55 57
cat_threshold=22 17382323 163840 69744024 151027712 12583176 664 2349630144 117473888 67113364 2576 14043138 24 9504 32988 80 174112 3239579947 16779268 153407914 4713 4456576 2147615744 13631552 10496 33859264 947954690 3033538577 8464 6 67900432 1275094548 542310400 272 1371091125 131328 69953 34353864 755025172 616671274 384 138312 0 0 2048 167772160 75497504 67108880 2056 1145045016 3288335872 806559808 4 2 8576 1386766628 229768
is_linear=0
shrinkage=0.05


Tree=79
num_leaves=63
num_cat=20
split_feature=5 8 6 0 8 17 5 17 10 17 0 15 11 14 17 9 20 0 9 17 5 0 17 22 17 4 3 17 0 1 2 1 8 8 17 11 22 5 20 2 9 22 9 8 22 20 17 0 1 1 7 7 1 17 17 4 4 5 17 4 5 4
split_gain=434.477 259.377 316.125 274.436 228.101 190.378 178.546 206.441 165.313 162.275 146.436 166.565 147.21 213.844 283.093 214.202 160.573 191.588 155.017 186.797 150.54 138.737 136.815 134.47 132.752 212.24 130.498 128.662 116.398 117.994 206.903 115.871 115.697 113.295 107.408 100.996 99.9289 98.0331 98.0055 123.834 97.7443 96.9484 96.7562 94.515 94.3177 94.7913 92.4152 88.6793 128.674 90.0209 130.462 87.5048 175.271 92.4639 85.8296 85.5683 84.2602 83.0856 109.225 130.12 180.686 82.6157
threshold=1.0006418485237487 1.1636634199134201 1.3487883525503228 6.5000000000000009 2.510869565217392 0 0.4005420054200543 1 1.5000000000000002 2 477.50000000000006 917.50000000000011 0.076457504902821299 1.0000000180025095e-35 3 0.35142318398132361 4 3.5000000000000004 0.13832872076010508 5 3.8759615384615391 30.500000000000004 6 7 8 749.50000000000011 561.50000000000011 9 1.0000000180025095e-35 2.5000000000000004 10.500000000000002 1.5000000000000002 1.5500865051903117 1.0626088850174218 10 0.006762711826013402 11 1.5003234152652007 12 4.5000000000000009 0.99468790563801579 13 0.58339080459770132 2.2540322580645165 14 15 16 1.0000000180025095e-35 4.5000000000000009 10.500000000000002 23.500000000000004 19.500000000000004 9.5000000000000018 17 18 139.50000000000003 406.50000000000006 0.28202154101077054 19 26.500000000000004 0.097960815673730522 176.50000000000003
decision_type=2 2 2 2 2 9 2 9 2 9 2 2 2 2 9 10 1 2 10 9 2 2 9 9 9 2 2 9 2 2 2 2 2 2 9 2 9 2 1 2 10 9 10 2 9 1 9 2 2 2 2 2 2 9 9 2 2 2 9 2 2 2
left_child=1 3 6 8 10 -4 7 -3 24 -5 11 12 13 18 15 -15 20 -18 19 -2 -17 38 -23 -7 25 -1 27 -10 31 30 -30 -26 61 42 -29 -9 -8 -14 39 -16 -24 -35 56 57 -37 54 -41 48 -36 50 -49 -31 53 -53 -46 -43 -11 58 59 -25 -61 -20
right_child=4 2 5 9 -6 23 36 35 26 33 -12 -13 37 14 21 16 17 -19 32 -21 -22 22 40 43 28 -27 -28 34 29 51 -32 -33 -34 41 47 44 -38 -39 -40 46 -42 55 -44 -45 45 -47 -48 49 -50 -51 -52 52 -54 -55 -56 -57 -58 -59 -60 60 -62 -63
leaf_value=0.0020945137656031092 -0.00061837115179350565 0.0010203390258886956 -0.0063510212222428423 0.0010916137787123216 -0.028266607129231743 -0.0052724483389877657 0.0027852045988672729 -0.0049907741634474404 0.0069069299658228714 -0.00096658640733180443 -0.007014142605838266 0.0059623982277408416 -0.0012294715550333788 0.010710036139550135 0.014208648019280191 0.0028734528541045721 0.0065829968211014974 -0.0046083775037085812 -0.00034958615190982032 -0.0070123705875308308 0.012618725723042977 -0.0033872726819243436 -0.0090963149552386238 0.0036432358323147452 -1.6515903684079401e-05 0.058497204414818274 0.028303718530503189 -0.0064893174248125754 -0.0032791271154175511 0.00066147750831538885 -0.018965401463502521 0.0037130900616951 -0.0063508021687664331 0.00038571740391665429 0.0032530714775194647 -0.0039552411342575668 -0.00059435962162903951 -0.0073605727960866733 -0.0039477224314631949 -0.0062124808583498758 -0.027396181273996446 0.0021082234547740732 -0.0099339871066052767 -0.013452534554366661 0.015634849452383918 0.0099043973115731741 0.0032053268522903807 0.0010697201326258456 0.015121824819737529 0.0037645008950015026 -0.0052361807474263118 -0.0039665695759029959 9.2793555760367296e-05 -0.013263395881847346 -0.00040451098587022092 -0.0037223998998658484 -0.0075404693163506594 0.00043002298795503252 0.00034391413293279543 0.040088140212560172 0.010352557585023112 -0.0020128690849690275
leaf_weight=63740.07608962059 20640.640390634537 17424.211052179337 11730.664312362671 38191.545415401459 774.24441313743591 9367.0898337364197 108223.13863921165 1516.7619452476501 12468.434746980667 12463.952596187592 10348.719881534576 8431.0845568180084 11384.077173709869 8503.3570101261139 1927.4630007743835 25852.706756353378 5302.2255878448486 13711.395396709442 219497.32612323761 25593.557506561279 4679.4587554931641 7989.8943862915039 2016.5265183448792 5346.3894872665405 250205.08280777931 166.22851228713989 475.25121736526489 3988.0430164337158 18874.413413047791 42670.178691148758 2364.7570276260376 22714.846252441406 10086.018384218216 32855.08166885376 23620.534144878387 1528.9341933727264 27414.722207069397 15259.16797709465 10317.331834554672 3570.3817882537842 1143.9347524642944 7169.9904222488403 8313.7968363761902 1108.8820886611938 1019.6915738582611 28113.558041095734 9543.5574550628662 53530.623561143875 2527.1697623729706 22863.964331388474 9685.3096332550049 6425.2192301750183 18533.905788421631 4609.1199307441711 4377.0430827140808 51381.226583957672 8004.277557849884 65641.615692853928 8493.4314999580383 643.05387926101685 2476.690628528595 113137.81124782562
leaf_count=38748 6446 5101 2896 6643 262 2166 21220 472 3453 2393 1211 1570 2782 2242 904 5000 2345 3030 69982 9858 1456 1330 351 1930 183515 43 86 1117 6646 12456 628 8040 2692 5547 8382 453 5569 4797 3784 890 204 1432 1596 361 324 7848 2342 15234 657 4991 2131 1465 4003 1050 1490 8598 1338 12449 2587 134 467 19358
internal_value=-4.68205e-06 0.000602453 0.00185218 8.98735e-05 -0.00116491 -0.000351535 0.00307023 0.0055023 0.000610037 -0.00174755 -0.00112518 -0.00100765 -0.00112285 -0.00092347 0.00120914 0.00337843 0.00212062 -0.00148654 -0.00144193 -0.00415958 0.00436598 -0.00224031 -0.00688886 0.000405289 0.000139152 0.00224179 0.00217881 0.00208211 -0.000227645 -0.0017504 -0.00502644 0.000293908 -0.0010753 -0.00264961 0.00156368 0.00763615 0.0021023 -0.00474103 -0.000197018 0.00237683 -0.015677 -0.00178837 -0.0053855 0.00104123 0.00818504 0.00873763 0.000638677 0.00185046 0.00440072 0.00107596 0.000103526 -0.000787136 -0.00287759 -0.00786638 0.0026517 -0.00300786 -0.0035376 0.00123609 0.00435575 0.00836971 0.0164927 -0.000915316
internal_weight=1.54198e+06 1.01227e+06 294426 717843 529711 104808 189618 53980.2 559463 158380 528937 518588 510157 483514 94558.2 58049.1 49545.8 19013.6 388955 46234.2 30532.2 36509.1 11150.4 93077.2 430304 63906.3 129159 128684 366398 93477.6 21239.2 272920 342721 120188 116216 36556 135638 26643.2 25358.7 15041.4 3160.46 91406.3 28782 83710.1 35039.2 33510.3 13113.9 112228 26147.7 86079.9 63215.9 72238.4 29568.2 11034.3 5396.73 58551.2 20468.2 82601.2 16959.6 8466.13 3119.74 332635
internal_count=528495 385659 65467 320192 142836 22990 42477 15688 292645 27547 142574 141363 139793 132214 23878 14073 11831 5375 108336 16304 6456 9805 1885 20094 256594 38791 36051 35965 217803 26248 7274 191555 92032 20904 32512 10587 26789 7579 7920 4136 555 15577 5327 17928 10115 9662 3232 31395 9039 22356 17365 18974 6518 2515 1814 10030 3731 17567 5118 2531 601 89340
cat_boundaries=0 4 8 12 16 17 21 25 26 30 34 38 39 40 41 42 43 47 51 55 59
cat_threshold=67113048 201360228 269517065 20 4424 2625651572 674366730 8216 268447960 2231372228 72351913 16 52441984 2164294164 98610632 8976 28 405013728 2491951088 269615120 2075 1088 550912 2684354560 8 6581280 268698752 2417692896 311581218 986 2216951832 1770160386 159449156 10242 32 2415922272 272662659 584 33555137 6 75015203 8792320 1 67666000 67635552 16 4 35660096 67125504 2149589000 4 1024 131072 75497472 256 33825536 16400 67119108 256
is_linear=0
shrinkage=0.05


Tree=80
num_leaves=63
num_cat=18
split_feature=5 19 8 16 16 9 13 16 17 9 16 13 13 17 3 16 17 13 13 4 16 6 16 4 6 16 16 16 0 19 9 16 16 16 9 17 16 16 17 17 17 16 16 17 17 17 19 15 16 6 19 16 19 4 19 9 16 17 21 6 2 13
split_gain=393.286 219.01 218.499 207.573 281.319 205.091 203.245 186.108 423.336 245.661 245.207 264.355 220.774 201.173 183.509 178.181 183.054 173.261 168.795 162.338 161.509 179.796 257.498 227.91 243.016 223.515 159.686 587.188 293.636 289.718 321.982 389.962 279.016 264.806 232.791 222.222 175.334 784.854 408.054 376.525 287.749 190.497 354.864 488.328 235.973 172.638 161.557 158.376 158.107 155.249 154.893 151.875 148.241 148.226 147.117 145.829 157.976 143.288 137.38 134.517 134.198 133.514
threshold=0.76939339730037426 0 2.510869565217392 46.500000000000007 9.5000000000000018 0.82797026417098107 10.500000000000002 16.500000000000004 1 0.66676373519704923 14.500000000000002 11.500000000000002 4.5000000000000009 2 365.50000000000006 4.5000000000000009 3 37.500000000000007 13.500000000000002 2.5000000000000004 39.500000000000007 0.81828128108215648 28.500000000000004 49.500000000000007 0.09441390580894371 28.500000000000004 44.500000000000007 48.500000000000007 4.5000000000000009 4 0.88255578093306297 51.500000000000007 47.500000000000007 51.500000000000007 0.22257607926397738 5 39.500000000000007 28.500000000000004 6 7 8 15.500000000000002 11.500000000000002 9 10 11 12 578.50000000000011 7.5000000000000009 0.59364486785807025 13 15.500000000000002 14 398.50000000000006 15 0.32660611491256658 10.500000000000002 16 17 1.1467909114235628 142.50000000000003 45.500000000000007
decision_type=2 9 2 2 2 8 2 2 9 8 2 2 2 9 2 2 9 2 2 2 2 2 2 2 2 2 2 2 2 9 10 2 2 2 10 9 2 2 9 9 9 2 2 9 9 9 9 2 2 2 9 2 9 2 9 10 2 9 9 2 2 2
left_child=1 -1 15 4 14 59 -7 8 47 12 11 -11 -10 18 19 16 -2 -13 -14 -3 21 23 57 -9 25 -25 36 32 52 -30 31 34 45 54 -31 -33 37 39 -38 41 -39 42 -17 -44 -43 -28 48 -6 -41 -46 -45 53 -29 -15 -32 56 -50 -23 -19 -5 -36 -18
right_child=2 3 -4 5 7 6 -8 20 9 10 -12 17 13 51 -16 26 61 58 -20 -21 -22 22 -24 24 -26 -27 27 28 29 30 33 35 -34 -35 60 -37 38 40 -40 46 -42 44 43 50 49 -47 -48 -49 55 -51 -52 -53 -54 -55 -56 -57 -58 -59 -60 -61 -62 -63
leaf_value=-0.00037378321976040544 0.0042290834148664197 -0.00062524833121165892 -0.026505799321900725 0.0093882603405281827 0.012417274332852505 -0.0056911551839979842 0.0029761684561502842 0.001265711250277122 0.029461041150634044 0.0098428976585933706 -0.0050778152643502971 -0.0040877111039238001 0.029205647052102962 -0.0070535897874473676 -0.0018719430474219674 -0.00076852624818845488 0.0014162420125076723 0.0085067543478392384 -0.00067067471598060598 0.0042512535703901266 -1.564502887140091e-05 -0.020598467905037044 0.0094194011484538855 0.039695351425429459 0.0075375598419805878 0.0014676621699308444 0.0036521787964726967 -0.0025901013625871131 0.013097995769134341 0.010169450567756318 -0.017490137499996315 -0.00079731457113155733 0.0078123412431050816 -6.0215711668931067e-05 0.0026841174121562568 -0.014134425780146859 0.0012549659494849718 0.016747116315191265 -0.0050995048114340826 -0.0013858812285932342 0.0042790849361725161 -0.010727981809855699 0.00052010409583663493 0.023673752478477722 0.0093235820018078737 -0.0013776856848448443 -0.0019616868082998687 0.057416632044145072 -0.0081259078818851395 -0.0024301051817765054 0.0097734405995841718 0.024091268409253741 0.0044241917980892961 -0.016943262509891331 -0.0087132717800366515 -0.0054015651149495036 -0.023021958130801778 -0.0018236177853052594 0.00033351146951653555 0.0016202192625812768 -0.0060801502369037417 -0.0035818628273423525
leaf_weight=264976.18617367744 33641.716157197952 20464.664741039276 824.66999673843384 19386.210322141647 3623.1717283725739 7576.981682062149 62955.65169095993 16212.277139425278 423.04551148414612 7230.643504858017 24144.371752977371 19702.786926984787 548.70296597480774 16493.179656744003 18717.526968717575 82469.729032039642 36511.841177463531 6203.3127949237823 3377.561450958252 102770.1576230526 115666.07138824463 1068.7726409435272 5478.0563960075378 1170.3242197036743 16064.60591340065 567.81806778907776 38825.646642923355 12973.674805879593 2269.943178653717 6149.4319875240326 7489.3216733932495 5131.1305305957794 22873.172053575516 6140.3507418632507 10073.989099740982 8005.1473243236542 36037.387023687363 6892.8642151355743 84494.819481134415 19967.943476676941 14112.167802810669 7946.048743724823 23879.239711761475 2377.5276000499725 3291.6581189632416 30417.489569187164 102254.18533706665 205.80375742912292 5846.3124947547913 19142.620982646942 13063.509234666824 344.55705046653748 17933.459956884384 4919.1197710037231 13420.788980007172 38944.040931463242 2559.2107801437378 17409.145524978638 29797.879443645477 7822.0902421474457 7709.303475856781 21072.072663545609
leaf_count=124278 8903 16733 278 5389 1928 1924 28714 12636 145 1892 11574 6735 131 5714 2802 20911 9160 3295 1174 36287 47231 285 1609 696 3685 243 9838 5091 474 1276 1615 957 5972 1245 2157 1515 9125 1757 21951 5331 3753 1842 5888 599 1023 8050 25268 47 1595 4162 3146 157 6921 808 2796 10458 744 4046 14527 2317 1095 5985
internal_value=2.68669e-05 0.000800057 -0.000798834 0.00138652 0.000916359 0.00346759 0.00204501 2.52919e-05 -0.00151593 -0.00206953 -0.000794253 0.000849156 -0.00632393 -0.00691449 0.00274083 -0.000770301 0.00129951 -0.00031843 0.00350205 0.00344145 0.00106393 0.0032179 -0.000100176 0.00555467 0.00946017 0.0272151 -0.0010596 0.000163513 -0.00254525 -0.00441939 -0.00504098 -0.00201495 0.0030246 -0.00918938 0.00178448 -0.00893667 -0.00155967 -0.000982835 -0.00319993 -0.00159419 0.00838112 0.000211512 0.0010951 0.00500375 -0.00333049 0.00144297 -0.0032144 0.0148116 -0.00511662 -0.000704899 0.0119291 -0.00879192 0.00148046 -0.00932626 -0.0118701 -0.00669094 -0.0126635 -0.00292275 0.00174448 0.00715517 -0.00111544 -0.000412707
internal_weight=1.54006e+06 795321 744742 530344 432604 97740.9 70532.6 290651 117014 113185 87079 62934.6 26106.2 25683.1 141952 743918 91225.6 55704 3926.26 123235 173637 57971 23956 34015 17802.7 1738.14 652692 189413 97296.5 66389.4 64119.5 37069 92116.3 27050.5 23932.7 13136.3 463279 342747 120532 321742 21005 152170 121790 39320.3 30380.3 69243.1 169572 3828.98 67317.5 22434.3 15441 21756.9 30907.1 21412.3 20910.1 47349.6 8405.52 18477.9 36001.2 27208.3 17783.3 57583.9
internal_count=527883 337002 190881 212724 174380 38344 30638 118558 48127 46152 38023 26449 8129 7984 55822 190603 24048 24557 1305 53020 70431 23200 5940 17260 4624 939 166555 49002 25142 13130 12656 7000 23860 5656 4528 2472 117553 86477 31076 80967 5510 37571 30544 9633 7027 17888 43396 1975 18128 5185 3745 6679 12012 6522 4411 12797 2339 4331 17822 7706 3252 15145
cat_boundaries=0 1 5 9 13 14 18 22 26 30 34 37 41 42 43 44 45 48 50
cat_threshold=1590417 0 1179648 16779264 130 524544 4 79691782 256 2214593672 1342883136 634463360 328 49152 13312 549376 2751463680 272 153359360 1158187796 136479034 2252 2164269808 2290241666 2239827016 9090 2625792 549396 2228488 4 8704 142626816 2147550216 128 2147483648 0 67176520 170407000 75531060 807542894 28 91523 133122 1735809 1582497 67109888 32772 8 1023555920 172064
is_linear=0
shrinkage=0.05


Tree=81
num_leaves=63
num_cat=19
split_feature=5 8 6 17 10 13 9 0 0 21 13 3 21 17 17 6 16 16 17 4 17 17 9 16 4 6 21 16 21 16 3 16 4 17 16 16 16 22 6 17 13 17 16 16 11 17 16 17 19 16 9 16 17 0 3 9 16 16 4 4 22 9
split_gain=332.977 254.882 296.58 226.304 201.08 218.102 221.694 197.012 191.694 188.656 183.219 179.025 164.038 171.327 161.508 153.3 144.011 387.934 226.253 249.861 217.54 184.739 155.283 200.23 171.54 230.366 145.285 143.679 143.474 139.506 138.553 136.046 234.914 130.551 130.278 127.603 160.024 165.613 121.877 134.091 148.524 144.342 130.299 185.673 121.065 149.083 136.618 117.739 117.499 132.706 126.816 127 111.015 110.709 106.986 104.087 102.42 102.216 101.582 98.9355 93.5787 93.1054
threshold=0.63169856459330154 1.1070848083218792 1.6023411829134722 0 1.5000000000000002 5.5000000000000009 0.92003717472118973 1.5000000000000002 5.5000000000000009 1 11.500000000000002 550.50000000000011 2 3 4 0.93759735202492223 7.5000000000000009 16.500000000000004 5 766.50000000000011 6 7 0.7667152575315842 39.500000000000007 17.500000000000004 0.037118878197673046 8 14.500000000000002 9 47.500000000000007 12.500000000000002 3.5000000000000004 22.500000000000004 10 15.500000000000002 44.500000000000007 14.500000000000002 11 0.52348248954831356 12 61.500000000000007 13 48.500000000000007 46.500000000000007 0.010766550930392031 14 10.500000000000002 15 16 47.500000000000007 0.9667170191339377 6.5000000000000009 17 37.500000000000007 25.500000000000004 0.99985465116279082 49.500000000000007 11.500000000000002 1.5000000000000002 48.500000000000007 18 0.8674888829767019
decision_type=2 2 2 9 2 2 10 2 2 9 2 2 9 9 9 2 2 2 9 2 9 9 8 2 2 2 9 2 9 2 2 2 2 9 2 2 2 9 2 9 2 9 2 2 2 9 2 9 9 2 10 2 9 2 2 10 2 2 2 2 9 8
left_child=1 8 11 -4 7 6 30 10 16 27 -2 14 52 53 -3 29 21 20 19 22 -18 58 -19 24 -24 -26 -22 47 -5 55 -6 -23 -33 34 -8 36 37 -16 48 60 42 -42 43 -41 -39 46 -46 57 -11 50 51 -50 59 -14 -35 -12 -20 -7 -1 -9 -40 -58
right_child=4 2 3 28 5 9 33 12 -10 38 15 -13 13 -15 35 -17 17 18 56 -21 26 31 23 -25 25 -27 -28 -29 -30 -31 -32 32 -34 54 -36 -37 -38 44 39 40 41 -43 -44 -45 45 -47 -48 -49 49 -51 -52 -53 -54 -55 -56 -57 61 -59 -60 -61 -62 -63
leaf_value=-4.9709737449280001e-05 0.0057527705690489303 0.00031149790585873269 0.0019421490818956177 -0.014161555661233994 0.020404025353282694 0.0059057045437096124 0.0021898987732059251 -0.00062429350538930684 -0.0034120195445842476 -0.0064600004631790858 -0.0029922487288614359 -0.0007479004451650767 -0.0073907175263459553 -0.0029401520875438295 -0.0075171289885514261 -0.0029351275126255441 -0.0061328281462109842 0.0090028538727721028 -8.1831179115421046e-05 0.065958838659497351 -0.002666817079124965 -0.0015599245768720962 0.0029731087572036326 -0.00032983050251003942 0.039794239096714354 0.009505242118048941 0.001174329308933795 -5.8075491349191464e-06 -0.0029329380422519497 0.0078962530349016066 0.0062851549766767814 0.00029356365150315188 0.0089834085903392411 0.011022741259985125 -0.010313424955836708 0.0076185341848346551 0.0013003150950768186 -0.0011996427838242779 -0.0068367602545783834 -0.00045253416077211284 -0.010072994153489162 -0.0023396144513556211 -0.0040199464686100795 0.0054975570020180152 0.010641942910529362 0.0065111116185129969 0.034727631695856798 0.0020507964638370973 0.0020909302731497758 0.0059170151487299401 0.0017808690902131096 -0.0058860507467422942 -0.00010753563484408246 -0.022899876316010162 0.00067396370322479499 0.0022563946216458022 0.0080522214702640725 0.016953613607448858 0.0077654571178089439 -0.0042631899616970116 0.0015409431070988605 0.0015826451260016476
leaf_weight=5368.8281378746033 13704.239961147308 23881.434651136398 31999.872860431671 3264.7721526622772 1968.5077409744263 10620.503286123276 3836.3694264888763 32961.81220293045 34655.587327003479 15931.025727272034 15268.178057670593 22735.565996170044 14374.999049186707 86879.116060495377 2228.1212944984436 36145.245142221451 27311.808288574219 12730.467203378677 135082.03489208221 164.81653738021851 60702.348893165588 30986.646499872208 4308.8006250858307 19621.878889083862 894.10932064056396 2104.9123351573944 41399.849833011627 40869.826412916183 21803.312721252441 7018.9480082988739 14780.862567901611 25552.784957170486 11178.974240541458 3403.3362867832184 4557.4712228775024 30216.51710486412 35653.662194728851 4641.226729631424 3449.60866522789 148748.52828407288 7409.8257768154144 32415.764454841614 22088.783878326416 14377.556091547012 1708.59699177742 36643.828644275665 898.44038677215576 20939.916709423065 6322.6030263900757 5351.0711698532104 12559.57102560997 23658.012079238892 92497.476003408432 1250.1332292556763 9374.9681162834167 24766.879292726517 7285.0340020656586 2607.4553904533386 18434.726800918579 43107.277011632919 90893.075532674789 23493.516382932663
leaf_count=4431 6424 6249 7170 828 649 2238 842 10258 6073 3856 6702 3208 4238 23123 566 17151 15204 5491 84252 47 35773 16613 3699 13319 858 649 25555 8462 5273 3220 2690 18474 3720 1035 967 7649 9102 1260 848 28644 1468 6618 4310 2803 470 9324 235 4326 1404 1293 3070 5330 22810 207 1604 11411 3006 531 9609 9006 18155 14949
internal_value=-2.79468e-06 0.000827582 0.00224644 -0.000844595 -0.000653298 3.53995e-06 0.00364761 -0.00153896 0.000164173 -0.000298029 0.000396034 0.00335862 -0.00223068 -0.00380792 0.00404577 -0.000486364 0.000454684 -2.54072e-05 0.00132402 0.00470769 -0.00217013 0.00221248 0.00445267 0.00230141 0.00936552 0.0185457 -0.00110937 0.00199442 -0.00440088 0.00139471 0.00794563 0.000879936 0.00293841 0.000247208 -0.00459378 0.00484161 0.00381601 0.00576073 -0.000746964 -0.000348372 -0.00101169 -0.0037818 -0.000416093 7.19236e-05 0.00643516 0.00733959 0.0188801 0.00438751 -0.0027417 -0.00150304 -0.00243687 -0.00420377 -0.00127126 -0.00862744 0.00342819 0.000254694 0.000511228 0.00807845 0.00600032 -0.00268608 0.00123385 0.00311415
internal_weight=1.54109e+06 676952 215675 57068 864139 496165 37921.5 367974 461277 458243 96903.5 158607 271071 102504 135872 83199.3 426622 335100 205686 39825 129414 91522 39660.2 26929.7 7307.82 2999.02 102102 75037.7 25068.1 47054 16749.4 67718.4 36731.8 21172.1 8393.84 111990 81773.9 46120.2 383205 319383 225040 39825.6 185215 163126 43892.1 39250.9 2607.04 34167.9 63822.3 47891.3 42540.2 29980.6 168567 15625.1 12778.3 40035.1 165861 13228 23803.6 76069.1 94342.7 30778.6
internal_count=528749 313056 51334 13271 215693 101143 7787 114550 261722 93356 44908 38063 69642 27568 34855 38484 255649 202802 126270 24063 76532 52847 24016 18525 5206 1507 61328 15557 6101 21333 3339 38807 22194 4448 1809 28606 20957 11855 77799 62846 43843 8086 35757 31447 11289 10029 705 7095 14953 11097 9804 6734 42074 4445 2639 18113 102207 2769 14040 19264 19003 17955
cat_boundaries=0 4 6 8 12 16 20 24 28 30 32 36 37 41 45 49 53 54 58 59
cat_threshold=2183935488 293628944 31467520 320 957368068 174498 2256539679 177184 37064 84420100 282101936 324 153096200 2508221012 135430162 20 134227392 1822032752 268570646 10454 1479025736 612370784 407142559 2264 6563016 301993282 634456291 10504 1651932882 9606 1610754192 132360 529680 8196 2751637760 256 8398848 85987544 2768296146 97650948 385 256 0 2105386 12 2214592512 1024 2112 256 34087944 49408 605104394 128 658561 2267304216 142657888 605099293 6 277875744
is_linear=0
shrinkage=0.05


Tree=82
num_leaves=63
num_cat=24
split_feature=8 5 12 8 4 20 16 5 9 16 16 16 6 17 19 17 17 5 9 16 13 16 16 0 19 9 16 16 9 17 20 12 17 16 6 16 13 17 20 4 19 19 11 22 20 17 17 9 17 9 16 16 16 17 22 16 17 17 22 22 16 16
split_gain=352.252 319.011 266.477 227.488 236.275 234.369 195.274 195.138 184.278 403.893 695.704 298.048 205.939 199.971 186.663 167.478 166.745 163.873 183.616 151.476 179.266 149.368 464.511 271.205 211.531 248.756 294.683 287.961 242.396 193.545 186.015 184.101 170.685 166.462 161.878 199.086 181.497 146.179 139.077 129.47 127.357 125.55 125.192 118.408 116.187 123.596 115.135 114.456 113.079 112.445 171.076 111.124 321.759 180.997 124.516 110.186 107.918 107.905 106.922 106.326 105.376 388.257
threshold=2.0119047619047623 1.0134539969834091 0.54027012285096976 1.1987364548895441 230.50000000000003 0 4.5000000000000009 0.39989954796584637 0.74995475931958022 15.500000000000002 10.500000000000002 2.5000000000000004 2.3808431629532554 1 2 3 4 0.3073115003808074 0.99367659827263177 46.500000000000007 14.500000000000002 44.500000000000007 48.500000000000007 4.5000000000000009 5 0.88255578093306297 51.500000000000007 51.500000000000007 0.42502796420581662 6 7 0.13337778828734445 8 47.500000000000007 0.87507503001200482 40.500000000000007 31.500000000000004 9 10 103.50000000000001 11 12 0.056043218954333243 13 14 15 16 0.47879832184596949 17 0.55250739480568345 8.5000000000000018 15.500000000000002 12.500000000000002 18 19 51.500000000000007 20 21 22 23 15.500000000000002 9.5000000000000018
decision_type=2 2 2 2 2 1 2 2 8 2 2 2 2 9 9 9 9 2 8 2 2 2 2 2 9 10 2 2 10 9 1 2 9 2 2 2 2 9 1 2 9 9 2 9 1 9 9 10 9 10 2 2 2 9 9 2 9 9 9 9 2 2
left_child=1 2 3 4 8 56 15 37 9 10 11 -1 38 -11 -10 -3 17 18 -6 20 -15 30 33 40 -25 27 -27 28 31 -29 32 -26 58 43 35 36 -34 -7 -12 -4 -24 -36 51 -23 46 -46 -16 -31 -13 50 -38 52 -43 59 -53 60 -5 -21 -8 -54 61 -18
right_child=-2 6 39 5 16 7 21 -9 14 13 12 48 -14 19 44 -17 55 -19 -20 57 -22 22 23 24 25 26 -28 29 -30 47 -32 -33 34 -35 41 -37 49 -39 -40 -41 -42 42 -44 -45 45 -47 -48 -49 -50 -51 -52 54 53 -55 -56 -57 -58 -59 -60 -61 -62 -63
leaf_value=-0.0031650211653083435 -0.013112986077412715 0.0039185463533560087 -0.00072817857977478841 0.0019283850567705697 0.004181588568734549 0.00048672066023617319 -0.013157388896262986 0.0020819331125937024 -0.0012819539620684459 0.0095990918858080351 -0.0012836698612098052 0.0021077175255677957 0.0070667643534571131 0.0083224701242492795 0.0026959429176714928 -0.0012621945285021434 -0.00026252420307750282 0.00050675706790789105 0.027116838644750976 0.014342331104360034 -0.0018207880026384782 0.012706042465742787 -0.0023382563525842968 0.012023681524153266 0.0031739638056264038 -0.01186845918805365 0.0023609065715292517 -0.00018815668331483856 -0.0028648018405216021 -0.018550290542185554 -0.0044906927040058763 0.019856318617905579 -0.004874282477108343 0.0079782940975023347 0.0022784048394212395 -0.0078184730005239605 0.0042035312604404625 0.0074492948574594597 -0.010903867195800641 -0.0046507509885375968 0.0051826526372339109 -0.00088696197283348079 -0.0050969684922891213 0.0012511484404435619 -0.0025968206780431096 0.0021319936131547665 0.00015514880848344813 -0.004421155158014326 0.0079694273102639771 0.0023540563600542258 -0.012773765432576037 0.0083439643994590359 0.01674009460862156 0.002088014018082745 -0.0034320946027587493 -0.011051609311848056 -0.0040709435277011246 0.0046614040234741203 -0.0034118028435183266 -0.00053028962816063275 -0.00042487103524306943 -0.0086594779452554265
leaf_weight=12340.309122800827 5096.1276803016663 35638.906029462814 116152.27978467941 12443.177756309509 2966.4515414237976 9690.8750245571136 2991.6348176002502 138677.98135137558 112198.35653066635 21223.150772809982 4946.691901922226 12923.102756261826 2327.8780539035797 5963.0889716148376 121767.86161065102 27732.373175144196 37204.650811433792 36623.623951673508 1235.6504325866699 4140.3575921058655 16153.947160005569 2374.7073385715485 9645.8753681182861 1876.9341368675232 4921.9534292221069 17926.48046875 4564.6499474048615 4248.6543729305267 11250.082305431366 4385.4434835910797 56820.483771562576 2490.0493268966675 21802.195293188095 14949.297663927078 48652.76546216011 15032.129152536392 2677.7038073539734 34102.701493024826 15790.582833766937 25687.703711748123 13492.851735830307 40939.871086359024 14606.832817316055 41671.981412172318 35974.664443731308 22421.42650270462 70355.399994850159 2130.1782581806183 22758.385658502579 27328.39009141922 3326.1142065525055 2429.6435663700104 5531.7406766414642 6299.7040810585022 28101.742301702499 3345.3361008167267 18828.269240617752 9514.9349024295807 45813.871325731277 1070.4444754123688 62573.205697059631 21850.712688446045
leaf_count=3782 1518 10016 70990 3672 581 2684 808 26039 61799 6933 1897 4438 877 1639 57648 7785 6446 6298 288 1431 6150 658 4010 392 996 3830 948 812 2058 864 19510 528 5871 4213 10791 4517 753 9482 5084 5356 5542 9805 3814 11716 22937 13752 33010 384 7561 8267 1012 558 1229 1310 6207 550 5730 3330 11762 259 10957 3848
internal_value=9.43929e-06 5.30162e-05 0.000571027 0.000898537 0.000437325 0.00231533 -0.000950036 0.00300065 0.000988599 0.00261899 0.000104872 0.0035329 -0.00703216 0.00575464 0.000412872 0.0016518 -0.00119455 0.00157952 0.0109307 0.00346993 0.000914241 -0.00130898 8.17919e-05 -0.00247776 -0.00442472 -0.00502094 -0.00898059 -0.00199601 0.00176049 -0.00850824 -0.00189349 0.00878029 -0.00133973 0.00341954 -0.000740738 -0.00271801 -0.00132727 0.00591044 -0.0086151 -0.0014386 0.00204866 0.000198976 -0.00082331 0.00187216 0.00117193 -0.000781113 0.00176557 -0.013911 0.00584938 0.000992859 -0.00520245 -8.34922e-05 0.00128293 0.00816789 -0.00249312 -0.00210074 -0.00168392 0.00761146 -0.00401201 0.0139437 -0.00185463 -0.00336952
internal_weight=1.54e+06 1.53491e+06 1.01218e+06 870343 656600 213743 522726 182472 490800 128082 71087 48021.8 23065.2 56995.5 362718 63371.3 165800 40825.7 4202.1 35772.3 22117 459354 135929 76933.2 53794.4 51917.5 22491.1 29426.4 18662.1 10764.3 323425 7412 266605 58996 217799 70166.5 55134.4 43793.6 20737.3 141840 23138.7 147633 98980 44046.7 250519 58396.1 192123 6515.62 35681.5 33332.2 6003.82 84373.1 53841.8 12901.9 30531.4 124974 31271.4 13655.3 48805.5 6602.19 121629 59055.4
internal_count=527932 526414 385189 308843 261236 47607 141225 38205 232268 43122 23639 15781 7858 19483 189146 17801 28968 7167 869 12550 7789 123424 36951 20364 10812 10420 4778 5642 3582 2060 86473 1524 66963 16587 54393 20420 15903 12166 6981 76346 9552 33973 23182 12374 127347 36689 90658 1248 11999 10032 1765 19368 12603 2798 6765 21801 9402 4761 12570 1488 21251 10294
cat_boundaries=0 1 5 6 10 14 15 19 20 24 28 29 30 31 32 33 36 40 44 48 49 53 57 58 59
cat_threshold=1 136351040 3112174448 270663936 24 1597585 2248410504 1351106820 2714805636 328 270545112 2240284128 80740656 4 49152 536576 549376 2751463680 272 14 2351730696 360719840 269549741 2138 2281705496 201851648 873661450 8216 1 1731713 143265 8529984 14 103299392 151052294 2688559182 101196944 2550190082 2898266112 8520 35653328 151520788 2281734420 28 33556096 0 75499520 256 10758242 791552 664592 767632452 276 8200 67125248 67109888 256 409210240 102760449
is_linear=0
shrinkage=0.05


Tree=83
num_leaves=63
num_cat=23
split_feature=12 19 0 3 19 20 21 0 21 16 20 20 16 9 16 12 3 16 12 19 20 20 16 16 19 16 22 12 20 9 3 4 19 2 16 12 11 13 9 20 11 16 19 19 22 16 22 19 10 21 21 15 16 9 16 16 4 2 19 16 9 16
split_gain=328.573 361.839 278.739 331.507 264.596 263.886 263.144 231.364 205.746 191.388 274.746 204.285 175.963 470.423 226.902 342.092 226.567 196.368 186.159 205.333 175.336 173.566 202.172 164.316 163.901 163.587 148.07 142.975 140.646 167.724 134.393 133.849 128.023 126.605 133.786 122.556 118.666 117.521 168.284 175.441 133.866 129.88 114.106 113.805 113.195 112.369 112.272 111.251 110.581 149.39 116.568 106.453 106.35 269.748 293.621 135.505 112.406 106.037 105.254 103.928 102.718 158.154
threshold=0.34542444676740858 0 1.0000000180025095e-35 17.500000000000004 1 2 3 1.5000000000000002 4 51.500000000000007 5 6 45.500000000000007 0.81833367078355956 48.500000000000007 0.11637076062710917 202.50000000000003 49.500000000000007 0.14456353655764018 7 8 9 44.500000000000007 39.500000000000007 10 4.5000000000000009 11 0.63354547225181068 12 0.79991181657848343 76.500000000000014 55.500000000000007 13 1.0000000180025095e-35 16.500000000000004 0.026131946741798088 0.021508474019356075 10.500000000000002 0.75012690355329958 14 0.02025701660836261 46.500000000000007 15 16 17 9.5000000000000018 18 19 1.5000000000000002 20 21 10.500000000000002 9.5000000000000018 0.015373871938117749 28.500000000000004 11.500000000000002 258.50000000000006 7.5000000000000009 22 15.500000000000002 0.99985465116279082 15.500000000000002
decision_type=2 9 2 2 9 1 9 2 9 2 1 1 2 10 2 2 2 2 2 9 1 1 2 2 9 2 9 2 1 8 2 2 9 2 2 2 2 2 8 1 2 2 9 9 9 2 9 9 2 9 9 2 2 10 2 2 2 2 9 2 10 2
left_child=1 8 3 37 21 9 25 -6 57 12 11 -11 18 16 24 30 -14 -17 19 23 -9 26 36 35 -15 46 59 47 29 -10 58 60 -13 34 -5 -4 45 38 -3 40 -40 -39 44 -20 -27 -23 -7 -22 50 -50 -33 -35 -51 54 55 -54 -55 -1 -16 -2 -21 -62
right_child=4 2 5 33 7 6 -8 20 28 10 -12 32 13 14 15 17 -18 -19 43 31 27 22 -24 -25 -26 42 -28 -29 -30 -31 -32 48 -34 51 -36 -37 -38 41 39 -41 -42 -43 -44 -45 -46 -47 -48 -49 49 52 -52 -53 53 56 -56 -57 -58 -59 -60 -61 61 -63
leaf_value=-0.0062516269091688953 0.0088807882063602697 0.014276822583509652 0.010699170729004056 -0.0019090439657673181 -0.00059360681987328026 -0.0084708569395816335 -0.0043479392359061638 -0.0083494013237295616 -0.016166347574833807 0.022845371103654834 -0.01878366842518335 0.015087680305586946 0.0096536774770801404 -0.00063222786972413339 -0.010177887330761727 -0.0058171864683946662 0.0030622915535507941 0.0071095444683184949 0.00096108925587306084 0.0051356214237784741 -0.0036960585696501971 0.0029900881523049656 0.0036085024731635756 -0.001903675243198644 0.0074676802869280152 -0.0055918930708137374 -0.00015439099810545619 -0.0077301716764892302 -0.0038430030461766755 0.0055555878339092835 -0.01288227488719663 -0.00038357001005103223 -0.0042722236046229033 0.005304372822660653 0.043354399398272021 0.0040929298806823824 -0.0043285897160235979 0.00022319984257334306 -0.0076869259099305969 0.00050896252482973572 0.019949528892607368 0.0043928471501982203 -0.0021357954720794556 -0.0025924903160788383 0.00093583337567315357 -0.0026967728615150048 0.005174828333247207 -0.00096203831806710512 0.0059153809104441476 0.0025774158947862746 -0.0052374634603224949 0.01285242067934652 -0.016161927196640516 0.0024342432083656346 -0.00079344145758427189 -0.045164648592579924 -0.0013369247929669056 -0.018693624857172516 0.0018278506726367523 0.002653007396466131 0.0038102573926580385 -0.0021230151569888236
leaf_weight=3970.6819632053375 13639.03089261055 3996.1306569576263 9667.5422558784485 247 227426.64120149612 1633.4135746955872 48426.344515323639 14089.96542596817 997.34275412559509 802.05830216407776 2729.5094997882843 905.56869339942932 25672.482704877853 13581.861366033554 3295.8091373443604 4520.8840999603271 26490.787168502808 8386.1326656341553 35729.954392194748 25484.304786205292 64582.703562259674 16967.572087526321 23266.441002368927 8332.9811804294586 11553.516480922699 7172.8806874752045 16921.027936935425 12274.57100725174 33571.033905267715 8089.7863805294037 8109.4109120368958 47832.743323564529 12589.54705953598 22447.900739192963 480 25642.387245416641 27235.145839214325 102384.63025307655 547.31752467155457 13635.906583786011 2187.049614906311 22841.723780870438 78153.80122590065 60964.121747970581 87917.104148864746 17795.808140277863 18347.361578941345 87822.207979202271 13226.419087171555 37518.855447053909 16675.316443681717 5898.9027934074402 859.18207859992981 30106.194494247437 1891.880393743515 760.03889942169189 57490.943840503693 3012.1338746547699 4073.7411417961121 13166.506304264069 25241.64823102951 20233.459502458572
leaf_count=2329 4036 1745 1915 247 138571 395 13746 4234 262 169 619 179 6313 3173 957 1078 3970 1781 8607 7333 14184 5875 9081 1609 2705 1960 5922 3023 13971 2450 1414 9588 2555 7159 480 4647 10761 68037 358 7522 1041 15051 18753 14948 21219 7649 4609 20087 2258 6533 3512 1831 154 6154 360 139 8722 697 1171 4264 8222 6305
internal_value=-2.40851e-05 0.000508263 0.000724243 0.00253012 -0.00102507 0.000320901 -0.00105255 -0.00165155 -0.00365347 0.000935104 -0.0042816 -0.00149766 0.00110485 0.00292745 -0.000365832 -0.00342927 0.00630641 0.00258166 0.000643655 0.00122305 -0.00299752 0.000947762 -0.000365753 0.00441053 0.00309378 -0.000226447 0.00350851 -0.0025389 -0.00234939 0.00316653 -0.00844127 0.000721225 -0.00296188 0.00740453 0.0279945 0.00590191 -0.00185728 0.00155669 0.00507908 0.0028331 0.0143644 0.000983787 -0.000720538 -0.00127956 0.00044284 7.89192e-05 0.00405729 -0.00212092 7.71115e-05 0.000857627 -0.00163923 0.0068755 0.000337023 -0.000585564 -0.0141728 -0.0297949 -4.08019e-05 -0.0116039 -0.00355333 0.00581983 0.00259449 0.00117035
internal_weight=1.54152e+06 1.00633e+06 956687 174667 535188 782020 241651 406196 49641 540369 17026.7 14297.2 523343 105685 53521.4 28386 52163.3 12907 417658 320964 178769 128992 85265 43642.9 25135.4 193225 43726.6 164679 42658.2 9087.13 15479 277321 13495.1 29073.8 727 35309.9 61998.5 145593 20366.4 16370.3 2734.37 125226 173244 96694.1 95090 34763.4 19980.8 152405 206362 141854 64508.1 28346.8 128627 91108.2 3511.1 1619.22 87597.1 6982.82 7369.55 26805.5 70959.4 45475.1
internal_count=528639 300952 281243 103471 227687 177772 60682 180099 19709 117090 3522 2903 113568 22562 12279 6401 10283 2859 91006 67451 41528 47588 33366 8171 5878 46936 14222 37294 16683 2712 3542 59280 2734 9717 727 6562 24285 93754 10666 8921 1399 83088 41932 23555 23179 13524 5004 34271 37420 24320 13100 8990 22062 15529 653 293 14876 3026 2128 8300 21860 14527
cat_boundaries=0 1 2 3 5 7 8 9 10 11 12 13 14 15 16 17 18 19 20 21 22 24 26 27
cat_threshold=540672 43018 28 273748391 172032 550651200 2473 20 16 34856 1 10 40162 2099875 2 32800 22 398704 211234 67371064 10619904 791201 587273232 34816 575807783 34056 201857
is_linear=0
shrinkage=0.05


Tree=84
num_leaves=63
num_cat=24
split_feature=5 10 10 0 20 0 15 13 17 12 13 19 4 10 11 19 4 12 12 2 17 16 17 5 3 16 17 13 17 16 16 17 21 20 17 21 17 4 19 13 17 0 20 17 17 9 16 19 3 13 17 21 11 9 12 5 2 17 11 16 21 16
split_gain=296.44 308.409 289.407 279.511 272.59 369.541 202.937 204.081 227.524 198.805 194.858 283.033 165.612 253.117 163.164 158.217 156.131 152.833 152.816 150.339 150.178 145.122 143.107 146.143 143.382 144.263 140.78 138.485 178.299 140.336 147.275 147.12 138.289 137.858 137.618 128.88 128.869 131.209 161.196 156.445 132.043 131.184 126.515 147.245 137.589 120.948 122.421 113.919 113.493 113.298 120.12 113.067 112.703 110.151 139.392 114.552 107.384 107.38 106.807 105.557 104.255 102.28
threshold=0.3073115003808074 2.5000000000000004 3.5000000000000004 92.500000000000014 0 5.5000000000000009 9.5000000000000018 11.500000000000002 1 0.3629840476639688 1.5000000000000002 2 362.50000000000006 1.5000000000000002 0.030491525462518137 3 1484.5000000000002 0.2761677220668125 0.51892053346787137 4.5000000000000009 4 50.500000000000007 5 1.0000000180025095e-35 79.500000000000014 15.500000000000002 6 53.500000000000007 7 49.500000000000007 9.5000000000000018 8 9 10 11 12 13 66.500000000000014 14 15.500000000000002 15 3.5000000000000004 16 17 18 0.98948474126492714 12.500000000000002 19 14.500000000000002 8.5000000000000018 20 21 0.095775734561841616 0.3335334133653462 0.12284827500691604 0.16032128514056229 154.50000000000003 22 0.15073741895887985 51.500000000000007 23 16.500000000000004
decision_type=2 2 2 2 1 2 2 2 9 2 2 9 2 2 2 9 2 2 2 2 9 2 9 2 2 2 9 2 9 2 2 9 9 1 9 9 9 2 9 2 9 2 1 9 9 10 2 9 2 2 9 9 2 10 2 2 2 9 2 2 9 2
left_child=1 14 3 4 10 6 7 8 15 26 11 -2 13 36 22 -6 49 33 42 -16 -9 45 -1 24 -24 -26 -8 29 -29 30 52 -32 -10 -5 -25 -13 58 38 -38 41 60 -40 43 51 -44 46 -7 -21 -17 -4 -51 -14 57 56 55 -55 -3 -15 -12 61 -39 -52
right_child=2 53 16 17 5 21 9 20 32 -11 12 35 18 27 19 48 -18 -19 -20 47 -22 -23 23 34 25 -27 -28 28 -30 -31 31 -33 -34 -35 -36 -37 37 40 39 -41 -42 -43 44 -45 -46 -47 -48 -49 -50 50 59 -53 -54 54 -56 -57 -58 -59 -60 -61 -62 -63
leaf_value=0.0021724685530511798 -0.035189716859284487 0.0032415975491008175 0.0085416659438792772 -0.0020174395074698658 -0.0081916451016542449 -0.0080684268635323377 0.0018996492182630183 -0.00017912230101060553 -0.00096566314962604003 -0.002452788610377198 0.00084385193887808916 0.01199412934313912 0.0061145916715773874 0.0059574410691848167 0.0010382872108553312 0.0094757627021642213 -0.00084872288733530668 -0.011238553289238694 -0.0091418951531486714 -0.00067126590353121978 -0.0052482719159639146 -0.015150441075680691 -0.00025831566779355766 -0.00091765964207482856 0.00097047808004893036 0.024115690225196287 0.011369219990972904 0.0033743162537413817 -0.0023074851424481624 0.0069453508241314969 0.0027814612288212851 -0.0010907363957551001 -0.012097882324741628 -0.0089917826598604911 -0.0094655083572334729 0.00083905844896509617 -0.002991203082482484 -0.012077600284030354 0.0097752014656052461 -0.00050833420540315763 -0.0046807005180552631 0.001672441050774553 0.019136445122073339 -0.0032251697977692551 -0.0051089899012515807 -0.0096442257954439878 -0.00087485599440953281 0.0059630467314703735 0.00075874079302271536 0.0030357953748493 -0.0028145088287780265 -2.5645981255360416e-05 -0.0092744525332956098 0.021857663726327983 0.0053833945427956666 0.0080398423606735849 -0.016586348215931319 0.0009353915408622771 -0.019056492034874251 -0.013776816742978586 -0.00024199740214450344 0.0026539009242786734
leaf_weight=64612.56466960907 386.49333524703979 4814.4900960922241 6943.7374880313873 38070.899004936218 2068.1066474914551 9398.7754340171814 8317.4710130691528 21063.516432523727 15388.122071027756 10683.659460067749 94383.966678619385 6856.9767847061157 8898.1041309833527 32680.654723882675 88283.26570892334 10782.215255260468 55828.816951274872 7000.4138832092285 6956.7808623313904 8020.5940182209015 47745.777790307999 4346.6662769317627 215509.75819349289 10738.051303386688 1511.2875094413757 1213.2302851676941 7446.0004160404205 19755.197395563126 45794.531345129013 13820.27730846405 42992.616565465927 57092.752609491348 3398.1929316520691 8701.2396745681763 8388.1701364517212 4171.6242508888245 42888.868414402008 1945.6812417507172 7422.5446660518646 64038.837051868439 50018.208117961884 15272.390170097351 588.51374864578247 33879.548372030258 25768.81035733223 11948.461730957031 15951.139014720917 33560.92839884758 5712.1428456306458 80790.859072446823 15992.979239940643 47319.552506923676 1572.7339282035828 2886.4557390213013 12271.708813905716 3125.1430854797363 794.67853021621704 15805.645049571991 678.09637403488159 1424.3784077167511 37924.824457406998 18373.213026046753
leaf_count=39653 115 1211 1188 5271 796 2085 2744 7556 5547 4064 26854 2309 1479 7282 59807 4170 7164 1010 1221 2184 17464 978 144204 2276 391 407 2442 4701 11580 3091 9658 12821 1300 1241 1756 1456 14966 436 2399 23089 11032 3648 96 5799 4430 2898 3502 9080 1547 14692 2987 7958 398 759 2827 631 117 3615 232 256 8267 3356
internal_value=-4.05456e-05 0.00102977 -0.000489574 -0.0008525 -0.000632131 -0.00239619 -0.00110593 -0.00208223 0.0008934 0.00281284 -0.000179328 0.00629788 -0.000290108 8.49811e-05 0.000723812 0.00481777 0.00134562 -0.00434883 -0.00194377 0.00220585 -0.00369735 -0.00650505 8.64515e-05 -0.000481467 -0.000114189 0.0112821 0.00638153 0.00134754 -0.000594931 0.0021241 0.00168028 0.000572783 -0.00298523 -0.00331743 -0.00467221 0.00777971 -0.000836189 -0.00150212 -0.000484212 0.000755744 -0.00297013 0.00432282 -0.00151369 -0.000621931 -0.00455987 -0.00549716 -0.00354217 0.00468465 0.0064533 0.00233739 0.00196778 0.000947234 0.00389448 0.00655945 0.00843978 0.014677 0.000430019 0.00432182 0.000701626 -0.000443808 -0.000822747 0.000109062
internal_weight=1.54202e+06 455730 1.08629e+06 906937 853164 174250 132605 106158 37348.8 26447.1 678914 11415.1 667499 544088 431838 18562.5 179354 53772.6 123411 129865 68809.3 41645 301973 237360 218234 2724.52 15763.5 229514 65549.7 163965 150144 100085 18786.3 46772.1 19126.2 11028.6 314573 219511 129623 86733.8 89888.7 22694.9 116455 90097.2 26357.3 37298.4 25349.9 41581.5 16494.4 123525 116581 56217.7 50059 23892.5 18283.3 6011.6 5609.17 48486.3 95062.1 35790.6 39870.5 34366.2
internal_count=528493 265303 263190 233547 226025 57093 47630 38380 13360 9250 168932 3880 165052 144069 259758 6513 29643 7522 20983 71071 25020 9463 188687 149034 145002 798 5186 53146 16281 36865 33774 22479 6847 6512 4032 3765 90923 63837 44102 29136 19735 6047 19762 15236 4526 8485 5587 11264 5717 22479 21291 9437 11295 5545 4217 1390 1328 10897 27086 6599 8703 6343
cat_boundaries=0 1 5 6 7 11 15 19 23 27 29 30 33 34 38 39 43 44 48 52 53 57 59 62 64
cat_threshold=22 36176416 2952832368 94637388 260 16384 737312 3356268368 815292674 697303092 272 2415955584 3231058106 42993669 454 34344960 403341316 2283995392 276 201859088 8931120 5441601 2192 52438024 1073776688 2228235 9048 559104295 33792 20 34091080 33284 606085122 4245699 335832466 1544065680 2270240 9097 835746 512 16480 2227175818 22 20 438313472 25706656 2221017384 256 64 0 0 16 1327666 34351032 67141968 2760091656 400 1100480513 131072 168301960 1216930048 2754618378 1073876480 1026
is_linear=0
shrinkage=0.05


Tree=85
num_leaves=63
num_cat=34
split_feature=12 5 15 17 19 15 13 17 6 6 9 13 0 8 17 9 17 6 21 17 11 17 11 22 0 17 6 17 17 17 17 9 13 17 17 0 17 21 17 21 0 3 5 22 19 17 19 12 21 21 22 17 17 15 3 17 21 17 9 2 19 21
split_gain=281.812 303.725 211.762 256.083 238.205 189.38 169.673 271.397 173.948 156.387 147.813 327.542 190.28 189.006 185.285 181.142 192.73 183.426 177.711 147.594 141.232 137.007 136.208 143.53 135.877 134.29 132.965 129.511 125.68 117.926 117.741 116.445 116.067 115.588 106.151 102.158 122.62 100.711 104.517 99.4069 98.6146 98.6033 116.724 98.5975 97.8566 96.4535 88.9857 113.997 88.8594 88.6162 88.119 85.4136 83.3666 82.7181 82.635 81.9011 81.8254 81.0312 76.8563 75.8263 75.5104 75.4586
threshold=0.57736722003153917 0.6155905673977965 13.500000000000002 0 1 330.50000000000006 61.500000000000007 2 1.1079976089858812 1.3772038354469534 0.73887928052576968 5.5000000000000009 55.500000000000007 1.0984081270966519 3 0.18068402642829384 4 0.59364486785807025 5 6 0.099560533783265528 7 0.035576836888988821 8 4.5000000000000009 9 0.42108920668592958 10 11 12 13 0.23104297837393925 18.500000000000004 14 15 6.5000000000000009 16 17 18 19 597.50000000000011 5.5000000000000009 0.1241124794416142 20 21 22 23 0.010747314587933656 24 25 26 27 28 17.500000000000004 359.50000000000006 29 30 31 0.99057159366179981 1028.5000000000002 32 33
decision_type=2 2 2 9 9 2 2 9 2 2 10 2 2 2 9 10 9 2 9 9 2 9 2 9 2 9 2 9 9 9 9 10 2 9 9 2 9 9 9 9 2 2 2 9 9 9 9 2 9 9 9 9 9 2 2 9 9 9 10 2 9 9
left_child=1 2 4 48 33 6 10 9 21 -8 11 14 18 -14 -3 16 53 -17 19 -12 26 -9 23 29 57 -19 32 -20 46 -6 -15 39 60 -1 -34 -29 -37 38 -35 -16 52 -5 -43 -24 -26 -45 47 -28 -4 -31 -10 -7 -32 -13 -25 59 -47 -2 -36 -39 -21 -38
right_child=24 5 3 41 22 51 7 8 50 -11 12 15 13 30 31 17 -18 25 27 20 -22 -23 43 54 44 -27 28 35 -30 49 40 -33 34 37 58 36 61 55 -40 -41 -42 42 -44 45 -46 56 -48 -49 -50 -51 -52 -53 -54 -55 -56 -57 -58 -59 -60 -61 -62 -63
leaf_value=-0.013184818140946838 7.5967175509931742e-05 -0.00027452062611849667 0.0054353152020613291 -0.0003699576094154701 -0.0046877888088536256 0.0052791814044451102 0.0032234289342272567 -0.00013822135951084243 -0.021628383429052232 -0.0037899922718506712 -0.0026070447099858672 -0.0002584328354148269 -0.015224610204577538 0.0036407983012698101 0.024947976372414235 -0.0024237053426059189 -0.0049056923108149715 0.0043004365055196118 -0.0002170976099753415 -0.0029573392014030976 -0.0060823460197739201 -0.0063782267136417575 -0.0044632664836284633 -7.7107405924180315e-06 -0.0032663972777327564 0.00059250002712371921 0.011544204282443507 -0.0021524580659860624 0.0030068448652364344 0.0050587390350752626 -0.0016288167507685733 0.0052907968536301808 0.0072105903097275329 0.0048689729183416016 -0.0045380389905598558 -0.015645957012081466 -0.0016196482270382411 0.00052648511938188235 -0.00064745047326091162 0.010425369436294699 -0.012598941216064839 0.0057302850287810946 0.001252884692825668 0.0060076957774032646 -0.01014210728509358 0.0056759791766035454 -0.00044601889294489203 0.0016082895749373396 0.012010689130409228 0.00074960208703951637 -0.0070636436228981043 0.0010712935178903633 -0.0055822683452704412 0.0079374419407345059 -0.0048796564962400382 -0.0020440327808841047 0.0014589546467725645 -0.0026620417376018203 0.0010068872059500048 -0.0205807815771278 -0.013507136722584074 -0.008190405721354559
leaf_weight=1849.2787888050079 46904.495286464691 8817.8758461475372 23234.997101068497 38339.893451690674 4923.2650437355042 17353.717887401581 24181.585669517517 24597.257842540741 1079.5047235488892 11839.100948810577 40235.547406196594 13417.71981883049 3120.4408617019653 6719.3215913772583 1459.3663079738617 32020.600428819656 32258.320741415024 37518.60543847084 40623.137130498886 3733.6823189258575 7535.1908373832703 13686.659877061844 4197.6341841220856 93067.428159236908 14264.853083848953 69930.255166530609 3128.3172991275787 30388.380812883377 73961.752658128738 31236.356546163559 41569.645177841187 11625.119435548782 3806.4452886581421 15265.06889629364 12390.599870920181 3229.3057060241699 8406.8800375461578 54017.529990673065 19607.555506706238 6386.1433346271515 2736.3907790184021 22549.55223608017 41062.559071779251 25151.321183681488 8142.6263618469238 14708.191207170486 90208.950737714767 37258.194163560867 6623.1583259105682 19323.518729686737 24657.534457921982 39534.834726810455 19643.107095241547 3994.2299506664276 9600.531049489975 101383.15720772743 52776.348834753036 63752.85450053215 12606.650267839432 427.87463760375977 3127.835752248764 9127.6214690208435
leaf_count=872 27152 2357 9659 29532 2625 3074 6590 6713 313 3390 11448 3542 490 957 388 8063 9570 7113 11322 1026 2192 3779 1719 45227 2962 14242 1076 10787 18576 12884 6065 2496 1187 6308 2870 709 1748 24492 9428 1815 316 9039 8799 8793 1665 5562 23850 9132 3052 9565 6833 7042 2918 1049 1445 47119 20383 37954 4456 51 879 1914
internal_value=-2.13656e-05 0.000186599 0.0010647 0.00282612 0.000545918 -0.000427868 -0.000633279 -0.00255418 -0.00450718 0.000917996 -0.000346876 0.000724956 -0.000860695 -0.00318403 0.00574287 -2.557e-05 -0.0026184 0.000897846 -0.000409266 0.000201343 0.000657517 -0.00237086 0.00154829 0.000644094 -0.00222073 0.00188771 0.000868982 -0.00232512 0.00136017 0.0026928 -0.00265215 0.0084637 -0.00194818 -0.000781518 -0.000555918 -0.00399882 -0.00670272 -0.000660487 0.00176807 0.0131747 -0.00331347 0.00163279 0.00284012 0.0030252 -0.00577128 0.00336469 0.000427308 0.0023776 0.00689776 0.00341235 -0.00768651 0.00235609 -0.00289872 0.00162108 -0.000463287 -0.00120406 0.00237883 -0.00150172 -0.00174099 0.000360167 -0.00779174 -0.00504306
internal_weight=1.54033e+06 1.40726e+06 579345 131810 447535 827916 771027 100042 64021 36020.7 670986 217428 453557 73788.9 28288.5 189140 49670.3 139469 379768 287993 247758 38283.9 254985 158151 133065 107449 240222 91775.3 204557 55483.1 70668.5 19470.6 35665.2 192550 28803.7 51152.2 20763.8 190701 34872.6 7845.51 63949.1 101952 63612.1 96833.5 22407.5 92635.9 130595 40386.5 29858.2 50559.9 25737 56888.6 61212.8 17411.9 102668 155829 67484.5 110657 24997.3 54445.4 6861.52 17534.5
internal_count=528574 458841 256554 60081 196473 202287 192171 27618 17638 9980 164553 50635 113918 10746 7056 43579 14161 29418 103172 76692 65244 10492 108203 71746 69733 21355 63052 26480 52634 25074 10256 4699 10418 88270 8513 15158 4371 87398 15736 2203 9299 47370 17838 36457 4627 34738 34058 10208 12711 22449 7146 10116 8983 4591 46672 71662 25945 65106 7326 24543 1905 3662
cat_boundaries=0 4 5 9 13 17 19 23 27 28 32 36 40 43 46 49 52 55 57 61 63 64 65 69 70 72 74 75 79 83 87 89 93 94 96
cat_threshold=201588928 3264873312 13830212 2502 1860273 469763600 487230946 605097041 145 134774856 75539312 1057808 4 405049440 76021968 1179664 2072 2182098999 124162 86280448 453118756 272864579 86 34078912 8413188 2156003336 10510 91374081 299144 294125840 341836078 268 2167152896 2306900306 2178983238 9024 2185757328 76083202 2222983172 8192 12304 17317890 33620110 448 16777216 12582912 1090523136 33554432 49184 4112 524288 2148532224 134254592 67634212 131088 2577731657 215585 2392328 25226360 3146002 2320 536938577 1024 281290816 611395 1024 536883200 2688559168 8192 1353784 1099062083 98592 2968005518 32779 1058832 2109568 2147500608 8588352 388 34087424 8192 2751465536 272 2926656 1100743952 2148535316 458 943829761 106528 138715650 503334402 880970764 2816 82249 293620544 131200
is_linear=0
shrinkage=0.05


Tree=86
num_leaves=63
num_cat=29
split_feature=5 12 16 16 17 13 8 19 22 17 3 6 16 16 17 16 17 22 17 8 16 17 17 16 19 17 20 17 16 16 17 19 4 8 17 4 13 19 13 17 12 16 16 6 17 19 6 16 13 16 19 17 16 17 16 17 17 17 17 6 19 7
split_gain=296.817 264.253 312.277 305.784 214.391 211.686 190.375 181.749 173.719 163.35 158.365 240.035 183.059 227.325 387.92 326.45 259.063 243.13 181.408 162.129 155.433 151.402 147.845 147.456 142.031 141.158 138.389 135.578 151.363 134.382 130.562 125.566 129.405 234.847 164.793 121.737 120.926 148.076 113.463 112.005 111.593 110.499 288.985 107.931 107.726 115.236 107.516 274.755 179.928 162.325 167.383 123.93 148.113 113.992 107.152 107.141 106.294 106.015 104.146 101.277 132.163 99.3475
threshold=1.0435436417129782 0.088685613346434836 46.500000000000007 48.500000000000007 0 30.500000000000004 2.0119047619047623 1 2 3 258.50000000000006 0.16670372017192828 45.500000000000007 14.500000000000002 4 16.500000000000004 5 6 7 1.0984081270966519 51.500000000000007 8 9 4.5000000000000009 10 11 12 13 11.500000000000002 9.5000000000000018 14 15 66.500000000000014 1.2221860296778866 16 27.500000000000004 41.500000000000007 17 37.500000000000007 18 0.4751187549868649 15.500000000000002 10.500000000000002 0.24866172387141103 19 20 1.4001108647450111 10.500000000000002 50.500000000000007 28.500000000000004 21 22 3.5000000000000004 23 12.500000000000002 24 25 26 27 0.61861168384879728 28 29.500000000000004
decision_type=2 2 2 2 9 2 2 9 9 9 2 2 2 2 9 2 9 9 9 2 2 9 9 2 9 9 1 9 2 2 9 9 2 2 9 2 2 9 2 9 2 2 2 2 9 9 2 2 2 2 9 9 2 9 2 9 9 9 9 2 9 2
left_child=1 3 5 7 35 30 23 22 -6 -7 12 -12 13 14 29 44 -17 39 -14 41 36 -5 -1 25 -20 38 46 28 -19 57 -3 -25 33 58 40 -4 37 -10 -2 -16 -34 42 -13 -26 -15 -46 47 48 53 -48 61 -50 -53 -11 -49 -35 -40 -9 -33 -29 -61 -51
right_child=6 2 4 21 8 9 -8 10 20 26 11 19 18 15 17 16 -18 27 24 -21 -22 -23 -24 31 43 -27 -28 59 -30 -31 -32 32 34 55 -36 -37 -38 -39 56 -41 -42 -43 -44 -45 45 -47 49 54 51 50 -52 52 -54 -55 -56 -57 -58 -59 -60 60 -62 -63
leaf_value=-0.00092670053134793855 0.0066412163027230013 -0.0052363051887748605 0.0018872905774430769 -0.0076790836537000157 0.004919657848175195 -0.0022127350511508899 -0.01804508537374341 -0.0069845444346264317 -0.0029487250667056685 0.0094483098802817887 0.02951947428094534 -0.00075154356429087219 0.00066108235559321244 -0.001647260510419801 -0.004937755672781121 0.0068005044742094727 0.00022660821352158092 0.0084058445671155845 0.0011409556075508539 0.0011428127142998803 -0.0053408808966557801 -0.00015962637060000737 -0.019570938261316766 -0.0051988243726234281 -0.00032532286325215754 -0.0010301539271280117 -0.0017541728621722113 0.0029684245000302267 0.028708932862166015 -0.0050897649451839468 -0.0014937709030714472 -0.0014628643966700973 -0.00041393433232125355 -0.0084548591464036708 -0.0037357917428643924 0.0074026115262860754 -0.0013333282286036186 0.0060395754039999708 0.0084944584709869177 0.0044006971176213071 -0.0055034345290145541 -0.00054041935435960643 -0.020160808379889733 0.012307175299936818 -0.014676270323972168 -0.0021401469093029479 -0.0028442589425370993 -0.0038515460262859807 0.006679230322079472 0.016811898951999773 -0.00089169498261314141 -0.0036694408708205523 0.0028590069605887933 0.0016644200047123579 0.00060611580615068977 -0.0022268034512571955 -0.0017162514297299641 0.0032906913991943352 0.0013768357323608233 0.011056766758292874 0.0054932868544644289 0.0027376569121669372
leaf_weight=2811.5280847549438 16251.497851848602 28405.078672647476 17195.314924001694 12217.141735076904 18986.224873304367 67187.895711183548 1626.1543118953705 2972.1325943470001 6394.4055352210999 17937.667153596878 701.87051129341125 4808.6810975074768 9873.3336663246155 6667.8276884555817 7039.6705167293549 19288.745198249817 67074.376543521881 2520.4844906330109 4744.5078637599945 80904.32776927948 13279.41650891304 14803.997811317444 1704.9469962120056 19077.090462207794 1898.7894747257233 30509.934238910675 55162.055596351624 17304.331620454788 1444.0174245834351 12089.611532211304 129734.52585434914 43291.362962722778 122883.89714336395 8598.1900465488434 79058.300037384033 23929.156748771667 30755.427927017212 16125.85397028923 3273.8678827285767 5885.2957162857056 11803.92310667038 9626.1084432601929 3189.0713720321655 15435.64939904213 5200.9893777370453 2850.271986246109 35562.025356769562 15433.049266338348 12108.01781463623 2906.3095908164978 7875.1897187232971 12313.958451032639 29497.130329370499 6397.6986794471741 106536.9688346386 35048.70135140419 11364.814601898193 15847.764044046402 126940.34302449226 16460.130536079407 30627.723879814148 2205.4804606437683
leaf_count=1112 4244 11164 11009 4153 8340 31727 479 1289 2158 6421 156 768 3451 2759 2679 6944 23249 1013 1640 11693 4609 5383 705 6285 1435 8766 33942 9044 517 4498 40636 16121 22516 2695 14930 5238 14235 4991 904 2112 2548 1542 517 4210 2200 1258 12233 6971 5801 1194 2892 5255 13953 2648 50207 10489 3572 5739 45854 4516 8855 378
internal_value=1.72868e-05 0.000504891 -0.000100894 0.00156169 0.00212916 -0.000634605 -0.000969846 0.00195847 0.000702427 1.8139e-05 0.00208918 0.000403868 0.00277121 0.00224243 0.00379189 0.000522661 0.00169573 0.00560454 0.00630056 0.000196164 -0.00050124 -0.00356248 -0.00799526 -0.000915162 0.00881801 0.0013823 0.000511357 0.00679377 0.0157666 -0.000976307 -0.00216646 -0.00123095 -0.00105378 -0.000184285 -0.00192386 0.00509536 0.000705065 0.00348879 0.00376412 -0.000685428 -0.000859947 -0.00414935 -0.00849246 0.0109172 -0.00635987 -0.0102473 0.00101376 0.00152564 0.00383799 -0.00109711 0.00368694 0.00222722 0.000936021 0.00740667 4.20542e-05 -0.00345631 0.000572377 0.00166573 0.000654667 0.00623873 0.00744178 0.0107203
internal_weight=1.54165e+06 1.03192e+06 655929 375993 126666 529263 509728 348972 85541.3 371123 344456 99230.1 245226 213273 112191 101082 86363.1 81281.7 31952.3 98528.2 66555.1 27021.1 4516.48 508102 22078.9 61400.1 303936 68356.7 3964.5 30909.5 158140 446702 427625 213879 213746 41124.5 53275.7 22520.3 30890.2 12925 134688 17623.9 7997.75 17334.4 14719.1 8051.26 248773 200224 78254.5 48549 12987 53919.1 41811.1 24335.4 121970 43646.9 14638.7 18819.9 170232 64392.2 47087.9 5111.79
internal_count=528842 389439 276002 113437 50580 225422 139403 103901 34333 173622 102084 14676 87408 76672 40262 36410 30193 28736 10736 14520 25993 9536 1817 138924 7285 17486 141895 23945 1530 11526 51800 121438 115153 75159 39994 16247 21384 7149 8720 4791 25064 2827 1285 5645 6217 3458 107953 91256 34078 16697 4464 25009 19208 9069 57178 13184 4476 7028 61975 22415 13371 1572
cat_boundaries=0 4 5 6 10 14 18 19 23 27 30 31 35 36 40 44 45 49 50 54 58 59 60 64 68 72 75 79 83 84
cat_threshold=2893448 554207296 345114628 8592 16384 470288137 1076404298 2147497988 218398767 14459 155488704 218104820 409211024 580 155459888 3825740400 403735829 204 15132690 2231632384 134760000 2161149969 260 2334918408 201892416 805347357 4 33554944 524544 2684365824 1814562 2248147336 277349636 2228233348 8520 14 268435456 2147484672 1050692 8194 134220056 2441090150 360814948 600 540672 35661776 134793318 2495612942 8600 1978369 33555992 581632 2147721220 256 33817544 143132448 616566016 280 270833 24705 201326992 33605024 13700096 128 2181301888 557056 2692942848 256 136839176 469770800 28541260 16 2214592648 4 13631488 17039488 528 268439568 68 1145583752 1628964966 2562785415 2056 268400
is_linear=0
shrinkage=0.05


Tree=87
num_leaves=63
num_cat=38
split_feature=12 19 5 19 17 10 22 17 6 17 20 21 21 21 7 19 17 6 8 17 8 17 17 17 0 17 7 11 20 21 2 21 21 17 21 5 12 20 17 17 11 2 17 20 17 21 11 1 17 3 17 21 5 0 1 21 22 3 7 21 22 21
split_gain=299.745 302.439 293.574 256.098 210.505 191.235 182.946 178.3 170.736 165.17 161.716 193.239 150.799 144.768 140.868 154.91 161.495 152.146 140.381 136.861 124.561 122.348 112.095 110.407 107.195 106.523 103.004 102.664 108.755 140.179 100.447 98.769 98.6628 115.347 96.1043 94.9372 111.975 109.409 135.753 93.006 92.6692 90.3452 90.1355 89.7348 95.5064 85.797 85.3087 84.9156 84.5751 80.8879 78.6998 76.5588 74.733 74.2725 141.354 73.3409 72.6544 72.224 71.0387 99.6784 70.7082 68.5754
threshold=0.34542444676740858 0 0.48031007751937987 1 2 2.5000000000000004 3 4 1.5006318449873632 5 6 7 8 9 550.50000000000011 10 11 2.0380170684689092 1.625508130081301 12 1.1653453523554711 13 14 15 16.500000000000004 16 23.500000000000004 0.084728815127164139 17 18 6.5000000000000009 19 20 21 22 0.17445652173913045 0.62866278137875686 23 24 25 0.025824429495976523 13.500000000000002 26 27 28 29 0.066084745184828861 70.500000000000014 30 4.5000000000000009 31 32 0.14337101747173692 27.500000000000004 141.50000000000003 33 34 71.500000000000014 123.50000000000001 35 36 37
decision_type=2 9 2 9 9 2 9 9 2 9 1 9 9 9 2 9 9 2 2 9 2 9 9 9 2 9 2 2 1 9 2 9 9 9 9 2 2 1 9 9 2 2 9 1 9 9 2 2 9 2 9 9 2 2 2 9 9 2 2 9 9 9
left_child=1 4 5 6 41 13 24 8 -5 52 14 19 30 22 15 17 39 45 34 50 -10 -8 26 -13 43 49 -3 28 29 -14 -6 -23 33 -18 -9 47 37 38 -37 -17 -22 -1 -16 -2 -45 56 61 -36 57 -15 -12 -11 -7 54 -27 -41 -4 -21 59 -19 -48 -34
right_child=3 2 10 7 12 9 21 18 20 51 11 23 27 25 42 16 32 58 -20 48 40 31 -24 -25 -26 53 -28 -29 -30 -31 -32 -33 46 -35 35 36 -38 -39 -40 55 -42 -43 -44 44 -46 -47 60 -49 -50 -51 -52 -53 -54 -55 -56 -57 -58 -59 -60 -61 -62 -63
leaf_value=-0.0093446029428422075 0.0053798245110443441 -0.0049163385206546758 0.0037304725441480373 -0.002824238861844827 -0.0039291364260382452 0.020652676671595583 0.0020955184685160114 0.0037795895143344299 -0.0062975826739454892 0.0079099866472976486 0.011162298753861755 0.00082901736935205072 0.010328786794424297 0.0013246558105640188 -1.8432111111015055e-05 -0.012285057151397218 0.0072918745885518126 0.01913818994347441 -0.0093164512018819295 -0.0037221868491044865 -0.02067533246280721 0.00057959758172887866 0.00010647395014703738 -0.0057654588231136504 -0.0019673595591588769 0.0013640701005165051 -0.022126198757156657 -0.0051062004291324431 -0.0071288845771875766 5.7737813212746233e-05 -0.016799512183211001 -0.003181077759218174 -0.0054885708059422781 0.001507066997429413 -0.00025906827443616438 0.0030264090011417628 -0.0060167034336635686 -0.0023702917781040227 -0.004302651144422371 -0.0048423497316920673 0.0011865426351631049 -0.025320036572376865 -0.0048585296167142191 0.0049582118144374824 -1.8238087623309972e-06 0.001079859164905254 0.0035339366043247765 0.029303680230465846 -0.0010523837904845576 0.0051511702447973656 0.0012058755816883792 0.0017975401943414579 0.0091487204927894143 -0.006466346592979115 0.034021322112550406 -0.00061494104984970198 0.014062269315453027 -0.015861182246482853 0.0027012352797752314 0.0067819572583572288 -0.0040640154609289372 0.0011334624294027822
leaf_weight=3271.9052386283875 25923.591080904007 6148.7092969417572 7901.1694550514221 48131.048704385757 3455.3408207893372 1758.8736021518707 25825.780185461044 9706.1191775798798 9953.1205384731293 7096.8291826248169 2040.8074340820312 8147.3818511962891 3989.0427227020264 21611.955331325531 20863.831499099731 1888.2064139842987 12636.825721740723 1924.8701636791229 5304.2197320461273 4367.146458864212 3013.7438621520996 26696.691342830658 17111.709700107574 28760.552048444748 12563.099100112915 148518.0218873024 1011.8461165428162 11552.582557916641 3977.2532761096954 19607.543634176254 2701.1822016239166 50452.843512058258 3997.8176074028015 27098.981421947479 116136.48493599892 22585.867327451706 16204.918253660202 110197.19474935532 8760.140114068985 11621.747417926788 577.47591018676758 1213.3596062660217 17843.627639770508 14598.558610200882 28920.354564428329 82168.263521194458 3815.2538344860077 242.41503429412842 105116.25900244713 38263.649228334427 61190.329254388809 18420.562168598175 7161.1021301746368 3032.3178343772888 331.09487056732178 87021.254049301147 2168.1513423919678 1702.7465963363647 8191.7654118537903 10827.508740663528 15380.631773948669 158593.60007143021
leaf_count=1860 9267 3652 1549 25813 2086 467 10034 4254 3621 1572 489 2500 1266 16335 2520 472 2864 452 1865 1468 750 10509 8883 8349 2161 74759 190 4569 2107 6918 635 19921 996 6106 77880 5205 5231 30429 2224 2988 135 276 2226 5912 12606 16886 929 38 25835 12393 15132 3611 1415 419 50 20579 443 311 1225 2605 3955 36528
internal_value=-2.97332e-05 0.000479257 0.000677148 -0.000984936 -0.00332038 0.00207202 0.000520464 -0.00177869 -0.00421921 0.00555266 0.000126617 -0.00102363 -0.0022951 0.00156416 0.000639507 0.00089659 0.000337326 0.00248769 -0.00125796 -0.000328001 -0.0091789 -0.000882722 -0.00209286 -0.00430992 0.00228234 0.00198336 -0.00734073 -0.00114924 0.000508308 0.00179808 -0.00956231 -0.00187984 0.00109158 0.00334827 -0.00110738 -0.00128052 -0.00207978 -0.00162901 0.000977396 -0.00132463 -0.0171605 -0.0136406 -0.00225098 0.00305152 0.00166287 0.00161431 0.000598133 -0.000197238 -0.00138418 0.00376941 0.00152911 0.00350019 0.0114064 0.00127902 0.00143694 -0.00111348 0.00596806 -0.00711779 0.00633493 0.00866871 -0.00255406 0.000970338
internal_weight=1.5413e+06 1.0055e+06 955735 535794 49768.2 270467 184981 350813 61675.4 34437.4 685269 211325 45282.9 236029 473944 435236 322054 113182 289137 174417 13544.3 102975 24272.3 36907.9 82005.6 211757 7160.56 39126.4 27573.8 23596.6 6156.52 77149.5 221523 39735.8 283833 274127 157748 141543 31346 100531 3591.22 4485.26 38707.5 69442.5 43518.9 92237.6 181787 116379 111186 59875.6 63231.1 25517.4 8919.98 151881 148849 98643 10069.3 6069.89 20944.1 12752.4 19195.9 162591
internal_count=528725 300870 281153 227855 19717 123746 70410 157445 30319 7065 157407 54084 17581 116681 103323 98577 75417 23160 127126 43235 4506 40464 12725 10849 29946 103956 3842 14860 10291 8184 2721 30430 51378 8970 125261 121007 43089 37858 7429 24039 885 2136 4746 27785 18518 18878 42408 77918 27614 28728 15621 5183 1882 75228 74809 23567 1992 1779 4282 3057 4884 37524
cat_boundaries=0 1 2 6 7 11 14 15 17 19 21 22 26 30 34 38 42 46 47 49 51 53 57 59 60 64 67 70 71 74 76 80 82 84 86 87 88 89 91
cat_threshold=540672 129034 134788288 8388644 12714240 272 70124193 1279297642 2416063492 2147881004 6234 33816728 67141636 71379008 28 282141607 166912 710051136 65954 102894736 5396 403496 2265223264 17304357 478388379 2560 2147753304 2952950052 620765192 272 67108992 0 551554048 260 224395880 92833344 605061258 332 268288 2147516784 83919172 20 270541888 2425491592 2333092196 10462 22 293865617 147456 468238385 107553 34156745 8 2630920 201375746 256 256 3363835904 71973 2 791040 524800 607125568 256 67108896 16777216 134250506 2621568 532544 2229404682 10 67108992 524288 2225243264 29393937 131072 140517376 134219264 5242880 68 2147483712 2684354592 542179428 132096 28247744 197248 33603648 592065 2154497 1478623232 4640
is_linear=0
shrinkage=0.05


Tree=88
num_leaves=63
num_cat=22
split_feature=10 0 20 13 5 6 9 20 1 17 6 21 7 9 17 16 16 9 7 16 13 17 17 15 17 16 16 9 3 17 22 16 17 17 17 0 21 20 17 7 6 20 13 13 9 17 12 1 3 16 9 17 16 9 17 6 17 3 6 0 17 3
split_gain=248.068 387.343 346.318 290.877 286.517 284.914 280.941 267.284 217.274 207.982 207.503 268.062 248.409 259.781 259.219 225.257 550.165 429.616 219.907 218.996 213.026 190.948 190.217 188.706 180.155 175.446 285.812 287.948 221.062 216.846 193.894 176.886 314.614 167.894 163.074 162.609 151.132 149.856 170.922 146.605 149.569 177.889 143.243 138.264 138.184 150.201 135.185 132.447 128.268 127.732 126.452 126.388 121.136 120.019 118.874 117.543 113.762 109.342 246.327 109.027 107.827 107.461
threshold=2.5000000000000004 2.5000000000000004 0 7.5000000000000009 0.3073115003808074 1.7086079157730554 0.87098919011667819 1 4.5000000000000009 2 0.61861168384879728 3 220.50000000000003 0.87487769080234845 4 13.500000000000002 10.500000000000002 0.015373871938117749 65.500000000000014 1.5000000000000002 18.500000000000004 5 6 14.500000000000002 7 46.500000000000007 10.500000000000002 0.89477666925543153 112.50000000000001 8 9 15.500000000000002 10 11 12 23.500000000000004 13 14 15 297.50000000000006 0.33016610995756979 16 6.5000000000000009 58.500000000000007 0.45708705357142859 17 0.49114007526263365 50.500000000000007 8.5000000000000018 51.500000000000007 0.95007331378299131 18 4.5000000000000009 0.99438989078777584 19 0.99976700838769805 20 18.500000000000004 0.07701294033069736 22.500000000000004 21 17.500000000000004
decision_type=2 2 1 2 2 2 8 1 2 9 2 9 2 10 9 2 2 10 2 2 2 9 9 2 9 2 2 8 2 9 9 2 9 9 9 2 9 1 9 2 2 1 2 2 8 9 2 2 2 2 10 9 2 10 9 2 9 2 2 2 9 2
left_child=1 3 10 6 51 8 22 9 24 -8 20 47 13 15 18 16 -13 -18 -15 -16 34 43 -1 35 -5 26 29 31 57 -26 -31 -28 -33 -14 -3 54 56 38 -32 40 53 42 -42 -7 45 -27 -22 50 -40 -17 -12 -2 -44 -6 -4 -47 -9 -29 -59 -21 -43 -11
right_child=4 2 23 5 39 21 7 36 -10 61 11 12 33 14 19 49 17 -19 -20 59 46 -23 -24 -25 25 44 27 28 -30 30 37 32 -34 -35 -36 -37 -38 -39 48 -41 41 60 52 -45 -46 55 -48 -49 -50 -51 -52 -53 -54 -55 -56 -57 -58 58 -60 -61 -62 -63
leaf_value=-0.0010853793494786921 0.010911396623021756 -0.011560695064750314 -0.0037449484463895929 -0.0015949988297156729 -0.0040140611567667777 0.0020417429345719121 -0.00068610019328023712 0.008635745188432329 0.0036815393517804062 0.01767556916533855 0.0005782943987586829 0.0031108042356696188 -0.01070269710004677 -0.0056035577490796745 0.010746475573874904 0.0065131611962497464 -0.037196505302602566 -0.0062125670810931101 -0.028547121607268851 0.00048419556760048504 -0.00026417294345864234 -0.0050877875755182987 0.01462976328915163 0.0012187229668914855 0.012791235443814303 0.0030346810944760164 -0.0078863409471004436 -0.00049250712159947636 0.024961131708558265 -0.0035406601441192141 -0.001307723273568805 0.0088681348357219896 -0.0042213962954032068 -0.0020865691528916988 -0.0037911529496895829 -0.021817230021750574 -0.0065223445999151447 -0.0005656836787763693 0.0031372250591970591 -0.00096111946228989373 0.010401602748099883 0.0028916233157821776 0.0063932012831857069 -0.0043899740524366137 0.0020814771948507262 0.020867255111505965 -0.0065482459909515208 -0.0089184094694682685 0.008077074330641313 -0.0024966834741259451 -0.005931987187298606 0.0034882640006382681 0.0019655172014863311 0.0069692288368197255 -0.0088588206569120125 0.0047929842540400192 -0.0010713611014373098 0.020821616656652126 0.001730338589270625 -0.0021531132377232958 -0.0011300003945654321 0.0054718992425678049
leaf_weight=2470.9960150718689 9557.1763472557068 10300.672479629517 31012.161475658417 101250.80827474594 18702.071504592896 25080.877724409103 4316.3691442012787 4414.4545788764954 51971.953742027283 4764.7284541130066 15914.630126953125 34573.766780138016 6615.7362079620361 6102.5301716327667 4653.0826780796051 37583.552910089493 1352.275324344635 6460.3985235691071 1259.2195653915405 145623.12512254715 50886.262950897217 39207.221460342407 8793.3512880802155 10532.983445644379 4688.7244012355804 6252.3407266139984 19479.865894794464 123818.87582993507 897.31819558143616 14588.568384170532 12783.797381639481 5636.373660326004 24532.128509998322 38651.364331245422 19683.979194164276 1600.2756309509277 8251.7356672286987 26062.62855219841 32836.292658567429 87588.74502325058 6080.2514169216156 23002.614668369293 17820.608008146286 12529.407858133316 57534.743228912354 3015.5699586868286 10287.728519439697 10859.548943996429 21910.590043067932 4393.0597283840179 14036.736820220947 14398.534814596176 115979.84510016441 2867.8563001155853 17985.033686876297 1826.7611875534058 9490.0877823829651 1845.7835025787354 19853.562658309937 53615.481699466705 60429.88330578804 2904.5171973705292
leaf_count=989 2259 2151 8387 60243 3901 10733 1595 1988 13939 2022 3618 7215 944 1498 1025 7659 300 1329 219 34010 11957 17640 3363 2726 2606 3009 7789 87803 293 8359 7107 2459 10423 5427 4225 299 3957 16099 22074 11337 1077 5001 3399 5943 34410 1357 2504 1765 7803 914 3346 3309 21620 682 5143 871 4517 1190 6313 9373 12780 738
internal_value=1.82199e-05 -0.000329136 -0.00132796 0.00048763 0.001175 0.000199149 0.00434785 0.00208864 0.000611045 0.00809951 -0.000870037 -0.000358181 0.000100355 0.000628535 -0.000308131 0.00297402 0.000402863 -0.0115796 -0.00951845 2.49295e-05 -0.00301332 -0.00264691 0.0111947 -0.00486906 0.000277758 0.000779997 0.000272008 -0.000881893 0.000233915 0.0022764 0.00181921 -0.00417241 -0.00177413 -0.00334884 -0.00646565 -0.00613732 -0.00116633 0.00265499 0.00389785 0.000794462 0.00142239 0.00180644 0.0028962 -0.000100938 0.00306678 0.00817573 -0.00132107 -0.00418713 0.00511341 0.0055702 -0.00247285 0.00645608 0.00255527 -0.00255351 -0.00562477 0.014775 0.00201487 8.12674e-05 0.00335516 -0.000225516 -2.09905e-05 0.0130381
internal_weight=1.54342e+06 1.18699e+06 533984 653010 356428 607604 45406.2 34141.9 530787 11985.6 472853 381695 340884 295616 211253 84363.1 42386.4 7812.67 7361.75 203892 91158.6 76817.5 11264.3 61130.5 478815 377564 308935 196064 146416 112871 108182 49648.4 30168.5 45267.1 29984.7 50597.5 22156.3 93593.3 67530.7 332472 244883 223313 139881 37610.3 68629.4 11094.7 61174 40810.9 54746.9 41976.6 29951.4 23955.7 133800 21569.9 48997.2 4842.33 13904.5 145518 21699.3 199239 83432.5 7669.25
internal_count=529031 463666 116034 347632 65365 328463 19169 14817 294147 4355 99479 78642 69913 63542 46125 17417 8844 1629 1717 44408 20837 34316 4352 16555 280208 219965 180318 116270 95599 64048 61442 20671 12882 6371 6376 13829 10462 53083 36984 59797 48460 43877 26096 16676 39647 5237 14461 8729 29877 8573 6964 5568 25019 4583 13530 2228 6505 95306 7503 43383 17781 2760
cat_boundaries=0 1 2 6 8 12 16 20 24 28 29 33 37 41 43 44 48 49 52 56 60 63 67
cat_threshold=22 6 134223064 67117344 536882448 272 1176946248 72335 134479872 109052514 168226 6 105154832 269543188 288532781 4 1073743176 343933760 1441792 16 19405098 17837060 153407916 4201 71303296 2147483656 9437184 8192 145402130 134480960 8389168 268566544 20 525320 40960 67240968 16 2150109632 540672 77661192 24 444088879 8 14 2281709632 310903602 268566528 2580 6 100934144 49776 2685478912 35926936 67665920 2155939840 256 36473664 2156036406 2166392150 272 36439040 268961040 28314696 799056 805308176 76613696 16
is_linear=0
shrinkage=0.05


Tree=89
num_leaves=63
num_cat=19
split_feature=8 0 2 10 0 20 15 2 12 16 9 17 16 9 16 16 16 6 8 12 17 0 17 15 6 16 6 16 17 9 16 16 17 17 17 16 4 22 16 4 17 8 17 4 13 16 11 22 12 1 17 12 17 20 20 20 12 17 16 16 17 13
split_gain=271.346 248.998 400.665 300.105 259.859 283.98 272.426 250.22 197.863 189.959 284.795 254.025 228.929 292.559 877.653 351.28 210.41 193.113 162.747 158.083 182.588 157.372 153.119 152.209 164.823 156.133 318.221 336.949 214.528 195.637 149.295 530.517 204.47 183.123 147.082 146.376 145.043 143.485 142.641 142.56 142.505 141.353 162.393 205.284 156.049 140.793 140.655 138.258 135.693 135.179 135.095 132.17 129.394 124.407 122.749 121.425 150.393 118.475 118.213 185.597 129.804 124.874
threshold=2.0119047619047623 1.0000000180025095e-35 8.5000000000000018 3.5000000000000004 63.500000000000007 0 10.500000000000002 28.500000000000004 0.57736722003153917 45.500000000000007 0.74995475931958022 1 9.5000000000000018 0.16683433936955067 13.500000000000002 11.500000000000002 51.500000000000007 2.2496803069053715 1.1727090178897408 0.19925545681460691 2 3.5000000000000004 3 130.50000000000003 2.1378989361702132 14.500000000000002 0.66677044416770459 11.500000000000002 4 0.52603895570227122 16.500000000000004 40.500000000000007 5 6 7 28.500000000000004 803.50000000000011 8 47.500000000000007 1.5000000000000002 9 1.1920752406585682 10 41.500000000000007 10.500000000000002 50.500000000000007 0.01184822811575776 11 0.13337778828734445 39.500000000000007 12 0.2871831075574991 13 14 15 16 0.42405653134909088 17 10.500000000000002 28.500000000000004 18 72.500000000000014
decision_type=2 2 2 2 2 1 2 2 2 2 10 9 2 8 2 2 2 2 2 2 9 2 9 2 2 2 2 2 9 10 2 2 9 9 9 2 2 9 2 2 9 2 9 2 2 2 2 9 2 2 9 2 9 1 1 1 2 9 2 2 9 2
left_child=1 2 39 4 5 6 7 18 9 12 16 -12 47 14 15 -14 34 -16 -3 23 -21 -17 -8 25 57 26 29 -28 -29 -15 32 33 55 35 -11 -32 -5 -34 -36 -1 -27 42 43 -13 -45 -9 -4 -7 -41 -30 -49 53 -33 -6 -48 -22 -57 -25 -10 61 -61 -60
right_child=-2 3 46 36 51 8 22 45 58 10 11 41 13 19 17 21 -18 -19 -20 20 30 -23 -24 24 -26 40 27 28 49 -31 31 52 37 -35 38 -37 -38 -39 -40 48 -42 -43 -44 44 -46 -47 54 50 -50 -51 -52 -53 -54 -55 -56 56 -58 -59 59 60 -62 -63
leaf_value=-0.0013091549679509558 -0.011573055114006414 -0.001294070368523019 -0.0008682634969762647 0.0027734630859731803 -0.0015164849934385233 -0.0071134609140429076 0.0067707955452262049 -0.0069481261124086412 -0.0005308691903132169 0.0020583646018259793 -0.011503706186299317 0.0030229905162475475 -0.010825769032200568 -0.026344879712013148 -0.0014985668687103289 -0.021298519167990311 -0.0030602270326540735 0.014857180006894538 -0.0054336030178604756 -0.012381951615402868 0.0083374490215370866 -0.043134181377000883 -0.00039793731788235554 0.01134943651122939 0.02936057639106715 0.0042458578961383862 -0.0013027297398347704 0.01627113443331182 0.0081215425342245472 -0.0035239931033405579 0.0053860058018404232 -0.0058762541247932322 -0.0042687036369756827 0.0033638499853637727 0.0039433396108826324 0.021124497494683741 -3.5659187655073764e-05 -0.013672867997350225 0.012366810368865007 0.0028195387241041667 -0.0016392628089551007 0.0035361856888553515 0.0038808093251826263 -0.011049894336163135 -0.002391883467556576 -0.020335591648960632 0.00092103487353952906 -0.0028329896753113383 0.00043312736422479193 -0.0015285673381439412 0.0018070515172184092 -0.0081867406447158047 1.2706031686277486e-05 -0.0067523094672445995 0.0095571075449008315 0.0035235937842653265 -0.010266717107768377 0.00039556322856372375 -0.017936569010330441 0.0034625901722365893 -0.0060420834635679333 -0.004080078983390154
leaf_weight=75715.477328300476 5066.6396262645721 89840.102108240128 5479.5424065589905 100062.12197828293 57099.441234588623 4920.7791140079498 10214.014755249023 17678.007796287537 20711.022238492966 9815.2119810581207 4231.4289321899414 14459.891441106796 4368.5625479221344 1067.0226125717163 9475.469722032547 1624.0350799560547 5977.071192741394 2228.2931368350983 32272.6881108284 4123.6891086101532 4658.8335881233215 1684.5039908885956 27436.52274274826 3842.3447151184082 699.79093313217163 11367.187605857849 16318.310486316681 5930.1223747730255 12215.05672955513 7786.1012275218964 2841.3000249862671 23806.901799201965 37335.843789577484 17331.975331068039 7725.0450403690338 3078.5704312324524 84971.341198205948 4547.644134759903 14389.11203289032 84064.45462012291 107254.09978961945 35079.903374671936 16228.474954128265 6528.9771888256073 25640.071523427963 2208.8500514030457 5090.5275685787201 17308.944150447845 204402.84100556374 5162.2420029640198 166561.93557047844 12215.913577079773 15342.186598777771 14154.525805473328 21737.616251707077 5195.2450811862946 3190.2948138713837 6882.962815284729 4233.4364585876465 5459.8409872055054 10464.676891326904 2640.6122131347656
leaf_count=66620 1519 32605 1442 19232 8198 1184 3033 3600 5878 2294 1029 5254 1120 235 2647 447 1455 702 10131 1058 1141 337 8562 773 142 2605 3787 1350 3109 2046 791 6190 9558 4723 1818 861 11548 1182 3451 48378 24796 7991 4254 1266 5789 444 1408 4122 128746 871 41939 1814 4068 2085 5849 1390 832 1555 1148 1775 3452 787
internal_value=-2.21994e-05 1.59003e-05 0.00109518 -0.000359508 -0.000716643 -0.000461353 -0.00223247 -0.00323518 -1.34163e-06 0.000217745 0.00184798 0.000474704 -0.000231644 -0.00104762 -0.00700127 -0.0201375 0.00554925 0.00161643 -0.00238813 -0.000662944 -0.00205454 -0.0324256 0.00154865 0.000283778 0.00586691 -9.79893e-05 0.00229273 0.00420751 0.00806531 -0.00627714 -0.00169026 -1.70311e-05 -0.00359142 0.00596496 0.00716096 0.01355 0.00148346 -0.00529312 0.00942033 0.000621758 -0.00107506 0.000993422 -0.000425537 -0.00192476 -0.00414939 -0.00843603 0.00643152 0.00114865 0.00112858 0.00525186 0.00137011 -0.0033817 -0.00356998 -0.00255782 0.00792245 0.00187508 -0.0017215 0.00433143 -0.00326533 -0.00574927 -0.00278494 -0.0126151
internal_weight=1.54145e+06 1.53638e+06 396490 1.13989e+06 954855 871385 179650 142000 691735 648225 140075 102169 508150 319359 19380.9 7677.1 37906.4 11703.8 122113 299978 121452 3308.54 37650.5 178525 11425.1 167100 48478.9 39625.7 23307.4 8853.12 117329 62400.9 54927.9 23251.8 31929.4 5919.87 185033 41883.5 22114.2 364183 118621 97937.3 62857.4 46628.9 32169 19886.9 32307.7 188792 288467 17377.3 183871 83469.9 39149.1 71254 26828.1 13044.4 8385.54 10725.3 43509.6 22798.6 15924.5 6874.05
internal_count=528416 526897 252443 274454 243674 231577 58375 46780 173202 160162 34601 25583 125561 78316 5253 1904 9018 3349 42736 73063 31794 784 11595 41269 2470 38799 11398 9117 5330 2281 30736 16633 14103 6375 7563 1652 30780 10740 5269 243744 27401 24554 16563 12309 7055 4044 8699 47245 177124 3980 46061 12097 10258 10283 7257 3363 2222 2328 13040 7162 5227 1935
cat_boundaries=0 1 5 9 12 16 20 24 28 29 33 37 38 42 46 47 48 49 53 57
cat_threshold=9 2164260928 335547152 32786 70 72 11264 131240 16 4456512 2348959250 412092494 2148009040 34816 80750602 8464 67633680 134217728 3148096 4 2097664 67649536 2098176 4 525376 16819984 539167746 260 104999633 17040640 1074299664 4198435 8904 167777024 143152160 2753635649 16 8521728 16811280 2147484432 32927 602 2622352 16384 2695965760 8200 20 1 2 12616 524288 5441536 284 134227464 67142448 1213760 4
is_linear=0
shrinkage=0.05


Tree=90
num_leaves=63
num_cat=17
split_feature=8 0 1 20 10 0 4 1 7 6 17 11 16 17 1 9 16 7 1 17 10 16 16 9 8 13 17 0 0 17 20 17 5 16 22 17 9 1 16 10 13 15 17 16 3 16 4 13 22 13 5 5 17 17 17 9 4 16 16 22 6 17
split_gain=226.28 221.394 584.203 316.494 279.461 255.3 222.428 206.45 193.203 202.817 236.13 177.608 156.107 151.184 150.862 140.853 185.027 140.483 159.923 140.093 139.876 136.385 230.361 172.276 122.507 115.135 114.054 109.623 105.193 118.296 100.889 100.786 100.479 98.8225 96.9061 121.894 220.312 210.631 120.678 94.1214 106.766 134.106 111.555 102.923 111.549 143.113 172.037 108.049 101.09 93.0657 96.0468 93.0508 92.4101 89.4356 89.0245 88.8728 96.0162 88.8311 152.736 115.605 108.323 111.719
threshold=2.0119047619047623 4.5000000000000009 7.5000000000000009 0 2.5000000000000004 1.5000000000000002 943.50000000000011 1.5000000000000002 214.50000000000003 0.61861168384879728 1 0.079326695203781147 50.500000000000007 2 58.500000000000007 0.88255578093306297 1.5000000000000002 25.500000000000004 4.5000000000000009 3 2.5000000000000004 13.500000000000002 10.500000000000002 0.027692569870483984 1.0606674027726661 3.5000000000000004 4 3.5000000000000004 1.0000000180025095e-35 5 6 7 0.1241124794416142 51.500000000000007 8 9 0.85737756219683947 43.500000000000007 1.5000000000000002 6.5000000000000009 53.500000000000007 144.50000000000003 10 15.500000000000002 353.50000000000006 11.500000000000002 121.50000000000001 38.500000000000007 11 2.5000000000000004 2.9873092369477914 1.5388642770841725 12 13 14 0.027692569870483984 38.500000000000007 17.500000000000004 10.500000000000002 15 1.1004113908044042 16
decision_type=2 2 2 1 2 2 2 2 2 2 9 2 2 9 2 10 2 2 2 9 2 2 2 10 2 2 9 2 2 9 1 9 2 2 9 9 10 2 2 2 2 2 9 2 2 2 2 2 9 2 2 2 9 9 9 10 2 2 2 9 2 9
left_child=1 2 5 20 8 7 24 54 9 19 11 12 34 -10 31 21 -17 18 49 -5 -3 22 30 -24 -6 -9 -8 -20 -27 -30 -12 -4 55 -23 35 36 38 -38 -11 40 42 -42 43 44 45 -26 -47 -48 -45 -7 -51 -28 -15 -18 -1 -33 -57 58 60 -60 61 -56
right_child=-2 3 14 4 6 17 26 25 13 10 15 -13 -14 52 -16 16 53 -19 27 -21 -22 33 23 -25 39 28 51 -29 29 -31 -32 32 -34 -35 -36 -37 37 -39 -40 -41 41 -43 -44 48 -46 46 47 -49 -50 50 -52 -53 -54 -55 57 56 -58 -59 59 -61 -62 -63
leaf_value=0.0018256400619491308 -0.010531690315416568 -0.0086117465609051921 -0.00049590482556961172 -0.0068756996549580009 -0.0017277937182373047 0.0034586740374694114 0.001356448646417264 0.010075503036779457 -0.010844177681810133 -0.021848853230912412 -0.010300844200451834 -0.01104292878335662 -0.0080818791579676391 0.0024703132183015362 0.033667533424925844 0.013049074121424104 -0.00652309188251735 -0.0091159901096463797 0.0016861273671800834 -0.0017253446887638632 -0.0026240241886325358 0.0063559831513764044 -0.035597368421220126 -0.006192660646098371 0.0055804167790975967 0.0036799878304143632 -0.0016132488805845968 -0.002580682068069036 0.0049182073335011477 0.00012922558493619015 0.0034841747720593657 -0.0092240198365830927 0.0044611725204919588 -0.0031191587891098551 -0.0047510892769730782 0.00052615310736956323 -0.0064006481398203923 -0.027776139703979703 0.00190922270896472 0.0069201245033099299 -0.002319039448946048 0.0028630527111730146 -0.00022479341817497299 0.0011052997269900156 0.0016854460398121518 0.032217870850116265 0.0044580013732131094 0.018999220231042543 0.0086841403487933899 -0.0023724220164696801 -0.0072349109079211009 -0.0086034954399827768 -0.0038780238515304637 1.4124097647822795e-05 0.0027953727836149914 -0.001471623116163489 0.01670121983842953 0.00064370584880631956 0.00034978114194188762 -0.0038373318297995392 -0.0022281213244113949 -0.0011911832869692654
leaf_weight=62240.496113538742 5067.7562010288239 15287.023211717606 9509.3230130672455 19359.923001766205 19507.497330188751 5928.4227957725525 35420.561396121979 4549.9127399921417 6978.0827403068542 567.77894282341003 1413.0184392929077 5110.5367987155914 8350.988050699234 6715.8195314407349 440.35546112060547 2654.0239198207855 5489.321729183197 5866.8391256332397 53578.123259782791 41545.119330644608 26946.039286613464 26624.171792268753 572.12858963012695 3811.6876842975616 18548.341521024704 57312.140557765961 62129.88960981369 20934.258332967758 15536.284313678741 75608.587468862534 19688.310971021652 471.45202851295471 70625.222812175751 3068.4503901004791 14537.610903978348 71938.764996051788 4707.5426907539368 1525.4883008003235 8867.0452034473419 11070.507724761963 24943.71554684639 24993.203938245773 19285.970517873764 31030.797900438309 10644.30192899704 1102.9248652458191 3074.7263565063477 2185.5913491249084 5117.8715054988861 77376.388747692108 11689.373167991638 5154.9221806526184 38975.638074398041 107244.70634579659 46859.035177469254 883.58404850959778 4092.2552337646484 157492.05820846558 23249.05264878273 56680.86661863327 30629.997202157974 28111.208392858505
leaf_count=40633 1522 3953 2255 4041 3919 2545 4782 1800 1002 115 310 1103 1725 946 75 544 1191 1255 15189 8854 5818 5190 117 733 3538 19632 8524 5974 5184 25295 3833 94 16982 607 3036 14804 1088 272 1883 1827 4817 4491 3514 5591 1608 235 546 403 888 25380 5039 673 5507 21945 32748 236 862 103387 15345 37752 15458 19956
internal_value=1.52588e-05 5.00666e-05 0.000611209 -0.000592149 -0.000328986 0.000154122 0.000900326 0.000676895 -0.00117226 -0.000744044 -0.00018644 -0.00193091 -0.00150954 -0.00399397 0.00450944 0.00099598 2.43862e-06 -0.00151003 -0.00124672 -0.00336399 -0.00479041 0.00307382 0.000390593 -0.0100375 0.00200232 0.00224172 -0.000939868 0.000487348 0.00200157 0.00094614 0.00255741 0.00435902 0.00496531 0.00537675 -0.000972135 -0.000344419 -0.00433921 -0.0116358 0.00047732 0.00248105 0.00213229 0.00027458 0.00315182 0.00405946 0.00597005 0.00780065 0.0142705 0.0105021 0.00218122 -0.0026069 -0.00301067 -0.0021486 -0.00294456 -0.000304823 8.60906e-05 0.0115087 0.0134745 -0.000229597 -0.000970935 -0.00261988 0.000277184 0.00130077
internal_weight=1.54092e+06 1.53586e+06 819665 716190 673957 733643 274211 558270 399746 347077 286172 115606 110495 52669.5 86022.2 170566 115388 175373 169507 60905 42233.1 55177.8 25485.1 4383.82 171505 153007 102705 74512.4 148457 91144.9 21101.3 85581.8 76072.5 29692.6 102144 87606.6 15667.9 6233.03 9434.82 151998 140927 49936.9 90990.5 71704.6 35555.9 24911.6 6363.24 5260.32 36148.7 94994.2 89065.8 67284.8 45691.5 112734 405263 5447.29 4975.84 343022 185530 79929.9 105600 74970.2
internal_count=528571 527049 393076 133973 124202 372572 45356 317190 78846 71391 58496 24026 22923 7455 20504 34470 23680 55382 54127 12895 9771 10790 4993 850 31377 51911 13979 21163 50111 30479 4143 20429 18174 5797 21198 18162 3358 1360 1998 27458 25631 9308 16323 12809 6330 4722 1184 949 6479 32964 30419 9197 6453 23136 265279 1192 1098 224646 121259 53097 68162 52704
cat_boundaries=0 1 5 9 13 17 21 22 26 27 31 35 36 40 44 48 49 53
cat_threshold=1 251953744 511719264 873497648 2114 525320 8429568 67239944 80 2215118144 16818176 2303048 88 2621888 32768 2160076064 256 205784272 1954677040 285345044 8196 8 151027776 2222983248 163865 8210 47532081 201621520 201326656 1081392 2 33563272 16820240 2753570891 272 104874657 4544 16777216 4196608 4 8 16 131330 4 71600320 2693927104 43124824 25026 606937737 1107298072 302566410 2755732611 8
is_linear=0
shrinkage=0.05


Tree=91
num_leaves=63
num_cat=16
split_feature=12 16 16 16 16 9 13 19 19 16 16 9 16 16 4 6 20 19 13 16 16 16 16 16 16 21 6 16 6 19 19 19 16 16 9 19 9 16 13 16 19 16 19 6 9 13 16 11 4 2 3 21 3 19 21 6 19 4 16 19 13 16
split_gain=234.558 396.987 449.264 365.132 457.174 369.975 315.154 286.908 276.031 262.35 656.04 406.382 1006.69 502.096 483.003 403.304 372.224 244.763 243.768 260.214 286.439 238.399 340.906 235.038 239.382 234.444 232.878 381.84 227.481 214.684 192.07 187.884 186.355 176.949 170.587 170.492 169.992 168.227 168.089 348.21 230.485 365.997 181.765 174.054 159.127 158.856 157.682 239.605 154.366 151.038 150.395 149.014 148.071 147.097 141.703 136.107 135.673 133.36 132.298 131.771 131.433 129.681
threshold=0.14456353655764018 49.500000000000007 51.500000000000007 48.500000000000007 46.500000000000007 0.86648841354723716 42.500000000000007 0 1 14.500000000000002 16.500000000000004 0.30944638427444487 9.5000000000000018 11.500000000000002 41.500000000000007 0.52348248954831356 2 3 39.500000000000007 4.5000000000000009 44.500000000000007 39.500000000000007 41.500000000000007 50.500000000000007 49.500000000000007 4 0.52348248954831356 28.500000000000004 1.6155064576395095 5 6 7 8.5000000000000018 49.500000000000007 0.75751128304319804 8 0.56899454313247422 1.5000000000000002 53.500000000000007 40.500000000000007 9 28.500000000000004 10 1.1818865345181138 0.92319980339149688 36.500000000000007 28.500000000000004 0.021866930890685126 275.50000000000006 6.5000000000000009 1.5000000000000002 11 390.50000000000006 12 13 1.4998938428874735 14 62.500000000000007 12.500000000000002 15 16.500000000000004 10.500000000000002
decision_type=2 2 2 2 2 10 2 9 9 2 2 10 2 2 2 2 1 9 2 2 2 2 2 2 2 9 2 2 2 9 9 9 2 2 8 9 8 2 2 2 9 2 9 2 10 2 2 2 2 2 2 9 2 9 9 2 9 2 2 9 2 2
left_child=3 18 6 4 8 23 30 -4 -1 11 16 12 37 29 53 45 -11 54 19 60 61 26 -23 24 52 31 46 -28 -24 -13 -3 -17 -31 -7 -6 -35 -32 -10 39 40 41 -20 -41 44 -40 -15 47 50 -33 -43 -19 -39 -5 -14 -12 -42 -22 -49 -57 -25 -2 -21
right_child=1 2 7 5 34 33 -8 -9 9 10 17 13 14 15 -16 25 -18 21 38 20 56 22 28 59 -26 -27 27 -29 -30 32 36 48 -34 35 -36 -37 -38 51 43 42 55 49 -44 -45 -46 -47 -48 57 -50 -51 -52 -53 -54 -55 -56 58 -58 -59 -60 -61 -62 -63
leaf_value=-0.0095231451429901616 -0.0031380605002850554 0.0020039521455065589 -0.0084458783639793263 0.0023546646008949321 0.0089617011205294413 -0.010920121969306187 0.0022625840861687863 0.0014469222375105225 -0.005472134669416308 -0.0020196308765305627 -7.6493108407658068e-05 0.0031534518728170815 0.0056263950745870104 -0.012038863586662889 -0.01768636946777756 0.020867310211020597 -0.010710387817907606 0.0069123283939033654 0.00056000910856933048 -0.00188237879860308 -0.0034871285314436659 -0.0039086338014323388 0.0007441417820419358 -0.0075413337157324463 0.0090041604602221284 0.0018096604331884307 -0.00064279367374892168 0.011443945474294294 0.006994627456228854 0.0012743991042773782 0.026882960677813525 0.01112700915077801 -0.0036543549859255221 0.00042610197471526089 0.0031742733753024159 -0.0069975138342052009 0.011118782467255311 0.0096042958207452067 -0.0012276856524108097 0.0057574810881880385 0.0030515993155527128 0.012415223773476891 -0.0044339412817564214 -0.0027298862536224741 0.0016528549595407557 0.0051108743674605078 0.0022693437026957749 -0.00093905035257522247 0.0042523468822933839 0.031733208682079538 0.038972000291645673 0.0022244972631103297 -0.010216596990241668 -0.0067846882194746109 -0.0047792254185406551 -0.0041344961873165395 0.0030504475227631045 0.018541616394577524 0.0043251184468918995 0.0003486073544011546 0.002551742920222708 -0.004650097512632765
leaf_weight=6595.5412089824677 13828.363084554672 5250.111332654953 11016.226553916931 9174.5485668182373 21141.899947881699 11802.704453468323 28843.934674263 21849.014951705933 4978.2787134647369 31768.622469902039 111698.47611927986 89749.199336051941 3448.1636896133423 3658.5990335941315 11084.299325704575 3597.412159204483 20131.869774580002 477.6931471824646 4351.7982444763184 64785.621488332748 11336.886129379272 25733.033045291901 42223.264815568924 9344.175434589386 12308.770478248596 11305.737968444824 18417.908657312393 10126.304237365723 22214.430155992508 58989.675764799118 1950.8848357200623 25142.533530712128 28415.590501785278 13791.821244001389 32013.12509560585 17607.402936935425 13850.178218364716 9668.1737134456635 122543.37830042839 5081.6062207221985 70566.884282588959 2174.0161726474762 31130.565033912659 91588.348919868469 78755.620824098587 2139.1249327659607 2284.5644991397858 1560.488397359848 12095.594621181488 1895.2540211677551 1567.7425231933594 23397.782801389694 3144.2838554382324 7706.7379050254822 18689.587208747864 14790.95919418335 26390.35163807869 2009.0453152656555 6720.8113751411438 12189.890740633011 38144.10835647583 122072.68357634544
leaf_count=2525 3311 1928 3593 2958 4786 3154 12639 7602 1906 8392 30099 22176 2195 1199 2279 841 6440 477 1877 19705 4544 6742 11794 2705 3448 3033 4003 2406 5222 16109 635 7015 7486 3514 9930 4977 4245 3548 74804 2532 30731 1258 13432 32184 27676 746 986 1163 1780 443 945 10173 434 4725 6052 5384 9568 516 2449 3293 10760 45476
internal_value=-5.99703e-06 -0.000608562 0.00266771 0.00062498 0.00102878 -0.00237553 0.00565751 -0.00187137 0.000641778 0.000752886 -0.000265853 0.0018183 -0.00184411 0.00275743 -0.0102948 0.00679788 -0.00539331 0.000769631 -0.000992538 -0.00215037 -0.00288817 0.00233537 0.000956226 0.000736812 0.00407292 0.00818891 0.00574822 0.00364533 0.00289903 0.00143596 0.0103088 0.00995211 -0.000327933 -0.00570104 0.00547629 -0.00373894 0.0130584 0.00309598 -0.000247172 0.00120044 0.00271516 0.0106279 -0.00300331 -0.000922881 -0.000100709 -0.00571152 0.0133454 0.0178507 0.00889179 0.0214181 0.0314918 0.00438608 -0.000854619 -0.0029491 -0.00075092 0.00199002 0.00108578 0.0100274 -0.00149142 -0.00307857 0.00103782 -0.00369052
internal_weight=1.54231e+06 788918 82760.4 753394 664031 89363.6 49895.1 32865.2 610875 604280 308903 295377 60283.4 235093 22239.2 57939 51900.5 257003 706157 276558 224586 126614 90170.7 46161.7 24627.6 52141.3 36443.7 28544.2 64437.7 177154 21051.2 40835.5 87405.3 43201.9 53155 31399.2 15801.1 38044.2 429599 136712 100500 8421.07 36212.2 292887 201299 5797.72 7899.53 5614.97 37238.1 4069.27 2045.44 33066 12318.8 11154.9 130388 92078.7 37727.2 3569.53 21511.8 21534.1 51972.5 186858
internal_count=528948 316776 30642 212172 187689 24483 19447 11195 172973 170448 85237 85211 24826 60385 9199 14614 14832 70405 286134 93364 79293 34254 23758 12838 6840 12669 10496 6409 17016 45771 6808 9636 23595 11645 14716 8491 4880 15627 192770 58106 42142 3578 15964 134664 102480 1945 4087 3101 8795 1701 1422 13721 3392 6920 36151 38564 14112 1679 7833 5998 14071 65181
cat_boundaries=0 1 2 3 4 6 7 8 9 10 11 12 14 15 17 18 19
cat_threshold=1323665 16384 12 1772658 1913727271 163840 1448296 1746977 1083392 508000 8576 28673 545275973 165888 11378 35556967 35840 2016544 1127961
is_linear=0
shrinkage=0.05


Tree=92
num_leaves=63
num_cat=27
split_feature=20 4 12 15 13 4 19 17 6 16 16 17 7 15 17 17 7 17 5 16 16 21 13 8 5 21 0 12 22 17 8 7 17 17 16 5 21 17 6 21 17 3 13 19 13 21 15 21 17 21 17 6 17 3 21 16 13 16 19 13 17 13
split_gain=234.538 243.095 267.67 294.558 190.033 306.142 301.711 259.774 206.057 259.412 207.362 188.252 185.166 185.12 198.516 181.449 217.71 179.126 169.68 223.166 231.225 166.786 165.766 165.169 155.888 154.096 151.645 150.641 150.124 147.212 143.71 173.819 170.856 140.425 138.067 234.59 137.461 136.419 134.76 129.865 128.987 179.083 125.586 204.367 125.419 124.218 118.488 117.749 116.443 114.518 108.266 107.859 106.689 105.21 105.171 100.499 135.114 110.182 99.0624 97.6672 144.664 117.805
threshold=0 179.50000000000003 0.47203327427654984 489.50000000000006 53.500000000000007 8.5000000000000018 1 2 0.61861168384879728 7.5000000000000009 17.500000000000004 3 1010.5000000000001 8.5000000000000018 4 5 26.500000000000004 6 0.33385909568874872 15.500000000000002 12.500000000000002 7 26.500000000000004 1.2206015317519416 0.19123809523809526 8 5.5000000000000009 0.32375760811855592 9 10 1.0746578311760702 242.50000000000003 11 12 28.500000000000004 0.1241124794416142 13 14 0.82773335949379523 15 16 11.500000000000002 10.500000000000002 17 10.500000000000002 18 11.500000000000002 19 20 21 22 1.7086079157730554 23 309.50000000000006 24 47.500000000000007 14.500000000000002 40.500000000000007 25 51.500000000000007 26 13.500000000000002
decision_type=1 2 2 2 2 2 9 9 2 2 2 9 2 2 9 9 2 9 2 2 2 9 2 2 2 9 2 2 9 9 2 2 9 9 2 2 9 9 2 9 9 2 2 9 2 9 2 9 9 9 9 2 9 2 9 2 2 2 9 2 9 2
left_child=1 4 3 11 6 51 15 -7 9 22 33 -3 -5 23 -15 39 21 -10 19 20 -13 -17 -8 40 -19 59 -16 47 -9 -4 32 -32 -20 36 35 37 -11 -21 -30 -1 41 -2 43 -42 -36 -45 -40 48 -25 -43 54 -6 -33 -39 -48 57 -57 -12 -46 61 -61 -26
right_child=13 2 29 12 5 7 8 28 17 10 55 18 -14 14 26 16 -18 24 30 34 -22 -23 -24 27 25 -27 -28 -29 38 -31 31 52 -34 -35 44 -37 -38 53 46 -41 42 49 -44 45 58 -47 50 -49 -50 -51 -52 -53 -54 -55 -56 56 -58 -59 -60 60 -62 -63
leaf_value=0.003731489802725758 -0.0015098270534904916 -0.0049733030930170473 0.0011449343449528634 0.0062292261999780689 -0.0015232967477073135 0.0049656678530888582 0.00077863693536526363 0.0047669060640011121 0.0014462895658752676 0.010524727511066343 0.0032799487298386179 0.005064718933968637 -0.0022085381611068721 -0.00089846378954882601 0.0070153300904672328 -0.0031139027207785267 -0.0062993210541696411 0.0089381048732905168 -0.00046736295552447359 0.004789038817118705 -0.0092706204065408811 0.0016167088168692887 0.01071518402212523 0.0037039202378540085 0.0065538712674291918 0.00044400422371780233 -0.0027229821032145221 -0.0097622879953278684 0.001201184875253284 -0.0056008323560476827 0.00075311710660653456 0.0053959092121302222 -0.0063173986751678332 -0.0078911422331078632 -0.0086373167977943626 0.0071607259626188212 -0.0027892877219886044 0.029977615893421961 -0.0063355994204505805 9.3944275951911272e-05 -0.006718248453713581 -0.005739764022519577 -0.0013441080569458641 -0.0026396341583048333 -0.00062626361571750655 0.0052516531873450329 0.0093780581787260356 -0.0064614791084560211 -0.0039417621280355853 -0.016422188412242758 0.0014547939171344667 -0.0053765100549587781 -0.0023033181576494065 0.063686685834719578 -0.0041817348301857521 -0.010799983554744029 0.0064770177867651867 -0.0020328553297441318 0.010789298398074833 0.0022548850721780503 0.020099057701920279 0.0026465035875455579
leaf_weight=36517.310672998428 35186.132080554962 23345.575299739838 10290.677796125412 26535.685204267502 76440.931386470795 33867.620875835419 7720.623584985733 15019.637984514236 80305.160555124283 2256.8080456256866 15620.735273361206 5925.164867401123 8611.5799036026001 43235.18403673172 17939.239635705948 33085.839045524597 20145.71519613266 16899.775372028351 27750.186177015305 390.53374004364014 5353.5758674144745 42623.124264001846 9196.6490869522095 8994.3702986240387 35360.439996242523 26316.065711975098 5143.1917788982391 10787.023430585861 57233.079650402069 37792.284940242767 172629.60187697411 4728.0501480102539 22684.368945598602 13021.040565490723 1592.9383184909821 3361.0054061412811 13350.286011695862 778.34503412246704 13377.030848264694 74756.315158367157 5625.6655206680298 11716.544318437576 113428.16317009926 6261.9914820194244 2974.831316947937 24418.714798212051 1516.1504695415497 14274.767911911011 11130.041419506073 3199.9018125534058 22977.948981046677 23820.484597682953 89519.087108135223 331.13697957992554 22780.309011220932 1244.166268825531 12418.685517549515 26002.458481788635 5271.6763877868652 2113.0347418785095 2473.858695268631 42448.92756819725
leaf_count=13222 23257 4173 1943 4036 61227 10692 3032 4770 22276 1205 8497 1176 981 19546 8355 14882 4071 6633 5196 123 1023 18383 4802 2529 8152 6794 1145 3491 22604 7047 30714 641 4599 6356 260 601 6170 288 3880 27737 2477 3338 57516 2393 658 8779 381 4458 3191 954 5952 11880 12059 69 6016 468 6215 12232 1035 614 713 10996
internal_value=-1.6837e-05 0.000293297 -0.000632521 -0.000210599 0.000826645 -0.000255364 0.0013889 0.0010573 0.00238441 0.000532574 -0.000606161 -0.00062977 0.00416185 -0.00124281 0.00110066 -8.55223e-05 -0.00167989 0.00329131 -0.000334219 0.00355063 -0.00173992 -0.000450844 0.0061807 -0.00187714 0.00447037 0.00377617 0.00484333 -0.00460713 6.0935e-05 -0.00415804 -0.000652304 -0.000189726 -0.0031 -0.00406013 0.00760959 0.0145028 -0.000858005 0.0309381 -0.00053904 0.00128795 -0.00125983 -0.00345555 -0.000524834 0.00203456 0.00420297 0.00364066 -0.00218127 -0.00299031 -0.000524457 -0.00804718 -0.00100562 -0.0024388 -0.00191669 0.039729 -0.00333171 0.00118241 0.00490306 -3.89864e-05 0.00668401 0.00483976 0.0119298 0.00442227
internal_weight=1.54212e+06 1.23078e+06 449866 401783 780910 267033 513877 166772 306749 100831 83914.2 366636 35147.3 311341 66317.6 207128 95854.7 205917 343291 25979.2 11278.7 75709 16917.3 245023 125612 108712 23082.4 45186.2 132904 48083 317311 266877 50434.6 28628.1 14700.5 4861.02 15607.1 1500.02 117885 111274 199837 50102.6 149735 36306.4 9839.45 30680.7 60651.4 34399.2 20124.4 14916.4 47274.4 100261 94247.1 1109.48 24296.5 55286 13662.9 41623.2 8246.51 82396.3 4586.89 77809.4
internal_count=528903 387474 76622 67632 310852 127402 183450 54295 105155 48977 41143 62615 5017 141429 29046 78295 37336 56178 58442 5233 2199 33265 7834 112383 33902 27269 9500 13669 43603 8990 53209 43414 9795 13731 3034 1081 7375 480 38833 40959 98714 27549 71165 13649 1953 11172 16229 10178 5720 4292 12349 73107 12700 357 6397 27412 6683 20729 1693 20475 1327 19148
cat_boundaries=0 1 2 6 10 14 18 22 24 26 27 31 35 39 41 44 46 50 51 53 55 58 60 64 67 69 70 73
cat_threshold=14 542211 201342992 2181565858 68357185 130 2365850624 2315263490 135495762 64 1174944144 533764 2775680354 4356 2434832232 134788627 2150631232 10496 67633920 1124597764 2361402754 402 206212214 131367 324024487 139528 85198464 5256 67143696 546310154 16 268448264 75506160 69206440 257 100671616 2148024320 2160076802 8 21233700 163840 33554432 0 2097160 489468253 50049 1181779432 92276234 843335724 4 287008 1620879568 68992 559958534 33802 34354832 1073742100 618726656 563224806 32768 34080000 8192 2422219034 280 2097344 16777280 4194336 159386112 2304 559201 33563776 0 536872968
is_linear=0
shrinkage=0.05


Tree=93
num_leaves=63
num_cat=24
split_feature=5 10 10 21 13 9 3 17 17 8 7 20 8 7 3 16 16 17 16 16 16 16 17 9 16 17 5 21 17 15 17 1 20 17 17 3 17 11 21 15 1 16 16 17 19 13 17 15 4 17 5 17 9 0 19 20 19 16 16 17 16 4
split_gain=200.025 261.177 231.921 191.44 190.396 182.738 152.694 149.394 147.806 140.301 137.295 136.688 154.464 169.518 167.864 135.748 129.352 175.76 150.512 213.41 200.551 189.279 180.905 169.862 160.276 135.307 125.927 121.398 117.048 113.727 112.36 108.711 107.816 107.68 107.425 105.509 108.889 104.699 98.6811 97.7836 97.55 97.2366 178.312 94.0461 99.5077 95.0355 107.823 94.5058 93.067 106.935 132.6 90.461 90.2831 84.0368 83.6695 83.6357 82.2684 82.1952 164.449 156.379 112.688 229.255
threshold=0.28202154101077054 1.5000000000000002 1.5000000000000002 0 8.5000000000000018 0.40948631421072373 138.50000000000003 1 2 1.5719738276990187 65.500000000000014 3 1.0832755432269996 242.50000000000003 13.500000000000002 1.5000000000000002 47.500000000000007 4 7.5000000000000009 16.500000000000004 40.500000000000007 2.5000000000000004 5 0.14302761677463352 11.500000000000002 6 0.90201131999191442 7 8 252.50000000000003 9 145.50000000000003 10 11 12 586.50000000000011 13 0.031061687772827491 14 315.50000000000006 312.50000000000006 12.500000000000002 15.500000000000002 15 16 53.500000000000007 17 2.5000000000000004 1.5000000000000002 18 0.097960815673730522 19 0.84622507122507129 1.5000000000000002 20 21 22 7.5000000000000009 17.500000000000004 23 28.500000000000004 121.50000000000001
decision_type=2 2 2 9 2 10 2 9 9 2 2 1 2 2 2 2 2 9 2 2 2 2 9 10 2 9 2 9 9 2 9 2 1 9 9 2 9 2 9 2 2 2 2 9 9 2 9 2 2 9 2 9 10 2 9 1 9 2 2 9 2 2
left_child=2 6 31 10 5 -5 9 -8 -4 27 51 28 16 14 -14 32 18 -18 21 23 22 55 -21 24 -20 -22 34 30 -6 54 -2 48 -16 -15 -17 36 -7 40 -38 -28 -9 -41 -43 44 -29 -45 -47 -48 -1 50 -50 -3 -35 -32 -25 -13 -19 59 -59 -51 61 -60
right_child=1 3 8 4 11 35 7 37 -10 -11 -12 12 13 33 15 26 17 56 19 20 25 -23 -24 29 -26 -27 39 43 -30 -31 53 -33 -34 52 -36 -37 38 -39 -40 41 -42 42 -44 45 -46 46 47 -49 49 57 -52 -53 -54 -55 -56 -57 -58 58 60 -61 -62 -63
leaf_value=-0.0012073364594211843 0.0010012340032293527 -0.0041886588625890129 0.00049462960598628612 0.0084530033958023273 0.0026450333143289654 0.0088977174046115225 0.00010628720372815266 -0.0070039455904242964 0.0051481729220486071 -0.0074719439834699869 0.0002995816281421359 -0.016304038351322173 -0.0075928287157143188 0.0022896244966005386 -0.0072753650936421502 0.004959241629806637 0.0089963799688821695 -0.0088089375712114629 -0.011101507105422452 0.01595957986462827 0.0022350210101175073 0.0032821166340627431 0.00074929867755891351 -0.0075652900115452323 -0.035127192050164922 -0.0059840196172424908 -0.00042687464608970972 -0.0062216892209698092 -0.0035175691791763095 -0.014352030662578313 -0.0015327064614884959 0.023377011568469372 0.010665327447037104 -0.00067583012830831589 0.0014674610431772833 -0.0029872947923829168 -0.018919835193852094 -0.0030757715479276817 0.0018055840386011334 -0.0013356397323833705 -0.027714726525684505 0.02392499714137571 0.0040401546911239729 0.00074393793669076962 -0.0011387157298675316 -0.0039847079996998278 -0.0074734482746789711 0.0014198307030756612 -0.00076018257186601015 0.011332923851077354 -0.011482471574557309 0.0064582877879304987 -0.0041507449730042029 -0.0076721475956405497 -0.001382009301091553 -0.0032983819721953351 0.0011970934130207677 -0.00097750845001328009 0.0050428206958267711 0.0020321840903864798 0.0014716296591383122 0.035535831850633581
leaf_weight=75604.025553703308 9552.8365337848663 2160.7148547172546 26808.097594976425 10727.956082820892 9109.8092966079712 5644.6071336269379 22907.163946628571 19125.81377530098 46985.203926086426 7851.1882059574127 21560.139722824097 1479.1008787155151 5358.5561099052429 16972.520241737366 966.33148097991943 28734.351828336716 6275.7570648193359 2865.0324573516846 3166.0248069763184 2714.3052265644073 7172.3063535690308 20057.158189296722 6932.9968860149384 9767.667457818985 888.77098965644836 16562.258917093277 111496.17712140083 10683.481902599335 49779.385139942169 3081.986403465271 8817.8533623218536 512.64506244659424 6059.1335225105286 45332.735830783844 94395.916927814484 11281.28898191452 570.82905721664429 35510.974539518356 45309.074612855911 4360.0735003948212 585.11989402770996 1428.1706011295319 5342.1047940254211 169140.45777153969 96813.657927274704 26039.433179140091 3365.8656342029572 26495.073704004288 40962.935566425323 5001.5361843109131 3100.7770190238953 25427.317482948303 31806.803405761719 15152.301550388336 12456.404189825058 7372.6387047767639 7185.2281250953674 84659.403866529465 8203.4560439586639 46146.756835460663 107734.45415496826 665.53329706192017
leaf_count=66564 3153 557 7483 2273 2463 1094 3828 3382 13817 2732 3370 338 1805 2260 197 5715 1486 664 695 672 1594 4716 1736 2318 201 4078 22743 3585 13155 753 3808 73 1231 5940 18811 1452 132 6039 9351 837 79 265 1014 51641 31636 9464 1368 9251 25331 2832 667 6252 4280 4224 3036 1704 1690 49968 5536 26339 64342 236
internal_value=5.56322e-06 -0.000358433 0.000897516 0.000289976 4.12654e-05 0.00242241 -0.00127903 -0.00328936 0.0034584 -0.000858966 0.00328831 -0.000296029 -5.77668e-06 0.000501373 0.00116366 0.00134931 -0.00166023 0.00243999 -0.00239063 -0.00376598 -0.00103113 0.000594416 0.0050473 -0.00687523 -0.0163751 -0.00350191 0.00115338 -0.000717113 -0.00256394 -0.00535248 -0.00358441 0.000390314 0.00820178 -0.00131521 0.00228288 0.0013922 0.00235113 -0.00469709 0.00154325 1.92431e-05 -0.00762012 0.00448778 0.00823772 -0.000427932 -0.00164447 0.000153232 -0.00163405 0.000417042 0.000358581 0.000757908 -0.00151461 0.00562511 -0.0021084 -0.00541154 -0.00410386 -0.00549533 -0.00166184 0.00115464 0.000699827 0.00294447 0.00191765 0.00733478
internal_weight=1.54023e+06 1.09384e+06 446385 641802 592653 73533.8 452041 78129.1 73793.3 373912 49148.2 519120 460231 352253 258141 252782 107978 16326 91651.6 62742.7 33381.9 28908.9 9647.3 29360.9 4054.8 23734.6 245757 366061 58889.2 25306.1 33523 372592 7025.47 94112.1 123130 62805.8 51524.5 55221.9 45879.9 122627 19710.9 11130.3 6770.28 332538 107497 225041 55900.4 29860.9 372079 296475 44063.7 27588 77139.5 23970.2 22224.1 8851.74 10050.3 252411 201263 51148.3 116603 8868.99
internal_count=528256 265068 263188 130878 120699 14302 134190 13328 21300 120862 10179 106397 90779 65098 52618 50813 25681 3840 21841 15083 8080 6758 2408 7003 896 5672 49385 118130 15618 6107 11185 241888 1428 12480 24526 12029 10577 9500 9483 24859 3461 2116 1279 106945 35221 71724 20083 10619 241815 175251 25998 6809 10220 8032 5354 2042 2354 149253 120082 29171 70114 5772
cat_boundaries=0 2 6 10 11 15 18 22 24 28 32 33 37 41 45 46 50 51 55 59 62 63 64 65 69
cat_threshold=939803904 43298 2147496640 2231894016 12714120 12 138412128 2483039604 544383291 80 1 33566920 67133472 72482816 272 8192 549376 2228480 136323144 76038704 131328 272 1342310272 88861 67375376 2685534464 25200932 272 1074006400 100681760 18974020 512 8 2621632 2164261696 12592128 256 528840 1157671202 1248265 144 2105728 2147517456 21004290 24 10485768 104897280 1090652774 356618645 160 606592 2891856 142663680 538976296 8204 3439857674 662700036 285512074 20512 67108864 67264512 4230144 110761 8 917888 4464768 3136 13631552 8456
is_linear=0
shrinkage=0.05


end of trees

feature_importances:
week_of_year=1171
product_type_name=790
online_share_w4=351
discount=342
trend_1_4=333
units_w1=302
weeks_since_launch=290
garment_group_name=280
index_group_name=265
units_w8=227
units_w12=198
n_active_articles_w4=192
trend_4_12=178
colour_group_name=152
repeat_rate_w4=130
buyers_w4=128
units_w2=117
units_w4=106
ly_units_h=106
avg_price_w4=76
graphical_appearance_name=54
is_new=36
product_group_name=4

parameters:
[boosting: gbdt]
[objective: regression]
[metric: l2]
[tree_learner: serial]
[device_type: cpu]
[data_sample_strategy: bagging]
[data: ]
[valid: ]
[num_iterations: 94]
[learning_rate: 0.05]
[num_leaves: 63]
[num_threads: 0]
[seed: 42]
[deterministic: 1]
[force_col_wise: 0]
[force_row_wise: 1]
[histogram_pool_size: -1]
[max_depth: -1]
[min_data_in_leaf: 100]
[min_sum_hessian_in_leaf: 0.001]
[bagging_fraction: 0.8]
[pos_bagging_fraction: 1]
[neg_bagging_fraction: 1]
[bagging_freq: 1]
[bagging_seed: 400]
[bagging_by_query: 0]
[feature_fraction: 0.8]
[feature_fraction_bynode: 1]
[feature_fraction_seed: 30056]
[extra_trees: 0]
[extra_seed: 12879]
[early_stopping_round: 0]
[early_stopping_min_delta: 0]
[first_metric_only: 0]
[max_delta_step: 0]
[lambda_l1: 0]
[lambda_l2: 1]
[linear_lambda: 0]
[min_gain_to_split: 0]
[drop_rate: 0.1]
[max_drop: 50]
[skip_drop: 0.5]
[xgboost_dart_mode: 0]
[uniform_drop: 0]
[drop_seed: 17869]
[top_rate: 0.2]
[other_rate: 0.1]
[min_data_per_group: 100]
[max_cat_threshold: 32]
[cat_l2: 10]
[cat_smooth: 20]
[max_cat_to_onehot: 4]
[top_k: 20]
[monotone_constraints: ]
[monotone_constraints_method: basic]
[monotone_penalty: 0]
[feature_contri: ]
[forcedsplits_filename: ]
[refit_decay_rate: 0.9]
[cegb_tradeoff: 1]
[cegb_penalty_split: 0]
[cegb_penalty_feature_lazy: ]
[cegb_penalty_feature_coupled: ]
[path_smooth: 0]
[interaction_constraints: ]
[verbosity: -1]
[saved_feature_importance_type: 0]
[use_quantized_grad: 0]
[num_grad_quant_bins: 4]
[quant_train_renew_leaf: 0]
[stochastic_rounding: 1]
[linear_tree: 0]
[max_bin: 255]
[max_bin_by_feature: ]
[min_data_in_bin: 3]
[bin_construct_sample_cnt: 200000]
[data_random_seed: 175]
[is_enable_sparse: 1]
[enable_bundle: 1]
[use_missing: 1]
[zero_as_missing: 0]
[feature_pre_filter: 1]
[pre_partition: 0]
[two_round: 0]
[header: 0]
[label_column: ]
[weight_column: ]
[group_column: ]
[ignore_column: ]
[categorical_feature: 17,18,19,20,21,22]
[forcedbins_filename: ]
[precise_float_parser: 0]
[parser_config_file: ]
[objective_seed: 16083]
[num_class: 1]
[is_unbalance: 0]
[scale_pos_weight: 1]
[sigmoid: 1]
[boost_from_average: 1]
[reg_sqrt: 0]
[alpha: 0.9]
[fair_c: 1]
[poisson_max_delta_step: 0.7]
[tweedie_variance_power: 1.5]
[lambdarank_truncation_level: 30]
[lambdarank_norm: 1]
[label_gain: ]
[lambdarank_position_bias_regularization: 0]
[eval_at: ]
[multi_error_top_k: 1]
[auc_mu_weights: ]
[num_machines: 1]
[local_listen_port: 12400]
[time_out: 120]
[machine_list_filename: ]
[machines: ]
[gpu_platform_id: -1]
[gpu_device_id: -1]
[gpu_device_id_list: ]
[gpu_use_dp: 0]
[num_gpu: 1]

end of parameters

pandas_categorical:[["Accessories set", "Alice band", "Backpack", "Bag", "Ballerinas", "Beanie", "Belt", "Bikini top", "Blazer", "Blouse", "Bodysuit", "Bootie", "Boots", "Bra", "Bra extender", "Bracelet", "Braces", "Cap", "Cap/peaked", "Cardigan", "Chem. cosmetics", "Coat", "Costumes", "Cushion", "Dog Wear", "Dress", "Dungarees", "Earring", "Earrings", "Felt hat", "Fine cosmetics", "Flat shoe", "Flat shoes", "Flip flop", "Garment Set", "Giftbox", "Gloves", "Hair clip", "Hair string", "Hair ties", "Hair/alice band", "Hat/beanie", "Hat/brim", "Heeled sandals", "Heels", "Hoodie", "Jacket", "Jumpsuit/Playsuit", "Keychain", "Kids Underwear top", "Leg warmers", "Leggings/Tights", "Long John", "Mobile case", "Moccasins", "Necklace", "Night gown", "Nipple covers", "Other accessories", "Other shoe", "Outdoor Waistcoat", "Outdoor overall", "Outdoor trousers", "Polo shirt", "Pumps", "Pyjama bottom", "Pyjama jumpsuit/playsuit", "Pyjama set", "Ring", "Robe", "Sandals", "Sarong", "Scarf", "Sewing kit", "Shirt", "Shorts", "Side table", "Skirt", "Sleeping sack", "Slippers", "Sneakers", "Socks", "Soft Toys", "Straw hat", "Sunglasses", "Sweater", "Swimsuit", "Swimwear bottom", "Swimwear set", "Swimwear top", "T-shirt", "Tailored Waistcoat", "Tie", "Top", "Towel", "Trousers", "Umbrella", "Underdress", "Underwear Tights", "Underwear body", "Underwear bottom", "Underwear corset", "Underwear set", "Unknown", "Vest top", "Wallet", "Washing bag", "Watch", "Waterbottle", "Wedge", "Weekend/Gym bag", "Wood balls", "Zipper head"], ["Accessories", "Bags", "Cosmetic", "Furniture", "Garment Full body", "Garment Lower body", "Garment Upper body", "Garment and Shoe care", "Interior textile", "Items", "Nightwear", "Shoes", "Socks & Tights", "Swimwear", "Underwear", "Underwear/nightwear", "Unknown"], ["Accessories", "Blouses", "Dressed", "Dresses Ladies", "Dresses/Skirts girls", "Jersey Basic", "Jersey Fancy", "Knitwear", "Outdoor", "Shirts", "Shoes", "Shorts", "Skirts", "Socks and Tights", "Special Offers", "Swimwear", "Trousers", "Trousers Denim", "Under-, Nightwear", "Unknown", "Woven/Jersey/Knitted mix Baby"], ["Baby/Children", "Divided", "Ladieswear", "Menswear", "Sport"], ["Beige", "Black", "Blue", "Bronze/Copper", "Dark Beige", "Dark Blue", "Dark Green", "Dark Grey", "Dark Orange", "Dark Pink", "Dark Purple", "Dark Red", "Dark Turquoise", "Dark Yellow", "Gold", "Green", "Greenish Khaki", "Grey", "Greyish Beige", "Light Beige", "Light Blue", "Light Green", "Light Grey", "Light Orange", "Light Pink", "Light Purple", "Light Red", "Light Turquoise", "Light Yellow", "Off White", "Orange", "Other", "Other Blue", "Other Green", "Other Orange", "Other Pink", "Other Purple", "Other Red", "Other Turquoise", "Other Yellow", "Pink", "Purple", "Red", "Silver", "Transparent", "Turquoise", "Unknown", "White", "Yellow", "Yellowish Brown"], ["All over pattern", "Application/3D", "Argyle", "Chambray", "Check", "Colour blocking", "Contrast", "Denim", "Dot", "Embroidery", "Front print", "Glittering/Metallic", "Hologram", "Jacquard", "Lace", "Melange", "Mesh", "Metallic", "Mixed solid/pattern", "Neps", "Other pattern", "Other structure", "Placement print", "Sequin", "Slub", "Solid", "Stripe", "Transparent", "Treatment", "Unknown"]]
