tree
version=v4
num_class=1
num_tree_per_iteration=1
label_index=0
max_feature_idx=22
objective=regression
feature_names=units_w1 units_w2 units_w4 units_w8 units_w12 trend_1_4 trend_4_12 buyers_w4 repeat_rate_w4 online_share_w4 n_active_articles_w4 avg_price_w4 discount weeks_since_launch is_new ly_units_h week_of_year product_type_name product_group_name garment_group_name index_group_name colour_group_name graphical_appearance_name
feature_infos=[0:4790] [0:9542] [0:15149] [0:28826] [1:39900] [0:4] [0:3] [0:10457] [0:15] [0:1] [0:44] [0.00032203388400375843:0.50677967071533203] [0:0.98999799984879677] [1:96] [0:1] [0:10980] [1:52] -1:29:101:91:9:96:50:99:82:80:79:110:13:31:106:55:49:85:3:93:51:12:7:21:8:86:45:38:63:60:72:77:44:92:10:90:75:24:6:104:20:46:40:41:64:30:73:105:4:42:84:35:68:47:71:15:94:69:61:70:115:98:65:67:76:25:37:74:53:111:108:97:11:66:113:109:103:48:28:62:87:5:56:34:81:95:43:83:39:102:107:114:32:116:1:36:54:52:59:14:22:89:117:118:2:16:78:19:0:33:58:27:112:57:88:100 -1:6:5:4:0:11:15:14:12:10:17:2:3:1:16:7:9:8 -1:6:0:1:16:7:3:18:10:8:5:19:15:17:12:20:13:14:9:11:4 -1:2:0:1:3:4 -1:1:5:0:47:2:24:19:14:20:17:29:7:16:11:6:42:4:22:23:40:49:8:9:15:27:48:30:21:28:35:43:13:25:12:18:39:45:10:3:26:37:32:41:34:31:33:44:46:36 -1:25:0:7:15:26:4:14:10:22:5:21:9:1:11:13:23:18:8:17:28:6:20:3:16:27:24:29:19:2
tree_sizes=7045 7038 7081 7020 7091 7088 7095 7123 7090 7173 7026 7059 7061 7121 6901 7014 7143 7057 7116 7154 6961 7149 6950 7067 7020 7219 7121 7278 7255 7215 6964 7311 7228 7240 7204 7169 7420 7216 7206 7322 7239 7077 7310 6958 7249 7282 7203 7315 7262 6999 7239 7413 7274 6972 7357 7014 7332 7379 7412 7291 7365 7096 7201 7326 7345 7243 7257 7388 7414 6987 7463 7415 7344 7306 7069 7321 7100 7240 7397 7497 7366 7371 7198 7022 7425 7351 7452 7414 7405 7499 7310 7033 7232 7425

Tree=0
num_leaves=63
num_cat=12
split_feature=5 5 2 5 12 2 12 13 5 5 4 20 5 20 9 2 7 2 4 9 5 17 20 7 5 2 19 17 12 5 13 19 9 10 12 12 7 13 9 12 2 19 4 12 12 5 9 17 5 12 5 12 4 2 10 19 17 9 20 5 7 12
split_gain=385503 64970.1 43994.2 42577.9 33059.1 19742.8 17538.6 10952.8 10234.7 6894.83 6861.64 5585.03 5008.44 4853.74 4666.66 4420.67 3081.15 2620.37 2381.46 2277.27 2268.35 2233.68 2205.4 2176.43 2165.54 2139.17 2055.71 1947.34 1794.87 1721.11 1715.48 1561.05 1520.71 1440.34 1393.75 1213.91 1212.21 1172.38 1125.55 1093.33 1038.88 1038.74 1025.58 970.165 957.387 946.436 902.854 894.51 870.657 862.733 834.953 830.097 822.097 781.793 756.863 755.709 737.454 714.807 708.345 701.785 697.706 673.311
threshold=0.3337899543378996 1.3209278172061627 1.5000000000000002 0.093386627906976757 0.090350581025527968 4.5000000000000009 0.27362743763811542 1.5000000000000002 2.1822298456260723 0.66718668746749887 4.5000000000000009 0 0.66718668746749887 1 0.071661998132586377 16.500000000000004 44.500000000000007 8.5000000000000018 49.500000000000007 0.84216632067407504 1.0000000180025095e-35 2 3 76.500000000000014 1.0000000180025095e-35 2.5000000000000004 4 5 0.35448367206434356 1.7050486578277058 8.5000000000000018 6 0.33305036785512171 1.5000000000000002 0.23338001772582381 0.19598002090343455 1.5000000000000002 3.5000000000000004 0.73344481605351175 0.32683308931737309 87.500000000000014 7 1.5000000000000002 0.34066894034274481 0.41033590541891674 0.90921770001267921 0.27508781349520256 8 0.51073040434742578 0.24416893329681386 2.0024449877750619 0.18508802275771177 192.50000000000003 14.500000000000002 1.5000000000000002 9 10 0.30784615384615394 11 0.95949851585689749 48.500000000000007 0.30015007561333168
decision_type=2 2 2 2 2 2 2 2 2 2 2 1 2 1 10 2 2 2 2 10 2 9 1 2 2 2 9 9 2 2 2 9 10 2 2 2 2 2 10 2 2 9 2 2 2 2 10 9 2 2 2 2 2 2 2 9 9 10 1 2 2 2
left_child=2 6 10 5 7 25 9 11 29 23 30 15 21 50 20 26 28 49 61 37 -7 46 -11 48 47 51 -3 57 56 44 -1 -17 -18 -24 38 52 -21 -15 -10 -27 -33 -38 -32 -34 -6 -35 -8 53 -2 -16 -9 -4 -20 -19 -25 -30 -5 -14 -36 -59 -23 -12
right_child=1 4 3 16 8 14 12 13 34 22 18 -13 27 19 17 31 32 24 35 36 -22 60 33 54 -26 39 -28 -29 55 -31 42 40 43 45 58 -37 41 -39 -40 -41 -42 -43 -44 -45 -46 -47 -48 -49 -50 -51 -52 -53 -54 -55 -56 -57 -58 59 -60 -61 -62 -63
leaf_value=0.013558299642452119 -0.0077120095748883458 -0.0054826935276601693 0.022857537948533454 0.012963366223071742 -0.046824995289676652 0.02842030314743715 -0.04025293511241794 -0.050453980865663287 -0.045119644806059261 -0.038184375296186124 0.010363092688095415 -0.042562339686710693 -0.047639815328448451 -0.013994462476901479 0.054053420111338304 -0.092972329616493446 -0.043180247730099097 0.067548767369502147 0.060542425012740181 -0.066330656564221782 -0.072413961717744751 -0.033179716273615378 -0.030809473943046055 -0.031452677685273482 0.028574893788912977 0.03370019885844 0.044206766299898795 -0.050348097930049796 0.0016340024279885464 -0.060273327558719336 -0.013373381595660318 -0.0019544528699101081 -0.0060970237278120051 -0.021129925616368644 -0.088357387281723113 0.021051665859874145 -0.047877759730606782 -0.032002780896270733 -0.070561320851192003 0.021166557548690314 -0.050447727400275442 -0.03684818169477537 -0.0061244938389254065 -0.023890941258058719 -0.056344783520870287 -0.026908816303893156 -0.022561841498824852 0.05740220752730546 -0.016069216162453982 0.040523608573799677 -0.065500850344277772 0.010955066630163008 0.15977307499306012 0.086687842999969678 -0.020129787096092033 -0.016594701802923644 -0.0038104500550073875 -0.034307514498729375 -0.075584425079624845 -0.042113399153228634 -0.044045266973476244 0.0017236318696145572
leaf_weight=8181.9199662208557 56777.735072135925 2893.1856245994568 22471.940599441528 27652.882865905762 64118.228691339493 13640.913605928421 8119.0881674289703 25427.04666852951 6007.9073734283447 43007.557644605637 40738.438492298126 7019.3435959815979 23397.068431854248 11089.867909908295 23347.492855787277 664.0535364151001 4593.3078169822693 14898.705902814865 1648.096941947937 4420.4521036148071 580.75187253952026 37368.359949350357 123055.91197276115 18883.432056903839 3781.1493587493896 36498.204371452332 7645.5987606048584 61810.47331404686 9913.6635098457336 83940.285004615784 99277.061731815338 4866.9975481033325 21313.604813575745 127404.49592542648 13685.552862167358 2734.4758620262146 28634.368657588959 48826.039778470993 15753.346575975418 33308.026292800903 1427.6195602416992 84544.881308317184 95965.544079780579 11957.508229732513 44931.56522321701 159609.07764148712 64479.58576464653 12990.30989575386 69090.108200550079 23892.798895835876 14474.785518884659 42154.825440883636 239.19162321090698 8373.9539318084717 67549.170954227448 13366.700750827789 8703.3668160438538 59994.04611992836 62896.636565446854 55379.664830446243 24439.145646572113 50567.621166706085
leaf_count=5898 13913 1176 10708 6727 16783 4175 1937 8457 2012 11469 31548 3354 5493 2438 7906 140 800 4303 1314 2562 103 9954 28166 3046 678 14755 2927 14376 2413 26708 87095 1084 3551 21846 6435 2024 7875 10486 5019 13479 230 19072 80019 2026 13122 27843 14597 3489 17210 8095 5715 20087 208 2034 10078 3264 2120 13359 23760 13234 4068 39575
internal_value=-0.022593 -0.0361412 0.0102423 0.022734 -0.0502364 0.0342197 -0.0286274 -0.0365751 -0.0615812 -0.0239299 -0.00367183 -0.00489467 -0.0379579 -0.0401476 0.0508648 0.0102092 -0.0050601 0.0551926 0.00735172 -0.0366028 0.0242995 -0.0304892 -0.0274139 -0.0164944 0.0646055 0.021651 0.0306482 -0.0429626 0.00202223 -0.054891 -0.00887026 -0.0207014 -0.0162152 -0.0262838 -0.0747096 0.042366 -0.0406459 -0.0286695 -0.0635387 0.0277205 -0.0129707 -0.0396424 -0.00981035 -0.0124919 -0.0507477 -0.0243436 -0.0245403 0.0683609 -0.0122993 0.0472119 -0.055905 0.0150944 0.0732087 0.0743981 -0.0226036 -0.00881854 0.00896344 -0.0396695 -0.0778833 -0.0380545 -0.0374739 0.00557866
internal_weight=2.16643e+06 1.53363e+06 632792 333440 533268 235939 1.00036e+06 241934 291334 665377 299352 24516.8 334987 217417 101506 17497.5 97501 87284.4 95927.8 177516 14221.7 134406 453077 212300 40044.1 134433 10538.8 200581 59636.6 192990 203425 6958.67 37864.4 410069 98343.4 4621.76 117600 59915.9 21761.3 69806.2 6294.62 113179 195243 33271.1 109050 287014 72598.7 36263 125868 47240.3 39901.8 64626.8 1887.29 23272.7 86432.6 23280.4 36356.2 138771 76582.2 115374 61807.5 91306.1
internal_count=728338 369944 358394 110713 159355 89812 210589 65516 93839 133571 247681 8911 77018 56605 30783 5557 20901 26505 74669 42433 4278 30556 89324 44247 10504 59029 4103 46462 14524 56613 173012 1454 6377 77855 37226 3546 29509 12924 7031 28234 1314 26947 167114 5577 29905 49689 16534 9826 31123 16001 14172 30795 1522 6337 13124 5677 8847 32086 30195 26593 14022 71123
cat_boundaries=0 1 2 6 7 8 12 13 14 18 19 23 24
cat_threshold=22 1 1611662992 541216 872742947 540960 1 548865 1610613392 564768 1952809513 672041 540672 549249 537929408 8671240 872775681 16681 236554 537929672 9306120 941983873 16425 1
is_linear=0
shrinkage=1


Tree=1
num_leaves=63
num_cat=13
split_feature=5 5 3 5 12 2 12 13 5 5 20 20 9 3 0 5 0 2 2 0 0 10 17 19 20 0 6 3 5 17 5 12 13 19 17 12 13 1 0 10 1 13 0 12 12 4 12 12 13 9 1 9 10 2 12 17 19 20 17 19 12 9
split_gain=348380 58979.2 43876.5 37123.3 29938.3 18750.8 15994.7 9879.97 9182.3 6847.56 5100.13 4392.34 4091.62 4073.54 3889.38 3851.06 2958.52 2404.3 2289.72 2078.59 2059.4 2035.69 1950.69 1885.47 1862.66 1853.31 1830.61 1788.24 1750.25 1632 1618.39 1503.69 1465.71 1311.86 1255.6 1252.27 1237.05 1451.56 1175.78 1171.64 1080.8 1047.27 1014.25 978.868 960.604 929.916 893.61 882.521 859.092 846.735 807.666 798.214 790.744 772.469 758.288 755.256 749.712 749.497 725.248 704 677.419 673.475
threshold=0.3337899543378996 1.3209278172061627 3.5000000000000004 0.093386627906976757 0.090350581025527968 4.5000000000000009 0.34474589771269032 1.5000000000000002 2.1715559802516329 0.82766593581821823 0 1 0.20021551724137934 1.5000000000000002 16.500000000000004 0.66718668746749887 2.5000000000000004 8.5000000000000018 2.5000000000000004 12.500000000000002 1.0000000180025095e-35 1.5000000000000002 2 3 4 1.0000000180025095e-35 0.99993376606173012 38.500000000000007 0.59266162714438586 5 1.7050486578277058 0.35818602541409894 5.5000000000000009 6 7 0.10034016239916689 3.5000000000000004 56.500000000000007 220.50000000000003 1.5000000000000002 3.5000000000000004 6.5000000000000009 55.500000000000007 0.27362743763811542 0.33146442666487641 5.5000000000000009 0.33645862409529415 0.30015007561333168 3.5000000000000004 0.26205777940996455 1.5000000000000002 0.86672920575359613 1.5000000000000002 1.0000000180025095e-35 0.37934411649123229 8 9 10 11 12 0.35023350347550891 0.31639111340738829
decision_type=2 2 2 2 2 2 2 2 2 2 1 1 10 2 2 2 2 2 2 2 2 2 9 9 1 2 2 2 2 9 2 2 2 9 9 2 2 2 2 2 2 2 2 2 2 2 2 2 2 10 2 10 2 2 2 9 9 1 9 9 2 10
left_child=2 6 13 5 7 18 9 10 30 19 14 51 20 32 23 22 31 60 27 28 50 36 49 -3 -11 40 -10 47 58 61 46 56 -1 -16 54 52 37 -13 48 -21 -19 -15 -35 -28 -20 -38 -6 -4 -23 -8 -7 -9 -26 -29 -18 -41 -5 -30 -2 -33 -14 -17
right_child=1 4 3 16 8 12 15 11 26 24 -12 21 17 41 33 29 34 25 44 39 -22 38 -24 -25 35 -27 43 53 57 -31 -32 59 -34 42 -36 -37 45 -39 -40 55 -42 -43 -44 -45 -46 -47 -48 -49 -50 -51 -52 -53 -54 -55 -56 -57 -58 -59 -60 -61 -62 -63
leaf_value=0.040725273177978048 0.014222726233005174 0.016035894380040241 0.041381736217224296 0.021500102902533427 -0.021796484922672041 0.040135973847910386 -0.017812493368117948 -0.023789477412854483 -0.040104102676919329 -0.018351145589483246 -0.019225841165451243 -0.000630297655946601 0.071520930971451485 0.04609155675445456 -0.06761817347687242 -0.025955764719324537 0.020334422927376264 0.079874146772718729 0.055195464217219686 -0.0099333355660600892 -0.038367647779357861 0.0061271910166822733 -0.017420756839934711 0.063082176212664307 -0.0081154745470229279 0.050463748424781088 -0.044385609631613643 0.15353384804008086 -0.0072267554701542398 -0.028402193495107721 -0.036004694964936169 0.025922221109300859 0.011310940346419744 0.02363052655129989 -0.0036519160770248499 -0.010712236798006008 -0.041335352327536795 -0.026475586243554602 -0.020509800353397396 0.0033565772991828607 0.097878395040325222 0.023356038211428953 -0.018344920317428279 -0.058131645961776585 0.042836648161606712 -0.020523649894167533 -0.03088809846490034 0.03138207144244181 -0.0079271270685349563 -0.0016013248773783702 0.061789564513665712 -0.038047302280974561 -0.0017042511445890406 0.069393826704376549 0.0019469323380085198 -0.0043875943664597851 0.0368480134994187 0.0036112390418483499 0.0057968784966632349 0.0072003245224050915 0.058888406758090962 -0.015791551670982444
leaf_weight=4338.6933422088623 61258.29158449173 2976.6941950321198 41562.648370742798 13114.256968259811 50030.420029163361 8244.9652061462402 9277.2446303367615 17645.199984788895 34407.076815128326 32274.126160144806 7036.819361448288 16319.244127035141 27421.406026363373 5348.8234262466431 607.94299459457397 19695.857941389084 16155.560572624207 20129.795325517654 33226.18021774292 31762.35666179657 661.79241323471069 13235.668560028076 41367.315475463867 7700.0858442783356 70227.991541385651 3783.8918876647949 17863.131926774979 397 19693.895402669907 49780.047710180283 82220.816542863846 7922.1582562923431 176125.33377170563 4041.5554270744324 17157.203550338745 90032.670520782471 5927.9302501678467 8142.7404913902283 15625.136251926422 91927.999678134918 14293.879537820816 95591.040678501129 2233.703528881073 47298.602710008621 29901.909948348999 56807.699723958969 58822.188360452652 47090.042407512665 60901.327923536301 61091.887844085693 9037.4735434055328 22147.676420927048 152596.80437731743 879.21145009994507 8587.3839716911316 47868.799039363861 20753.53703212738 83754.836748600006 43881.606802463531 13757.095054864883 17385.536108255386 94522.857927560806
leaf_count=2750 14757 1201 25798 3215 12852 2606 2234 5877 14477 8561 3363 4331 9289 2747 129 4702 2779 5593 13377 5169 118 2639 9394 2947 15730 679 5368 397 5545 11709 26300 1954 155970 927 2959 18618 3061 1397 1993 13683 3749 64319 385 17609 12055 16664 16986 29127 12191 13963 2703 8310 25712 463 1515 7271 5116 20990 10655 3367 5889 21939
internal_value=2.0619e-05 -0.0128638 0.0312308 0.043011 -0.0263166 0.0530758 -0.00571421 -0.0133003 -0.0371254 -0.0018172 0.0167301 -0.0167081 0.0698025 0.0165176 0.0311322 -0.0159647 0.0167747 0.0744828 0.0420423 0.00281195 0.0481472 -0.0133302 -0.00880582 0.0500425 -0.006916 0.0837009 -0.0494369 0.0369174 0.00616499 -0.0208421 -0.0307096 0.0243412 0.0120183 0.00184197 0.00674345 -0.00573554 -0.018772 -0.00923423 -0.00804524 -0.00126482 0.0873527 0.0245612 0.00867483 -0.0543641 0.0493422 -0.0224908 -0.0267097 0.0360706 -0.00541796 -0.00373825 0.0514622 -0.0317178 -0.00372491 0.0956676 0.0139475 0.000704755 0.030923 0.00154757 0.0107081 0.0140579 0.0666208 -0.0175429
internal_weight=2.16587e+06 1.53301e+06 632867 351463 531992 254016 1.00101e+06 241349 290642 725279 24596.8 216753 100959 281404 17560 275735 97447.2 83014.5 153057 380148 17944.2 176960 111736 10676.8 345132 38207.6 99568.8 89928.9 208589 163999 191073 55547 180464 6883.2 41900.1 312857 87197.6 24462 89762.1 171559 34423.7 100940 6275.26 65161.7 63128.1 62735.6 108853 88652.7 74137 70369.1 17282.4 39792.9 222825 1276.21 24742.9 139797 33867.8 103449 105140 21679.3 44806.9 114219
internal_count=728173 369639 358534 132748 159007 111843 210632 65415 93592 146691 8952 56463 30626 225786 5589 63941 20905 25199 81217 78070 5427 42276 25591 4148 68621 10021 37454 55785 51947 38350 56138 13652 158720 1441 7253 60060 25453 5728 16823 26123 9342 67066 1312 22977 25432 19725 29838 54925 14830 16197 5309 14187 41442 860 4294 20954 8331 26535 25412 5321 15178 26641
cat_boundaries=0 1 2 6 7 8 12 13 17 21 22 23 27 28
cat_threshold=22 1 1611662992 8933920 874872867 540968 548865 1 1610614416 564256 879069288 540969 540672 555758208 546045952 872742928 16417 553661336 537448448 805635104 25633 1852049 1 537928336 268730880 811936921 549793 624650
is_linear=0
shrinkage=0.05


Tree=2
num_leaves=63
num_cat=9
split_feature=5 5 3 5 12 2 12 13 5 5 20 16 5 20 16 3 16 0 3 16 16 2 10 16 16 0 12 20 0 17 17 3 17 6 5 5 13 16 16 16 7 17 10 16 7 13 1 16 16 4 16 0 10 12 17 20 16 16 10 16 16 16
split_gain=314428 53268.6 39634.9 33360.3 27653.1 17181.5 14581.3 8866.29 8405.79 5528.05 4790.14 4407.24 4136.34 4020.27 3941.86 3747.3 3048.86 2961.12 2418.4 2402.55 2113.95 2086.62 1836.73 1799.49 3630.24 1760.5 1713.37 1682.43 1612.46 1586.53 1549.1 1535.49 1466.39 1453.39 1397.85 1368.93 1312.76 1303 1500.92 1297.61 1245.14 1210.4 1188.33 1150.9 1095.42 1079.28 1005.68 942.914 1159.13 1255.53 961.048 893.862 868.47 865.158 839.151 837.934 827.407 1042.51 822.394 813.113 1484.4 2007.68
threshold=0.3337899543378996 1.3209278172061627 3.5000000000000004 0.093386627906976757 0.077910464813035887 4.5000000000000009 0.25856392447470722 1.5000000000000002 2.1715559802516329 0.80046296296296304 0 16.500000000000004 0.66718668746749887 1 16.500000000000004 1.5000000000000002 9.5000000000000018 16.500000000000004 12.500000000000002 9.5000000000000018 44.500000000000007 2.5000000000000004 1.5000000000000002 25.500000000000004 19.500000000000004 1.0000000180025095e-35 0.25004167594759602 2 10.500000000000002 3 4 42.500000000000007 5 1.347499305362601 0.21648249234456135 0.51781633516716052 5.5000000000000009 44.500000000000007 25.500000000000004 18.500000000000004 56.500000000000007 6 1.5000000000000002 51.500000000000007 1.5000000000000002 5.5000000000000009 2.5000000000000004 16.500000000000004 25.500000000000004 37.500000000000007 10.500000000000002 267.50000000000006 1.5000000000000002 0.36640236738205129 7 8 18.500000000000004 25.500000000000004 1.5000000000000002 45.500000000000007 25.500000000000004 18.500000000000004
decision_type=2 2 2 2 2 2 2 2 2 2 1 2 2 1 2 2 2 2 2 2 2 2 2 2 2 2 2 1 2 9 9 2 9 2 2 2 2 2 2 2 2 9 2 2 2 2 2 2 2 2 2 2 2 2 9 1 2 2 2 2 2 2
left_child=2 6 15 5 7 21 9 10 23 28 -3 16 20 -9 19 36 -7 55 -13 40 32 31 44 24 54 41 -10 -11 35 -21 -14 47 -8 -28 -16 -2 -1 38 39 -32 -5 -18 -30 52 -15 -17 -20 50 49 -49 -4 -24 -29 -23 -6 -12 -44 -58 -19 60 61 -54
right_child=1 4 3 14 8 11 12 13 26 27 17 18 30 22 34 45 25 58 46 29 -22 53 51 -25 -26 -27 33 43 42 -31 37 -33 -34 -35 -36 -37 -38 -39 -40 -41 -42 -43 56 -45 -46 -47 -48 48 -50 -51 -52 -53 59 -55 -56 -57 57 -59 -60 -61 -62 -63
leaf_value=0.038461096476807552 0.013183445618585582 -0.023913256855189177 0.035143567031586685 0.02406452344074643 -0.026578356669906968 0.068069054533777915 -0.0052156809530737522 -0.030089517676381617 -0.035742685598519439 -0.016709796583597152 0.049244256052807703 0.059171948721426407 -0.025086294630572954 -0.039431767471491325 0.034762507063578293 0.04717230386717336 0.054576486591159518 -0.010864423440072548 0.074225793529165779 0.0060699606149312111 0.0090566051496025254 0.051967015825152563 -0.0044833610426753085 -0.033681097094965744 -0.0091511151914755711 -0.020139267066173503 -0.043166454396373094 -0.008233399620371628 -0.0085118941775354073 -0.02404268032022901 -0.01650329435726635 0.095918449164716285 -0.016712323830708611 -0.057014987146140075 0.01857355175944057 0.0037174384302593594 0.010725436546650827 -0.0039472405848719064 -0.024070720004472388 -0.0010013283230437332 -0.0044204548324738935 0.029884355122782782 -0.0038355698164774864 -0.027050612577736083 -0.015642593649198316 0.022303922929799779 0.089576787366740546 0.042912209404096929 0.033518571950710972 0.078704878781793858 0.018388072049094879 -0.019397984159872081 -0.0048032496177795869 0.040081386195434297 -0.038197629334627829 0.011991640434901925 0.014096035533052992 0.0016027764300113702 0.02445851301037745 0.0065570170134976007 -0.0095722120431585428 0.0086682583218884654
leaf_weight=4371.3288745880127 58604.830320358276 5612.6285791397095 19553.832335948944 12836.050620317459 52889.045417547226 19603.480723142624 76300.873876571655 36897.489476680756 27907.136453866959 30713.887409210205 10198.129899740219 17289.315770149231 58515.607444524765 5164.7876777648926 19529.790564060211 4570.0834183692932 11891.800791740417 4285.5068821907043 23146.119183778763 8039.6709496974945 17823.732231140137 35480.90406703949 71255.987582445145 98436.86027598381 28793.936456918716 1121.0545558929443 37143.079252958298 85902.555311203003 32716.667227745056 9579.0067660808563 59266.577598810196 1019.785219669342 43597.13085269928 38724.195378065109 42046.787508487701 109658.87003350258 176144.03783226013 21044.828337669373 50520.226516246796 17481.038362503052 5471.2819576263428 8701.077054977417 38870.789433002472 5516.2496728897095 76642.410121917725 96241.836501598358 19887.392776250839 13481.494074821472 37623.63955116272 2996.0311250686646 15225.638527393341 11693.788709163666 79977.097099781036 26978.75053691864 22273.052972316742 1800.3053324222565 22870.725431442261 61863.713760375977 2675.8381819725037 23233.496457338333 63411.248590946198 42275.165589332581
leaf_count=2766 14200 2738 11861 3096 15466 6038 17272 13253 8866 8103 3946 5862 13577 3005 4023 2219 3627 921 7199 1737 4306 14281 14044 28117 8437 202 15490 19506 5409 2013 13537 696 9738 14354 9116 28391 155979 5093 11372 4219 910 2554 5964 1034 20939 64802 5349 8761 22633 2121 9716 1465 13858 10875 6787 814 3451 9330 541 4141 10760 7236
internal_value=4.67011e-05 -0.0121966 0.0296969 0.0408914 -0.0249732 0.050435 -0.00539549 -0.0117165 -0.0347685 -0.00101892 0.0166393 0.0663567 -0.0137233 -0.0151718 0.0160296 0.0157098 0.0537733 0.0286421 0.0749746 0.00286763 -0.00700959 0.0398131 -0.0118283 -0.0288358 -0.0242475 0.0408645 -0.0463386 -0.00556526 0.00361768 -0.0103125 -0.0181937 0.0349349 -0.00939801 -0.0502357 0.0237086 0.00701443 0.0113973 -0.0154714 -0.0173782 -0.0129724 0.0155518 0.0441863 -3.85665e-05 -0.00442473 -0.017145 0.0234317 0.081322 0.0342341 0.0383639 0.0494246 0.0278091 -0.00658615 -0.00400141 0.0468339 -0.0300306 0.0437072 0.00220426 0.00497497 0.00271475 -0.00226111 -0.00336461 -0.000144733
internal_weight=2.16539e+06 1.53256e+06 632830 351503 532394 254000 1.00017e+06 226227 306167 655615 24572.4 101640 344550 201654 97502.6 281327 41317.4 18959.8 60322.8 35926 137722 152360 164757 202393 103956 21713.9 103774 331030 324586 17618.7 206828 89900.4 119898 75867.3 61576.6 168264 180515 148313 127268 76747.6 18307.3 20592.9 156322 300316 81807.2 100812 43033.5 88880.6 54101.2 16477.5 34779.5 82949.8 294800 62459.7 75162.1 11998.4 123605 84734.4 6961.35 208897 185664 122252
internal_count=728116 369680 358436 132670 159183 111775 210497 61666 97517 131383 8960 30831 79114 52706 20895 225766 12421 6222 18410 7756 31316 80944 39453 58807 30690 6383 38710 64638 66745 3750 47798 55788 27010 29844 13139 42591 158745 34221 29128 17756 4006 6181 24154 56535 23944 67021 12548 55092 33515 10882 21577 15509 55501 25156 22253 4760 18745 12781 1462 35995 31854 21094
cat_boundaries=0 1 2 3 7 11 15 19 23 24
cat_threshold=1 1 1 536871808 786432 537198592 16417 2167419208 2953273672 135277458 1536 1610614416 8934920 874873387 540968 538973824 9191424 807763969 16937 1610655376 2961719304 874872913 548905 6
is_linear=0
shrinkage=0.05


Tree=3
num_leaves=63
num_cat=4
split_feature=0 3 12 3 2 0 3 7 0 13 2 19 19 2 16 3 0 0 9 19 2 10 7 0 0 13 3 10 10 7 0 0 17 13 16 2 10 0 3 2 0 16 16 16 16 16 16 16 16 12 0 3 0 2 16 16 16 0 13 9 16 7
split_gain=261535 61794.4 33993.1 16294.6 10637.5 9173.02 7210.45 5508.46 12371.2 7359.59 3997.5 3925.42 3791.32 3788.07 2934.49 2428.52 2468.11 2293.97 2252.96 2145.91 2142.43 2113.56 1961 2601.04 1886.15 1882.09 1758.25 1678.51 1674.11 1667.04 1748.67 1629.7 1506.86 1482.41 1447.38 1396.04 1328.72 1273.97 1231.58 1208.8 1207.85 1205.16 2878.96 1346.11 1483.39 2257.28 1341.4 1250.52 1217.12 1189.58 1186.38 1118.18 1107.66 1105.67 1011.79 1052.15 937.216 857.557 1009.03 845.441 2883.01 813.324
threshold=1.0000000180025095e-35 5.5000000000000009 0.24416893329681386 8.5000000000000018 6.5000000000000009 1.5000000000000002 2.5000000000000004 5.5000000000000009 2.5000000000000004 1.5000000000000002 8.5000000000000018 0 1 12.500000000000002 16.500000000000004 20.500000000000004 4.5000000000000009 144.50000000000003 0.15402588066139469 2 3.5000000000000004 1.5000000000000002 2.5000000000000004 1.5000000000000002 1.5000000000000002 6.5000000000000009 3.5000000000000004 1.5000000000000002 3.5000000000000004 17.500000000000004 5.5000000000000009 1.5000000000000002 3 1.5000000000000002 10.500000000000002 14.500000000000002 1.5000000000000002 38.500000000000007 58.500000000000007 23.500000000000004 131.50000000000003 25.500000000000004 18.500000000000004 44.500000000000007 48.500000000000007 49.500000000000007 14.500000000000002 16.500000000000004 51.500000000000007 0.066700008403924663 1.5000000000000002 1.5000000000000002 49.500000000000007 1.5000000000000002 16.500000000000004 10.500000000000002 25.500000000000004 21.500000000000004 2.5000000000000004 0.021858576206402299 10.500000000000002 11.500000000000002
decision_type=2 2 2 2 2 2 2 2 2 2 2 9 9 2 2 2 2 2 10 9 2 2 2 2 2 2 2 2 2 2 2 2 9 2 2 2 2 2 2 2 2 2 2 2 2 2 2 2 2 2 2 2 2 2 2 2 2 2 2 10 2 2
left_child=1 6 7 26 20 10 25 9 13 19 -5 36 32 24 18 -13 35 21 34 -2 38 49 -11 -24 -9 -1 -4 52 -19 33 -31 -28 -10 -23 -6 -17 -7 -38 54 -16 -29 42 46 -43 -45 -46 59 -48 -47 57 -15 -27 -18 -8 55 -3 -56 58 -14 60 -32 -60
right_child=2 4 3 5 14 11 53 8 12 22 -12 15 17 50 39 16 27 28 -20 -21 -22 29 23 -25 -26 51 31 40 -30 30 41 -33 -34 -35 -36 -37 37 -39 -40 -41 -42 43 -44 44 45 48 47 -49 -50 -51 -52 -53 -54 -55 56 -57 -58 -59 61 -61 -62 -63
leaf_value=0.037207905961457476 0.052534950813321338 0.040226408764954792 -0.048148608858724018 -0.010106561645616619 0.062739484408446552 -0.01902196632690345 0.023579814528057338 0.013515976815929212 -0.0078248124582564298 -0.030350708744671013 0.013735039671827536 -0.033534217286371071 0.01671600499370799 0.033823696380453974 0.076549487702777655 -0.021456360555594689 -0.027902342412714793 -0.020111637227749574 0.06573074516854692 0.0073336578157245152 0.052478892383501091 0.044398324998881827 -0.0052158706482035517 -0.025586690358174992 -0.0046302350163640532 0.010177145155087539 -0.026261825155591695 -0.01870869548417493 -0.0057830791586487278 0.014346132716287799 0.0031987425103949321 -0.044565320813321749 -0.017299114857708003 -0.011460613520372708 0.013563574528188875 -0.0061275200389717217 -0.0062745544812199865 -0.019981989448410786 0.09918161215350707 0.1095711058208237 -0.036237829715432442 -0.007430246033977044 0.0113053222016338 0.010848183688304027 -0.031832649783322876 0.010472645160377375 -0.021299131915679677 -0.0012837912871137089 -0.01703796096021197 -0.013177589202591228 0.017338412288031794 0.018297580054312666 -0.051250391693641498 0.034181009480476351 0.05435128839651357 0.02130382624049933 0.038734268962677079 -0.0098667990161195856 -0.016830224884676923 0.0023982332776863059 -0.10848414135327558 -0.00079931000669497218
leaf_weight=7735.4573101997375 3745.5652196407318 16244.097606658936 34576.720606327057 38287.24804854393 2364.7067654132843 47267.845061302185 47923.266037940979 29968.027682781219 104780.74832010269 30393.79697728157 32508.685521602631 38683.256315469742 7297.2077214717865 18775.258212089539 33192.582306861877 23163.246527194977 49345.086843967438 30999.747117042542 19601.002949953079 8761.191859960556 55294.599627256393 1224.8242089748383 33029.225801229477 29815.449651956558 27423.1944835186 175634.81346893311 30636.554263591766 131437.79795002937 59536.804716587067 23298.757154464722 2364.6101045608521 20174.159008741379 70081.018502950668 38268.278908252716 4073.5793972015381 41401.911250591278 86420.556082487106 21086.280843257904 854.7094292640686 3029.73219871521 10621.942492485046 82047.309690475464 64369.621701717377 27531.888772964478 6308.0092883110046 13962.092189311981 14777.226791858673 16535.667284011841 5645.1741185188293 50137.911623239517 26073.653373003006 55883.485238552094 5663.8030986785889 50557.34521818161 13918.764951229095 13418.563382148743 31086.460701942444 41443.320380210876 9028.3881707191467 80355.054957866669 763.70058965682983 63937.003933429718
leaf_count=4779 1712 8675 18408 14156 675 11530 35509 9285 20718 15578 8718 12155 1999 4635 9753 6881 10278 4144 5634 4261 20086 343 12608 10982 8412 155528 13303 24951 7331 5192 416 7672 15518 10480 1057 9726 19037 3143 519 658 1406 14199 11139 4842 1167 2373 2639 2778 979 10924 6398 39264 880 22325 8285 7501 16419 7086 2685 14200 133 13709
internal_value=4.28366e-05 0.0305343 -0.00986275 -0.0191909 0.0530971 -0.0159014 0.0176353 -0.00428712 -0.00304094 -0.0150928 0.000841269 -0.018506 -0.00509835 0.0133533 0.0701091 -0.02184 -0.0201117 -0.00331503 0.0573013 0.0209217 0.0449999 -0.00209961 -0.0199239 -0.0148807 0.00484526 0.012948 -0.0394501 -0.0228914 -0.0106894 -6.89564e-06 0.00112902 -0.0335299 -0.0116228 -0.00972715 0.0316322 -0.0116271 -0.0120345 -0.00896328 0.0395234 0.0793145 -0.0200196 0.000150323 0.00284126 -0.00340793 0.0027668 -0.00581879 -0.00190485 -0.0107298 0.00255154 -0.00669621 0.0242403 0.0121373 -0.0303072 0.0290225 0.0388392 0.0316674 0.0435652 -0.00402606 -0.00101012 0.00140531 -0.0240919 -0.0027831
internal_weight=2.16477e+06 530813 1.63395e+06 611275 193079 525888 337734 1.02268e+06 916934 105745 70795.9 455092 814694 102240 62261.6 300317 261634 639833 26039.3 12506.8 130817 549296 93238.5 62844.7 57391.2 239254 85387.4 197069 90536.6 377452 337959 50810.7 174862 39493.1 6438.29 64565.2 154775 107507 75522.6 36222.3 142060 314660 179166 135494 53447.2 25915.3 114796 31312.9 19607.3 171844 44848.9 231518 55008.9 98480.6 74667.9 29662.7 45005.2 121706 80262.6 83483.4 3128.31 72965.4
internal_count=727776 336667 391109 162244 79262 122861 257405 228865 183724 45141 22874 99987 154994 28730 17777 66277 54122 118758 7366 5973 61485 107283 39168 23590 17697 199571 39383 37515 11475 70880 60057 20975 36236 10823 1732 16607 33710 22180 41399 10411 26357 54865 31305 23560 9361 4519 20166 5417 3352 36403 11033 194792 11158 57834 40880 16176 24704 25479 18393 14749 549 16394
cat_boundaries=0 1 2 3 7
cat_threshold=174090 1589393 366730 3145930 335558913 201400344 147520
is_linear=0
shrinkage=0.05


Tree=4
num_leaves=63
num_cat=11
split_feature=5 5 3 5 2 13 5 5 16 16 16 16 16 16 13 20 0 3 17 16 16 16 16 16 4 16 16 2 19 13 17 5 10 16 0 5 5 17 19 4 4 16 0 0 3 17 1 16 20 10 11 13 17 6 16 16 2 20 5 17 16 4
split_gain=259810 43590.9 29395.1 28211.5 18761.2 17597.9 11373.5 6192.4 3952.52 3895.73 3926.35 3831.54 3744.99 3523.05 3439.94 4324.22 3106.62 2987.97 2805.54 2709 2632.9 2542.69 4059.42 2211.79 2188.17 2145.84 3127.28 1999.13 1933.28 1827.49 1568.88 1533.69 1456.89 1419.91 1413.18 1353.56 1350.41 1313.41 1303.82 1289.32 1231.51 1224.68 1157.74 1152.67 1046.08 1040.68 1011.5 1010.1 973.498 969.184 968.472 941.034 922.781 897.867 891.183 889.396 889.013 859.652 783.457 707.799 706.969 899.597
threshold=0.36385127874489581 1.3209278172061627 2.5000000000000004 0.093386627906976757 4.5000000000000009 3.5000000000000004 1.9991142604074403 0.8887738074687842 16.500000000000004 25.500000000000004 44.500000000000007 16.500000000000004 16.500000000000004 9.5000000000000018 1.5000000000000002 0 7.5000000000000009 5.5000000000000009 1 9.5000000000000018 51.500000000000007 25.500000000000004 19.500000000000004 9.5000000000000018 10.500000000000002 25.500000000000004 19.500000000000004 9.5000000000000018 2 5.5000000000000009 3 0.23551077889719427 2.5000000000000004 18.500000000000004 1.0000000180025095e-35 2.9806419383039846 2.4566416040100258 4 5 1.5000000000000002 180.50000000000003 14.500000000000002 40.500000000000007 3.5000000000000004 162.50000000000003 6 1.0000000180025095e-35 21.500000000000004 7 2.5000000000000004 0.012186440794418258 17.500000000000004 8 1.2223767578426832 16.500000000000004 27.500000000000004 1.5000000000000002 9 0.55202732974910407 10 25.500000000000004 33.500000000000007
decision_type=2 2 2 2 2 2 2 2 2 2 2 2 2 2 2 1 2 2 9 2 2 2 2 2 2 2 2 2 9 2 9 2 2 2 2 2 2 9 9 2 2 2 2 2 2 9 2 2 1 2 2 2 9 2 2 2 2 1 2 9 2 2
left_child=2 7 29 4 17 14 25 8 13 33 58 19 23 44 15 16 38 56 50 -6 51 22 35 43 -24 26 49 -13 -18 -1 -25 -14 57 -10 45 -8 -23 -20 -3 -31 46 -16 -30 -5 48 -21 54 -26 59 -7 -15 -12 -35 -33 -19 -43 -4 -9 -11 -2 61 -56
right_child=1 5 3 12 11 6 21 32 9 10 20 27 31 18 41 -17 28 40 37 34 -22 36 24 30 47 -27 -28 -29 42 39 -32 53 -34 52 -36 -37 -38 -39 -40 -41 -42 55 -44 -45 -46 -47 -48 -49 -50 -51 -52 -53 -54 -55 60 -57 -58 -59 -60 -61 -62 -63
leaf_value=0.037448115774289484 0.010264785561892106 0.020005634870940241 0.022448772423095207 0.020963227277723276 0.06201545690372208 -0.023047921775038067 -0.0316244653176255 -0.022367037819251701 -0.0014373525578520226 -0.0015320020199070213 0.0017820670046628008 0.061086770223924759 0.030508215779698835 -0.055601188687087702 0.0036971009598942388 -0.017832282946710559 -0.057166842830503752 0.026721245304739728 0.014095779270814316 0.02430192680223749 -0.016251361068004878 -0.035011981683576075 -0.031803486684046284 0.0029629303466823086 0.0049366225339797882 -0.024444596185505235 -0.0031745892907964115 0.079976085998832602 0.029709275050232482 0.0072929576915314112 -0.024558415316152642 0.021010639891048108 -0.006193159472770559 0.0028058419867154154 -0.01896709034136048 -0.04572008558427941 -0.046670003248553756 -0.01230392235505832 0.067005296221156974 0.014816521051996942 0.089082254282137452 -0.023621639589172114 -0.0079234677901160993 -0.0031830371195957323 -0.0074256139111681142 0.047668570496029052 0.044790424881675575 -0.016562598845962308 -0.0084842925599010535 -0.012044740530617859 -0.026431362562936607 0.012323406041479495 0.015317846107258747 0.0074617098483458905 0.040327999983092694 -0.0067652554401733027 0.032037953189151112 -0.011520648454353733 -0.0087975369445140103 -0.0020182884869578313 0.034696891350033038 0.071940642578038158
leaf_weight=7030.0216221809387 30210.416861534119 2110.3651113510132 47768.085328102112 14920.610027551651 19355.448963880539 69942.071687221527 50033.044837474823 19932.735396385193 24115.057244539261 53250.017013072968 33012.360638856888 37367.595809221268 25356.652002811432 3337.9752948284149 15514.605655908585 7111.174619436264 941.43213677406311 21899.263443470001 5190.2024598121643 7543.1358416080475 12116.070748329163 49074.954346418381 13401.034409761429 11269.099599838257 10597.648929834366 112572.71971797943 39106.571670293808 22437.918972969055 6367.5293462276459 100089.45107412338 9570.9070708751678 29721.76423740387 153971.28367495537 19304.542531728745 1096.0534567832947 25834.921796560287 50349.854801654816 50340.020423173904 5141.4569189548492 132112.93473529816 1245.8029856681824 12835.447323322296 3008.960497379303 7390.0170307159424 53668.184183597565 13338.738001823425 42843.032184123993 11274.978215456009 16635.038111209869 28039.810129642487 19303.545898914337 59027.875882863998 62512.173740148544 20776.461910009384 6905.4135284423828 20048.85024189949 48958.902832984924 221377.37364530563 122372.20928478241 19166.650798559189 21635.261785984039 3342.8169598579407
leaf_count=4125 7572 950 35376 3661 5959 19191 16276 6153 4869 11008 6582 12519 5294 756 3830 3381 221 12320 1126 2192 2564 15858 6652 2446 3376 27660 9484 5724 1661 87967 2030 6743 26488 4188 196 12101 19693 10752 2233 107411 704 2849 546 1252 8673 4061 18813 3429 4483 5203 4220 12771 12783 4210 4177 4811 21768 50799 25191 4733 11692 2215
internal_value=-3.96984e-05 -0.0114275 0.0262916 0.0343425 0.0426148 -0.0229285 -0.0265478 -0.00516129 -0.00188823 0.00105893 -0.00203308 0.0600835 0.0137852 -0.00763366 -0.000135651 0.0150549 0.0283599 0.0335355 -0.0158891 0.0483746 0.00565827 -0.0351066 -0.0299092 0.00202507 -0.0158944 -0.0193291 -0.0151283 0.0681749 0.010748 0.0123341 -0.00968736 0.020475 -0.00999335 0.00922522 0.0363591 -0.0364249 -0.0409161 -0.00983414 0.0534525 0.0115736 0.0396951 -0.0078822 0.0176144 0.0129654 -0.00224134 0.0392639 0.0390574 -0.00614612 0.00197355 -0.0198993 -0.0307205 0.00854257 0.0123679 0.0154365 0.0344898 -0.0133452 0.0273027 -0.0124181 -0.00659459 0.00549749 0.0398247 0.0506456
internal_weight=2.16613e+06 1.51215e+06 653975 414743 295737 533307 460228 978844 583562 385710 279779 101139 119006 197852 73079.8 24680.9 17569.7 194599 78171.7 41333.4 104156 210566 111142 43150.6 35273.7 249661 137088 59805.5 10317.9 239232 20840 75854.9 395281 105932 21977.9 75868 99424.8 55530.2 7251.82 232202 97871.6 48398.9 9376.49 22310.6 119680 20881.9 96625.8 21872.6 66012.1 97981.9 22641.5 92040.2 81816.7 50498.2 53782.8 32884.3 96727 241310 175622 49377.1 31883.5 10248.2
internal_count=727971 365116 362855 163352 137716 159405 138923 205711 122271 79956 58116 30651 25636 42315 20482 8992 5611 107065 16854 12408 21917 77385 41834 9389 13457 61538 33878 18243 2428 199503 4476 16247 83440 21840 6449 28377 35551 11878 3183 195378 49921 11490 2207 4913 25461 6253 49217 6805 16788 24394 4976 19353 16971 10953 30404 7660 57144 56952 36199 12305 18084 6392
cat_boundaries=0 1 5 6 10 13 14 18 19 23 24 28
cat_threshold=22 3238039808 2961585984 138420992 4352 540672 538977152 786432 805666816 16417 1048720 16384 536938640 540673 2148573512 2416064000 205529856 1280 22 3241181184 413760 1279268752 1281 1 1611671184 656392 606439489 541225
is_linear=0
shrinkage=0.05


Tree=5
num_leaves=63
num_cat=9
split_feature=5 5 2 12 5 2 12 13 5 5 20 20 16 5 16 7 9 9 19 9 7 2 16 16 9 16 16 16 16 9 16 16 17 12 16 17 16 16 12 9 12 9 16 17 17 16 16 16 5 12 13 16 16 8 16 9 19 16 13 5 19 9
split_gain=231860 42158.4 30617.9 21953.6 19845.2 11788.2 11699.9 6752.21 6464.4 5670.28 3915.99 3412.74 3264.09 2887.42 2851.06 2716.89 2701.29 2472.77 2073.82 1901.37 1883.33 1849.81 1756.01 1707.72 2406.63 1635.69 1799.19 4790.48 1924.12 5246.74 1520.69 2944.79 1506.65 1492.77 1471.05 1331.32 1276.5 1225.88 1193.66 1403.83 1193.19 1140.65 1116.97 1067.37 1056.89 1050.62 1026.89 985.709 976.521 903.073 808.171 804.684 799.943 782.8 886.698 1557.96 782.736 765.45 749.855 744.522 741.941 732.059
threshold=0.30783332158217591 1.3209278172061627 1.5000000000000002 0.081672468544343471 0.093386627906976757 4.5000000000000009 0.35818602541409894 1.5000000000000002 2.1715559802516329 0.66718668746749887 0 1 16.500000000000004 0.5718253968253969 16.500000000000004 21.500000000000004 0.071661998132586377 0.99978194505015272 2 0.85009363295880158 61.500000000000007 8.5000000000000018 51.500000000000007 10.500000000000002 0.10403138528138529 45.500000000000007 25.500000000000004 18.500000000000004 9.5000000000000018 0.18756898454746138 25.500000000000004 19.500000000000004 3 0.23871825827920304 48.500000000000007 4 10.500000000000002 44.500000000000007 0.30015007561333168 0.59585213840533002 0.25004167594759602 0.80704574942178608 14.500000000000002 5 6 9.5000000000000018 16.500000000000004 44.500000000000007 0.45680725049736653 0.37934411649123229 2.5000000000000004 14.500000000000002 49.500000000000007 1.1817749329642766 9.5000000000000018 0.20021551724137934 7 25.500000000000004 32.500000000000007 1.5846096929337776 8 0.91385019410824408
decision_type=2 2 2 2 2 2 2 2 2 2 1 1 2 2 2 2 10 10 9 10 2 2 2 2 8 2 2 2 2 10 2 2 9 2 2 9 2 2 2 10 2 8 2 9 9 2 2 2 2 2 2 2 2 2 2 10 9 2 2 2 9 10
left_child=2 6 17 7 5 33 9 10 30 20 15 -9 16 35 23 18 36 40 -3 50 48 -14 25 -6 -25 26 27 28 -11 -30 31 56 37 -4 -27 47 -7 57 39 -10 -1 -36 -21 -29 51 -18 53 -8 -2 -16 -13 -31 -43 54 -22 -56 -5 58 -15 -32 -26 -17
right_child=1 3 4 8 14 12 13 11 38 22 -12 19 21 32 49 61 45 -19 -20 42 46 -23 -24 24 60 34 -28 43 29 44 59 -33 -34 -35 41 -37 -38 -39 -40 -41 -42 52 -44 -45 -46 -47 -48 -49 -50 -51 -52 -53 -54 -55 55 -57 -58 -59 -60 -61 -62 -63
leaf_value=0.017475684549409558 0.014944648624132296 -0.02427795906911347 0.040738952638739556 -0.020473256949995154 0.014121665916439164 0.044560497897979813 -0.0020360154357220057 -0.026670131083573762 -0.014078872872366447 -0.0020258173086101657 -0.016989278046389313 0.015555156631834714 0.056580136577315192 -0.021076409524622503 0.027005256430782932 0.040755189288033539 0.061562783751119302 0.022300500861736836 0.046032663224404073 -0.0064096727079569248 -0.0044486059556572187 0.07425906547453115 -0.025159988409335973 -0.082095346258645549 -0.014167091525581071 0.0097270970383884405 -0.0093478825832480263 0.01233454042649087 -0.065105755737801072 0.0022308210204085295 -0.024703844913539972 -0.0074529344421058038 -0.023374034307624719 0.030030006795116405 0.0035927774760989928 -0.011790437695590886 0.0039349740313059725 -0.0022171349083218192 -0.04464409418289858 -0.038519545289212698 0.0094797607199653289 -0.041566250294834989 -0.017215946812622781 0.0014739513611967941 -0.014822570476717922 0.043761250691366313 0.0029913204998079294 0.020535218931014926 0.0060005999237848339 0.012513745814636476 -0.0045990417844546392 -0.011571430031102375 -0.010167318438931641 0.0029059964977741475 -0.10314562378835904 -0.020417803810767399 -0.030904869943884913 -0.020591106777255244 -0.0089827812340816989 -0.033550351706675932 0.010400303093570115 -0.012410640670427556
leaf_weight=66387.681836605072 45189.161224842072 1151.4523899555206 55273.500558376312 32123.018783330917 15927.790684700012 3225.6787006855011 34528.142367362976 37651.009298086166 7497.1271667480469 93003.952905893326 6970.7911012172699 5492.7227222919464 33144.210032701492 17492.831367731094 34927.407284021378 765.59184312820435 16296.839065551758 75935.957986354828 11449.599645853043 34734.192836284637 9959.7831473350525 26770.383942842484 9795.3167445659637 1065.3441112041473 7315.0150918960571 39046.884372711182 148008.3785815239 45345.308676242828 4460.1277132034302 23838.893668413162 41267.797102928162 28582.223897457123 57670.766746997833 79183.984219074249 13770.354104042053 39646.482969760895 4825.4782176017761 19818.947161912918 67799.657969713211 27184.48454117775 157001.02298974991 2723.6012606620789 76764.976003408432 45158.534135341644 45638.917930841446 16900.474032878876 81406.537883758545 5624.004453420639 94001.704595088959 15535.029908895493 52586.756126403809 18956.565773010254 7943.4644906520844 10300.588067531586 616.05200862884521 7340.8014712333679 41520.493132829666 46770.05681014061 47963.010012388229 56195.581363916397 5284.525053024292 4166.040087223053
leaf_count=62522 11254 439 24148 9129 3485 979 7789 13511 2619 18747 3329 1304 11243 3793 7379 158 5044 44849 4204 9255 1629 7041 1944 226 1523 7811 28999 8833 951 4577 11308 8349 13550 34899 2731 8981 1305 4866 26921 8836 140405 613 18860 9025 9496 5079 12603 1374 24011 3375 11187 3627 1769 1570 104 1191 12765 10701 11510 16622 1122 809
internal_value=-1.35155e-05 -0.0103208 0.0259628 -0.0216964 0.0368264 0.0441338 -0.00434304 -0.0101187 -0.0305753 -0.00111911 0.0147015 -0.0130535 0.0570274 -0.0132727 0.0153186 0.0272957 0.0462005 0.0145058 0.0396237 -0.010028 0.00504396 0.0644803 -0.00420027 0.00299679 -0.00997046 -0.00377942 -0.0048991 -0.00251684 -0.0071097 -0.0121995 -0.025336 -0.0210751 -0.0166291 0.0344326 0.00370597 -0.00529288 0.020215 -0.0136803 -0.040784 -0.0332368 0.0118561 -0.00591478 -0.0138497 0.00691705 -0.00953049 0.0525018 0.000142223 0.00112563 0.00890443 0.0225443 -0.00269277 -0.00388221 -0.0181875 -0.00807722 -0.0143915 -0.0268351 -0.026362 -0.0157059 -0.012215 -0.0298049 -0.00386597 -0.00415053
internal_weight=2.16492e+06 1.54992e+06 615000 533904 315676 235621 1.01602e+06 231733 302170 746505 24503.5 207230 101163 269514 80055.1 17532.7 41248.5 299325 12601.1 169579 248815 59914.6 497690 29592.7 13664.9 487895 424411 276402 185898 92894.5 199689 102226 189716 134457 63484.3 79798.6 8051.16 132045 102481 34681.6 223389 24437.4 111499 90503.8 88434.4 33197.3 109624 40152.1 139191 50462.4 58079.5 42795.5 10667.1 28217.2 17916.6 7956.85 73643.5 112226 65455.8 97463.4 12599.5 4931.63
internal_count=728278 373654 354624 159605 106848 89738 214049 63056 96549 151485 8939 54117 30691 62564 17110 5610 12407 247776 4643 40606 52362 18284 99123 6356 2871 97179 84255 55256 37398 18651 58173 30243 44420 59047 12924 18144 2284 30870 38376 11455 202927 5113 28115 17858 17700 10123 17097 9163 35265 10754 12491 8204 2382 4494 2924 1295 21894 26004 15303 27930 2645 967
cat_boundaries=0 1 2 3 7 11 15 19 20 21
cat_threshold=22 1 540672 1610614416 545824288 874872873 672041 1611662976 8913416 876675104 540960 536872856 622624 805677105 549376 9432 32768 606406705 550433 235562 284097
is_linear=0
shrinkage=0.05


Tree=6
num_leaves=63
num_cat=13
split_feature=5 5 3 0 12 2 12 5 13 20 16 20 5 16 19 3 1 2 0 17 17 16 5 16 7 7 16 16 16 16 16 17 3 20 6 16 5 16 16 12 2 16 19 16 12 17 17 0 5 13 17 19 8 13 12 16 17 16 16 12 2 16
split_gain=210141 37406.8 27697.8 22032.4 21347.7 12479.3 9473.03 6320.97 6231.7 4405.93 3641.97 3431.69 3180.18 2670.2 2589.04 2545.61 2506.02 2359.88 2252.14 2046.05 1928.67 1872.42 1712.45 1572.52 1467.08 1452.4 1302.34 1549.7 1285.26 4295.37 1501.1 1576.09 1273.01 1259.28 1201.89 1164.26 1114.78 1081.54 1052.42 1003.89 1003.64 934.417 926.327 921.619 921.536 918.971 909.495 912.992 890.476 854.19 823.146 816.124 803.999 794.041 786.658 775.281 749.767 815.539 749.086 741.857 741.093 734.686
threshold=0.3337899543378996 1.1362535377402234 3.5000000000000004 1.0000000180025095e-35 0.19598002090343455 5.5000000000000009 0.37332997648746208 2.0024449877750619 1.5000000000000002 0 16.500000000000004 1 0.63169856459330154 48.500000000000007 2 1.5000000000000002 1.5000000000000002 2.5000000000000004 40.500000000000007 3 4 44.500000000000007 0.16064516129032261 10.500000000000002 117.50000000000001 5.5000000000000009 51.500000000000007 45.500000000000007 25.500000000000004 18.500000000000004 9.5000000000000018 5 35.500000000000007 6 1.9993377483443711 15.500000000000002 0.60658751205400196 16.500000000000004 49.500000000000007 0.46560700635080193 14.500000000000002 48.500000000000007 7 9.5000000000000018 0.38648400104686292 8 9 144.50000000000003 2.0024449877750619 4.5000000000000009 10 11 1.1868409368409372 2.5000000000000004 0.22272896897039615 10.500000000000002 12 18.500000000000004 9.5000000000000018 0.33356365961635204 1.0000000180025095e-35 49.500000000000007
decision_type=2 2 2 2 2 2 2 2 2 1 2 1 2 2 9 2 2 2 2 9 9 2 2 2 2 2 2 2 2 2 2 9 2 1 2 2 2 2 2 2 2 2 9 2 2 9 9 2 2 2 9 9 2 2 2 2 9 2 2 2 2 2
left_child=2 6 15 5 8 17 12 33 11 48 20 -3 24 25 -13 49 35 32 42 21 -5 36 -12 -22 56 53 27 28 29 30 -14 -32 59 -6 -9 55 -8 43 -15 -19 -39 -29 -16 -18 -24 -35 -27 51 -10 -1 -31 -48 -33 -11 -17 -7 -2 58 -58 -4 -34 -43
right_child=1 4 3 10 7 16 19 34 9 13 22 14 26 38 18 54 37 39 -20 -21 23 -23 44 -25 -26 46 -28 41 -30 50 31 52 60 45 -36 -37 -38 40 -40 -41 -42 61 -44 -45 -46 -47 47 -49 -50 -51 -52 -53 -54 -55 -56 -57 57 -59 -60 -61 -62 -63
leaf_value=0.032109130460954233 0.010887837318327646 -0.021423488428720498 0.032267818073508168 0.012292087795076324 -0.036882790459659628 0.048153562685129145 -0.0047624627693874395 -0.037201345115840938 -0.021333732427159455 0.014116905838861507 0.040133577461356824 -0.034698939610372979 -0.0010242606215214738 -0.034183631396034864 0.024644860518599435 0.024887094571383044 0.067337388119147079 0.043774563477717965 -0.010045979098070923 -0.019059245591940142 0.0026745640980051877 0.0043495258860903408 0.021936805645067097 -0.027450997761545894 -0.0012885367118038069 -0.014545765590851132 -0.022017736353978853 0.010275381117673269 -0.0072130830183522081 0.013781348015123821 -0.025290122744448765 -0.012317950769899132 0.12820541666645241 -0.017622373905148501 -0.0503914028241658 0.055304310647937484 -0.014492390354164704 0.06615970324704265 -0.01487012358958586 0.031641565286373949 0.087780795314883253 -0.021277184409823041 0.050402584139176948 0.045322800213248512 0.0075304522661492311 -0.025631435882783129 -0.021662143958431797 -0.013176238671781715 -0.034440023125198602 0.0085173474284027176 0.0036582298642022539 -0.003871526938260822 -0.00137560622059306 -0.020393443347755454 0.01567504588896719 0.022769226681214366 0.0047833627446767423 0.0083740723657409252 -0.013876828343907788 0.023100466959486966 0.051368550862268873 0.0017379512762494634
leaf_weight=3921.3288745880127 84734.693574905396 5589.4144952297211 45216.316784381866 20099.451999664307 18304.141530752182 5754.5711524486542 45023.475906848907 64959.238089799881 42127.334854602814 1754.9113264083862 10146.440617084503 1747.4170551300049 83804.486212253571 15187.161989688873 7119.88401222229 35867.205584049225 9344.5148727893829 58988.038431167603 3028.3967576026917 71217.637026548386 10011.484261512756 23006.970398426056 38081.80889749527 7634.2893927097321 62149.228239059448 40313.244692325592 8367.1381394863129 37052.90428519249 134373.44124341011 37171.010563373566 14820.027565717697 36509.912425279617 445 53283.895437955856 23542.072713375092 16585.462480783463 85047.815989017487 21905.609225511551 13174.581367731094 23999.729627609253 7127.3782253265381 4281.4781696796417 6998.6954996585846 9702.7051510810852 15669.348707675934 110827.67873120308 6721.9109120368958 38847.057465553284 18725.012934207916 176330.08758163452 43717.913673877716 152239.12336063385 31075.131117105484 32957.240218639374 65517.519154548645 6308.086626291275 11178.852020740509 32204.927012681961 10363.156287670135 43141.094500541687 1068.4652462005615 18219.68167090416
leaf_count=2316 19709 2721 27988 4374 6566 1784 10050 24235 13367 694 1997 583 17184 3150 2668 23475 2750 23107 549 16525 2134 5674 8140 1566 9016 9052 1722 7405 26754 7369 3179 8124 445 14317 9192 5115 19967 6755 3145 9421 1722 971 2398 2718 3448 31783 1661 5091 7300 156251 8853 31968 5655 14531 43820 1856 2658 7603 2458 26787 564 3786
internal_value=4.04885e-05 -0.00997317 0.0242772 0.0336439 -0.0189837 0.0416354 -0.00319761 -0.0297456 -0.0114408 -0.0130917 0.0140201 0.012972 -0.000140399 -0.0106112 0.0231467 0.0125959 0.0584168 0.0341863 0.0290601 -0.0120576 0.00170566 -0.00879823 0.0212943 -0.0103539 0.00509373 -0.00909362 -0.00247717 -0.0021064 -0.00327748 -0.00113726 -0.00573613 -0.0105279 0.0285716 -0.0244257 -0.0407105 0.0467067 -0.0111245 0.0653929 -0.025213 0.0402662 0.0714704 0.00539485 0.037469 0.0561261 0.0177373 -0.0230324 -0.0077007 -0.00630455 -0.025363 0.00903076 0.00831239 -0.00462557 -0.00728575 -0.0186484 0.0189342 0.034882 0.00795802 0.00333626 -0.00419367 0.0277921 0.0740304 -0.00264208
internal_weight=2.16463e+06 1.53177e+06 632866 351230 657448 249587 874320 270917 386531 362048 101643 24483.8 650024 301195 18894.4 281636 76728.3 172859 17147 224296 37745.2 153078 63897.6 17645.8 200631 272833 449393 441026 381472 247098 166210 82405.1 89870.9 182416 88501.3 28648.1 130071 48080.2 28361.7 82987.8 29033 59554.1 14118.6 19047.2 53751.2 164112 238121 197808 60852.3 180251 80888.9 158961 67585 34712.2 101385 12062.7 138482 53746.9 21542 88357.4 1513.47 22501.2
internal_count=728166 369633 358533 132671 184971 111012 184662 86093 98878 89959 21659 8919 132446 69292 6198 225862 22700 88312 5615 52216 8074 35691 13585 3700 41444 62997 91002 89280 77118 50364 34142 16958 55784 52666 33427 8755 30017 13945 6295 32528 8477 12162 5066 5468 11588 46100 47772 38720 20667 158567 16222 33629 13779 15225 67295 3640 32428 12719 5116 54775 1009 4757
cat_boundaries=0 1 2 3 7 11 15 16 17 21 25 29 30 34
cat_threshold=1 1 540672 1610614416 545818144 874874921 672041 1628439424 786432 807763968 16425 3221229824 2952803904 138449408 256 1 206595 1073742480 8985632 876675080 680197 3241185280 2953070080 67117025 36932 536871832 8421416 805611569 549376 540672 537928336 268730368 879044763 550817
is_linear=0
shrinkage=0.05


Tree=7
num_leaves=63
num_cat=10
split_feature=0 3 12 4 2 0 3 10 0 2 19 19 9 0 0 17 17 10 12 16 4 12 9 2 16 15 10 0 0 10 0 2 9 4 16 16 0 12 12 6 3 0 14 0 16 21 2 17 16 4 2 16 21 4 19 2 4 12 0 17 17 16
split_gain=172914 42020.9 25186.8 11610.3 6929.3 6050.48 4701.07 4195.27 4487.58 3478.16 3335.04 2644.47 2029.94 1974.09 1956.26 2089.18 1883.48 1726.45 1610 1523.21 1494.69 1376.37 1343.83 1265.26 1211.41 1125.55 1104.91 1080.48 1072.63 1069.03 1057.04 1055.33 1050.32 1047.88 1019.07 2039.9 1002.25 916.906 875.269 859.979 1236.73 1623.34 965.628 1409.2 820.766 819.814 771.792 767.979 746.122 740.752 714.653 677.03 658.595 647.889 646.094 643.183 640.058 637.041 628.252 610.165 609.851 607.745
threshold=1.0000000180025095e-35 5.5000000000000009 0.25004167594759602 12.500000000000002 6.5000000000000009 1.5000000000000002 2.5000000000000004 1.5000000000000002 1.5000000000000002 7.5000000000000009 0 1 0.1786393264530147 59.500000000000007 103.50000000000001 2 3 1.5000000000000002 0.19598002090343455 15.500000000000002 5.5000000000000009 0.085731796198349988 0.4997273718647765 8.5000000000000018 11.500000000000002 65.500000000000014 1.5000000000000002 43.500000000000007 1.5000000000000002 3.5000000000000004 73.500000000000014 11.500000000000002 0.18756898454746138 137.50000000000003 25.500000000000004 18.500000000000004 46.500000000000007 0.059084398508479415 0.42899813416380667 2.953306686046512 9.5000000000000018 2.5000000000000004 1.0000000180025095e-35 10.500000000000002 14.500000000000002 4 2.5000000000000004 5 44.500000000000007 8.5000000000000018 11.500000000000002 12.500000000000002 6 31.500000000000004 7 1.0000000180025095e-35 78.500000000000014 1.0000000180025095e-35 1.5000000000000002 8 9 48.500000000000007
decision_type=2 2 2 2 2 2 2 2 2 2 9 9 10 2 2 9 9 2 2 2 2 2 10 2 2 2 2 2 2 2 2 2 10 2 2 2 2 2 2 2 2 2 2 2 2 9 2 9 2 2 2 2 9 2 9 2 2 2 2 9 9 2
left_child=1 6 7 20 18 9 22 11 23 -5 26 -2 19 16 15 34 21 27 33 24 -4 39 -1 -9 -6 37 -7 53 -22 61 38 -14 -20 60 35 44 -28 -17 -19 40 -13 50 -41 52 51 -18 -8 -34 -36 -23 -42 -10 57 -12 -11 -35 -39 -44 -51 -40 -3 -16
right_child=2 4 3 5 12 10 46 8 14 54 17 13 31 -15 29 25 45 30 32 -21 28 49 -24 -25 -26 -27 36 -29 -30 -31 -32 -33 47 55 48 -37 -38 56 59 42 41 -43 43 -45 -46 -47 -48 -49 -50 58 -52 -53 -54 -55 -56 -57 -58 -59 -60 -61 -62 -63
leaf_value=0.008362796006450934 -0.020092332850548129 0.04849907475332596 -0.041466244508876773 -0.010763440746198614 0.048479158827221869 -0.016042520535133636 0.020775056701107006 0.0060712493569389861 0.0022052061725587216 0.0192394364113288 -0.029819327395996444 -0.01757090384742295 0.055333376486284773 -0.020499924171378338 -0.011344320460877431 -0.0017149461375012129 -0.006872745058696398 -0.010882326250657524 0.023097830280904591 0.062090568862905517 -0.021027198314934659 -0.028042088702200419 0.017382885456488324 0.027695191661198621 0.0045082293335615585 0.0035131797297925991 -0.0046876834333237898 -0.043487345823179417 -0.036770234083416231 -0.0037038280708201789 -0.026598204643972025 0.069903259252207958 0.039922602162274959 0.1640259156027373 -0.0044894338498033624 0.014778704966718223 -0.017945788183771249 -0.013994422739484924 -0.022754434301234628 -0.028161963554524327 0.0059775900335596252 -0.0027997034022563326 0.047751071438275117 -0.00047099977418943142 -0.0065376280197621348 -0.015004256208170084 0.030973799896421531 0.027356570071316644 0.0051643699000270635 0.0051807809467865513 0.025906411310812033 0.016556225496917112 0.0096031382758673886 -0.020309356904419693 0.0055294027248204321 0.071672009574669474 -0.0054344886273288888 0.019184872382057915 -0.010466958187317424 -0.014386547001894826 0.037392103958599647 -0.03115138281603021
leaf_weight=186363.77538871765 36861.12508392334 23680.869723558426 35881.542709350586 38880.086407423019 2617.3042335510254 46752.608820199966 73034.009283065796 11484.7567050457 46157.513193845749 13817.534443855286 23483.396647930145 10449.499252557755 31280.929787158966 22120.401985645294 42815.231199264526 116697.62459897995 118195.8689558506 81848.095802545547 22105.740788698196 3774.5576109886169 25411.694434642792 4728.8358631134033 53045.632953643799 16461.198204517365 3899.4550156593323 51490.849547624588 88902.15691781044 6581.2058215141296 18849.954390287399 83006.194471359253 20621.558748722076 20668.913892030716 38803.329508543015 234 51085.670668363571 46023.507873773575 16975.951758384705 32608.167300462723 38860.945969581604 1728.7698698043823 11808.521503210068 73467.479604721069 3306.911803483963 15116.505572557449 22520.997158288956 42049.738835811615 24874.212991714478 18060.671028852463 32906.450578927994 8209.5148763656616 7266.7731869220734 9997.6646349430084 6701.4475755691528 75542.147681951523 22777.075107812881 976.78224587440491 66123.735751152039 4766.0309743881226 29329.654071092606 50056.712710142136 27210.539234161377 4257.4278154373169
leaf_count=169478 11436 10860 18410 15403 749 11482 47427 3987 9246 3786 7327 4636 9653 3350 5833 24498 33336 17547 12760 1124 10999 2204 30166 4370 1002 9597 19392 1039 6879 10465 2862 5250 16536 234 9764 8886 2477 8805 8460 735 4058 15526 1412 3104 4406 13597 10093 7823 6418 2954 1825 1961 2325 17502 6219 412 12719 1282 7153 11117 12993 586
internal_value=-1.21918e-05 0.024788 -0.00806103 -0.0161557 0.0433743 -0.0134502 0.0141362 -0.00330331 -0.000779987 -0.000350267 -0.0156492 -0.00733975 0.057112 -0.00603046 -0.00168384 -0.000197776 -0.00508117 -0.0187364 0.0368504 0.0368181 -0.0338818 -0.00152355 0.0103614 0.0188091 0.0221729 -0.00312789 -0.00963996 -0.0238691 -0.0277325 -0.00711733 -0.0159051 0.0611314 0.0323483 0.0436735 0.00354987 0.00641754 -0.00681357 -0.00471536 -0.0146136 0.000947884 -0.00126649 0.000574695 0.00816041 0.010262 0.00152635 -0.0090074 0.0233664 0.0359439 -0.000707248 -0.0093946 0.0135705 0.00476046 0.0212429 -0.0225649 0.0107132 0.0896413 -0.00826169 0.0308527 -0.00704488 -0.0180481 0.0425781 -0.0131364
internal_weight=2.16562e+06 530631 1.63499e+06 605243 193313 525099 337318 1.02974e+06 633637 75474.7 449625 396107 62241.2 359246 605691 475612 337126 296994 131072 10291.3 80143.2 176880 239409 27946 6516.76 266920 152631 105607 44261.6 130079 191387 51949.8 78969.7 52102.2 208692 124700 105878 215430 170766 134612 102992 92542.8 31619.7 29890.9 78676.2 160246 97908.2 56864 83992.1 42268 19075.3 56155.2 14774.4 99025.5 36594.6 1210.78 98731.9 8072.94 37539.2 88917.7 50891.4 47072.7
internal_count=727935 336560 391375 160901 79396 124613 257164 230474 121541 25408 99205 108933 17778 97497 113184 96300 94147 65854 61618 2875 36288 47214 199644 8357 1751 55619 33351 25868 17878 16884 39986 14903 37119 24499 40681 24499 21869 46022 37124 34903 26045 21409 8858 8123 15613 46933 57520 24359 16182 12311 5883 11207 5019 24829 10005 646 21524 2694 10107 19577 23853 6419
cat_boundaries=0 1 2 6 10 12 16 18 19 23 27
cat_threshold=174090 1589264 553657240 536903713 805639176 681480 536897254 9011241 872679440 550632 875393239 237826 536880768 9207808 872775697 540968 2640083 1024 112650 18887432 2416320832 138453783 1536 536880848 276841472 69503489 16936
is_linear=0
shrinkage=0.05


Tree=8
num_leaves=63
num_cat=9
split_feature=5 5 3 5 12 2 12 5 20 16 5 14 3 7 16 9 3 17 19 3 16 12 5 9 20 14 16 16 9 16 16 16 16 16 16 16 16 19 7 3 6 19 16 3 17 12 9 5 5 12 9 5 9 16 12 5 12 12 17 9 16 17
split_gain=173276 29600.9 17673.9 23185.6 16929.5 12031.7 9115.49 5131.68 4282.48 3386.83 3282.78 3133.28 4673.23 2690.61 2616.06 2471.41 2249.96 1784.52 1730.97 1617.05 1554.74 1491.33 1450.23 1438.07 1309.55 1287.85 1271.94 2732.67 1608.73 5349.89 1267.82 2820.33 1257.16 1891.84 1247.76 2590.64 1192.94 1119.45 1225.75 1100.31 1059.88 1046.6 918.17 1031.01 910.554 894.764 891.613 881.074 850.283 804.631 794.924 758.717 757.533 736.902 724.966 703.284 699.442 697.404 660.328 656.542 655.303 642.953
threshold=0.40026881720430113 1.3209278172061627 2.5000000000000004 0.12579113924050636 0.071182499983960271 3.5000000000000004 0.35818602541409894 2.0024449877750619 0 16.500000000000004 0.85737142857142867 1.0000000180025095e-35 12.500000000000002 59.500000000000007 9.5000000000000018 0.1786393264530147 12.500000000000002 1 2 8.5000000000000018 16.500000000000004 0.35023350347550891 1.0000000180025095e-35 0.58430350615946947 3 1.0000000180025095e-35 18.500000000000004 25.500000000000004 0.11119139370584459 10.500000000000002 25.500000000000004 19.500000000000004 44.500000000000007 51.500000000000007 25.500000000000004 19.500000000000004 44.500000000000007 4 74.500000000000014 6.5000000000000009 2.9987562189054731 5 15.500000000000002 60.500000000000007 6 0.10006254591029957 0.33305036785512171 3.9906542056074774 0.80046296296296304 0.35448367206434356 0.4997273718647765 1.0000000180025095e-35 0.88002123142250543 10.500000000000002 0.16523468842716002 0.89805366591080882 0.12954593110883941 0.23338001772582381 7 0.84216632067407504 9.5000000000000018 8
decision_type=2 2 2 2 2 2 2 2 1 2 2 2 2 2 2 10 2 9 9 2 2 2 2 10 1 2 2 2 10 2 2 2 2 2 2 2 2 9 2 2 2 9 2 2 9 2 10 2 2 2 10 2 10 2 2 2 2 2 9 10 2 9
left_child=2 6 25 5 8 19 10 34 52 14 26 39 18 21 54 22 -11 36 47 46 -15 41 -16 -14 -12 50 28 -28 29 -2 31 57 -29 59 35 61 55 -25 -39 -10 -33 -5 53 -44 -30 -26 -4 -13 -19 -18 -1 56 -3 -21 -7 -8 -17 -9 -56 -34 -46 -6
right_child=1 4 3 13 7 9 17 30 11 16 24 12 23 20 15 51 49 48 -20 42 -22 -23 -24 37 45 -27 27 32 44 -31 -32 40 33 -35 -36 -37 -38 38 -40 -41 -42 -43 43 -45 60 -47 -48 -49 -50 -51 -52 -53 -54 -55 58 -57 -58 -59 -60 -61 -62 -63
leaf_value=0.0076623938096339883 -0.0011747393685040556 -0.014711112866545271 0.017609596806092614 0.0099305299019293389 -0.019217110722144673 0.059111486977773221 -0.0064783002407801773 -0.026799664584177915 -0.025871524051134999 0.041426380291593901 -0.01496275320430672 0.019519785520245199 0.011208792838708057 -0.011973908357429092 0.0065439705186335767 0.049727657760335872 0.063484128837299994 -0.012777340879037216 0.010230704761402358 0.03377716730405695 0.0070860408123673896 0.007274376226689673 -0.074875868100761397 -0.039248103427490612 -0.0022747041816393956 0.029192203019167036 0.012779579925448984 -0.0027189459300462583 0.0057284732268868769 -0.089744275911309901 -0.039782292501709976 -0.0071735395767438901 0.013333939676632135 -0.01707885656352465 -0.025639751431417571 -0.005000623342907887 0.0048234270948965818 0.0010961419789157886 -0.014914907263686099 -0.009093520155265461 -0.038819598084893457 0.024318523895102542 0.038447317087442229 0.10397837223522484 0.0010715547623484263 -0.0083219436622387691 0.026220345784421763 0.053081896539757936 -0.020523844568928612 0.050352378492114783 0.014953999361368757 0.00189826552137752 -0.028608318437587727 0.010611813961353635 0.051547679128718618 -0.015912947178193956 0.029778057145159229 -0.04153951136426462 0.031804036144944446 0.0033813200991042718 -0.0076528417988353074 -0.028911598495491183
leaf_weight=183745.03700304031 7237.5626907348633 16703.331352710724 49627.439659118652 18228.751816034317 49049.787800073624 8802.4604616165161 54396.163507461548 11561.784487724304 11098.396159648895 30204.81945514679 30582.899317264557 3047.3348529338837 12326.873580932617 16359.23782491684 6329.7331030368805 6761.9305231571198 31987.065572738647 80443.174694538116 9875.9769396781921 8259.7617497444153 30920.04133605957 38018.685851573944 597.62472820281982 2674.0585560798645 204012.70568132401 8299.3664426803589 63856.741067171097 106982.41965651512 38528.281724691391 2229.3959851264954 60330.253383636475 14587.651587247849 34298.95844745636 8093.2088370323181 97026.671310901642 28794.798031330109 16386.461421251297 26696.893049716949 21644.382000923157 81726.434577941895 3231.2105021476746 41583.455033063889 25078.437549114227 614.32681608200073 40940.571005105972 87363.566406011581 76301.146770477295 5465.1656279563904 63308.791041374207 18409.436009645462 46925.159028530121 1698.0080146789551 23759.480791568756 5876.3311829566956 8429.7427883148193 31015.735305309296 12567.838614225388 26293.937117099762 8869.3219089508057 32058.412966966629 45380.141411066055 26515.329942464828
leaf_count=167346 1644 5821 36311 4484 14325 2844 12250 3542 5464 10801 8196 1014 2422 2682 1856 2177 9323 18764 3859 4347 4913 9293 109 578 38052 5289 12928 21220 7835 492 20222 5374 6573 1646 27981 8429 3977 5940 3369 18808 1663 10070 13682 391 8599 18257 38233 2194 14914 5536 26765 320 9556 3073 2760 7223 4060 10451 2785 6819 9463 8139
internal_value=1.14028e-05 -0.00961209 0.0208124 0.0266966 -0.0190449 0.034624 -0.00430955 -0.0263834 -0.0082123 0.0457258 -0.00140756 -0.00481374 0.00232506 0.0102847 0.0360417 0.0254116 0.0522201 -0.0126008 0.0245145 0.0256048 0.00049094 0.0150178 -0.000489931 -0.00411689 -0.00512139 0.00984211 0.0017423 0.003884 -0.00216891 -0.0220395 -0.0347603 -0.0293178 0.000753082 0.00574221 -0.0215579 -0.0177626 -0.00753295 -0.00782019 -0.00607157 -0.0110998 -0.012914 0.0199395 0.0343866 0.0400182 -0.000662013 -0.00408773 0.0228271 0.0410227 -0.0161879 0.0586883 0.00914578 0.0339442 -0.0228663 0.0241488 0.0474252 -0.00990446 0.036759 -0.0370385 0.0414756 0.00852578 -0.00351462 -0.0226256
internal_weight=2.16402e+06 1.47952e+06 684495 445526 532410 300415 947115 317391 215018 134658 701565 174556 81730.7 145110 54056.7 27955.1 80601.3 245550 18388.5 165757 47279.3 97830.9 6927.36 63342.2 321959 238970 379606 245290 134316 9466.96 116005 55674.6 181433 74450.6 201387 104360 101798 51015.3 48341.3 92824.8 17818.9 59812.2 39828.9 25692.8 124849 291376 125929 8512.5 143752 50396.5 230670 21027.8 40462.8 14136.1 26101.5 85411.9 19329.8 37855.7 17299.1 66357.4 86320.7 75565.1
internal_count=727453 358003 369450 170050 159151 138608 198852 100126 59025 42571 141724 43648 19376 31442 16911 8522 25660 57128 7067 96037 7595 23847 1965 12309 64505 199400 77219 49186 28033 2136 41252 21030 36258 15038 58874 30893 23450 9887 9309 24272 7037 14554 21493 14073 25897 56309 74544 3208 33678 14859 194111 6557 15377 7420 8389 19473 6237 13993 5545 13392 18062 22464
cat_boundaries=0 1 5 6 7 8 9 13 17 21
cat_threshold=1 1610614416 558624 872480776 540928 301290 1 540672 1589905 1056976 2146304 1677790257 548897 553657984 786432 805634304 16416 1610621584 8917000 872745120 582185
is_linear=0
shrinkage=0.05


Tree=9
num_leaves=63
num_cat=11
split_feature=1 12 3 1 6 1 20 20 1 1 13 17 10 4 4 13 3 17 16 4 1 16 16 16 20 10 10 16 16 1 16 9 3 17 17 10 13 3 16 16 16 16 16 16 16 16 13 3 10 9 16 17 16 12 12 9 17 1 17 9 20 1
split_gain=34690.2 12784.8 10879.9 6487.84 5331.93 4509.96 3176.65 3000.76 2908.29 2863.55 2798.51 2606.67 2250.42 2217.43 1697.14 1628.08 1674.33 1618.22 1589.55 1676.48 1561.39 1404.09 1743.85 1688.54 1347.13 1340.09 1157.74 1149.41 1584.54 1114.37 1045.53 996.251 986.284 940.987 934.813 914.434 1051.74 913.764 850.87 866.416 847.348 1277.97 920.358 1173.61 894.975 1416.14 1215.96 807.395 771.284 736.056 726.673 693.181 678.649 606.553 603.554 595.224 592.506 591.548 580.181 541.459 536.517 527.684
threshold=1.5000000000000002 0.23871825827920304 5.5000000000000009 1.0000000180025095e-35 1.4667533593411359 6.5000000000000009 0 1 36.500000000000007 1.0000000180025095e-35 7.5000000000000009 2 1.5000000000000002 2.5000000000000004 2.5000000000000004 2.5000000000000004 16.500000000000004 3 15.500000000000002 186.50000000000003 6.5000000000000009 51.500000000000007 49.500000000000007 48.500000000000007 4 1.5000000000000002 2.5000000000000004 16.500000000000004 9.5000000000000018 177.50000000000003 9.5000000000000018 0.26205777940996455 15.500000000000002 5 6 1.5000000000000002 1.5000000000000002 9.5000000000000018 51.500000000000007 49.500000000000007 49.500000000000007 51.500000000000007 48.500000000000007 45.500000000000007 25.500000000000004 27.500000000000004 31.500000000000004 14.500000000000002 3.5000000000000004 0.55244618395303335 25.500000000000004 7 19.500000000000004 0.42622482471059592 0.34891156254331973 0.45163978494623663 8 99.500000000000014 9 0.26205777940996455 10 261.50000000000006
decision_type=2 2 2 2 2 2 1 1 2 2 2 9 2 2 2 2 2 9 2 2 2 2 2 2 1 2 2 2 2 2 2 10 2 9 9 2 2 2 2 2 2 2 2 2 2 2 2 2 2 10 2 9 2 2 2 10 9 2 9 10 1 2
left_child=2 5 3 13 11 7 26 25 17 18 24 20 56 -1 -12 60 -17 -8 30 47 32 22 23 34 -5 -2 -7 28 -13 33 -4 -30 -3 -14 -6 -19 -37 -11 39 50 42 -42 43 44 46 -46 -22 -20 -31 -23 -29 -18 -21 -39 -15 -34 -10 -36 -38 -32 -9 -58
right_child=1 4 9 10 21 6 8 15 12 37 14 27 29 54 -16 16 51 35 19 52 40 49 -24 -25 -26 -27 -28 38 31 48 59 -33 55 -35 57 36 58 53 -40 -41 41 -43 -44 -45 45 -47 -48 -49 -50 -51 -52 -53 -54 -55 -56 -57 61 -59 -60 -61 -62 -63
leaf_value=0.0060533720742077003 -0.0091440673416620499 -0.0049772202657695991 0.029673141940094572 0.053722918797681124 -0.021741970534149668 -0.021462767538716961 -0.005187140084157423 0.038329602342834293 -0.0039793695905849897 0.0094321832000741571 -0.015493839976656019 -0.011501155242302753 0.0033002807435881854 0.018739254117744079 -0.0018233586789897862 0.0025609843569412011 0.018855791789786587 0.0010496236009106218 0.028874730213927446 0.12401722254156403 -0.013719874613644573 -0.06001123525729446 0.010997026917441368 -0.054475057595010805 0.010906973640355488 0.0046527940749586305 -0.0073791320886895349 0.0026857747863061128 -0.051094060389273013 -0.0098481376602457434 -0.00078774626324548008 -0.022816150627532727 -0.0058147357007788435 -0.0036615470167137365 -0.011933976408872565 0.043860318167064566 0.011477150745345891 0.023239306972473936 -0.031012843271730119 0.014471584432553844 0.01919918492146501 -0.014960451518174663 -0.029902202725262561 0.0095120247583644155 -0.029198609629280808 -0.0092125227637762496 -0.0011039820259690261 0.043719853441688085 -0.0023974807494423211 -0.026545282045029886 -0.010750764380987099 0.0094617838972927484 0.041497545791688253 0.012267441234952122 0.011896769870431621 0.0068885548782877896 -0.01241231992556961 -0.022410128489547064 0.0043699622318604889 0.018745894798201403 0.0071971346396928109 -0.032036548190008118
leaf_weight=139179.8885884285 35994.726674795151 42866.056987762451 13210.641710519791 2326.2992901802063 51370.869301080704 24230.048089504242 54206.019401550293 6495.1272912025452 21840.040636539459 35473.399715423584 34654.625435352325 49370.360638380051 118843.8388838768 61420.334043502808 65828.851222515106 60112.973986148834 35210.489916563034 114431.46791100502 31426.143985033035 722.69444108009338 26933.640491724014 2565.7800512313843 5800.2050127983093 2935.7532649040222 8674.8526082038879 34437.923128604889 36687.561475276947 13004.679646968842 3730.9700922966003 56621.107085227966 6306.9810447692871 18864.323603868484 11076.424805164337 82030.362138748169 89622.467024564743 1919.1531536579132 41770.906932830811 38475.437708377838 3599.0821242332458 4766.3313236236572 7316.9282841682434 4373.9385862350464 4461.03089594841 10237.782690525055 10529.580920219421 55990.275991678238 65658.416227817535 12935.548821687698 89861.068473339081 4574.6568474769592 44469.96626663208 44597.254603862762 382.09697842597961 18733.508358716965 67825.32134771347 55034.087566614151 58700.704209804535 15860.704898834229 91990.223129987717 8107.5298094749451 1781.9033095836639 3637.3593525886536
leaf_count=123007 13365 16268 6616 1294 12704 6223 12348 2597 3568 15659 20003 11615 19598 46408 34093 21749 10127 26206 17095 396 5364 629 1472 774 4614 10834 8121 3664 965 7707 3275 4716 3288 13658 23525 504 9047 14371 881 1263 1539 875 961 2193 2160 11251 13933 5856 11420 1001 11643 12787 163 6974 52397 16256 10085 2298 20129 3463 738 497
internal_value=-1.82136e-05 -0.00369012 0.0108855 0.00622182 -0.00944371 -0.000261906 -0.00200743 0.00609942 -0.00109894 0.0215734 -0.00391689 -0.0064766 -0.00373862 0.0104327 -0.00653813 0.0101373 0.0088632 0.00264419 0.0289735 0.0347211 -0.00382007 -0.0168693 -0.015933 -0.0169105 0.0200236 -0.0023978 -0.012979 -0.0121521 -0.0165208 -0.00196112 0.0195128 -0.0274875 0.000929927 0.000457279 -0.0162071 0.0043415 0.00711813 0.0157374 -0.00737875 -0.00601163 -0.00661075 0.00641875 -0.00748718 -0.00689654 -0.00795238 -0.0123766 -0.00477386 0.0332043 -0.0052775 -0.0385774 -0.00771051 0.0136101 0.0955408 0.0196468 0.0151486 0.00476014 -0.0110733 -0.0135081 0.00659065 0.0101996 0.031684 -0.0135557
internal_weight=2.1661e+06 1.62041e+06 545684 379910 605014 1.0154e+06 796770 218630 735852 165774 111485 432284 431534 268426 100483 148198 139921 304318 73091.6 45466.5 294478 172730 165590 159790 11001.2 70432.6 60917.6 137806 71965.7 347356 27625.2 22595.3 108977 200874 156854 250112 135680 92682.3 65840.1 62241 185502 11690.9 173811 169350 159112 66519.9 92592.1 44361.7 146482 7140.44 57474.6 79807.7 1104.79 57208.9 129246 66110.5 84178.1 105483 133761 14414.5 8277.03 62338.1
internal_count=728230 372546 355684 281816 151238 221308 149111 72197 134767 73868 60004 108835 66533 221812 54096 47998 44663 68234 36864 23510 74088 42403 40773 39301 5908 24199 14344 34747 17296 52383 13354 5681 35812 33256 38527 55886 29680 37004 17451 16570 38276 2414 35862 34901 32708 13411 19297 22951 19127 1630 15307 22914 559 21345 98805 19544 14150 25823 29176 6738 3335 10582
cat_boundaries=0 1 2 6 10 11 15 19 23 27 31 32
cat_threshold=1 1 1880131216 3230138912 872775720 549167 3509620832 3489691200 1184544 36932 6 553657216 545817888 805384480 550433 1127264328 2953249096 271587792 1569 537928896 277385216 2427905 524961 16785600 1082687488 809500672 541440 536880280 8487201 65536 533504 6
is_linear=0
shrinkage=0.05


Tree=10
num_leaves=63
num_cat=7
split_feature=5 5 3 5 12 7 12 5 13 5 16 1 20 20 19 16 9 17 7 9 5 12 5 9 5 6 15 13 3 5 1 16 7 16 16 16 16 16 9 16 16 20 7 16 16 16 20 16 1 3 9 9 17 12 13 16 16 16 16 16 9 5
split_gain=150231 26626.8 15914.1 19871.8 14330.2 11555.4 7567.28 4488.55 4245.38 2875.9 2848.83 2836.64 2712.56 2175.97 2128.1 2126.26 3063.94 1718.82 1683.33 1643.13 1580.61 1537.59 1431.6 1354.1 1351.91 1211.38 1207.08 1163.84 1098.68 1063.15 1043.59 1040.15 1013.5 971.618 941.526 1119.15 1481.32 1298.62 3801.96 1072.93 912.383 911.846 897.174 840.765 1151.76 828.15 786.457 752.561 741.894 732.351 700.875 696.575 684.926 668.07 664.521 646.558 1928.21 776.543 1244.29 727.175 2296.46 642.347
threshold=0.40026881720430113 1.3209278172061627 2.5000000000000004 0.093386627906976757 0.077910464813035887 3.5000000000000004 0.31437550170114342 2.1715559802516329 1.5000000000000002 0.90921770001267921 16.500000000000004 1.5000000000000002 0 1 2 10.500000000000002 0.12517029972752045 3 23.500000000000004 0.93342803030303034 1.0000000180025095e-35 0.32683308931737309 0.71289242051206203 0.28586125808348034 0.21648249234456135 0.98835158274650292 14.500000000000002 7.5000000000000009 43.500000000000007 1.7050486578277058 3.5000000000000004 15.500000000000002 63.500000000000007 9.5000000000000018 51.500000000000007 18.500000000000004 25.500000000000004 9.5000000000000018 0.13487604779739612 45.500000000000007 44.500000000000007 4 59.500000000000007 16.500000000000004 9.5000000000000018 14.500000000000002 5 11.500000000000002 1.0000000180025095e-35 128.50000000000003 0.35310876487347082 0.4997273718647765 6 0.41361180737510644 3.5000000000000004 25.500000000000004 19.500000000000004 44.500000000000007 48.500000000000007 9.5000000000000018 0.24147617202634641 3.9906542056074774
decision_type=2 2 2 2 2 2 2 2 2 2 2 2 1 1 9 2 10 9 2 10 2 2 2 10 2 2 2 2 2 2 2 2 2 2 2 2 2 2 10 2 2 1 2 2 2 2 1 2 2 2 10 10 9 2 2 2 2 2 2 2 10 2
left_child=2 6 27 5 8 21 9 29 12 26 15 31 -3 -10 -14 32 -17 22 -16 54 30 28 40 -22 -12 -9 34 -1 48 53 -13 33 -5 -7 35 37 -37 -2 47 -38 -8 -11 -26 44 -19 61 -23 -39 -4 -33 -46 -29 -18 -6 -15 56 59 -57 -59 -43 -61 -21
right_child=1 4 3 10 7 11 17 25 13 41 24 20 14 19 18 16 52 43 -20 45 23 46 -24 -25 42 -27 -28 51 -30 -31 -32 49 -34 -35 -36 36 39 38 -40 -41 -42 55 -44 -45 50 -47 -48 -49 -50 -51 -52 -53 -54 -55 -56 57 -58 58 -60 60 -62 -63
leaf_value=0.027341866075140109 0.0022222479539054305 -0.019340646241692322 0.024801284836482907 0.015110096957329911 -0.014508977146074686 0.038790945792025737 -0.0046348936409578694 -0.025879470873066426 -0.021733516818233527 -0.01389824133040086 0.027058658870735653 0.048390823635375967 -0.032289180102639932 0.0082975979473431574 0.034612561026275877 -0.07365952104117951 -0.015960604677781289 -0.015931883629918108 -0.0013742665849754935 -0.0034909468762057321 -0.039037943481946051 0.023198367508663303 -0.011440654482197502 0.034930861530749945 0.016187042299361919 -0.037270635211739629 0.006594167588490892 0.0069276758273611712 0.082630260166419139 -0.024786282858287777 0.061786576669644537 0.040645692732932878 -0.005135416221408391 0.017102309731374409 -0.017638505610284443 0.010233097330093335 -0.0029394942627673018 -0.042488289466395171 -0.005965450340396636 0.0061946137403983319 0.011849483519406663 -0.001151410007076445 0.0047698009718610936 -0.011349140407455821 -0.059597041804628492 -0.0154016950993089 0.013321369581562699 -0.097553297617223644 0.034245215691376431 0.10818377259012464 -0.028132323464970882 0.013739897855914888 0.00228210780298411 -0.022310765683029678 -0.0045451467784212284 -0.010500179307032355 0.0072695755914783146 0.0056030873207642716 -0.012901749496668381 -0.057528107967263799 -0.0074646350042553017 -0.030511892483201544
leaf_weight=8329.7396140098572 51555.85128569603 5584.3555383682251 54085.900129318237 22200.60990023613 72281.358276605606 9612.0047450065613 62006.669862270355 35487.250678062439 36633.672332048416 26215.542964935303 19401.134479999542 38483.917691707611 1741.7540440559387 12445.083761930466 12958.747539281845 1778.2079997062683 8825.4748163223267 36381.929776668549 4336.9167294502258 28760.642732143402 741.09075307846069 56970.271260738373 112672.26251602173 3724.109471321106 50273.371681451797 68246.210209131241 94881.215754032135 183750.22043514252 944.48786449432373 86602.627768516541 23406.911451339722 31647.90333533287 8566.4509201049805 11163.364635229111 7268.5184853076935 50294.550119400024 92247.566417455673 1284.1367032527924 53638.175885438919 49347.119079589844 9707.3131930828094 45760.657671451569 26161.545608043671 47421.053637981415 2078.2295627593994 68058.039569139481 31373.183709383011 1204.6435403823853 33809.214285612106 405.92880988121033 11942.177656173706 47157.476625919342 12316.489555120468 44241.463551044464 52812.943444252014 63236.60816693306 40835.697730302811 23704.455377817154 14727.407816410065 2405.4474911689758 47613.132753133774 2380.5904066562653
leaf_count=5342 10981 2721 33563 5410 18708 3259 13883 14893 13155 7084 4001 12472 584 2678 4810 395 1839 7854 835 7237 131 32288 26478 663 12417 23800 17970 167379 594 27314 6579 10760 1397 3636 1495 10161 18577 298 11019 10000 2348 8876 4136 11418 525 17117 18109 274 15734 113 2817 26907 2667 12905 11209 12009 7808 4643 2948 485 9216 1262
internal_value=2.51473e-05 -0.00893089 0.0193849 0.0249667 -0.0178776 0.0324641 -0.00390702 -0.0249118 -0.00831448 -0.00100022 0.010106 0.0445019 0.0112821 -0.0107139 0.0202649 0.000884973 -0.0106434 -0.0107692 0.0255745 -0.00825734 0.0513851 0.0243664 -0.00792537 0.0226482 0.0152715 -0.033374 0.00166539 0.00898141 0.0290114 -0.0205902 0.053458 0.0358554 0.00947317 0.0271382 0.0001413 0.000572749 0.00286209 -0.00350682 -0.00876924 0.000243852 -0.00240341 -0.00504875 0.0122794 -0.0161268 -0.0206247 -0.0123114 0.0196951 -0.0691699 0.0284343 0.0415043 -0.0328002 0.00831897 -0.00533997 -0.0174713 -0.00209587 -0.00407433 -0.00182765 -0.00709362 -0.00148827 -0.0057063 -0.00987334 -0.00555748
internal_weight=2.16613e+06 1.481e+06 685129 445892 532572 296368 948430 306859 225713 666221 149523 119185 24621.8 201091 19037.4 53687.2 22920.2 282210 17295.7 164457 66356 177183 184386 4465.2 95836.1 103733 401722 239237 88839.6 203125 61890.8 52829.2 30767.1 20775.4 306841 299572 191889 107683 56127 141595 71714 264499 76434.9 97823.4 50402.3 99199.3 88343.5 2488.78 87895.1 32053.8 14020.4 230908 21142 116523 65258 238283 136615 101668 38431.9 95779.2 50018.6 31141.2
internal_count=728186 358395 369791 170163 159228 137901 199167 97620 61608 133844 32262 37613 8950 52658 6229 11708 4901 65323 5645 39503 19845 100288 42709 794 20554 38693 80775 199628 49891 58927 19051 17768 6807 6895 62805 61310 38738 22572 11591 28577 16231 53069 16553 22614 11196 25616 50397 572 49297 10873 3342 194286 4506 31613 13887 45985 26385 19600 7591 18577 9701 8499
cat_boundaries=0 1 2 3 7 8 9 13
cat_threshold=1 1 540672 1610614416 1074273824 879069737 549160 1 6 2166370376 2424705088 134226176 1544
is_linear=0
shrinkage=0.05


Tree=11
num_leaves=63
num_cat=9
split_feature=5 5 3 12 5 2 12 5 20 13 9 2 16 5 9 19 16 9 0 6 16 16 19 16 3 17 12 13 0 5 5 13 9 4 16 16 5 20 16 3 9 10 0 10 9 0 13 0 17 12 17 16 6 8 17 10 5 16 19 9 12 16
split_gain=135957 25732.9 16495.4 14362.6 13736.8 10672.7 5939.67 5480.86 3857.92 5009.06 2577.17 2380.3 2299.64 2128.04 1836.54 1808.63 1718.47 2267.14 1637.31 1530.24 1479.21 1341.61 1341.17 1227.03 1221.98 1186.76 1102.95 1083.23 1031.99 1010.66 998.657 997.038 958.805 951.626 905.924 2156.93 843.652 763.93 757.353 881.152 731.797 720.123 708.409 707.609 703.876 693.512 683.391 681.73 676.544 672.611 665.676 663.891 662.67 649.439 633.524 617.885 614.001 608.222 608.057 573.339 557.926 555.124
threshold=0.36385127874489581 1.1362535377402234 2.5000000000000004 0.10342336553213423 0.093386627906976757 3.5000000000000004 0.38344474726573541 1.9286267995570323 0 1.5000000000000002 0.071661998132586377 7.5000000000000009 16.500000000000004 0.66718668746749887 0.85009363295880158 1 9.5000000000000018 0.10403138528138529 40.500000000000007 1.0691105505593335 15.500000000000002 10.500000000000002 2 14.500000000000002 8.5000000000000018 3 0.10034016239916689 5.5000000000000009 13.500000000000002 0.23551077889719427 2.9099025974025978 37.500000000000007 0.86672920575359613 2.5000000000000004 25.500000000000004 19.500000000000004 1.5559878945092955 4 15.500000000000002 45.500000000000007 0.33305036785512171 1.5000000000000002 4.5000000000000009 1.5000000000000002 0.31639111340738829 1.0000000180025095e-35 2.5000000000000004 1.5000000000000002 5 0.28990867099151441 6 10.500000000000002 1.6668133157354454 1.1985383136305372 7 1.5000000000000002 0.50030084235860428 10.500000000000002 8 0.26205777940996455 0.36170080804538196 16.500000000000004
decision_type=2 2 2 2 2 2 2 2 1 2 10 2 2 2 10 9 2 10 2 2 2 2 9 2 2 9 2 2 2 2 2 2 10 2 2 2 2 1 2 2 10 2 2 2 10 2 2 2 9 2 9 2 2 2 9 2 2 2 9 10 2 2
left_child=2 6 27 8 5 24 13 34 32 15 20 48 16 28 46 -10 42 -18 58 -9 21 -7 44 43 40 60 55 -1 37 -14 -21 -28 -3 -29 35 50 -25 -2 51 -40 -4 -39 -6 -16 -8 -27 -11 -34 -12 -22 -5 -26 -31 61 -19 -15 -24 -52 -17 -59 -13 -30
right_child=1 3 4 7 12 10 22 19 9 14 11 25 29 26 23 18 17 54 -20 30 49 -23 56 36 38 45 31 33 53 52 -32 -33 47 -35 -36 -37 -38 41 39 -41 -42 -43 -44 -45 -46 -47 -48 -49 -50 -51 57 -53 -54 -55 -56 -57 -58 59 -60 -61 -62 -63
leaf_value=0.0280443757600876 -0.0020303323600098788 -0.012942010947613403 0.015247008672471722 -0.0094365953092917943 0.016633402665719551 0.031925151813235554 -0.018684712044404427 -0.02450611255907539 -0.029168944119011955 0.014785401328181916 0.042438267088175358 0.064311742620175902 0.024171283435425104 -0.0039958517892611746 -0.0099319557136989291 0.020687465614685055 -0.06603563564236023 -0.018928046662450557 -0.008707883683070879 -0.030418323479562404 0.06003783641183294 -0.0049698175476873864 -0.0057654119025048389 -0.0090021617071890988 0.029820161639813478 0.045607989934356996 -0.010724043589521342 0.0056787559969231367 -0.012768339350244844 0.015205850016153511 -0.041781476644359251 -0.0020972499556195486 -0.015060340327989655 0.012444638984220716 -0.021025015861489936 -0.0018661969805637915 -0.017732784000703033 0.0039190097158835549 0.03321887138974771 0.08123183674658907 0.023053547366426265 0.011566951936149572 -0.0031452889882821636 0.0023859396893420835 -0.0018771288561534054 0.012588974162946187 -0.0031574766274336166 -0.03120666519765954 0.031815193077630255 0.03040803154488907 -0.017305732070873849 0.0079790736405996165 0.0020197942004124467 0.0044939506148623581 0.0014525542590344094 0.0010740144665901377 -0.014079574810130358 -0.078562702089206918 0.041622417233165572 -0.026772709322972977 0.05059343882003238 -0.0010785338433168846
leaf_weight=6915.9098687171936 23677.801485538483 24616.995278835297 49684.252593994141 15841.246191501617 16253.725243330002 4407.7711479663849 7015.3278896808624 65140.979823827744 1758.4531648159027 5648.944450378418 37138.286813020706 18398.379050016403 25094.174141407013 87892.349986791611 24715.997476577759 6973.3760116100311 1595.5977749824524 5209.8916876316071 3131.9000806808472 50423.303230524063 2699.743567943573 5585.1194818019867 27338.54794549942 50694.919196605682 8363.703724861145 15073.110969305038 61663.06705737114 153807.17208147049 14121.833559989929 38062.225664138794 31385.109134435654 73314.315742015839 9478.1108655929565 78494.768706798553 86909.197036027908 26638.228806257248 60932.940432548523 61017.599557876587 25010.52194070816 993.13099908828735 75888.983908176422 62111.035375118256 6274.4353351593018 22068.200749158859 55521.290038108826 1778.8365931510925 87354.570926427841 21091.89368724823 25880.458095312119 6605.7715792655945 36999.23818063736 5958.7555112838745 12710.093614339828 35189.288109302521 14140.379564285278 190031.55319428444 118327.20711684227 549.34149932861328 7066.3362421989441 18799.431786298752 12461.696986913681 36156.306483268738
leaf_count=4064 6430 8017 36326 3966 3916 1424 1623 26787 591 1345 13316 4992 5241 20416 7508 2603 353 1080 565 15094 927 1585 6269 10836 4383 4148 13170 131160 2190 8465 13100 15816 4907 64336 21899 6768 15444 15288 13619 625 38032 14227 1033 4394 12699 317 17622 6826 9278 2266 9531 3117 2524 5092 3061 33215 28015 166 2435 4810 3433 5526
internal_value=-3.29229e-05 -0.00827555 0.0190042 -0.0157037 0.0250288 0.0308038 -0.00254613 -0.0230097 -0.0082371 -0.005777 0.0415293 0.0444681 0.0107086 -0.000176471 -0.00764476 0.0190254 0.00153963 -0.00876971 0.0239652 -0.0302249 0.0246658 0.0113058 -0.00988915 -0.0109191 0.0223971 0.052894 -0.00233024 0.00854561 0.00365216 0.0159626 -0.0347782 -0.00603836 -0.0202834 0.00796499 -0.0173012 -0.0140263 -0.013768 0.00619508 0.0299699 0.0350556 0.019965 0.00777637 0.0111248 -0.00412165 -0.00376226 0.0420986 -0.0020675 -0.0262012 0.038088 0.0390098 -0.0185133 0.0207345 0.011905 -0.000715803 -0.00404447 -0.00052932 -0.0125184 -0.0210595 0.0312708 -0.0282471 0.0587549 -0.00436209
internal_weight=2.16608e+06 1.5116e+06 654487 658219 415269 295929 853378 332686 325533 270346 130029 110731 119341 645175 251416 18930.1 43474 20945.9 17171.6 146949 19298.4 9992.89 208202 158412 165899 47712 412901 239218 232274 75866.5 81808.4 134977 55187 232302 185737 98827.5 111628 146806 40326.1 26003.7 125573 123129 22528.2 46784.2 62536.6 16851.9 93003.5 30570 63018.7 9305.52 72189.3 14322.5 50772.3 85467.4 19350.3 277924 145666 56348 14039.7 19348.8 30860.1 50278.1
internal_count=728211 365190 363021 185214 163461 137788 179976 102121 83093 63343 41686 35484 25673 131370 57149 6194 9443 4494 5603 54981 6202 3009 48606 38182 96102 12890 82617 199560 48753 16230 28194 28986 19750 195496 47140 25241 26280 35945 21744 14244 74358 29515 4949 11902 14322 4465 18967 11733 22594 3193 18473 7500 10989 12808 4141 53631 34284 14507 5038 4976 8425 7716
cat_boundaries=0 1 2 3 7 8 12 16 20 21
cat_threshold=1 540672 34826 1628448448 8671240 872775713 16681 1 1610622672 276824072 604350496 545832 1073742480 8 874577984 24576 2164265992 2424438784 203424000 1024 206083
is_linear=0
shrinkage=0.05


Tree=12
num_leaves=63
num_cat=18
split_feature=5 5 3 5 12 2 12 5 20 9 5 0 5 0 17 19 5 3 12 4 12 12 15 1 15 20 8 9 19 20 2 12 12 20 21 17 12 15 12 19 19 17 7 20 8 9 7 1 0 17 12 19 9 8 17 17 8 9 0 20 1 0
split_gain=122660 21548.6 12996.6 16586.6 11610 8828.77 6097.49 3703.04 3111.08 2777.45 2366.65 2057.86 1937.42 1869.27 1653.84 1652.87 1547.61 1393.88 1229.05 1127.33 1118.68 1105.81 1048.03 1045.66 1150.16 1017.14 989.918 989.759 989.246 943.037 942.853 843.045 837.154 821.686 814.41 813.039 740.279 723.041 722.711 719.29 687.611 673.231 672.734 777.212 675.467 670.9 615.763 613.551 603.424 601.582 572.529 565.536 560.225 533.424 529.725 506.595 503.629 479.685 466.407 480.395 462.024 731.19
threshold=0.40026881720430113 1.3209278172061627 2.5000000000000004 0.14423702052568035 0.077910464813035887 3.5000000000000004 0.32289221264764562 2.379799965465486 0 0.10403138528138529 0.8485113024615426 1.0000000180025095e-35 3.5577777777777784 4.5000000000000009 1 2 0.80046296296296304 12.500000000000002 0.32683308931737309 73.500000000000014 0.43166305397119109 0.34474589771269032 20.500000000000004 73.500000000000014 1.0000000180025095e-35 3 1.0000000180025095e-35 0.72012658227848114 4 5 1.0000000180025095e-35 0.35023350347550891 0.17374652935874699 6 7 8 0.33645862409529415 27.500000000000004 0.16523468842716002 9 10 11 146.50000000000003 12 1.1239887481192354 0.88002123142250543 3.5000000000000004 1.0000000180025095e-35 1.5000000000000002 13 0.22880707286518917 14 0.31639111340738829 1.7290475571725574 15 16 1.1035169666162936 0.70018726591760305 114.50000000000001 17 1.5000000000000002 1.0000000180025095e-35
decision_type=2 2 2 2 2 2 2 2 1 10 2 2 2 2 9 9 2 2 2 2 2 2 2 2 2 1 2 10 9 1 2 2 2 1 9 9 2 2 2 9 9 9 2 1 2 10 2 2 2 9 2 9 10 2 9 9 2 10 2 1 2 2
left_child=2 6 26 5 8 18 10 25 45 11 22 -7 27 20 17 -14 28 -11 19 47 35 60 39 24 33 -6 -1 54 52 -12 -21 37 -19 -17 -35 -5 56 -27 57 -2 -20 -18 43 -41 -45 -3 -26 -4 -47 -31 -28 -29 -8 58 -10 -33 -15 -9 59 -40 -16 -62
right_child=1 4 3 13 7 9 16 38 12 14 29 -13 15 36 21 23 41 32 40 30 -22 -23 -24 -25 46 31 50 51 -30 49 -32 55 -34 34 -36 -37 -38 -39 53 42 -42 -43 -44 44 -46 48 -48 -49 -50 -51 -52 -53 -54 -55 -56 -57 -58 -59 -60 -61 61 -63
leaf_value=0.0055757597032143414 -0.0061827521355780971 -0.012250705226108006 0.021254832710291216 0.020240046366900188 -0.027632410013032623 0.025795891336104961 -0.016861528302619007 -0.0046487644526904863 -0.0099143764237341944 0.036711335254475272 -0.012421763970286895 -0.036479975950046595 -0.029263523397308939 -0.0053177138282969466 0.033163748521292016 -0.0098585179373753135 -0.0076182067933121336 0.060199486704776442 0.024453085692403381 0.11078459271007356 0.0038744198116228258 0.024636088228719349 0.0069701506258003261 -0.01508225781198806 -0.02825548379981236 -0.017049670223101342 0.017775541492494117 -0.015686201558424137 -0.0090289795216411308 -0.0066446821217946402 0.041293343741448857 -0.014725817470367546 0.046086708759920103 0.029923874517529037 0.0097211767431118618 0.0086635397453322886 -0.0078543187718410901 -0.0074305737411736062 -0.028754371448201085 -0.0053616492675618594 0.014305426084761553 -0.016082269891887716 -0.0026591525743879735 0.0012776867913681968 0.0081549754203026886 -0.014250100001741343 0.032900183869216774 0.030378833370621534 -0.030710194216788052 -0.0017009661423938406 0.0094190665511962434 -0.0074478200480093005 0.0017519032661512783 -0.056474566866314517 0.0027789420925089271 -0.023088008880435575 0.0089370653859270569 -0.025902136486893573 -0.046890694732249466 -0.038759691115661951 0.049486318666788452 0.023825384140353532
leaf_weight=146854 36130.694590568542 17432.929673433304 50141.672281742096 41963.203063488007 29037.245891332626 18965.176521062851 4498.0785207748413 3525.630425453186 11144.511063814163 22960.003314971924 30746.549703836441 1425.4249629974365 2922.8156750202179 8528.1793942451477 14187.983575105667 2461.9271924495697 31509.445342540741 18006.188697338104 23126.893419265747 627 26443.508191108704 17895.061655044556 77632.602007627487 3601.1294226646423 2225.0963709354401 66276.542074203491 30576.222313404083 28054.9705286026 106287.45619726181 88653.7634973526 2203.8667855262756 24698.036937952042 25309.352242946625 10979.100306272507 9198.0766761302948 23836.014238595963 17315.499071598053 27704.520157814026 52434.032572984695 23181.683914422989 60703.730176448822 93127.782575368881 71786.575180530548 76087.859885692596 67268.184433221817 8480.2509469985962 504.08964967727661 29146.748274326324 16228.427443504333 201198.86690711975 62194.419692993164 81229.103674888611 39833.025950670242 2330.7898852825165 31218.595093011856 69701.340801477432 22654.337920665741 10754.216371774673 5017.7913951873779 15887.077728748322 16042.329423427582 3360.3983678817749
leaf_count=146854 8002 6029 31797 10304 10004 6157 1014 1202 2869 8207 8210 268 1173 1459 4811 1142 7138 5117 13118 627 6518 5517 14700 593 1231 17266 17389 7485 24809 17861 1080 7092 7554 3689 3347 5823 2855 6523 21763 6329 35621 21808 10160 17764 14368 4420 139 13905 5414 37796 35670 17895 9079 930 6152 21414 3580 3345 733 7491 4970 638
internal_value=1.31716e-05 -0.00807681 0.0175176 0.0225743 -0.0161197 0.0291425 -0.00355412 -0.0224427 -0.00750802 0.0384798 -0.000988942 0.0214409 -0.00469396 0.00838219 0.0414299 0.00650753 -0.00982303 0.0466674 0.021369 0.0257168 0.0125604 0.0346713 0.00184105 0.0101241 0.0137067 -0.0189125 0.00813009 -0.00705003 -0.00641246 -0.00409689 0.0567184 -0.0175659 0.0519546 0.0174032 0.0207245 0.016051 0.000435209 -0.0142142 -0.0309751 0.000390212 0.0171098 -0.0139445 0.00138692 0.00313107 0.0045045 -0.0197579 -0.0169519 0.0246092 -0.0250617 -0.00321324 0.0121734 -0.00956499 -0.000137025 -0.0329223 -0.000562143 -0.0209044 0.00503845 -0.0206555 -0.032173 -0.0310914 0.0400269 0.0450435
internal_weight=2.16546e+06 1.48099e+06 684467 444843 533048 304102 947943 307367 225681 138152 672687 20390.6 183539 140741 117761 31892.2 275256 66275.5 165950 82119.3 92242.7 51485.8 352088 28969.4 25368.3 217418 239625 151647 150619 320599 2830.87 188380 43315.5 22639.1 20177.2 65799.2 48498 93981.1 89949.5 274455 83830.6 124637 238324 166538 143356 42141.6 2729.19 79288.4 24708.7 289853 92770.6 109284 44331.1 75669.7 42363.1 94399.4 31182.5 14279.8 73338.9 68321.1 33590.7 19402.7
internal_count=728218 358379 369839 169926 159341 139387 199038 97763 61578 43239 135190 6425 45715 30539 36814 11314 63848 20878 96148 47409 22645 15936 71323 10141 9548 62299 199913 34401 34902 63867 1707 52295 12671 8178 7036 16127 7894 23789 35464 56623 48739 28946 48621 38461 32132 15863 1370 45702 9834 55657 53059 25380 10093 30917 9021 28506 5039 4547 29987 29254 10419 5608
cat_boundaries=0 1 5 6 7 8 9 10 11 15 16 17 21 22 26 27 30 34 35
cat_threshold=1 1611671248 10555400 604340257 541096 540672 1 34826 1 8 78019 554706640 8699912 874842273 541353 1589392 104458 1073742480 560160 872480776 16640 1 3509620736 2416338432 1276154784 37260 549249 2150662208 2416072192 67109376 1073742464 8918048 805371912 540928 14
is_linear=0
shrinkage=0.05


Tree=13
num_leaves=63
num_cat=10
split_feature=5 5 9 5 12 1 12 4 20 6 5 4 4 5 5 5 14 5 4 1 19 16 4 16 16 8 17 16 16 16 16 16 16 9 16 10 6 16 1 16 16 9 17 17 16 16 17 9 17 12 20 16 1 12 17 6 11 16 9 20 10 12
split_gain=111082 19473 11577.5 11678.9 10551.2 7942.81 6517.26 3106.2 2995.17 2523.85 2468.58 2395.34 2077.69 2895.85 2061 1971.1 1815.9 1808.28 2085.11 1609.29 1589.49 1302.9 1843.07 1900.39 1266.28 1211.87 1155.31 1140.68 2066.81 1101.69 1289.61 1879.43 1873.19 1689.81 5361.61 1064.18 1032.52 1012.94 997.717 991.111 1054.29 917.962 901.064 867.869 853.521 2323.44 848.774 830.709 822.572 819.204 800.622 756.449 723.112 710.491 689.182 681.544 670.88 654.713 618.163 571.52 565.018 561.785
threshold=0.40026881720430113 1.4280636291603137 0.24976808905380335 0.16064516129032261 0.10034016239916689 1.5000000000000002 0.27793217085410993 7.5000000000000009 0 2.9987562189054731 0.96394209933258224 37.500000000000007 3.5000000000000004 1.0000000180025095e-35 2.5466126230457444 0.80046296296296304 1.0000000180025095e-35 1.0000000180025095e-35 22.500000000000004 1.5000000000000002 1 15.500000000000002 35.500000000000007 19.500000000000004 44.500000000000007 1.0274600980268949 2 25.500000000000004 19.500000000000004 51.500000000000007 18.500000000000004 25.500000000000004 45.500000000000007 0.1786393264530147 10.500000000000002 1.5000000000000002 0.84007211538461557 10.500000000000002 4.5000000000000009 14.500000000000002 16.500000000000004 0.93342803030303034 3 4 21.500000000000004 10.500000000000002 5 0.74994407158836707 6 0.31437550170114342 7 15.500000000000002 30.500000000000004 0.29454336599006503 8 0.57146993134254298 0.036355932313723104 25.500000000000004 0.86672920575359613 9 2.5000000000000004 0.33645862409529415
decision_type=2 2 10 2 2 2 2 2 1 2 2 2 2 2 2 2 2 2 2 2 9 2 2 2 2 2 9 2 2 2 2 2 2 10 2 2 2 2 2 2 2 10 9 9 2 2 9 10 9 2 1 2 2 2 9 2 2 2 10 1 2 2
left_child=2 6 12 5 8 7 10 -4 58 35 29 16 -1 19 27 24 -11 18 -7 21 -18 37 -23 49 46 -22 52 28 -6 30 33 54 -33 34 -2 -10 -16 -14 -20 48 -41 -13 59 -17 45 -15 -8 -34 -35 -24 -12 -19 -5 -46 -32 -42 -27 -37 -3 -9 -49 -28
right_child=1 4 3 26 14 17 15 42 9 11 50 41 13 44 36 43 20 51 38 -21 25 22 23 -25 -26 56 61 -29 -30 -31 31 32 47 39 -36 57 -38 -39 -40 40 55 -43 -44 -45 53 -47 -48 60 -50 -51 -52 -53 -54 -55 -56 -57 -58 -59 -60 -61 -62 -63
leaf_value=0.0051677142849440409 -0.0015445849689984571 -0.013169558938097823 0.015114802019283995 0.015287187456015259 -0.02164109014707629 0.03506947733585513 -0.0045426571142357913 0.03359888288329177 -0.016220771434523506 -0.029290265687061293 -0.012086039866532549 0.0039482755967473367 0.014174485438694021 0.0009256414297188556 -0.022170313361425116 -0.0070585626077206672 -0.0002502941884275853 0.0072525334477157094 0.047582034295369328 0.032745320589458692 0.041105530021345024 0.016178441864085766 0.10689013908199352 0.023809338529504412 0.0054106669294922208 0.027658838640316499 0.0063031920915501919 -0.024976385580109225 -0.0036563007986821316 -0.015867394159974343 0.015815563160534271 -0.0025358787356951598 0.014098506409875292 0.0065382585080535245 -0.075080172463851014 -0.001712367075351394 -0.034960776625951602 -0.0023666981021983765 0.066514649271098097 -0.020539794602724107 0.019361596419332314 -0.013698369434106118 0.021298623525868754 -0.015269170425075713 0.026808386068556619 -0.051522001871161308 -0.01250928223121953 -0.0011821873667114955 -0.002428722333868193 0.039020137113086516 -0.0038574767820824946 0.032251890037921525 0.0041810711910087997 -0.004045733361789359 0.0061262209295302877 -0.005336651124880163 0.0058359989613569266 -0.012889792172237804 -0.025758293930376513 0.023181022447827729 0.012203357344962659 -0.0065750462440528415
leaf_weight=155164.65036439896 10572.003450393677 16394.044810056686 83473.874820947647 61914.140274047852 54820.610428571701 32535.323621273041 93279.840016126633 55726.158051013947 45454.03055524826 2608.0169501304626 33741.654558181763 11062.721143245697 21492.472118377686 7181.398775100708 23134.637531042099 42538.32247376442 12254.575124263763 4313.5088014602661 26701.126411914825 13587.531977176666 6142.9504282474518 59055.585920810699 1370.89910197258 3423.2963373661041 22237.631338119507 5903.9454584121704 26381.302977085114 77752.070432424545 22544.312782287598 9225.4385852813721 33020.813624382019 125309.94256877899 29508.730173587799 50506.317285060883 3237.0150053501129 34834.296556949615 49674.004116535187 16254.299072504044 9424.3644106388092 11081.35521030426 3294.2455725669861 22071.845467567444 34758.881286144257 133038.66369986534 2952.6477153301239 2990.1446998119354 52141.167903900146 26021.77875328064 51793.437610387802 660.20765495300293 238506.59277510643 10141.910840511322 19202.675559520721 5065.522632598877 41407.469178676605 18332.575392961502 8727.9295337200165 20997.960935354233 24081.363649606705 17547.152057170868 11309.24961566925 12470.525475263596
leaf_count=139299 2315 5681 44791 14683 15965 12296 21376 24286 14791 1231 9984 1914 15622 1554 11085 10241 4009 859 8519 4587 2428 47351 1204 2054 5464 1556 5628 21484 6522 1836 6373 24500 5565 10100 695 6645 19373 10981 2439 2317 726 3874 15219 33388 715 636 11783 5687 10697 627 48603 1968 2933 1194 8197 3439 2395 3943 9620 7659 1959 2657
internal_value=4.20257e-05 -0.0076647 0.0167063 0.0222761 -0.0165024 0.0279616 -0.00393912 0.0223594 -0.00843199 -0.00552122 -0.00116142 0.00187062 0.00910665 0.0136665 -0.0239569 -0.00957865 0.0108683 0.040869 0.0442531 0.0165787 0.01404 0.0144302 0.0187475 0.0465544 -0.00570113 0.0224584 0.00926144 -0.0206992 -0.0164004 0.00122145 0.00160101 0.00368253 0.00106962 -0.00212765 -0.0187865 -0.0105407 -0.030897 0.00705174 0.0525229 -0.000423611 -0.00799983 -0.0078067 0.0279569 -0.0132812 -0.00488033 -0.014496 -0.00740036 0.00782909 0.00199878 0.0848592 -0.00487793 0.0247931 0.0126566 0.00731805 0.0104281 -0.00157384 0.0146428 -0.00591624 -0.0206547 0.0311079 0.00287312 0.00216896
internal_weight=2.16235e+06 1.47856e+06 683790 394591 438459 274622 1.0401e+06 191506 210534 170058 696869 68772 289199 134034 227926 343236 35637.4 83116.2 68660.8 115844 33029.4 102257 64510 5454.4 167659 20774.8 119969 155117 77364.9 424620 415395 266578 192150 148817 13809 101286 72808.6 37746.8 36125.5 135008 32708.2 33134.6 108032 175577 18189.7 10171.5 145421 66839.8 102300 2031.11 272248 14455.4 81116.8 8018.17 74428.3 21626.8 14631.9 55832.3 40475.4 73273.3 37331 38851.8
internal_count=727522 357761 369761 143937 132516 118036 225245 91955 58087 42786 142993 17407 225824 86525 74429 82252 11619 26081 23254 82426 10388 77839 51236 3885 38623 6379 25901 43971 22487 84406 82570 52281 37711 30289 3010 25379 30458 26603 10958 27279 6482 5788 47164 43629 4099 2190 33159 13211 20797 1831 58587 2827 17616 1909 14570 4165 3951 10588 15301 31945 7646 8285
cat_boundaries=0 1 2 6 10 14 18 22 23 27 28
cat_threshold=1 550145 537929360 8667432 879036587 540969 536913616 279183360 608537089 546091 1073742480 527392 1677787136 16640 1611667088 2416449056 874873385 540968 9368 537313280 1684090353 25641 1 536871832 557608 805675009 532992 14
is_linear=0
shrinkage=0.05


Tree=14
num_leaves=63
num_cat=9
split_feature=0 7 12 4 20 3 1 0 0 10 1 10 10 0 19 19 14 0 4 0 16 10 0 0 12 16 12 12 4 1 4 0 2 3 19 0 2 16 16 20 0 3 0 20 0 1 0 19 0 0 16 19 16 16 10 20 16 0 16 16 6 15
split_gain=89751.2 23745.3 13923.6 6759.22 4879.97 3885.36 3707.37 3654.11 2851.05 3383.45 2445.35 2252.69 2121.78 2016.08 1598.43 1441.32 1371.48 2508.46 2061.92 1566.28 1293.93 1282.86 1465.53 1253.68 1199.23 1148.42 1122.37 1121.57 1094.22 1089.06 1031.03 983.627 927.577 925.044 891.09 880.154 873.709 866.086 1647.15 846.653 827.586 817.382 815.452 771.312 764.594 721.055 716.374 707.007 697.255 696.463 652.701 627.175 594.291 823.696 583.329 579.764 575.64 556.659 535.812 842.26 531.078 527.333
threshold=1.0000000180025095e-35 2.5000000000000004 0.25004167594759602 14.500000000000002 0 1.5000000000000002 2.5000000000000004 2.5000000000000004 46.500000000000007 1.5000000000000002 4.5000000000000009 1.5000000000000002 2.5000000000000004 2.5000000000000004 1 2 1.0000000180025095e-35 7.5000000000000009 7.5000000000000009 1.5000000000000002 17.500000000000004 1.5000000000000002 2.5000000000000004 1.5000000000000002 0.33146442666487641 9.5000000000000018 1.0000000180025095e-35 1.0000000180025095e-35 5.5000000000000009 2.5000000000000004 49.500000000000007 1.5000000000000002 8.5000000000000018 14.500000000000002 3 267.50000000000006 1.0000000180025095e-35 18.500000000000004 25.500000000000004 4 42.500000000000007 14.500000000000002 1.5000000000000002 5 81.500000000000014 2.5000000000000004 273.50000000000006 6 42.500000000000007 1.5000000000000002 16.500000000000004 7 16.500000000000004 9.5000000000000018 2.5000000000000004 8 9.5000000000000018 2.5000000000000004 16.500000000000004 19.500000000000004 2.7669540229885063 468.50000000000006
decision_type=2 2 2 2 1 2 2 2 2 2 2 2 2 2 9 9 2 2 2 2 2 2 2 2 2 2 2 2 2 2 2 2 2 2 9 2 2 2 2 1 2 2 2 1 2 2 2 9 2 2 2 9 2 2 2 1 2 2 2 2 2 2
left_child=1 5 4 28 21 -1 20 10 9 14 42 40 46 32 -6 44 18 27 -16 29 25 23 -23 -2 30 -3 -15 55 -4 -20 -7 -30 -11 -22 52 61 58 56 -39 -17 43 -8 45 -9 -13 -5 47 -10 -41 -12 -43 -19 53 -28 -24 -18 -21 -29 -32 -60 -36 -14
right_child=2 6 3 7 8 24 41 11 12 13 49 15 35 26 16 39 17 51 19 37 33 22 54 -25 -26 -27 34 57 31 -31 36 -33 -34 -35 60 -37 -38 38 -40 48 -42 50 -44 -45 -46 -47 -48 -49 -50 -51 -52 -53 -54 -55 -56 -57 -58 -59 59 -61 -62 -63
leaf_value=0.0057730055482698127 -0.0097829997729200757 0.031787897769594273 -0.031183343668333769 -0.0078679091683326822 -0.01489820112095617 0.018885927889089202 0.037553357649551047 -0.045199389644593968 -0.00089110841159034551 0.0035195338850448304 0.016131330361788859 -0.0041090668142054311 -0.0014284271242818013 0.031578043273728373 -0.024479613650533139 -0.02635393917991595 -0.00017279880119713264 -0.011467850733144137 -0.00093674051436725921 -0.004544923687595054 0.029662671880699917 0.0029346291867960294 -0.018214517845882735 -0.025374241085492424 0.012164440168340035 0.016429190004434671 -0.00063746185300080907 0.019109095702273374 -0.013998520218675509 0.016819815907179198 0.015401773000281657 -0.02731516912594012 0.021516755284495738 0.04196895001081391 0.0037077720122577458 -0.0081327239773815278 0.030354906710387965 0.007941688575971927 -0.0061782383640510427 -0.009793801890543857 -0.032125526296551125 0.042630478482514431 -0.01387436255495046 -0.015860506069432446 -0.017521728301036054 0.0041141221471745993 -0.029378413350875501 -0.012787929581187164 -0.018393359439039449 0.0027630813977998865 0.058560003294444801 0.00047343002865918304 0.0010964294514377144 -0.019772832720273286 -0.0078437523324962465 0.035903143796364799 -0.014460606238384409 0.0037729285899538861 0.12559370229984243 0.010191448181596341 0.013719058878222052 0.007181153019931121
leaf_weight=180333.50681114197 26781.195472717285 22517.975821256638 35521.145999908447 34039.981462001801 25206.06297659874 89578.542721509933 14639.723051548004 2283.5498414039612 15406.518695831299 10305.287547826767 15635.97084236145 110259.05508923531 103265.23770523071 3422.0049302577972 11558.674159049988 10613.67103433609 1338.93696641922 16966.022588968277 19784.802155017853 28254.396618366241 41169.145291566849 24774.456092834473 21118.893187046051 24866.160741090775 100279.10435962677 26497.095859289169 13359.790806770325 8887.3732006549835 30947.836897850037 15322.134829282761 242 25130.38643693924 23455.495138645172 24292.199979066849 203162.91310191154 44549.897085666656 3118.1561136245728 29276.923206329346 70120.581263542175 106814.87883377075 9147.291202545166 10677.191411733627 28752.999009609222 107952.75298309326 11757.608416557312 19892.776594400406 5380.5290479660034 66177.637563228607 30247.348921775818 25849.400285720825 16233.032246589661 31215.906710624695 47269.594869375229 9711.3165552616119 37884.176218509674 6857.7313938140869 30370.940811872482 17701.041218757629 693 205 14170.238638162613 21484.728937625885
leaf_count=158638 11901 8173 18246 12852 7478 56707 5075 642 2269 3596 4119 22749 14828 988 5672 2575 633 3544 7947 6860 15731 7605 5786 8270 64626 9279 2796 2642 13212 4612 242 8990 6080 8043 40101 5281 1634 7165 16561 22505 1449 2932 9309 25095 1613 6156 694 10166 4424 6748 4551 6278 9768 1992 8558 2977 7252 4439 693 205 2862 2970
internal_value=1.62792e-05 0.0178859 -0.00578416 -0.011805 -0.00224651 0.0110573 0.0342737 -0.00957202 -0.00090653 0.000883397 -0.00210399 -0.0119554 -0.00536081 0.00445748 -0.00282772 -0.00942403 -0.0017694 0.0036533 -0.0039675 -0.00273974 0.0296299 -0.0110911 -0.00727088 -0.0172899 0.0159663 0.0234856 0.00311603 0.0138852 -0.0243166 0.00681322 0.020029 -0.0199665 0.0160235 0.03423 0.00277735 -0.00210003 0.0440664 -0.0048621 -0.00201926 -0.0127466 -0.0176737 0.0470673 -0.00707404 -0.0164742 -0.00540121 -0.00344841 -0.0117087 -0.010543 -0.0116908 0.00780189 0.0522415 -0.00373382 -0.00211407 -0.00869262 -0.011556 0.0300544 -0.00968192 0.00889968 0.081511 0.0992897 0.00436037 5.43804e-05
internal_weight=2.16473e+06 530476 1.63425e+06 604847 1.02941e+06 374449 156026 513247 893983 637718 124171 389076 256265 324857 312862 269693 287655 82967 204688 193130 114476 135425 83777.5 51647.4 194116 49015.1 291096 34785.1 91599.4 35106.9 93836.7 56078.2 33760.8 65461.3 287674 169300 4258.16 158023 99397.5 147676 119384 41549.9 82685.8 110236 122017 53932.8 86964.7 81584.2 137062 41485.4 26910.2 48181.9 70340.7 23071.1 59003.1 8196.67 58625.3 26588.4 1140 898 217333 124750
internal_count=727784 336529 391255 160684 230571 282745 53784 120236 188451 152243 39184 81052 36208 68183 84060 53866 76582 20513 56069 50397 41226 42120 21949 20171 124107 17452 58507 10691 40448 12559 59481 22202 9676 23774 57519 23079 2774 37838 23726 29504 27186 12558 28317 25737 24362 19008 13129 12435 26929 10867 7483 9822 14556 4788 14344 3610 14112 7081 1140 898 42963 17798
cat_boundaries=0 1 2 3 4 5 6 7 8 9
cat_threshold=1 540672 243722 541313 1 1 43040 8963 8
is_linear=0
shrinkage=0.05


Tree=15
num_leaves=63
num_cat=6
split_feature=5 5 12 9 5 2 12 13 5 0 2 16 16 0 16 16 7 19 2 7 12 10 2 21 15 19 6 0 5 5 16 16 16 16 9 19 16 16 16 16 5 16 12 16 9 19 5 16 15 12 16 16 12 13 8 8 9 15 2 19 16 9
split_gain=90818.4 15585.8 9221.85 8933.9 12198.5 7433.1 5337.05 2997.62 2389.79 1930.4 2179.12 1921.82 1969.75 3190.56 1765.54 3725.19 1611.01 1504.05 1851.38 1446.1 1301.49 1296.71 1215.02 1191.73 1139.37 1073.14 1058.85 1028.2 967.605 960.466 920.785 841.464 1792.17 1468.94 3289.35 833.958 782.935 751.791 734.544 1195 684.59 673.574 660.259 652.966 638.497 637.196 631.927 624.37 617.379 759.996 598.227 581.704 575.304 565.964 551.907 550.912 541.476 539.262 515.173 517.418 514.404 824.24
threshold=0.44460082883728208 1.4417424152992566 0.065671044342643606 0.24976808905380335 0.19054823139543262 3.5000000000000004 0.38648400104686292 3.5000000000000004 0.99680302333895121 1.0000000180025095e-35 9.5000000000000018 15.500000000000002 10.500000000000002 1.0000000180025095e-35 25.500000000000004 19.500000000000004 1.5000000000000002 0 73.500000000000014 63.500000000000007 0.29454336599006503 1.5000000000000002 1.5000000000000002 1 20.500000000000004 2 1.9993377483443711 1.0000000180025095e-35 2.379799965465486 2.6528464017185827 25.500000000000004 18.500000000000004 25.500000000000004 9.5000000000000018 0.11119139370584459 3 51.500000000000007 11.500000000000002 51.500000000000007 45.500000000000007 0.9731250237579353 16.500000000000004 0.23871825827920304 44.500000000000007 0.021858576206402299 4 3.9906542056074774 9.5000000000000018 31.500000000000004 0.069502632365644704 45.500000000000007 16.500000000000004 0.22272896897039615 13.500000000000002 1.0023923444976079 1.1568738104722704 0.94121665059466419 59.500000000000007 28.500000000000004 5 21.500000000000004 0.95163062743707916
decision_type=2 2 2 10 2 2 2 2 2 2 2 2 2 2 2 2 2 9 2 2 2 2 2 9 2 9 2 2 2 2 2 2 2 2 10 9 2 2 2 2 2 2 2 2 10 9 2 2 2 2 2 2 2 2 2 2 10 2 2 9 2 10
left_child=3 6 7 11 5 22 8 17 24 10 42 12 -1 -14 15 29 30 54 23 35 -18 -9 -5 46 31 43 60 -22 -16 -4 57 33 45 -2 37 -6 48 -35 39 -34 -27 -21 -7 47 -15 -33 -19 -8 49 -10 -26 -11 -37 -41 -3 -36 -20 -13 59 -12 61 -17
right_child=1 2 14 4 19 9 25 21 36 51 58 16 13 44 28 26 20 18 56 41 27 -23 -24 -25 50 40 -28 -29 -30 -31 -32 32 38 34 55 52 -38 -39 -40 53 -42 -43 -44 -45 -46 -47 -48 -49 -50 -51 -52 -53 -54 -55 -56 -57 -58 -59 -60 -61 -62 -63
leaf_value=0.0076424898415260291 0.0010961550651872474 -0.00012158017910285624 -0.019257589688032605 0.013322198574697295 0.002564765725107848 0.03741445992966206 0.00048953063756505973 -0.016908100659406046 -0.0039034862936791169 0.0099930079950259001 0.057012354806001447 0.012069472563497198 -0.0019180174273009097 -0.073866373248583334 -0.021974691016361202 0.016447747275621288 0.034136276490815444 0.01336400871466548 0.007456883483069509 -0.0084792176963342496 0.019830159372678697 -0.0058339890584310694 0.022128023100586758 0.001670343213072666 0.0031048276041480694 -0.010097954407055271 -0.018318713741779253 -0.0033883685108543754 -0.030910808981430522 -0.030570539602047749 0.0057388028786884288 0.0011219879046168624 -0.0040837866305202105 -0.042006562086641476 -0.011819153729734513 0.017899167942108732 -0.022818900791198485 -0.097610643908196404 -0.016762100650281862 -0.0012611766204276326 -0.016698249781620936 0.0042306269564591431 0.0279455976674867 0.0052497144392099982 -0.03145712875041428 0.01207924885689008 0.031410484767016571 -0.010750035959835058 -0.00087186438950185164 -0.0099005094887164181 0.013052363874849291 0.026794316014000365 0.0091344352336035529 0.0092521009246502514 -0.017433749381623783 -0.0024977154170984918 -0.014663284457115566 0.027593618564659941 0.068974922032823932 0.041591153793743903 -0.0045015384828339215 -0.016198093932274695
leaf_weight=68205.725560903549 64542.007699966431 8431.6562602519989 65395.237284898758 76018.922198295593 22893.551123857498 36152.248446702957 17452.236111164093 52276.48179769516 131790.11698698997 7791.1076083183289 8305.2517387866974 42802.478531360626 37247.442482948303 1677.167432308197 83983.722928285599 8637.8556683063507 11523.759769201279 10689.809533596039 3896.9367499351501 14802.034265995026 18356.231335401535 53475.799665689468 80833.823792457581 12282.796099424362 98482.44330906868 102207.85110282898 9786.9921507835388 6440.7831666469574 47402.544585466385 26316.408655166626 99486.339193344116 20274.795612335205 110012.67398548126 1415.5996217727661 32728.645345211029 37094.74182009697 6310.3606481552124 1068.1458549499512 7851.8851299285889 21365.132103443146 63824.404895544052 35239.583889007568 37560.895159006119 12142.735171556473 1889.409853219986 38443.478804111481 8884.0583326816559 42313.499048233032 68507.117598056793 88178.365969419479 17853.088171482086 15216.505981445312 37808.828279256821 31934.700959920883 10139.177145719528 30738.231240510941 9532.4812140464783 6435.1204175949097 2865.6398019790649 17428.251265048981 18218.368195533752 2490.110494852066
leaf_count=49572 13479 3539 18552 44898 5696 12632 4019 18724 28732 1578 2259 40683 28767 368 22860 2904 3936 2682 630 2390 7539 11018 36640 4019 18379 23480 3685 1541 17569 11246 88143 4305 21996 323 7255 9024 1341 238 1600 4159 17460 5512 13176 3031 392 7505 3083 9933 13507 22154 3254 3041 9358 6634 2523 5706 1552 5906 601 4720 5705 981
internal_value=-2.10277e-05 -0.00727892 -0.0152284 0.0144259 0.0190187 0.0251143 -0.00387811 -0.00614313 -0.00185904 0.0341932 0.0371361 0.00770971 0.00244356 -0.00624452 -0.0211046 -0.0169932 0.0108123 0.00241096 0.00732421 0.00738415 0.0202526 -0.0113084 0.0178604 0.0138896 0.000329265 -0.0104247 -0.00407775 0.0137995 -0.0251989 -0.0225041 0.00850664 -0.00105958 0.000760751 -0.00426635 -0.00951426 0.0109215 -0.00539784 -0.065949 -0.001825 -0.00110675 -0.0126345 0.000471031 0.03259 -0.00531966 -0.051415 0.00829815 0.021545 -0.00746801 -0.00501668 -0.00630754 0.0046315 0.0211055 0.0134734 0.00503793 -0.00956884 -0.00730471 -0.0082444 0.0140989 0.048852 0.0466085 0.000672064 0.00914177
internal_weight=2.16535e+06 1.44128e+06 431840 724076 430011 282173 1.00944e+06 169609 771497 125320 102312 294064 109020 40814 262231 130845 185045 63856.9 45286.1 147839 36320.8 105752 156853 31856.7 476711 237941 39133.3 24797 131386 91711.6 148724 360375 229883 130493 65950.6 97797.1 294786 2483.75 171164 163313 166032 50041.6 73713.1 71908.5 3566.58 58718.3 19573.9 59765.7 288476 219968 116336 23007.6 74903.6 53299.8 18570.8 63466.9 13429.4 49237.6 28599.1 25733.5 29346.3 11128
internal_count=728134 349762 131272 378372 151525 119545 218490 47770 160567 38007 33388 226847 79099 29527 83502 43073 147748 18028 11966 31980 13016 29742 81538 9784 94833 57923 13275 9080 40429 29798 134732 73200 46199 27001 13522 24078 65734 561 34389 32789 40940 7902 25808 16983 760 11810 5765 13952 64393 50886 21633 4619 18382 10793 6062 12961 2182 46589 7580 6979 9590 3885
cat_boundaries=0 1 3 4 5 6 7
cat_threshold=1729553 605123 1024 34826 1589393 1466801 105482
is_linear=0
shrinkage=0.05


Tree=16
num_leaves=63
num_cat=10
split_feature=5 5 3 0 1 14 5 16 16 16 9 16 16 16 8 9 6 16 16 16 9 20 3 19 2 3 16 16 6 16 1 16 5 3 5 9 16 16 5 5 16 16 17 9 4 17 17 17 5 6 16 19 3 17 16 16 9 14 17 17 16 16
split_gain=83049.9 16465.4 10894.3 9573.19 6214.27 5013.39 6856.49 2245.66 3379.34 3324.4 6523.35 2897.89 2151.27 2102.26 1965.38 1816.22 1684.25 1606.68 3189.66 1587.4 2011.86 1521.98 2475.89 1499.78 1499.19 1453.28 1396.26 1293.65 1380 1250.82 1232.43 1227.53 1186.48 1186.31 1028.95 950.442 1493.75 885.82 874.868 858.214 806.358 1952.78 786.377 748.916 743.961 742.165 739.172 734.719 733.593 730.67 726.676 721.291 720.158 691.11 682.911 2277.51 1010.06 679.748 670.773 660.364 646.885 713.269
threshold=0.36385127874489581 1.0906883038030581 3.5000000000000004 1.0000000180025095e-35 1.5000000000000002 1.0000000180025095e-35 1.9286267995570323 16.500000000000004 25.500000000000004 9.5000000000000018 0.1220443120461739 44.500000000000007 51.500000000000007 16.500000000000004 1.1639491950967364 0.5106733499246382 0.99993376606173012 25.500000000000004 19.500000000000004 9.5000000000000018 0.1786393264530147 0 40.500000000000007 1 6.5000000000000009 9.5000000000000018 15.500000000000002 21.500000000000004 0.11715230855855857 11.500000000000002 1.0000000180025095e-35 10.500000000000002 3.9906542056074774 138.50000000000003 0.21648249234456135 0.14310689310689315 9.5000000000000018 14.500000000000002 2.9806419383039846 3.4009345794392529 44.500000000000007 48.500000000000007 2 0.74994407158836707 2.5000000000000004 3 4 5 0.7221658778453911 0.68892118863049101 10.500000000000002 6 47.500000000000007 7 25.500000000000004 19.500000000000004 0.66655592469545966 1.0000000180025095e-35 8 9 16.500000000000004 9.5000000000000018
decision_type=2 2 2 2 2 2 2 2 2 2 10 2 2 2 2 10 2 2 2 2 10 1 2 9 2 2 2 2 2 2 2 2 2 2 2 10 2 2 2 2 2 2 9 10 2 9 9 9 2 2 2 9 2 9 2 2 10 2 9 9 2 2
left_child=2 7 30 4 25 6 17 9 27 47 29 48 43 19 46 39 54 18 35 -5 -21 -17 23 -23 -6 -4 31 28 -9 -11 44 -27 -25 -28 -15 36 -3 59 -18 -7 58 -42 -29 -13 -1 -37 -12 -2 -10 -30 -47 -24 -31 -14 55 -8 -57 -32 -19 -16 61 -26
right_child=1 5 3 13 24 15 16 8 11 10 14 12 53 34 37 21 38 40 -20 20 -22 22 51 32 60 26 33 42 49 52 57 -33 -34 -35 -36 45 -38 -39 -40 -41 41 -43 -44 -45 -46 50 -48 -49 -50 -51 -52 -53 -54 -55 -56 56 -58 -59 -60 -61 -62 -63
leaf_value=0.0036418695264778772 -0.0054226774928405842 -0.015872744219344006 0.016934857325886673 0.0096229337552949587 0.030390426632599873 0.00389182341438594 -0.020396518232219975 0.065112282547561517 -0.0026634514891299174 -0.043572682678878746 -0.0035520499225400732 0.010576279918541917 0.012310312222846531 0.023281267909305278 0.0091194080261506952 -0.020212473122399613 -0.022158082318159873 -0.0081685673140992274 0.0026577128095135664 -0.052116061077311815 -0.003801941862999713 -0.02332053808117196 -0.027074444954706064 0.0029887550431093699 0.047509702876196457 0.027429704666870638 0.030933724413555248 0.016837717455516349 0.0096699332619363879 -0.054905098521721124 0.012879570777913544 0.0063150257958616649 0.023108152238895716 0.11238573667012575 0.010478354137105567 -0.0036682497970778141 -0.062057204599876063 -0.015776862180334496 -0.031133155659944824 0.026208532441264216 0.00015767307842217052 -0.017623602669675713 0.0063851442435702722 0.0026339551796646671 0.0093640337867693813 -0.0084838976917210717 -0.017719129000510824 0.0015041079354339974 -0.0081699127234537514 -0.0013725116715916608 -0.017140207509395201 -0.0084050945291957238 -0.11060072868195972 -0.017544542202827487 -0.021119910306700559 0.013419008008111737 -0.01164117696966261 0.033157807316478501 -0.018595000099912384 -0.0045519546999866298 0.049394509517189586 0.026715802132028274
leaf_weight=139200.34921741486 58256.076619386673 8385.7708988189697 100926.08188891411 23240.22388958931 36209.373517036438 20106.662318468094 29071.493188381195 861.10964608192444 116650.64427781105 3796.1315517425537 11437.152275800705 48720.876913547516 2238.618134021759 21747.155550956726 18112.257843255997 16311.168788433075 75483.313634634018 19191.186262607574 59412.806897878647 2419.2354755401611 19641.993679285049 3759.9028074741364 5801.6195397377014 20994.986487865448 7891.8139605522156 14531.823838472366 43619.657949447632 35069.9601354599 20253.506803512573 943.20321917533875 42108.670945167542 13079.004511833191 11255.876730918884 450.81234765052795 56383.965163946152 34722.081875562668 2212.1351947784424 8206.7702357769012 42424.637936592102 5481.8751015663147 29012.765273332596 33006.176199674606 37038.373653650284 75949.984798431396 95962.8577709198 56990.943604946136 47642.467429161072 111606.31377887726 125625.14233875275 57533.235114812851 42199.220950365067 47596.720022439957 1522.7799382209778 14230.698036193848 37027.067721605301 9546.2044706344604 6945.4267041683197 4582.0128569602966 79814.449613571167 17222.156318902969 24976.406163930893 8649.4068729877472
leaf_count=123088 12348 2185 55366 5090 13992 4785 12154 259 24135 889 2656 9770 479 4406 3350 6226 22467 4437 13579 513 4192 1248 1079 5718 2259 6074 18879 7290 4795 283 22973 5105 3995 189 12218 7409 596 1632 18739 2048 7189 7617 7882 16846 77784 13662 11030 24003 26365 11198 10050 8022 295 3026 14769 3442 2853 2367 18529 3432 7082 2357
internal_value=1.32128e-05 -0.00643986 0.0148724 0.0204694 0.0260883 -0.0120801 -0.0141239 -0.00160558 0.000292794 -0.00524351 -0.0120636 -0.00220093 0.00349421 0.00907355 -0.00904005 -0.00327882 -0.0215522 -0.0100429 -0.00709481 0.000504037 -0.00910219 -0.00617183 -0.0036075 0.00652392 0.0378279 0.0208017 0.0262458 0.00663501 0.0022 -0.0616026 0.00745021 0.0174285 0.010008 0.0317695 0.0140422 -0.0111044 -0.0255179 -0.000979832 -0.0253877 0.00867361 -0.0137763 -0.00930557 0.0114721 0.00573784 0.00597694 -0.0099635 -0.0149802 -0.000871754 -0.00551869 0.00150272 -0.0121655 -0.0104406 -0.0893288 -0.0134892 -0.0160763 -0.0119771 0.00286488 0.0148703 -0.0165768 0.00245728 0.0443135 0.0366388
internal_weight=2.16529e+06 1.50967e+06 655621 373767 250334 696754 565446 812917 534172 278745 108883 383416 141140 123433 102621 131309 200498 364948 203923 45301.5 22061.2 105720 89409.1 36010.8 77727 172607 71681.3 150756 78647.9 6262.11 281854 27610.8 32250.9 44070.5 78131.1 144510 10597.9 43541.2 117908 25588.5 161025 62018.9 72108.3 124671 235163 133912 59079.6 169862 242276 77786.7 99190.2 53398.3 2465.98 16469.3 82590.2 45563.1 16491.6 46690.7 99005.6 35334.4 41517.6 16541.2
internal_count=728695 364761 363934 137722 111303 192798 159677 171963 112045 59918 23567 80621 30121 26419 22100 33121 74424 85253 47481 9795 4705 26288 20062 10961 25690 85613 30247 31424 16252 1467 226212 11179 9713 19068 16624 33902 2781 8414 41206 6833 37772 14806 15172 26616 200872 31121 13686 36351 50500 15993 23712 9101 578 3505 33218 18449 6295 25340 22966 6782 11698 4616
cat_boundaries=0 1 2 6 10 14 18 19 23 27 31
cat_threshold=1 540672 536876952 557576 537176065 549384 8400 0 805374992 550401 1240 4096 610338881 541697 2434830664 2147623744 135308059 5890 540673 8320 0 536936448 16385 17826064 3766517025 139469024 8448 1073750144 655360 543490304 17441
is_linear=0
shrinkage=0.05


Tree=17
num_leaves=63
num_cat=7
split_feature=0 3 12 4 20 1 0 7 19 0 13 17 1 7 0 9 20 16 16 16 15 16 0 16 4 4 19 16 16 16 16 16 16 0 16 16 1 1 16 16 16 16 16 9 13 0 16 16 9 16 9 16 17 16 16 12 9 20 4 11 15 16
split_gain=66434.8 18496.4 11210.7 5869.62 4067.89 3697.24 3091.69 2586.84 2428.15 2689.94 2532.33 2122.87 2011.59 1865.16 2439.05 1602.41 1232.01 1135.31 1118.25 2088.24 1070.64 1067.35 1064.2 1004.06 1566.78 996.507 964.666 918.646 1269.71 1560.02 1356.74 1539.36 1164.99 837.276 805.352 1044.17 803.538 798.536 794.048 713.734 914.088 1797.2 1034.3 910.763 703.624 689.864 689.817 1288.03 2232.98 1048.73 951.32 1096.21 666.437 920.586 1370.13 650.3 631.854 623.485 607.256 600.349 599.473 570.918
threshold=1.0000000180025095e-35 6.5000000000000009 0.19598002090343455 11.500000000000002 0 1.5000000000000002 1.5000000000000002 1.5000000000000002 1 22.500000000000004 1.5000000000000002 2 2.5000000000000004 4.5000000000000009 1.5000000000000002 0.88914141414141423 3 16.500000000000004 51.500000000000007 49.500000000000007 219.50000000000003 9.5000000000000018 2.5000000000000004 25.500000000000004 97.500000000000014 3.5000000000000004 4 44.500000000000007 25.500000000000004 27.500000000000004 18.500000000000004 10.500000000000002 12.500000000000002 2.5000000000000004 48.500000000000007 49.500000000000007 5.5000000000000009 3.5000000000000004 51.500000000000007 48.500000000000007 16.500000000000004 10.500000000000002 25.500000000000004 0.18756898454746138 9.5000000000000018 228.50000000000003 19.500000000000004 8.5000000000000018 0.14310689310689315 11.500000000000002 0.72012658227848114 51.500000000000007 5 25.500000000000004 22.500000000000004 0.15415831592039339 0.2501748251748252 6 5.5000000000000009 0.035067797079682356 10.500000000000002 45.500000000000007
decision_type=2 2 2 2 1 2 2 2 9 2 2 9 2 2 2 10 1 2 2 2 2 2 2 2 2 2 9 2 2 2 2 2 2 2 2 2 2 2 2 2 2 2 2 10 2 2 2 2 10 2 10 2 9 2 2 2 10 1 2 2 2 2
left_child=1 7 4 58 15 17 12 25 26 10 59 16 -5 -12 36 38 -8 21 19 39 34 -3 60 24 57 44 33 28 30 -30 31 -18 56 -6 45 -36 -15 -7 -2 40 41 -13 -42 -43 -1 -11 47 -35 49 -49 51 -48 53 54 -16 -9 -33 -19 -4 -10 -17 -44
right_child=2 5 3 6 8 37 11 55 9 20 13 18 -14 14 52 22 27 23 -20 -21 -22 -23 -24 -25 -26 -27 -28 -29 29 -31 -32 32 -34 46 35 -37 -38 -39 -40 -41 42 43 61 -45 -46 -47 50 48 -50 -51 -52 -53 -54 -55 -56 -57 -58 -59 -60 -61 -62 -63
leaf_value=0.018202747299418388 -0.0037207939958145836 0.025371026416937878 -0.027316919569762302 -0.0069308820469960427 0.0040113346371042592 0.034065463930489849 -0.02108899621986703 0.023683620513677429 0.046343061494810898 -0.0015087362484028097 -0.0096888933985423229 -0.01269255040028406 0.0084264714917078581 0.014818213601156902 0.0066460897163610885 -0.012124895147567731 -0.0026753861483546585 0.041388688271405155 -0.031246050432127106 0.01269374889324488 0.0040997029572158459 0.0097547285886760444 -0.023512803909480989 0.023146824192317703 0.077320567284311137 0.010766428738481007 -0.012273589970969518 0.00056242396008593972 -0.023674698639818026 -0.0084553815538076105 0.0047558824599510576 -0.070623282678327723 -0.0087360164988218008 -0.00098759498440216162 -0.028443877294325678 -0.0049765596246331111 0.036002491097759957 0.045591004974226967 -0.034882263269861588 -0.032745267276686668 -0.00078499913911678687 -0.07085838904335405 -0.014426892335314773 -0.026236037652355423 0.0038737478802903175 -0.0093728940053701745 0.0038947115968529181 -0.03832148753191747 -0.011590287903665945 -0.1000932706902935 -0.0083413933436789576 -0.032816597961577314 0.0011720751916773351 0.00066072070956279736 0.025046493998899688 0.013822478606009984 -0.024429088431772793 0.02228635640045043 -0.018537676484557248 0.019971360312121433 0.011026020665681223 -0.00061783400724464308
leaf_weight=9003.8766913414001 66688.869250059128 20213.993944406509 37922.664807796478 43692.751875400543 30897.509003639221 42616.403146982193 14689.844878196716 25576.399639129639 3627.6622040271759 202497.7381567955 24034.694916725159 68762.383535146713 41646.097012042999 17808.351469755173 61805.890322685242 29759.110191583633 70304.521182537079 8627.1261892318726 8560.1985785961151 7727.4569602012634 57701.094484806061 23857.236842632294 25845.098603248596 43193.328663349152 2127.4935033321381 99807.553480863571 37693.148676872253 42188.450726270676 21570.019470214844 76743.610206127167 31494.363051176071 786.68116307258606 24353.671075105667 21108.662141799927 7070.2382082939148 14379.751388549805 5979.7423853874207 23239.813990354538 2108.0017285346985 4850.5376679897308 23470.489644050598 1201.3106081485748 65119.10638666153 23551.523420810699 176389.41193771362 32339.714328765869 45327.873795986176 2707.3655512332916 21264.843819856644 921.05330562591553 38347.795945644379 2127.9555513858795 146519.29163265228 46202.790146589279 12096.337428808212 48294.855123519897 12390.119566679001 8670.7540571689606 41010.58687210083 5332.3027849197388 3085.435218334198 8457.0433354377747
leaf_count=6456 19057 8980 19480 16826 10492 14356 3892 11173 1304 32047 10584 14612 12175 5433 13891 11845 15199 4364 1761 1620 8000 10477 7053 18875 1080 78268 10056 9534 4478 16083 7361 178 5400 4368 1143 2215 1501 6508 585 1138 5597 283 14220 5111 151142 3981 9032 606 4362 190 7927 408 33065 10249 2651 21479 2738 4053 16748 2061 1068 2033
internal_value=8.02473e-06 0.0153634 -0.0049824 -0.00994893 -0.00153259 0.0288174 -0.00824004 0.00889825 -0.00026635 0.00124298 0.0044435 -0.00972417 0.00056365 0.0036966 0.00480442 -0.00985296 -0.00697815 0.0230666 -0.0135435 -0.012798 -0.00205351 0.0169178 -0.0159228 0.0273938 0.0368356 0.00673834 -0.00506684 -0.0062366 -0.00744388 -0.0117947 -0.00437379 -0.00704022 -0.0152164 -0.00339654 -0.00343887 -0.0127127 0.0201447 0.0381333 -0.0046761 -0.0138061 -0.0133239 -0.0168516 -0.00992432 -0.0284044 0.00456975 -0.00259175 -0.00513335 -0.0100734 -0.0177775 -0.0540252 -0.00248477 0.00224789 0.00343569 0.00619649 0.00965817 0.017237 -0.0271921 0.0318521 -0.0227559 0.0306526 -0.00994982 -0.0128397
internal_weight=2.16739e+06 531618 1.63577e+06 670493 965278 172546 591560 359072 837792 637396 323407 506221 85338.8 314447 290412 127487 294521 106690 211700 203140 313989 44071.2 58689.6 62618.7 19425.4 285201 200396 279831 237643 98313.6 139329 107835 37530.5 162703 256287 21450 23788.1 65856.2 68796.9 195412 190562 93515.2 97046.6 24752.8 185393 234837 131806 46001.9 24893.3 3628.42 85803.6 47455.8 266624 120105 73902.2 73871.3 13176.8 17297.9 78933.3 8959.96 32844.5 73576.1
internal_count=728852 337211 391641 176467 215174 68693 140239 268518 175566 128125 80739 111238 29001 77374 66790 39608 64863 47829 46375 44614 47386 19457 19966 28372 9497 235866 47441 60971 51437 20561 30876 23515 8316 37385 39386 3358 6934 20864 19642 42994 41856 20006 21850 5394 157598 36028 26893 9526 5158 796 17367 9440 59856 26791 16542 32652 2916 8417 36228 3365 12913 16253
cat_boundaries=0 1 2 6 7 8 12 13
cat_threshold=1 540801 1611662992 1082662432 878772300 549221 1 129 536895632 1082753056 805637136 549377 12
is_linear=0
shrinkage=0.05


Tree=18
num_leaves=63
num_cat=9
split_feature=5 5 12 0 3 5 12 2 14 5 16 17 19 3 2 16 16 16 12 17 21 4 16 9 12 4 8 16 16 12 19 17 16 12 4 5 5 12 16 16 9 16 16 16 16 16 17 16 16 9 16 16 16 14 8 16 19 9 9 19 16 16
split_gain=68844.4 11320.2 7166.99 6182.28 10626.3 6264.85 4684.28 2424.64 2024.27 1944.96 1870.34 1685.35 1438.45 1452.23 1425.41 1295.09 3000.48 1106.57 1059.22 1018.54 1003.2 883.916 864.12 1777.39 858.414 849.426 849.085 839.879 819.106 751.38 719.569 689.792 661.909 658.289 638.921 638.442 620.497 611.114 603.931 1576.89 1088.17 3753.28 887.922 926.963 716.792 687.083 659.733 619.505 588.427 594.807 568.264 540.231 561.788 642.321 538.782 530.902 518.76 517.021 507.249 504.478 479.233 465.358
threshold=0.50030084235860428 1.5559878945092955 0.065671044342643606 2.5000000000000004 4.5000000000000009 0.20533090098307491 0.38344474726573541 4.5000000000000009 1.0000000180025095e-35 0.98675070426067268 16.500000000000004 0 1 54.500000000000007 1.0000000180025095e-35 25.500000000000004 19.500000000000004 16.500000000000004 0.27793217085410993 2 3 24.500000000000004 9.5000000000000018 0.01328918322295806 0.23871825827920304 7.5000000000000009 1.0982400908340217 51.500000000000007 10.500000000000002 0.22880707286518917 4 5 44.500000000000007 0.35023350347550891 192.50000000000003 3.9906542056074774 2.379799965465486 0.03744685883574262 18.500000000000004 25.500000000000004 0.071661998132586377 10.500000000000002 44.500000000000007 51.500000000000007 14.500000000000002 16.500000000000004 6 22.500000000000004 21.500000000000004 0.79718295888508661 9.5000000000000018 25.500000000000004 44.500000000000007 1.0000000180025095e-35 1.0023923444976079 44.500000000000007 7 0.85009363295880158 0.98668144863266827 8 16.500000000000004 9.5000000000000018
decision_type=2 2 2 2 2 2 2 2 2 2 2 9 9 2 2 2 2 2 2 9 9 2 2 10 2 2 2 2 2 2 9 9 2 2 2 2 2 2 2 2 8 2 2 2 2 2 9 2 2 10 2 2 2 2 2 2 9 10 10 9 2 2
left_child=3 6 8 4 14 7 9 24 21 30 22 18 54 20 -1 16 31 28 -9 32 35 -3 -5 -24 34 -18 -25 37 -13 -16 -2 -4 50 -7 -6 -14 -17 -11 40 47 41 -32 -41 -44 46 -46 -42 -40 49 -27 -8 -12 -53 -54 -10 -20 -26 -15 -39 -35 61 -58
right_child=1 2 15 10 5 33 19 11 12 27 51 17 13 57 29 36 25 -19 55 -21 -22 -23 23 26 56 48 -28 -29 -30 -31 38 -33 -34 59 -36 -37 -38 58 39 42 44 -43 43 -45 45 -47 -48 -49 -50 -51 -52 52 53 -55 -56 -57 60 -59 -60 -61 -62 -63
leaf_value=0.0040441140803906079 -0.0057361658740747792 -0.018643373242759144 -0.018206964054447362 0.00026246583894498626 0.023790854942088727 0.012409205114762676 -0.0024395783910242759 0.03999516142039132 -0.0015177797729406181 -0.0010778551786384853 0.012774132940424753 0.02263142512946989 0.011101652723619189 0.0062203091539440427 0.0155778873839103 -0.020204662146524745 -0.016619658564154614 0.028885882981607748 0.025688750454732526 -0.013215275032112485 0.0018199188246301988 -0.007110276889902495 -0.092812004260262815 -0.024923567601485792 0.022334042441123466 0.019182336563636614 -0.003406608981327506 -0.021449816291380871 0.002163738564237658 0.0082087979282046124 -0.00093230096376569448 -0.02864996757763907 0.0019358370672297089 0.011740954334210772 0.079218546650065211 0.03073076937523854 -0.027597460334583757 -0.0042550566293906317 0.0039674748910273061 -0.0029093229051316773 0.012205708155257821 -0.077141137734654919 0.0063898148894164473 -0.012429788583079731 -0.017810626080618109 -0.0017362740105163897 -8.0264166209462008e-05 0.013430274195012179 -0.0045645480556543976 -0.0085608394074913555 -0.010946952598571317 0.00057163910679879548 0.013124497725101112 -0.011805923937148773 -0.015972792270741599 0.041869186859165741 0.014420101255704355 -0.0096517589858059367 -0.0092298704995821667 -0.00068934953408551704 0.017395873497470651 -0.00026810881861646642
leaf_weight=161645 45514.598874807358 28016.653678894043 58473.658382177353 25007.361663341522 50132.025194168091 55163.72861456871 28225.21198797226 37100.564360141754 11292.635419368744 93729.72239613533 24117.303956985474 10138.151227474213 9239.4952571392059 7413.3777594566345 53220.544164657593 70578.398421525955 9120.6007742881775 23328.895438432693 32903.45392370224 123541.20414185524 14188.027137517929 40820.856344223022 682.37504959106445 6997.7070569992065 21310.778767585754 6652.6483926773071 13294.773432731628 7466.0472702980042 9438.890082359314 98837.571287155151 7049.2494225502014 21821.994049310684 18788.751945018768 12603.144311666489 524.56200790405273 7510.8918397426605 47501.74884223938 159545.3364546299 33899.333700656891 108791.96179628372 12468.130840301514 2095.0176389217377 60878.376843452454 7330.0384430885315 10347.163156270981 18591.92857503891 87841.688601970673 35315.018718719482 16467.614313364029 2721.8207082748413 64455.418439388275 42435.92865896225 21345.534185409546 2938.6232886314392 15020.971331834793 5996.1718943119049 11303.14163351059 16658.278116703033 75483.404646158218 23132.493126630783 27098.17999124527 10311.360617637634
leaf_count=161645 9751 12306 19499 4523 26101 14958 6585 10844 4688 20166 4212 2951 2416 1202 28680 19823 4612 6798 9767 30632 4687 9420 126 1331 10748 2122 2359 1556 2617 54300 1540 7578 4750 3423 331 2622 17612 33408 6675 20861 2446 454 12026 1454 2152 3564 17572 6711 4666 920 15489 7531 3839 505 3666 1828 5756 2765 19003 6301 14134 5611
internal_value=-1.60489e-05 -0.00671048 -0.0140153 0.0118543 0.0139044 0.020161 -0.00391289 0.0244013 -0.00549461 -0.00201911 0.00220156 0.0294688 -0.000153504 0.00444558 0.00731307 -0.0194985 -0.0157279 0.0215252 0.0339457 -0.0100883 0.0116121 -0.0118044 -0.00601497 -0.0134989 0.0194082 -0.00350211 -0.0108274 -0.00486812 0.0127637 0.0107881 0.00020795 -0.0210512 -0.00662078 0.00898455 0.0243664 0.0198928 -0.0231789 -0.00449148 0.000911517 0.00239698 -0.00173119 -0.0183988 -0.000105249 0.00436721 -0.000551834 -0.00748407 0.00144815 0.00879577 0.001128 0.0111272 -0.00835615 0.00636082 0.00404244 0.0101073 -0.00976592 0.0281839 0.015821 -0.00476356 -0.00585283 0.00369783 0.012964 0.00741329
internal_weight=2.16587e+06 1.38486e+06 383500 781008 644189 330486 1.00136e+06 239586 150161 766347 136820 118906 81323.7 55010.1 313703 233338 115258 42905.9 76000.2 235011 30938.4 68837.5 45982.2 20974.9 120680 34962.7 20292.5 336225 19577 152058 430123 80295.7 111469 90899.4 50656.6 16750.4 118080 328758 384608 246215 138393 9144.27 177000 68208.4 129249 28939.1 100310 69214.4 25842.1 9374.47 92680.6 90837.4 66720.1 24284.2 26313.6 38899.6 70023.5 24071.7 235029 35735.6 48712.7 21614.5
internal_count=728618 337399 120604 391219 366793 122168 216795 97486 43772 159339 24426 34805 22046 13692 244625 76832 39397 12366 22439 57456 9725 21726 8339 3816 62681 12320 3690 74133 5568 82980 85206 27077 26824 24682 26432 5038 37435 72577 75455 47727 27728 1994 34341 13480 25734 5716 20018 13386 7708 3042 22074 16087 11875 4344 8354 11595 36249 3967 52411 9724 25501 11367
cat_boundaries=0 4 5 9 11 12 16 20 21 22
cat_threshold=537929600 10829832 874872873 541099 1729809 1610613392 1611175456 872480840 573704 34093123 1024 1589392 1610613392 277663752 1948616818 540713 144 0 67177552 24577 120842 100362
is_linear=0
shrinkage=0.05


Tree=19
num_leaves=63
num_cat=14
split_feature=5 5 12 0 3 5 12 2 13 12 9 19 11 9 9 8 4 19 12 5 7 21 17 17 6 13 9 5 5 13 19 19 13 4 19 5 4 5 17 12 9 3 17 17 13 7 0 12 17 5 4 5 12 0 9 9 0 2 17 5 17 12
split_gain=61904 10546.7 6623.11 5746.56 8792.55 6788.56 4013.55 3198.1 1947.31 1401.78 1420.81 1304.72 1276.6 1263.46 1154.57 1095.79 1071.07 998.322 978.431 973.804 953.209 961.85 923.223 860.082 850.026 790.043 718.803 668.015 656.598 612.571 607.062 571.438 539.949 531.214 523.619 507.636 505.9 497.189 496.653 481.285 475.776 564.19 452.975 449.234 433.309 414.467 399.99 388.722 387.098 387.021 382.944 373.754 369.705 340.842 325.987 316.905 316.637 315.959 312.823 308.532 301.547 301.096
threshold=0.50030084235860428 1.4280636291603137 0.05780684861914704 3.5000000000000004 4.5000000000000009 0.12579113924050636 0.16787995909700251 5.5000000000000009 3.5000000000000004 0.33146442666487641 0.71446933529195744 0 0.011847457935800778 inf 0.55562735131099061 1.1500507099391484 24.500000000000004 1 0.23871825827920304 0.85445719329214487 40.500000000000007 2 3 4 1.7692772203641771 9.5000000000000018 0.096930786094581903 0.28084674496157752 0.9804467748102027 29.500000000000004 5 6 22.500000000000004 201.50000000000003 7 2.0024449877750619 2.5000000000000004 0.85445719329214487 8 0.49010495554712563 0.1786393264530147 18.500000000000004 9 10 36.500000000000007 158.50000000000003 21.500000000000004 0.47700046224142678 11 2.3322295805739519 2.5000000000000004 2.5466126230457444 0.22272896897039615 1.0000000180025095e-35 0.030457637600494747 0.85009363295880158 1.0000000180025095e-35 6.5000000000000009 12 3.5022123893805315 13 0.53987745234736861
decision_type=2 2 2 2 2 2 2 2 2 2 10 9 2 8 10 2 2 9 2 2 2 9 9 9 2 2 8 2 2 2 9 9 2 2 9 2 2 2 9 2 10 2 9 9 2 2 2 2 9 2 2 2 2 2 10 10 2 2 9 2 9 2
left_child=3 6 8 4 13 7 19 18 14 10 -4 26 56 25 31 39 49 -16 33 32 21 42 27 40 38 -1 -8 54 44 -28 -20 -3 58 43 -21 -12 -27 -31 -11 45 -14 -42 57 -6 -13 -5 48 -24 -17 -10 -15 -26 -29 -25 -7 59 -9 -19 -2 -18 -34 -46
right_child=1 2 9 15 5 22 11 12 16 24 35 28 23 50 17 46 55 20 30 34 -22 -23 47 53 51 36 29 52 -30 37 -32 -33 60 -35 -36 -37 -38 -39 -40 -41 41 -43 -44 -45 61 -47 -48 -49 -50 -51 -52 -53 -54 -55 -56 -57 -58 -59 -60 -61 -62 -63
leaf_value=0.022267181983148469 0.0017208732790111947 0.0020820394849264587 -0.0065633320731173644 0.0012153648713667167 0.027410762821018543 -0.0097044766432516204 -0.016637301761928451 0.020291948108082741 -0.010948762679493238 -0.015558663701281944 -0.014214526133846715 -0.010802118968741803 0.021418170777759045 0.0019825423092051349 -0.024774844735086232 0.01342840576845917 -0.0021500046403561479 0.036650310191432549 0.022162092904815994 -0.0058539350128655621 -0.0086306735615940596 -0.0036951995226363423 0.0053434444355968808 0.029961133017108562 -0.022651277989882181 0.005290985170375879 -0.008326453898133853 0.013405059477422876 -0.01324777780252223 0.0024011883452144736 0.012642042010726967 0.024328009099242907 0.0064468694723939408 0.073236238449382166 -0.0012797559470242308 -0.021566450710713458 0.011487786185792428 -0.0041886146527769326 -0.02277568307659647 -0.014098638694858848 0.033072864481635718 0.04642797664657184 0.005042233139290404 0.018615930414763251 -0.0030959858790718573 -0.0086798973684684387 0.00055056091753456673 -0.0070117387696056882 0.0027663838769849485 -0.021681345895387463 0.0070155067830246221 -0.032515883000002764 0.0056542638278375603 0.012783556920661215 0.020076217699319845 -0.0083034380128807189 -0.0062271348498181035 0.015988707955519554 -0.0030841245294235997 0.028482252141580275 0.00094839264661021247 -0.010843488182589719
leaf_weight=12481.478342533112 77476.61456823349 4656.731415271759 44554.303627967834 34720.498296737671 32425.663791656494 954.65503215789795 10629.009473562241 13827.39343214035 16726.413811445236 57217.316429853439 54722.443712234497 58105.851122140884 3318.9840562343597 100989 4103.7018356323242 21437.067272663116 26026.652391433716 2574.3525598049164 23813.647878170013 85756.4440305233 16723.523736000061 13328.226391553879 31503.9875395298 29739.373839855194 20188.600189447403 53045.470875740051 42768.559969902039 28876.071485042572 87492.359351396561 50549.343889951706 56975.289569377899 7628.8490200042725 65931.462960720062 539.73354387283325 231341.86208152771 41140.505014657974 86890.482765674591 65985.982604980469 41257.418731927872 9461.9287390708923 12889.365506410599 20523.084220647812 7274.2721340656281 26768.147604942322 52603.469306468964 15220.286285400391 21453.482582569122 7977.4904363155365 14147.609194278717 16880.564166545868 60398 18337.533949136734 32935.010951757431 3200.7102785110474 24171.273239135742 37325.089679002762 1224.8939843177795 6585.2972421646118 60169.316341400146 847.83010101318359 40120.374340057373 16465.879336833954
leaf_count=6425 14977 1567 12002 6561 15976 225 2721 4051 6210 19725 14434 12320 942 100989 1311 3908 5108 1143 11460 19540 2861 4656 8097 8786 5929 30596 8785 7698 23362 11560 28664 2102 12664 323 45828 12332 46148 16152 14957 1711 4096 5591 2408 13382 12031 2235 2927 2063 2565 8006 60398 7463 8861 628 5662 8252 238 1655 12065 285 8474 4140
internal_value=-4.73601e-06 -0.00636022 -0.0127732 0.0112405 0.0130335 0.0184626 -0.00338842 0.023667 -0.00469525 -0.0174519 -0.013941 -0.00732233 0.03134 0.00694939 0.00216987 0.000993278 -0.00910847 -0.00116916 0.0190407 -0.000690493 0.000920343 0.00628753 0.00918959 0.0341929 -0.0210503 0.010214 -0.00404832 0.0120686 -0.00991338 -0.00320851 0.0154528 0.0159182 0.0016862 0.0238929 -0.00251704 -0.0173699 0.00913882 -0.00133017 -0.0185864 -0.0037596 0.0394726 0.0412772 0.014377 0.0234418 -0.00762012 -0.00180049 0.00594317 0.00284616 0.00919419 -0.0163402 0.00386613 -0.0273473 0.00927533 0.0282839 0.0189444 -0.00532266 0.0181337 0.0217753 -0.000379647 -0.0011826 0.00436747 -0.00494309
internal_weight=2.16541e+06 1.3835e+06 438100 781910 665469 351665 945397 225246 160682 277418 140417 384600 84723.8 313804 62875 116441 97806.6 50589.4 140522 560796 46485.7 29762.1 126418 69671.5 137001 152417 169933 86937 214668 159304 80788.9 12285.6 243698 59733.5 317098 95862.9 139936 116535 98474.7 59402.7 36731.4 33412.4 16433.9 59193.8 127175 49940.8 57038.2 39481.5 35584.7 33607 161387 38526.1 61811.1 32940.1 25125.9 64199.6 15052.3 9159.65 137646 26874.5 106052 69069.3
internal_count=728231 337025 132406 391206 371299 126743 204619 94137 45564 86842 38768 91071 24332 244556 17703 19907 27861 14034 69805 113548 12723 9862 32606 20043 48074 83169 39218 22446 51853 36497 40124 3669 48180 29681 65368 26766 76744 27712 34682 10507 10629 9687 5206 29358 28491 8796 9400 10160 6473 14216 161387 13392 16559 9414 5887 13645 4289 2798 27042 5393 21138 16171
cat_boundaries=0 1 2 4 8 12 13 14 15 19 23 27 31 35 39
cat_threshold=243722 1589248 34124739 1024 554706576 11305000 876972169 540841 537929424 10510344 876937217 540705 104458 1746449 1720465 3758098064 2961757728 872743456 540943 538977920 32768 671385600 17417 2685413072 270681088 604277280 149033 553656976 524288 807731200 16416 554710168 425984 268772721 549409 16790488 278937601 539339808 550561
is_linear=0
shrinkage=0.05


Tree=20
num_leaves=63
num_cat=8
split_feature=0 2 12 4 20 0 2 10 4 0 10 13 10 9 0 20 0 2 8 0 7 0 13 9 20 13 16 16 4 20 12 7 16 12 16 16 0 0 16 16 0 20 15 21 10 0 2 4 0 16 16 16 16 9 20 12 4 15 2 20 11 15
split_gain=49311.7 13870.6 8979.19 4627.42 3456.98 2409.79 2234.36 2108.79 2088.79 1964.72 2694.17 1795.95 1649.27 1364.11 1205.46 1185.28 1378.3 1153.31 1012.7 965.103 951.212 1671.3 947.373 946.683 882.844 873.349 827.251 1409.25 1250.58 790.627 771.433 729.262 726.57 721.134 714.632 733.487 700.983 685.427 668.935 663.443 660.499 651.64 627.452 574.655 545.615 540.293 540.004 528.693 539.83 518.524 492.952 1199.95 639.784 570.637 492.293 483.454 477.179 475.173 472.636 469.573 461.821 457.511
threshold=1.0000000180025095e-35 2.5000000000000004 0.19598002090343455 12.500000000000002 0 1.5000000000000002 6.5000000000000009 1.5000000000000002 5.5000000000000009 36.500000000000007 1.5000000000000002 1.5000000000000002 2.5000000000000004 0.88002123142250543 2.5000000000000004 1 27.500000000000004 6.5000000000000009 1.0930404314520288 2.5000000000000004 2.5000000000000004 1.5000000000000002 1.5000000000000002 0.15402588066139469 2 10.500000000000002 16.500000000000004 25.500000000000004 49.500000000000007 3 0.35448367206434356 6.5000000000000009 51.500000000000007 0.16002033566470772 15.500000000000002 11.500000000000002 247.50000000000003 33.500000000000007 45.500000000000007 9.5000000000000018 162.50000000000003 4 10.500000000000002 5 2.5000000000000004 182.50000000000003 12.500000000000002 5.5000000000000009 1.5000000000000002 45.500000000000007 16.500000000000004 10.500000000000002 24.500000000000004 0.16716566866267465 6 0.43470047050953786 1.5000000000000002 12.500000000000002 6.5000000000000009 7 0.083137392804448346 127.50000000000001
decision_type=2 2 2 2 1 2 2 2 2 2 2 2 2 10 2 1 2 2 2 2 2 2 2 10 1 2 2 2 2 1 2 2 2 2 2 2 2 2 2 2 2 1 2 9 2 2 2 2 2 2 2 2 2 10 1 2 2 2 2 1 2 2
left_child=1 8 4 47 13 17 30 24 25 10 11 31 40 32 46 -9 18 -5 55 42 -13 58 -16 34 -7 -1 39 28 41 44 59 -6 -2 -31 35 -8 -14 50 -20 -10 -11 -28 -15 -23 -25 -18 -12 -4 -49 -29 51 -26 -52 -53 -32 -17 -27 -21 -22 -3 -33 -24
right_child=2 6 3 5 9 7 23 15 26 12 14 20 36 19 22 16 45 -19 38 57 21 43 61 29 37 56 27 49 -30 33 54 60 -34 -35 -36 -37 -38 -39 -40 -41 -42 -43 -44 -45 -46 -47 -48 48 -50 -51 52 53 -54 -55 -56 -57 -58 -59 -60 -61 -62 -63
leaf_value=0.017112706212362151 -0.0031836530556438544 0.028062095517389918 -0.024040538299941759 -0.0058178963190820511 0.026860221905445264 -0.033784318437546 0.029258761922439199 -0.017802642903099759 0.013827356042675838 -0.0067675015274592937 0.0084170967171172586 -0.014558612254338308 0.0014399018330079503 -0.011065970582904655 0.033599986606290586 -0.0036251784928851049 -0.0090383105364726379 0.0061229001149858964 -0.0020179391764371698 -0.024988623657735996 0.0020663099720416383 -0.0021809629950504702 0.0029513762707330114 0.017802184552880674 -0.010151698905251413 0.001724932162624018 0.030038632072684958 0.0077405513748351022 0.059092632018941715 0.047081299139204155 0.0193224885424567 0.0071497269663399841 -0.033152565934246946 0.033370062619534437 0.036448775722757169 -0.0049854989652445541 -0.0056667191388450298 -0.022953606862333761 0.0077808377434002195 0.0015661851869463361 -0.018183035655335713 0.013093984300740115 0.012198271478145372 -0.0085003096477636233 0.042989052402911641 -0.020218828210815141 0.02204195397198782 -0.011495115220816865 -0.022282329341985201 0.018303773555124993 -0.00063751188420746474 -0.079423706846941652 -0.011252628512240046 -0.024279969615769871 0.0080586381012790025 -0.01081344264521414 0.0063329906983580313 -0.0077926199844489431 0.013288593629747601 0.018860010629804129 -0.044266763547375215 0.0096777800145015393
leaf_weight=14243.768934726715 66346.524421215057 36095.511125564575 37931.942798137665 36574.192916631699 7401.7292606830597 5012.4957799911499 2616.3665511608124 20731.31022644043 22084.669501781464 92567.647315979004 15325.465381622314 15529.178755760193 129152.07913684845 29812.059163093567 2692.2188761234283 46073.904253482819 83001.250925064087 45226.001138448715 108589.37722063065 20962.664305448532 17970.830468177795 175156.33533573151 206280.49895095825 8838.5508909225464 39185.688192129135 98494.215797424316 12300.466165542603 32759.774579524994 2552.3099985122681 15879.379796028137 31369.07598567009 4622.290846824646 2085.046356678009 24258.297933340073 3649.0173697471619 3883.8074798583984 47445.767487049103 14213.63694190979 20743.600892305374 22045.513834476471 14680.570054531097 10637.658811569214 3209.5726182460785 45272.257001399994 2841.9188723564148 12422.914319038391 13842.053956508636 27068.940672159195 20297.487742185593 18002.951218128204 17846.054372787476 481.32500076293945 69376.41336107254 17465.007823467255 14116.83952665329 47513.957970380783 130774.02103042603 4971.1041212081909 19631.28218126297 22887.81610250473 481.28592348098755 28810.084085702896
leaf_count=9683 18951 13897 19478 14903 3351 1534 750 5298 14417 14651 4962 8033 18836 11877 777 10925 12954 12664 23321 5846 6810 41067 42289 2615 9558 86439 9029 21695 1862 4480 12128 1231 571 6978 1086 999 5664 2278 4584 14956 1975 7669 1095 11009 787 1584 3368 11727 7404 11728 4783 126 17453 4312 5477 11381 100984 1242 5507 8862 127 5673
internal_value=-1.55386e-05 0.013232 -0.00431516 -0.00876247 -0.0012261 -0.00717472 0.0251886 -0.00846989 0.0077633 -5.79956e-05 0.00167767 -0.00169362 -0.00343958 -0.00889913 0.00529035 -0.00622045 -0.00546541 0.000783971 -0.00331304 -0.0144742 -0.00254069 -0.00181735 0.00411354 0.0327108 -0.0131325 0.00509977 0.013151 0.0163042 0.0258963 0.035446 0.0207264 0.0168351 -0.00409725 0.0387859 0.0187437 0.00880044 -0.000469424 -0.0124766 -0.000446274 0.00770238 -0.00833026 0.0222002 -0.00880448 -0.00347937 0.023913 -0.0104941 0.0148836 -0.0196414 -0.016118 0.0114871 -0.0114457 -0.015056 -0.00908077 -0.0257633 0.015833 -0.00727469 0.00435337 -0.0216928 0.00792543 0.0244997 0.00229324 0.00377573
internal_weight=2.16434e+06 530332 1.634e+06 669756 964249 584457 166437 502657 363895 836862 553016 286065 283846 127387 266950 339076 318345 81800.2 222921 58955.4 273560 258031 237783 61967.3 163581 243512 120383 76253.2 25490.4 51818.1 104469 12505.3 68431.6 40137.7 10149.2 6500.17 176598 158568 129333 44130.2 107248 22938.1 33021.6 220429 11680.5 95424.2 29167.5 85298.4 47366.4 50762.7 144354 57132 87222.5 17946.3 45485.9 93587.9 229268 25933.8 37602.1 58983.3 5103.58 235091
internal_count=727700 336521 391179 176267 214912 137658 58059 110091 278462 175330 134204 77135 41126 39582 57069 70047 64749 27567 50211 20060 72426 64393 48739 17695 40044 197106 81356 51983 18560 14860 40364 4709 19522 11458 2835 1749 24500 38510 27905 29373 16626 16698 12972 52076 3402 14538 8330 38609 19131 33423 36232 13996 22236 4438 17605 22306 187423 7088 12317 22759 1358 47962
cat_boundaries=0 1 2 3 4 5 7 8 9
cat_threshold=1 1 1 1 12 358166967 173312 6 14
is_linear=0
shrinkage=0.05


Tree=21
num_leaves=63
num_cat=12
split_feature=5 5 12 9 5 3 12 20 5 16 16 0 1 3 12 16 16 5 16 14 3 17 3 15 9 20 1 9 17 0 17 12 20 17 7 9 19 16 9 5 7 16 16 16 16 16 9 16 9 16 19 16 19 10 12 17 3 16 1 5 17 15
split_gain=51251.9 8904.48 5678.98 4952.49 8127.55 4005.56 3480.23 2065.37 1864.98 1706.91 1866.21 2366.93 1645.99 1534.12 1595.9 1442.64 2792.29 1357.85 1114.77 1110.16 2173.08 1029.2 912.87 888.421 825.145 822.236 789.129 768.013 766.152 763.181 763.091 748.85 749.518 734.543 730.496 721.699 685.194 674.932 768.174 663.18 584.74 571.826 551.97 621.144 1130.69 957.625 2326.63 840.806 610.321 585.604 575.349 565.171 535.259 532.094 522.221 514.742 511.881 506.006 483.027 479.068 469.575 468.711
threshold=0.50030084235860428 1.4884898439799825 0.049939590117529638 0.33305036785512171 0.23551077889719427 8.5000000000000018 0.37546933201760652 0 0.093386627906976757 15.500000000000002 10.500000000000002 1.0000000180025095e-35 2.5000000000000004 2.5000000000000004 0.29993461516937486 25.500000000000004 19.500000000000004 1.0126760814839944 19.500000000000004 1.0000000180025095e-35 7.5000000000000009 1 19.500000000000004 25.500000000000004 0.030457637600494747 2 1.0000000180025095e-35 0.6935879190385833 3 1.0000000180025095e-35 4 0.26814642246649162 5 6 119.50000000000001 0.12517029972752045 7 21.500000000000004 0.99978194505015272 2.0517279821627654 102.50000000000001 51.500000000000007 51.500000000000007 18.500000000000004 25.500000000000004 9.5000000000000018 0.14310689310689315 45.500000000000007 0.79718295888508661 11.500000000000002 8 48.500000000000007 9 1.5000000000000002 0.10034016239916689 10 3.5000000000000004 15.500000000000002 10.500000000000002 1.0004484304932737 11 78.500000000000014
decision_type=2 2 2 10 2 2 2 1 2 2 2 2 2 2 2 2 2 2 2 2 2 9 2 2 10 1 2 10 9 2 9 2 1 9 2 10 9 2 10 2 2 2 2 2 2 2 10 2 10 2 9 2 9 2 2 9 2 2 2 2 9 2
left_child=3 6 7 9 5 26 17 19 12 10 -1 -12 30 -11 18 16 31 23 22 56 52 34 -15 42 -13 -8 -5 -22 -27 -16 -7 57 -33 -10 53 -30 60 38 -18 -17 -38 61 43 45 50 -2 49 -46 -49 -47 -45 -50 -21 -6 -53 -37 -3 58 -4 -57 -29 -19
right_child=1 2 15 4 21 8 25 -9 33 13 11 24 -14 14 29 39 37 41 -20 20 27 -23 -24 -25 -26 28 -28 36 35 -31 -32 32 -34 -35 -36 55 40 -39 -40 -41 -42 -43 -44 44 47 46 -48 48 51 -51 -52 54 -54 -55 -56 59 -58 -59 -60 -61 -62 -63
leaf_value=0.0053667546673391194 0.00079990994042474981 -0.023584142171382314 -0.014727122371378071 0.0095242299598851717 0.0056054677354654744 0.027002522152834205 -0.020789823079771435 -0.013430656138077847 0.020165495212007813 0.0048873993881362512 -0.0036195912650902745 -0.066209820477836953 0.03692290715282686 0.034680913568215226 0.01194203990590248 -0.016447279216584065 0.013322605626120011 -0.0050134192155130743 0.019962517891154257 0.014217956427887599 0.011900800231410708 -0.00016176361411932494 0.092537349887092835 0.0040297748561542593 -0.023882670164391988 0.0020967610669971794 0.016849195899047559 -0.003243709185501353 -0.015459602937965855 -0.0038753393046480492 0.016447944098583304 -0.0099060310520562144 -0.024280144632432592 0.0053169373968491133 0.0005693952743729278 -0.017916696941629246 0.0090056784770519687 -0.006208333559726378 -0.014933486449150863 -0.023448250652015081 -0.0080316114670233082 -0.019677904034442209 -0.014486503652512998 5.4248599672978273e-05 -0.0038691398498752515 -0.034191473019300832 -0.005814013159071367 0.0097149345918401912 0.0047424033993824768 -0.081352914400089904 0.010291818328204458 -0.020957623383475843 0.038329392584335931 0.013501265785516456 0.00015778415801387228 -0.0046722875255729374 -0.0044689663840123016 -0.020344855169453262 -0.0024360930650664022 -0.010456831292078113 -0.019836390173563194 0.00035090868212503678
leaf_weight=72605.351541757584 64196.397916793823 3905.7764778137207 16954.816328525543 83326.973180532455 38001.063500404358 53648.309950828552 12794.341130495071 38199.567595243454 21071.552008152008 124877.73550605774 37637.543893814087 1928.3918254375458 32953.745076656342 2478.862738609314 33057.153150081635 72378.272282838821 11162.241108894348 210243.13684868813 22305.680602550507 4500.6448945999146 11340.617324352264 62931.949843406677 940.75061583518982 111984.37528729439 2860.2881898880005 18124.760684967041 65813.853501319885 10124.850014209747 32520.62220621109 9912.2284288406372 25368.910798311234 11689.645734786987 41222.012392520905 13810.458096981049 26619.821111679077 10762.136237382889 14293.218123912811 27159.992365598679 3065.0576989650726 63532.542460918427 7774.8375926017761 5928.0239751338959 7506.6918170452118 21221.899202108383 108755.08939433098 1684.9375867843628 62521.420675516129 23975.807733058929 17047.389663934708 1082.1428632736206 38867.103533983231 5391.5861518383026 4796.6501591205597 48663.791180610657 6407.3042049407959 106233.11610507965 33836.977462530136 13932.709730863571 15123.637908935547 53982.576205253601 7373.1403334140778 50501.810786724091
leaf_count=50520 13909 2148 6540 44151 9327 20383 4055 14658 4420 113147 28922 430 9243 2439 19961 20500 3800 46311 11368 1928 2294 13614 758 20972 592 4200 31482 2120 8365 2365 9764 3594 15185 2833 3871 2509 3184 8950 1208 21204 1166 1185 1589 4687 22476 402 13234 4747 3668 250 7834 1216 2022 11247 1415 24697 8746 3427 2995 13380 1652 9037
internal_value=5.41254e-06 -0.00577282 -0.0119291 0.0102481 0.0134673 0.0185286 -0.00316029 -0.00357137 0.0243902 0.00532231 0.000498506 -0.00783261 0.0275352 0.00818886 0.0141903 -0.0160486 -0.012492 -0.00147308 0.0240395 0.000275225 0.00448998 0.00496563 0.0506199 0.000142071 -0.040938 -0.00846707 0.0127567 0.000430161 -0.0077543 0.00829326 0.0236197 -0.0170544 -0.0211112 0.0142943 0.0078133 -0.00863176 -0.00285783 -0.00158711 0.00723463 -0.0197201 0.00300179 -0.0043236 -0.0010718 -0.00078499 0.000822244 -0.00353641 -0.00780015 -0.00135547 0.0038199 -0.052658 0.00667795 -0.00107997 0.0267168 0.0100392 -0.00949201 -0.0073335 -0.00644766 -0.0123888 -0.00893268 -0.00662095 -0.0102434 -0.00397444
internal_weight=2.16491e+06 1.3841e+06 412367 780814 472210 295994 971733 136146 146853 308604 115032 42426.2 111971 193572 68694.7 276221 140310 737315 25725.3 97946.7 60204 176217 3419.61 470642 4788.68 234418 149141 50906.7 221623 42969.4 79017.2 98922.8 52911.7 34882 113285 203498 39566 41387.3 14227.3 135911 22068.1 266673 358658 351151 221666 129485 65288.5 161577 52822.1 2767.08 60089 28846.3 9297.3 86664.9 11798.9 170978 37742.8 46011.2 32078.5 160216 17498 260745
internal_count=728296 337459 127321 390837 160335 122276 210138 39918 46643 230502 80464 29944 39390 150038 36891 87403 45699 152932 14565 25260 14366 38059 3197 96399 1022 57206 75633 10416 53151 22326 30147 31741 18779 7253 24445 48951 8122 13958 5008 41704 4350 56533 75427 73838 46043 27795 13886 33522 11046 652 12521 6299 3950 20574 2631 40586 10894 12962 9535 38077 3772 55348
cat_boundaries=0 1 5 6 10 14 15 19 20 21 22 26 30
cat_threshold=22 554706576 9011240 874875017 549281 1 1073741968 7200 872415240 524288 1628448464 10764296 610631689 545067 2 556794752 8658944 608501760 16425 737667 1466801 540931 2166358344 268583168 1048848 1536 18874952 8921088 134316032 16416
is_linear=0
shrinkage=0.05


Tree=22
num_leaves=63
num_cat=11
split_feature=5 5 12 0 7 5 12 1 20 13 16 16 16 5 0 4 1 12 10 12 6 19 19 8 4 20 15 12 15 16 19 5 12 16 0 20 16 16 16 16 16 16 20 12 20 8 16 16 1 1 16 16 16 16 19 16 16 10 19 4 7 20
split_gain=46470 7996.96 5106.86 4117.86 6906.7 4677.77 3155.72 3113.91 1758.62 1991.98 1359.4 2433.88 1304.97 1290.61 1178.47 1167.85 1056.85 906.289 819.943 816.599 740.085 718.058 685.076 684.889 678.898 668.766 666.86 649.972 730.243 643.665 679.416 631.36 607.477 547.035 544.598 543.476 764.503 527.042 520.62 558.764 654.072 758.851 568.391 506.202 499.689 498.655 525.26 1105.28 497.14 472.341 460.087 734.372 443.919 964.057 510.738 440.675 655.932 439.981 427.315 422.358 417.036 411.387
threshold=0.50030084235860428 1.4280636291603137 0.056570521479764609 3.5000000000000004 1.5000000000000002 0.093386627906976757 0.41033590541891674 1.5000000000000002 0 1.5000000000000002 25.500000000000004 19.500000000000004 16.500000000000004 0.90921770001267921 7.5000000000000009 6.5000000000000009 4.5000000000000009 0.49640642952531611 1.5000000000000002 0.18508802275771177 2.5004038772213248 1 2 1.0883336491623103 119.50000000000001 3 20.500000000000004 0.056570521479764609 33.500000000000007 9.5000000000000018 4 2.0024449877750619 0.31034839530484798 17.500000000000004 199.50000000000003 5 25.500000000000004 8.5000000000000018 44.500000000000007 8.5000000000000018 12.500000000000002 10.500000000000002 6 0.34474589771269032 7 1.1626941087353238 16.500000000000004 9.5000000000000018 60.500000000000007 149.50000000000003 17.500000000000004 9.5000000000000018 16.500000000000004 25.500000000000004 8 24.500000000000004 19.500000000000004 1.5000000000000002 9 189.50000000000003 66.500000000000014 10
decision_type=2 2 2 2 2 2 2 2 1 2 2 2 2 2 2 2 2 2 2 2 2 9 9 2 2 1 2 2 2 2 9 2 2 2 2 1 2 2 2 2 2 2 1 2 1 2 2 2 2 2 2 2 2 2 9 2 2 2 9 2 2 1
left_child=3 6 8 4 15 7 13 17 9 14 11 22 29 26 -3 43 -7 33 -11 48 -13 -16 -4 50 44 38 45 -15 -29 -5 -31 -12 -24 37 -20 36 59 -6 39 60 41 -41 -43 -1 -17 46 47 -2 -9 57 51 -18 -46 54 -54 56 -42 -23 -21 -35 -8 -47
right_child=1 2 10 12 5 16 25 19 -10 18 31 20 -14 27 21 24 23 -19 34 58 -22 49 32 -25 -26 -27 -28 28 -30 30 -32 -33 -34 35 -36 -37 -38 -39 -40 40 55 42 -44 -45 52 61 -48 -49 -50 -51 -52 -53 53 -55 -56 -57 -58 -59 -60 -61 -62 -63
leaf_value=0.0067035557533283319 -0.0005683307839297497 0.030344789164497111 -0.010350084660630206 -0.00070818222376899792 0.020721057522506615 0.0026539300467506139 -3.6049518909448606e-05 0.032788842992069259 -0.01250911507516723 -0.0078165539807833733 -0.015604308918418901 0.0012747590447707304 0.004707320398947213 -0.0012733587620725002 -0.036871845058173411 0.0041785449443736003 0.010874240467269536 0.0091686771576587767 0.0042620350876630677 0.030371370413046751 -0.017183660626935604 0.0039269407365062018 -0.014223029479502809 0.01607138905429183 0.052756676542927775 -0.015579595551173636 0.004237725777085615 -0.007542329151069011 -0.00099808832790953335 -0.022876569652113231 -0.0028517346908651336 -0.022371549758046588 -0.023898898802622678 0.034679903884938489 -0.0087666141092702342 0.014951492606558378 0.020607693036331587 0.0094735692631030405 -0.00081166010417734196 -0.0099085767688253425 -0.010991901715824356 -0.013554191649241654 -0.040822369158556499 0.0020080647472866973 0.0069678601678515644 -0.0075135355512678595 -0.00040851952255607619 -0.014832580364934385 0.092355247933677415 -0.029217693507012379 0.011617009331051222 -0.011048448908280314 0.042441156009184557 0.010202435385346785 0.020666082124484456 -0.010962808731360811 0.0065228372324323755 0.028224151020184697 0.020145280847528022 0.091883397095735814 -0.0098802109885866816 0.0027310847890069483
leaf_weight=99960.712035894394 33701.01319694519 7183.5956838130951 35551.825402736664 20789.788785457611 17175.882098674774 49636.772951126099 27206.377405881882 37313.081087112427 43645.761679887772 51930.703120946884 75860.369374036789 35260.170766353607 77299.186222553253 164319.53181576729 963.50052833557129 20756.171856164932 7862.0472083091736 38191.228382349014 35801.164573669434 15270.133038282394 6417.9735236167908 5918.7509665489197 32864.747360467911 44612.726677894592 972.44936084747314 29051.159144163132 93067.353215456009 137906.34191560745 61698.998579025269 9341.421959400177 7764.8527045249939 63187.919982194901 32044.896317720413 9889.8430812358856 10335.511516571045 22066.761353969574 28440.276345968246 26467.889151573181 25697.171341180801 9855.1867520809174 11129.935835838318 3120.0298366546631 5070.1676414012909 134807.29921841621 17482.662506818771 10743.093555927277 112815.86803603172 22745.660943031311 352.91947174072266 772.12363624572754 21072.226691961288 7428.4195785522461 4056.0980052947998 20571.895128250122 8267.7878098487854 58568.900928497314 10283.736040830612 2718.4761924743652 31836.134103298187 333.00139904022217 17794.871942996979 110456.06375908852
leaf_count=82753 7349 3148 10709 3619 7061 13862 7138 12064 16282 14996 21150 11246 13099 33450 227 15776 1920 15772 7021 5135 2641 1461 9566 10752 763 8240 17611 32857 12407 1624 1364 20958 11543 4025 1350 9039 11587 10459 6525 2357 2820 717 1248 113744 13061 2866 24367 5073 58 117 5174 1772 3510 15034 6456 13968 2699 632 10719 113 2869 20062
internal_value=-5.32732e-05 -0.00554838 -0.0111128 0.00970866 0.0112209 0.0159396 -0.00295549 0.020272 -0.00395908 -0.000730378 -0.0151647 -0.011726 0.00098117 -0.00146939 0.0147798 0.00571682 0.00839861 0.0157594 -0.00350728 0.0278608 -0.00156798 0.0039986 -0.0159402 0.0119199 0.0112824 -0.00857182 0.000554476 -0.00360228 -0.00551949 -0.00661924 -0.0138027 -0.0186797 -0.0189972 0.0181709 0.00134324 0.0212397 0.0248179 0.0139004 -0.00736378 -0.00854147 -0.0106589 -0.0192573 -0.030504 0.00400735 0.0107147 -0.000625691 -0.00237874 -0.00631639 0.0333494 0.00821758 0.00682629 0.000223726 0.013404 0.0168283 0.0278869 -0.00871873 -0.00258068 0.0115766 0.0234715 0.0365521 -0.00392887 0.00182255
internal_weight=2.16571e+06 1.38569e+06 440457 780020 664824 357949 945231 227337 159270 115624 281188 142140 115195 747454 17556.4 306875 130612 142565 98067.4 84772.3 41678.1 10372.9 100461 80975.4 72107.1 197778 383529 363925 199605 37896.1 17106.3 139048 64909.6 104374 46136.7 60729.9 38663.1 43643.8 168726 143029 98028 18045.4 8190.2 234768 71134.6 290462 169263 56446.7 37666 9409.35 36362.7 15290.5 50378.4 32895.8 12323.9 79982.6 21413.7 8637.23 47106.3 10222.8 45001.2 121199
internal_count=727985 337670 133047 390315 370609 119512 204623 86032 45234 28952 87813 45705 19706 156042 5585 251097 33480 58056 23367 27976 13887 2437 31818 19618 54600 48581 77328 78714 45264 6607 2988 42108 21109 42284 8371 24764 15725 17520 40341 33816 23809 4322 1965 196497 53837 59717 36789 12422 12122 2210 8866 3692 38061 25000 9966 19487 5519 2093 15854 4138 10007 22928
cat_boundaries=0 1 2 3 4 5 6 7 8 9 10 11
cat_threshold=22 540672 231434 6 287169 14 2 1 440865 108554 1
is_linear=0
shrinkage=0.05


Tree=23
num_leaves=63
num_cat=11
split_feature=0 3 12 20 20 1 0 10 4 1 0 10 0 17 13 9 3 0 1 13 0 16 19 10 16 1 17 1 16 19 4 20 16 4 3 13 17 13 0 0 16 16 12 16 2 0 19 16 16 16 16 16 16 9 16 10 0 19 9 16 16 17
split_gain=36299.7 10744.4 7029.53 3324.04 3015.41 2413.61 2022.96 2811.48 1786.29 1724.38 1538.69 1499.72 1466.31 1397.71 1291.73 1158.22 1120.03 1480.41 1006.13 985.035 911.291 881.499 849.814 846.258 819.999 808.295 776.274 764.847 733.995 726.906 692.765 678.444 947.421 774.339 601.788 590.455 574.758 571.473 539.061 531.254 522.601 688.203 519.401 532.14 497.717 495.893 484.859 473.504 728.081 474.064 473.008 1164.66 997.771 741.2 1537.35 469.185 465.235 459.223 458.468 457.421 708.417 544.033
threshold=1.0000000180025095e-35 6.5000000000000009 0.33146442666487641 0 1 1.5000000000000002 63.500000000000007 1.5000000000000002 6.5000000000000009 1.0000000180025095e-35 1.5000000000000002 2.5000000000000004 2.5000000000000004 2 1.5000000000000002 0.89557107287421245 4.5000000000000009 1.5000000000000002 2.5000000000000004 3.5000000000000004 2.5000000000000004 16.500000000000004 3 1.5000000000000002 10.500000000000002 6.5000000000000009 4 2.5000000000000004 51.500000000000007 5 2.5000000000000004 6 25.500000000000004 150.50000000000003 16.500000000000004 10.500000000000002 7 4.5000000000000009 27.500000000000004 346.50000000000006 16.500000000000004 10.500000000000002 0.090350581025527968 48.500000000000007 39.500000000000007 4.5000000000000009 8 44.500000000000007 25.500000000000004 27.500000000000004 25.500000000000004 18.500000000000004 44.500000000000007 0.030457637600494747 10.500000000000002 1.5000000000000002 32.500000000000007 9 0.10403138528138529 17.500000000000004 25.500000000000004 10
decision_type=2 2 2 1 1 2 2 2 2 2 2 2 2 9 2 8 2 2 2 2 2 2 9 2 2 2 9 2 2 9 2 1 2 2 2 2 9 2 2 2 2 2 2 2 2 2 9 2 2 2 2 2 2 10 2 2 2 9 10 2 2 9
left_child=1 9 3 15 -4 21 7 14 -6 30 18 36 25 47 29 28 37 27 -10 46 -17 24 -19 56 -3 -9 50 -18 -2 -5 -1 -23 33 -33 -7 -11 -8 -16 -25 -13 41 -36 43 -24 -42 -31 -14 48 57 -50 51 53 -52 54 -21 -22 -15 -12 -43 -32 61 -61
right_child=2 5 4 6 8 34 11 12 10 35 13 39 19 23 16 20 17 22 -20 26 55 31 42 38 -26 -27 -28 -29 -30 45 59 32 -34 -35 40 -37 -38 -39 -40 -41 44 58 -44 -45 -46 -47 -48 -49 49 -51 52 -53 -54 -55 -56 -57 -58 -59 -60 60 -62 -63
leaf_value=0.0020765456243449824 -0.0037453475060725341 0.018329246438325345 -0.022067736630345683 -0.020605974605075093 -0.020054201109813406 0.023738506567366924 -0.0037875480456207901 0.0082706908421110049 -0.005437834628515094 0.0252772326778355 0.0099687110899466976 -0.00048277089933008196 0.03185437586317582 -0.012381283666231865 0.010731400350605986 -0.0084368190610628457 -0.00023563004516716237 -0.0086829428273812945 0.0065412529606639833 0.00066513707390028541 -0.03148707940925595 0.011944966337477258 8.7340564634210847e-05 -0.0059305224896867847 0.0046949251539722264 0.024147067225444501 -0.00061664801188368048 0.011893170771498512 -0.029387933285551716 0.028748103881125354 0.0035079119415387626 0.03146623802370354 0.019254655959793528 0.075912267354457635 0.036534304855920872 0.011439634765022584 -0.014098522720626241 -0.017547418362959484 -0.012485013756567968 -0.0076078933883524623 0.03695185569001385 -0.0096381361251728324 -0.0063073745995514963 -0.012451055546913765 0.078650073134628351 0.0081061741745942373 0.010178311896255739 0.0053673990160317299 -0.020517090224719679 -0.0065442287021749163 -0.0031515494884711576 0.012856509158920996 0.0080573612465673818 0.0032871907425386371 -0.09225964196137898 -0.01660650919752572 -0.024343841913696599 -0.00265817687912576 0.021530293387961016 0.0077388909993191249 0.0065174216375037206 0.02309824332010503
leaf_weight=138925.15168523788 79507.317209720612 22252.628090381622 38679.120183229446 1454.7888495922089 26804.710315227509 28596.580103158951 19131.333312511444 30919.763960599899 38677.46390914917 8666.1256537437439 9251.5781188011169 119769.69719648361 3440.8094646930695 96669.900026082993 1985.7858810424805 36571.6578540802 28703.885048627853 69595.329340219498 32054.891725301743 1524.1363201141357 7164.9775357246399 16139.846735954285 136425.38288450241 120353.2475233078 21862.638754844666 10823.132186174393 158293.23998451233 23754.163368225098 2891.2249593734741 5004.1201100349426 55113.714550971985 12643.702063322067 32713.905446767807 1062.0031893253326 7850.7369446754456 69816.653261184692 46248.032764434814 17751.470376014709 42428.606376171112 33471.603785037994 20981.25773024559 1480.8161969184875 57397.005017995834 9020.7673435211182 740.80625104904175 6952.0614788532257 10374.34259223938 14991.551550626755 7757.383011341095 27906.772884368896 51328.261264324188 41399.909058570862 32376.096382141113 74686.288936853409 627.6762158870697 20339.186341047287 8874.1788187026978 32335.659255027771 5793.9991919994354 9948.0827662944794 61430.311321496964 13820.269106149673
leaf_count=122776 22891 9875 14248 520 13450 10110 2728 9458 15416 4113 2145 16522 759 24837 832 14529 11288 17023 9508 292 2265 7263 30358 27450 9621 2614 31298 7112 793 2446 41268 6320 14196 561 2326 35534 6861 9038 6476 3897 6184 358 14136 1961 145 1932 2405 3588 1692 5958 9779 8024 6280 14686 120 5267 1438 7431 1645 8064 45047 10784
internal_value=-1.53284e-05 0.0113588 -0.00369962 -0.00153484 -0.00866261 0.0216235 -0.00049707 0.000702777 -0.00753009 0.00641985 -0.00675187 -0.00474411 0.00349945 -0.00807459 -0.00254497 -0.00856574 -0.00313741 -0.00243484 -9.06777e-06 0.00250753 -0.0136082 0.0169856 -0.00391585 -0.00989973 0.0115726 0.0123876 0.00200503 0.00525668 -0.00464545 0.0126787 0.00457941 0.0208025 0.0238741 0.0349155 0.029183 0.0129679 -0.0110842 -0.0147019 -0.007639 -0.00203911 0.0334075 0.026268 -0.0022797 -0.000690388 0.0383775 0.0167333 0.0156093 -0.00276401 -0.00434241 -0.00958398 0.00405986 0.00609609 0.001184 0.00245349 -0.026471 -0.020484 -0.0133873 0.000152755 0.0151854 0.0070575 0.00935361 0.0166833
internal_weight=2.16556e+06 529839 1.63572e+06 1.13893e+06 496785 172119 992459 773838 458106 357720 431301 218621 415794 360569 358045 146474 344634 324897 70732.4 374051 64075.8 106675 272438 268326 44115.3 41742.9 360236 52458 82398.5 13411 279238 62559.5 46419.6 13705.7 65444.2 78482.8 65379.4 19737.3 162782 153241 36847.6 15125.6 202843 145446 21722.1 11956.2 13815.2 92242.9 77251.4 35664.2 201942 118238 83704.4 76838.1 2151.81 27504.2 105544 41587.2 7274.82 140312 85198.7 23768.4
internal_count=727941 336190 391751 258114 133637 68604 212369 182361 119389 267586 105939 30008 85715 81015 96646 45745 91748 81878 24924 73643 22061 47836 63478 60201 19496 12072 70479 18400 23684 4898 227939 28340 21077 6881 20768 39647 9589 9870 33926 20419 10658 4329 46455 32319 6329 4378 3164 20814 17226 7650 39181 23122 16059 15098 412 7532 26275 9576 2003 105163 63895 18848
cat_boundaries=0 1 2 6 7 11 12 13 17 18 19 23
cat_threshold=1 1 1073742480 532000 874577928 541056 541185 553657240 545820705 809578760 681056 540672 1 8384 8388608 805307392 25344 299048 34816 1127223304 546201952 1211113907 513
is_linear=0
shrinkage=0.05


Tree=24
num_leaves=63
num_cat=4
split_feature=5 12 5 5 7 20 16 16 16 9 13 5 9 16 20 16 16 9 16 4 11 13 16 16 16 12 9 13 0 16 0 12 6 16 6 16 16 8 12 12 16 4 7 6 16 13 9 10 6 16 16 20 16 16 16 16 16 16 16 9 13 20
split_gain=38951.8 6653.7 4758.95 4614.21 7954.75 2516.2 1994.51 1882.19 1696.41 1688.97 1413.47 1645.72 1549.89 1379.8 1297.01 1249.02 1533 1664.69 1136.83 986.514 986.029 984.616 967.611 1196.14 908.216 892.658 890.655 878.734 877.354 875.192 863.143 813.606 795.485 791.594 684.731 682.803 1032.46 656.982 647.674 641.855 621.012 585.547 563.527 557.989 629.839 519.28 515.746 497.187 488.312 475.781 1619.97 474.595 466.886 694.073 593.74 458.398 1073.86 954.019 635.565 958.244 450.051 430.19
threshold=0.5718253968253969 0.16523468842716002 1.5846096929337776 0.26705426356589151 1.5000000000000002 0 17.500000000000004 9.5000000000000018 25.500000000000004 0.33358739837398382 1.5000000000000002 1.1667546638507569 0.77463163596966422 48.500000000000007 1 16.500000000000004 9.5000000000000018 0.15402588066139469 44.500000000000007 6.5000000000000009 0.067779660535355432 29.500000000000004 25.500000000000004 44.500000000000007 14.500000000000002 0.55027512087192954 0.87506397134083935 13.500000000000002 18.500000000000004 14.500000000000002 1.0000000180025095e-35 0.15415831592039339 1.9000762195121952 11.500000000000002 1.3334016113614642 16.500000000000004 10.500000000000002 1.1143063882571844 0.12954593110883941 0.31034839530484798 49.500000000000007 74.500000000000014 75.500000000000014 0.12517409470752092 21.500000000000004 2.5000000000000004 0.021858576206402299 1.5000000000000002 1.7692772203641771 25.500000000000004 18.500000000000004 2 18.500000000000004 25.500000000000004 44.500000000000007 25.500000000000004 19.500000000000004 44.500000000000007 9.5000000000000018 0.46880723443223449 10.500000000000002 3
decision_type=2 2 2 2 2 1 2 2 2 10 2 2 10 2 1 2 2 10 2 2 2 2 2 2 2 2 10 2 2 2 2 2 2 2 2 2 2 2 2 2 2 2 2 2 2 2 10 2 2 2 2 1 2 2 2 2 2 2 2 10 2 1
left_child=3 5 21 4 19 26 7 31 14 30 20 -12 45 24 -8 16 42 -18 38 60 28 35 43 -24 33 48 -2 -25 -7 -28 -9 -6 49 -14 61 36 -3 -19 -10 -11 -15 -21 51 -17 -45 -13 -32 -20 55 50 -4 -5 -26 -54 -55 56 58 -57 -23 -60 -1 -33
right_child=1 2 32 15 6 10 8 9 18 39 11 12 13 40 -16 22 17 37 47 41 -22 25 23 27 52 -27 29 -29 -30 -31 46 34 -34 -35 -36 -37 -38 -39 -40 -41 -42 -43 -44 44 -46 -47 -48 -49 -50 -51 -52 -53 53 54 -56 57 -58 -59 59 -61 -62 -63
leaf_value=0.013020082113563737 -0.005318958763486926 -0.011349086187808853 -0.01683856210686652 0.010370855984560964 0.027471205682110908 0.024637445262109571 0.014419756295349176 -0.0035287828530809217 0.020583142656498816 0.015394115388178552 0.00050425978886324714 0.01613182807313189 -0.0040595960852083989 -0.03116891914801366 0.034730011932403847 0.063678903581416799 -0.047489689217059428 -0.013812823827083232 0.019997390645772016 0.0094469872604838641 -0.019556648507713242 0.00085928031377195387 -0.00050645869764882705 -0.0018977659466271051 -0.013735585225242854 -0.010794591696205863 -0.0038866279840871856 0.013392223345565621 0.00087863002640769714 -0.018920515657612422 -0.065498483400433002 0.023322861153093535 -0.022645146320911153 0.010208048948633218 0.0041921937068827185 -0.0069875084715610714 -0.029930175708374585 -0.00026703772644253869 0.010554581872023159 0.0038713261300357608 -0.0099142482519290528 0.035048246522671737 -0.0041400667469955171 0.0066000012607257581 0.018989760310179519 -0.00017741077722234553 -0.018508674349977196 0.030924471574173513 -0.0097443165015012531 -0.017627109728429503 0.00027690033409479849 -0.0026336465071927456 -0.00083855245061315031 -0.013333423456617047 -0.0014069606966404468 -0.009308424765514179 0.0098005543719076188 0.0018002694456793174 -0.038747164250437199 -0.0057817920097970703 0.003077587730109944 0.010340389838730139
leaf_weight=11993.385648727417 53828.002573251724 38917.582062244415 45231.278455734253 27352.438044786453 17427.985759019852 10915.680721998215 10802.574722528458 11705.574727058411 23237.219448804855 27533.367109775543 366577.60422992706 5179.9513261318207 39286.249501943588 8215.1258301734924 29367.273046255112 507.36810302734375 2680.269670009613 16922.626152276993 32778.091346979141 70008.350089550018 2177.2996113300323 47883.035618543625 83511.405039310455 12752.639698028564 30883.790675401688 50617.117581367493 13469.070868015289 35706.618236303329 6033.1824083328247 34421.370147705078 924.51034450531006 18017.146628141403 40657.521199226379 12917.211859464645 11442.303515434265 62141.674870491028 9253.5553202629089 19001.773738622665 52429.01321721077 21541.142434358597 5909.9022727012634 2306.2351584434509 16258.453272819519 28908.464836120605 15899.555813312531 84190.980095386505 1585.5114636421204 15263.493751525879 26612.159949541092 66179.517674684525 19910.764492988586 9434.8937084674835 32705.609260082245 38556.844549655914 14308.198897600174 53028.935557842255 21046.634111166 30410.353582859039 2367.5728378295898 31825.556890726089 222904.52744579315 9970.6025524139404
leaf_count=8745 15735 8340 16225 6733 6082 4235 4055 4116 7787 9139 69407 1248 10248 1790 9736 139 647 4000 12363 52980 787 11022 17811 2597 6528 13706 5041 7921 1234 11945 185 6224 14730 3016 4065 13390 2177 3932 18419 7188 1590 1775 2566 5977 3603 17405 318 4517 6551 22457 7271 2486 7693 9365 3675 12548 5265 7592 575 7778 187973 3720
internal_value=2.89148e-06 -0.00543962 -0.00964924 0.00826408 0.0107339 -0.00241319 0.0167656 0.0118721 0.0203533 0.00594033 -0.00128148 -0.00168256 -0.00462809 -0.00726649 0.0292809 0.00283429 -0.00190483 -0.00948488 0.0174542 0.00515739 0.0121116 -0.00648447 0.00528424 0.00311965 -0.00600922 -0.00482566 -0.00973127 0.00936852 0.0161807 -0.0146924 -0.00923524 0.0184746 -0.0165334 -0.000529086 0.0144976 -0.0104511 -0.014919 -0.00664815 0.0136346 0.0103364 -0.0222773 0.0102639 0.00361172 0.0115879 0.0109967 0.000768045 -0.0358355 0.0234697 -0.00340832 -0.0146411 -0.0116073 0.0070377 -0.00846579 -0.0065637 -0.0101056 -0.00250447 -0.000275065 -0.00525977 -0.00285882 -0.00806542 0.00358528 0.0187104
internal_weight=2.16583e+06 1.30566e+06 546083 860175 591238 759576 284026 120148 163878 63290.1 657858 638731 272154 182783 40169.8 268937 91650.5 38604.7 123708 307212 19126.2 374104 177286 131971 168658 263791 101718 48459.3 16948.9 47890.4 14215.6 56858 171979 52203.5 39430.1 110313 48171.1 35924.4 75666.2 49074.5 14125 72314.6 53045.8 45315.4 44808 89370.9 2510.02 48041.6 213174 131322 65142 36787.3 116454 85570.7 52865 186562 103123 83439.3 82076.2 34193.1 234898 27987.7
internal_count=728368 320569 149627 407799 349387 170942 97914 41037 56877 20946 138221 131965 62558 43905 13791 58412 20364 8579 43086 251473 6256 88944 38048 28329 40525 65037 32721 10518 5469 16986 4619 20091 60683 13264 14009 23907 10517 7932 26206 16327 3380 54755 11785 9719 9580 18653 503 16880 51331 45953 23496 9219 27261 20733 13040 44780 24640 20140 19375 8353 196718 9944
cat_boundaries=0 1 2 3 4
cat_threshold=1 1 22 6
is_linear=0
shrinkage=0.05


Tree=25
num_leaves=63
num_cat=13
split_feature=5 5 13 0 9 5 3 17 5 16 16 16 4 16 9 16 16 0 8 16 16 9 16 4 20 3 3 16 16 16 16 16 9 4 21 17 17 17 17 5 20 7 0 1 17 17 1 16 9 16 16 8 0 16 9 8 17 7 17 16 13 20
split_gain=35122.9 6224.2 4411.96 3647.64 5325.32 2318.18 3254.48 1637.48 1498.44 1348.05 2322.98 1167.48 1286.54 1185.04 1119.98 1117.09 1012.32 1309.46 986.028 989.428 2048.86 2031.15 957.162 863.331 862.578 1688.2 841.112 748.285 2619.18 1160.82 1563.52 914.372 2169.03 706.657 682.446 656.954 618.94 616.224 615.986 613.593 611.202 587.169 582.243 579.236 560.402 560.213 547.259 543.132 643.769 506.177 543.241 504.35 607.452 502.904 1849.95 533.95 492.313 479.672 449.812 429.983 427.444 426.263
threshold=0.54155947870117083 1.5679200627297514 3.5000000000000004 4.5000000000000009 0.1786393264530147 0.25065445026178018 8.5000000000000018 0 0.99680302333895121 25.500000000000004 19.500000000000004 16.500000000000004 6.5000000000000009 24.500000000000004 0.51899038461538483 16.500000000000004 9.5000000000000018 1.0000000180025095e-35 1.1639491950967364 16.500000000000004 9.5000000000000018 0.35310876487347082 25.500000000000004 37.500000000000007 1 10.500000000000002 16.500000000000004 25.500000000000004 19.500000000000004 44.500000000000007 48.500000000000007 9.5000000000000018 0.23097601323407776 16.500000000000004 2 3 4 5 6 2.5022522522522528 7 83.500000000000014 1.0000000180025095e-35 1.0000000180025095e-35 8 9 1.0000000180025095e-35 20.500000000000004 0.78439824205544295 10.500000000000002 11.500000000000002 1.0698182187468266 1.0000000180025095e-35 9.5000000000000018 0.10403138528138529 1.1020738927661828 10 13.500000000000002 11 28.500000000000004 7.5000000000000009 12
decision_type=2 2 2 2 10 2 2 9 2 2 2 2 2 2 10 2 2 2 2 2 2 10 2 2 1 2 2 2 2 2 2 2 10 2 9 9 9 9 9 2 1 2 2 2 9 9 2 2 10 2 2 2 2 2 10 2 9 2 9 2 2 1
left_child=3 8 14 4 11 6 46 40 18 10 26 16 -13 23 56 53 -1 60 19 20 -2 -22 -21 -14 25 -16 -4 28 31 38 -31 -10 -33 -12 41 59 -7 -34 -29 -11 -8 -27 43 -9 -15 -30 -6 48 -35 -28 -51 -42 57 -5 -55 -56 -3 -53 -32 -24 -18 -20
right_child=1 2 9 15 5 36 7 42 27 39 33 12 13 44 24 -17 17 -19 61 22 21 -23 35 -25 -26 34 49 29 45 30 58 32 37 47 -36 -37 -38 -39 -40 -41 51 -43 -44 -45 -46 -47 -48 -49 -50 50 -52 52 -54 54 55 -57 -58 -59 -60 -61 -62 -63
leaf_value=0.0048751968071645072 -0.0014712056850511601 0.022388327321870478 -0.01829957068800183 -0.0016420868919619473 0.0076729618414523026 0.0092791700162877487 0.015531166079841797 0.0088224723378757877 -0.0029595491072461418 -0.014109189461567879 -0.0086059966864166521 0.0041808838290415878 0.021759459332630848 0.019418082073100085 0.019725951442285904 0.0035687811028820892 0.024702605620747428 -0.037410672925177121 -0.006079490283403567 0.0047442608791357834 -0.04100833034574794 -0.010717430158891289 -0.013080957506017499 0.059211193775425011 -0.014248881510510129 0.0062098024370732209 -0.005134552949613241 -0.012940810878676177 0.0090339890310453062 0.0043323051163416211 -0.00012257200745517379 -0.046793683983530315 -0.0038042703238234986 0.029280031178240063 -0.015239583782333255 0.00083921299936944602 0.00063479927891694197 -0.012583987533573718 -0.0053519122356262905 -0.020993185337516998 0.022857431636133324 -0.0099612952640362219 0.0057286635565382401 0.021103202880715724 0.0061444707860920152 -0.00025602625389370751 0.0137527909423674 0.00048693860682164986 -0.0053095329374509143 -0.027420617355984334 -0.010941475151852113 0.033091284073063124 0.022919707308194849 -0.088493797038590005 -0.023118395573562357 -0.0035706767332314045 0.0024738891334893233 0.053495698083744429 -0.013880649965638901 -0.004093314108612231 -0.0035624156449199189 0.0020612863641157868
leaf_weight=59100.036942243576 67839.740099906921 7741.1070067882538 53802.291445970535 22681.367667675018 83204.678348779678 73980.372092247009 14082.268229007721 14036.005178451538 93290.022379875183 98388.139080286026 18921.922093629837 125238.15439248085 9391.2299642562866 10737.894401311874 9633.9456377029419 85255.514972686768 1375.3019173145294 2887.7485716342926 17407.090864658356 55654.880347251892 6630.6838426589966 33451.247331380844 16738.636234760284 1840.0615503787994 11295.478648662567 15793.193084478378 30305.121814012527 79105.235853910446 39624.461907625198 39532.766852378845 7875.3065724372864 3852.3803648948669 38314.81168961525 3862.9968957901001 9633.6890933513641 63708.01299071312 28768.952758312225 41837.005544662476 40469.208643436432 48252.435447692871 37638.199654579163 8707.4097428321838 14643.96711063385 30406.226634263992 30708.129019975662 27486.157841682434 66677.847760438919 26342.813759326935 2063.1575877666473 6217.9382202625275 25555.983195304871 19556.24276971817 14134.25227022171 773.15367078781128 4985.7218036651611 11667.264385223389 5194.9333884716034 3381.0504131317139 24275.717462301254 64917.014381170273 47554.704600811005 209414.91808128357
leaf_count=44108 14741 2188 23784 3869 44016 19129 4832 5779 21844 27075 8797 108993 8114 5068 3779 14067 763 689 4488 12282 1470 7593 3598 1585 4562 3501 7090 18351 8794 9458 1815 971 8223 1179 2004 13484 7422 10070 9219 19213 13743 1356 3213 10132 17999 6424 31854 6631 578 1325 5501 6292 3098 134 877 1944 1746 801 5813 14500 38702 37976
internal_value=-2.52305e-05 -0.00496356 -0.0103733 0.0081768 0.00960353 0.0133355 0.0155701 0.0208327 -0.00283785 -0.012876 -0.00980521 0.00442853 0.00693847 0.0134943 0.00117264 0.000331507 0.000402495 -0.00469878 -0.00106702 -0.00290497 -0.00676673 -0.0157293 -0.000831663 0.0279 -0.00193764 0.00124281 -0.0137238 -0.00501553 -0.00318243 -0.00735799 -0.00232699 -0.00636695 -0.0101509 -0.000934612 -0.00397387 -0.00296652 0.00685981 -0.00838918 -0.010374 -0.0163745 0.0251263 0.000462303 0.0143734 0.0172249 0.00958997 0.00523049 0.0103778 0.00356387 0.017239 -0.00975783 -0.0141671 0.0269324 0.0310762 -0.0065498 -0.0129371 -0.00942409 0.014411 0.0361012 -0.0105151 -0.00593511 -0.00276747 0.00143633
internal_weight=2.16784e+06 1.35314e+06 381713 814706 689343 400510 297761 147878 971425 313713 167072 288833 177915 52677.3 67999.8 125363 110918 51817.8 535762 308940 107922 40081.9 201019 11231.3 55063.7 43768.2 115881 435663 244405 191258 71683.8 177294 84004.2 51190.9 34134.3 145364 102749 80151.8 119574 146641 88792 24500.6 59086.2 44442.2 41446 67110.6 149883 32269 5926.15 62079 31773.9 74709.7 37071.5 40107.5 17426.1 16653 12936 22937.3 32151 81655.7 48930 226822
internal_count=728646 331423 120309 397223 376332 150311 123760 47890 211114 101173 54885 226021 141759 32766 19136 20891 84262 40154 110132 67668 23804 9063 43864 9699 15202 10640 37700 100982 56326 44656 17086 41108 19264 17185 6861 31582 26551 18293 27570 46288 28766 4857 19124 15911 23067 15218 75870 8388 1757 13916 6826 23934 10191 6824 2955 2821 3934 7093 7628 18098 39465 42464
cat_boundaries=0 4 5 7 11 15 19 23 24 28 32 36 40 41
cat_threshold=1611663056 27639816 604342281 541098 22 211191 1024 538969888 868424 1614125296 16937 1628448400 9207816 872778890 541353 8912 8 1948321873 550433 1612744328 269221960 1948621971 16425 1 2148574528 3500192512 5247568 132356 536881048 537428008 805668881 549384 536884096 8650752 134553856 17449 9344 8521216 878772224 17921 1
is_linear=0
shrinkage=0.05


Tree=26
num_leaves=63
num_cat=12
split_feature=5 12 5 5 7 20 16 17 19 16 16 16 16 17 16 12 20 16 16 9 7 17 7 4 16 10 16 16 16 16 9 7 10 9 16 17 16 5 17 12 19 9 16 12 12 5 16 9 16 20 16 16 14 4 9 16 16 20 12 16 16 20
split_gain=31901.3 5761.26 3955.13 3699.42 6779.83 2078.5 1809.14 1674.01 1621.8 1466.64 1259.19 1709.47 1243.21 1252.34 1195.6 1115.36 1102.24 986.671 964.295 1156.23 951.143 907.086 894.129 855.415 809.911 751.429 737.146 1150.49 1473 1049.99 1060.55 695.782 789.976 680.056 720.267 672.893 644.054 633.54 617.758 592.111 588.58 576.488 569.846 566.458 502.069 498.022 483.248 605.841 482.303 477.098 452.593 448.271 606.326 658.03 432.78 426.517 1010.82 483.13 423.562 484.556 954.7 413.073
threshold=0.5718253968253969 0.16523468842716002 1.6474191514277996 0.25065445026178018 1.5000000000000002 0 17.500000000000004 1 2 25.500000000000004 48.500000000000007 45.500000000000007 39.500000000000007 3 41.500000000000007 0.42899813416380667 4 44.500000000000007 49.500000000000007 0.5106733499246382 54.500000000000007 5 130.50000000000003 33.500000000000007 9.5000000000000018 1.5000000000000002 44.500000000000007 25.500000000000004 18.500000000000004 10.500000000000002 0.31639111340738829 134.50000000000003 1.5000000000000002 0.83353858784893287 14.500000000000002 6 8.5000000000000018 3.273400673400674 7 0.34891156254331973 8 0.99138857990359674 44.500000000000007 0.13755733282442459 0.47413891526029939 0.95949851585689749 51.500000000000007 0.76195172349018514 51.500000000000007 9 12.500000000000002 19.500000000000004 1.0000000180025095e-35 11.500000000000002 0.071661998132586377 24.500000000000004 16.500000000000004 10 0.28150310738503875 20.500000000000004 16.500000000000004 11
decision_type=2 2 2 2 2 1 2 9 9 2 2 2 2 9 2 2 1 2 2 10 2 9 2 2 2 2 2 2 2 2 10 2 2 10 2 9 2 2 9 2 9 10 2 2 2 2 2 10 2 1 2 2 2 2 10 2 2 1 2 2 2 1
left_child=3 5 21 4 23 33 7 24 -7 16 11 12 13 -10 -14 22 -8 43 19 -12 36 -3 25 39 61 -5 27 28 29 49 -31 32 51 -2 -35 -20 -9 -34 -4 -1 -19 -33 -17 -11 -26 -29 47 -37 -28 -23 -32 52 -15 -54 -30 56 57 -40 59 60 -25 -6
right_child=1 2 38 15 6 8 9 20 10 17 18 -13 14 31 -16 42 -18 40 35 -21 -22 26 -24 58 44 -27 48 45 54 30 50 41 37 34 -36 46 -38 -39 55 -41 -42 -43 -44 -45 -46 -47 -48 -49 -50 -51 -52 -53 53 -55 -56 -57 -58 -59 -60 -61 -62 -63
leaf_value=0.0066287000545704597 -0.0047846492573168555 -0.010668913923152466 -0.019540125635681544 0.0024072938010670179 0.024459163424040805 -0.013090992847226247 0.013609101486835324 0.012895838711971801 -0.006317559394192037 0.01901333150075335 0.0057282617008147562 0.009284282358248807 -0.013472071145394227 -0.0060401467528131622 -0.0016222452554860763 -0.0047190143016360292 0.032382310995879397 0.016092703588549546 0.010308739491349299 -0.024791149023829825 -0.017556068545535937 -0.017697151793280685 -0.0012370248342265552 0.010768439906918208 0.013687623905644345 0.0093406530244834682 0.0035111926279475011 -0.0066221711705067125 -0.0050936514286731944 -0.055145985417670622 -0.01900559084445021 0.00067183065521479518 0.0050971088025450898 -0.0033452574445080592 -0.016741306619559408 0.0074742517825528701 0.00032094421176130997 0.022103653142582357 -0.0029486277586204595 0.0021459630901380557 0.027318886263794907 -0.0062703572864241429 0.008560290501527271 0.0094914197979795323 5.8383759462356617e-05 -0.013701520885398827 -0.017139162253885145 -0.010940669098385151 -0.010067574018001159 -0.0018841196578274759 -0.0071471198120727558 0.0039811669905966728 0.019703036209091012 -0.0005444010470138954 0.0080180434094112522 -0.016277077038592495 0.0002858641272823962 -0.01842416907500595 0.0096686670030951584 0.008476816960655888 0.071402557256543306 0.011633203503175062
leaf_weight=132536.85885858536 51518.670907735825 86946.781892776489 60378.578566789627 68847.341210365295 24743.053417444229 27084.966669559479 10841.781109571457 17900.044381380081 60654.204923152924 22685.090265512466 4042.4941337108612 46239.122998476028 34058.420659780502 43123.288592815399 56760.690908670425 58414.865661621094 28530.533051252365 23355.118185520172 7235.8281235694885 13352.846596956253 4896.0653114318848 5071.2821905612946 51485.917527675629 1165.1281366348267 28590.855651378632 90381.044247627258 36457.112465620041 50383.738599538803 7942.2034423351288 1433.6447064876556 12370.345026493073 108601.51716041565 116457.81043767929 13948.485483884811 35760.325326681137 8354.9652504920959 23615.549696445465 5745.5832123756409 6437.9786877632141 165838.22887611389 23642.396553754807 41267.074504375458 9374.453364610672 50157.408683538437 8848.1982879638672 49012.852835416794 8008.0138540267944 9594.3077962398529 7967.77152967453 77798.415897130966 23021.121151924133 43745.10991859436 5176.4158749580383 17838.678388595581 30304.699153423309 50354.551544189453 16542.679175615311 23553.160433530807 4598.979109287262 1438.8056812286377 1466.2263197898865 8502.4730446338654
leaf_count=107443 15121 21179 21890 16894 8886 7596 4063 6453 15013 7751 840 9555 7051 12220 11740 13199 9585 8243 1509 2774 822 1565 7406 851 9587 20704 9174 10831 2046 374 2934 15128 24309 5187 12296 1641 8260 1400 2029 137472 8460 5876 2297 17835 3098 12228 1667 2171 1859 17772 5658 11723 2022 3820 7472 17312 6241 8856 3391 1007 1270 3252
internal_value=-2.77005e-05 -0.00495935 -0.00887595 0.00743707 0.00970051 -0.00214039 0.0153827 0.0106649 -0.00111321 0.0188524 -0.000598255 6.19682e-05 -0.000737464 0.000355949 -0.00606619 0.00269606 0.027225 0.0161015 -0.00816339 -0.0176988 0.00328407 -0.00616904 0.00449077 0.00458708 0.0155084 0.00634283 -0.00487195 -0.00589888 -0.0032467 -0.0059762 -0.0130011 0.00141584 0.00313074 -0.00880949 -0.0129825 -0.00316582 0.00574297 0.00589687 -0.0155664 0.00413719 0.0217498 -0.00123976 -0.00288255 0.012457 0.0104666 -0.0101131 -0.00692353 -0.00236902 0.00107562 -0.00285438 -0.0112924 5.44427e-05 -0.00254278 0.00401019 0.00529526 -0.0130865 -0.00963658 -0.0151095 0.0200691 0.0318155 0.0445689 0.0211903
internal_weight=2.1664e+06 1.30455e+06 545977 861856 583353 758569 276309 117096 657341 159212 630256 579668 533429 442610 90819.1 278504 39372.3 119840 50588.5 17395.3 46411.7 388710 210714 307044 70684.6 159228 301763 257338 157942 119695 36825.1 381955 232087 101227 49708.8 33193.1 41515.6 122203 157267 298375 46997.5 149869 67789.3 72842.5 37439.1 99396.6 25957.3 17949.3 44424.9 82869.7 35391.5 109883 66138.4 23015.1 38246.9 96888.4 46533.8 29991.1 8669.14 4070.16 2631.35 33245.5
internal_count=728308 320079 149420 408229 347729 170659 96295 40358 138055 55937 130459 119857 110302 91511 18791 60500 13648 42289 10602 3614 15535 93092 45004 251434 24823 37598 71913 60880 37821 28303 8966 76498 55494 32604 17483 6988 14713 25709 56328 244915 16703 21004 15496 25586 12685 23059 5479 3812 11033 19337 8592 29785 18062 5842 9518 34438 17126 10885 6519 3128 2121 12138
cat_boundaries=0 1 5 6 10 11 15 19 23 24 25 26 27
cat_threshold=1 1628447376 2899976 1948616849 573481 540672 3241185280 2415951632 70260417 168198 1 320897288 285712712 135282128 5762 16785536 8781824 872480768 17409 18886920 537272680 1211112863 5664 1991841 1 2 14
is_linear=0
shrinkage=0.05


Tree=27
num_leaves=63
num_cat=16
split_feature=5 12 5 12 5 3 20 0 9 17 10 17 3 0 12 6 5 0 17 20 9 5 1 14 2 15 6 0 17 17 6 5 3 20 5 17 0 1 17 15 20 5 8 5 11 17 17 1 10 17 9 10 9 17 2 0 17 15 8 0 8 3
split_gain=28698.6 5175.75 3832.09 3209.46 2632.05 3633.21 1893.57 1525.38 1508.84 1286.92 1187.68 1075.71 1013.97 962.264 895.257 870.908 893.694 791.261 765.773 761.319 723.664 673.58 664.33 646.003 708.698 632.72 629.986 622.222 585.569 563.113 534.997 533.826 775.52 512.266 485.753 471.371 457.184 455.896 435.49 429.162 464.625 431.758 686.783 420.129 411.398 400.718 376.797 353.765 341.577 340.52 323.774 322.115 319.817 317.229 312.161 303.653 303.251 301.74 293.61 291.297 295.962 291.263
threshold=0.54569315199236468 0.16523468842716002 1.7050486578277058 0.36640236738205129 0.28602417105670908 4.5000000000000009 0 3.5000000000000004 0.24147617202634641 1 1.5000000000000002 2 315.50000000000006 20.500000000000004 0.53987745234736861 2.7669540229885063 1.0126760814839944 1.0000000180025095e-35 3 4 0.87506397134083935 3.3358395989974943 1.0000000180025095e-35 1.0000000180025095e-35 4.5000000000000009 14.500000000000002 2.1345119933829615 2.5000000000000004 5 6 1.7501682368775238 0.21648249234456135 9.5000000000000018 7 1.6233301442188444 8 11.500000000000002 1.0000000180025095e-35 9 13.500000000000002 10 0.14423702052568035 1.081440594278303 1.0522004510736058 0.083137392804448346 11 12 2.5000000000000004 4.5000000000000009 13 0.6935879190385833 2.5000000000000004 0.030457637600494747 14 35.500000000000007 85.500000000000014 15 25.500000000000004 1.1967280026764806 212.50000000000003 1.5719738276990187 78.500000000000014
decision_type=2 2 2 2 2 2 1 2 10 9 2 9 2 2 2 2 2 2 9 1 10 2 2 2 2 2 2 2 9 9 2 2 2 1 2 9 2 2 9 2 1 2 2 2 2 9 9 2 2 9 10 2 10 9 2 2 9 2 2 2 2 2
left_child=3 6 14 4 5 37 20 8 -5 19 13 39 21 15 18 16 61 22 -3 31 56 28 -13 47 33 36 35 -22 -12 55 43 32 -10 -25 48 -4 49 -1 -11 40 -7 42 -42 -20 46 -9 -26 -17 53 -6 -23 -30 54 -14 -19 -15 -2 -29 -38 60 -37 -8
right_child=1 2 26 7 25 11 10 45 9 38 12 17 34 29 -16 23 -18 52 30 -21 27 50 -24 24 44 -27 -28 57 51 -31 -32 -33 -34 -35 -36 59 58 -39 -40 -41 41 -43 -44 -45 -46 -47 -48 -49 -50 -51 -52 -53 -54 -55 -56 -57 -58 -59 -60 -61 -62 -63
leaf_value=0.0054379175696746655 -0.0011425525200073692 -0.00037124231274918542 -0.0081279122352207571 0.0018892602012162937 -0.0029219752434377251 0.01300997589590832 0.0030016767647713851 -0.00010100486752439315 0.011550374651869838 0.0056799897865210097 0.006329618714972879 0.0098927710015446271 0.0015778168083389579 -0.0026212502151166227 -0.010450400409468067 -0.028382630456425164 -0.0071086256843679784 0.0060112544176383551 -0.0033074735172516157 0.00036103915463877364 -0.0070568026370642694 0.032904894638361923 0.020654086756641932 0.027988669321632326 0.010565278935924169 0.011123466850047059 -0.021789569231880971 -0.02033235377419837 -0.0012335861557498618 -0.01417043438067883 -0.011727741205208517 0.0077013373553625145 0.023509690291711991 -0.0020152842383239296 -0.0094679505801863791 -0.014235935986168055 -0.0049604480540262758 0.012378942054302039 -0.0042490804330954221 0.027948406797920308 0.019628708785354013 0.014472055910546365 0.033343090155256036 -0.0078676825707303839 -0.013665573264526928 -0.0097855367202646579 -0.0015530977080174847 0.0025559763769934397 0.0017500412334641514 0.0064581696576999819 0.011005520313638474 0.0036807623274399178 0.0063749566343700315 -0.0044059473212662058 -0.045244119154584747 -0.013392394222403512 -0.0087136303780711681 -0.0030420239755768858 0.0039956830245710838 -0.030003162439210723 -0.032849996085972048 -0.003514685626984604
leaf_weight=115900.47535800934 33075.875539064407 83551.388787031174 31446.969181776047 173060.97257375717 11285.08451461792 20074.294549942017 45372.872951030731 20863.583644866943 29720.989540576935 36432.649461746216 69013.305819511414 24321.041928768158 30702.115089893341 31415.983708381653 78520.774317026138 2130.2624933719635 80211.896475553513 577.23788595199585 137355.09384036064 11108.417403697968 25484.105880737305 2282.047304391861 34961.673241138458 5640.9806537628174 14847.068831920624 29539.31972026825 27514.993226528168 21169.939390182495 84730.475171327591 27564.224317550659 34018.807530879974 21475.163845300674 24928.041266441345 1907.4819097518921 18764.669369220734 86913.03524184227 23795.98352098465 29724.546057701111 15836.815947532654 19025.775141477585 24896.109474420547 14148.347288608551 14420.473300933838 79881.686685800552 3196.5460848808289 21886.726107597351 11288.927712440491 1630.8023374080658 68862.093378543854 67725.688115596771 6480.9349360466003 54979.472940921783 19176.160323619843 79483.929524421692 610.5517463684082 8263.8377571105957 22040.162535429001 2865.15700507164 14867.829126834869 3219.3782424926758 2188.9178175926208 27564.992255210876
leaf_count=95855 9363 19143 11186 132486 2766 8219 12928 3688 14782 14260 14157 12767 4425 5477 20652 1144 25592 143 31460 4868 10829 574 12393 2654 3823 6133 10835 5969 18798 4860 7769 5637 8073 910 2600 31798 3633 15499 6274 6750 11097 2927 4347 20123 844 3839 2951 474 9123 16096 1557 10863 4003 11637 110 1202 6724 696 2161 432 779 5581
internal_value=3.55905e-06 -0.00449036 -0.00813742 0.00737459 0.0101082 0.0126682 -0.00185366 0.00379668 0.00500827 0.00887754 -0.000885182 0.0175841 0.000775956 -0.00352802 -0.00564532 -0.00173976 -0.00346646 0.0133169 -0.00451838 0.0125944 -0.00811273 0.00313216 0.0162394 0.00476683 0.00677996 0.0045811 -0.0149461 -0.0125003 0.00256196 -0.00868154 -0.0058972 0.0143793 0.0170059 0.0204419 -0.00181459 -0.0134246 0.00293872 0.00685477 0.00267138 0.0212517 0.0195218 0.0219599 0.0246596 -0.00498437 0.00326362 -0.00506159 0.00533457 -0.0149705 -0.00101245 0.00511883 0.0167116 0.000700299 0.00481515 -0.0027389 -0.0203511 -0.00486354 -0.00417202 -0.0182714 -0.00151643 -0.0152261 -0.0146936 0.000538971
internal_weight=2.16595e+06 1.34558e+06 564611 820364 465051 317837 780970 355313 312563 139502 676335 172212 415299 261036 413328 193792 153150 79646.7 334807 87232.6 104635 217486 59282.7 40642.1 36881 147214 151283 49519.2 208723 67244 251256 76124.2 54649 7548.46 197813 123768 117675 145625 52269.5 92565 73539.2 53464.9 39316.6 217237 29332.5 42750.3 26136 3761.06 179048 79010.8 8762.98 139710 20363.9 110186 1187.79 39679.8 55116 24035.1 38663.8 92321.3 89102 72937.9
internal_count=728738 329932 154177 398806 204899 174110 175755 193907 186380 53894 142174 62756 73734 68440 99147 56901 44101 29416 78495 33360 33581 45949 25160 12800 11182 30789 55030 17494 43818 11539 59352 28492 22855 3564 27785 44195 24656 111354 20534 33340 26590 18371 15444 51583 7618 7527 6774 1618 25185 18862 2131 29661 4256 16062 253 6679 16087 6665 5794 33009 32577 18509
cat_boundaries=0 1 5 9 13 14 18 22 23 27 31 32 36 40 44 48 52
cat_threshold=1 1627391632 8978472 805667848 540968 554708688 279052296 606406657 680867 1073775248 7200 1681981967 713028 14 536880536 545816864 805380352 534016 18884544 545816832 943980544 542496 6 2181039824 2416006656 872481312 549126 1061120 311296 1275070647 3 1 536872576 524288 807731200 16416 538982280 537395208 939853824 17952 3489693952 2692773440 537924368 4352 16789952 537691648 809579600 532480 537923088 27935488 675391894 17417
is_linear=0
shrinkage=0.05


Tree=28
num_leaves=63
num_cat=14
split_feature=5 5 0 9 13 5 3 17 16 16 16 16 16 16 9 16 16 16 17 16 16 17 16 0 9 9 16 17 17 21 17 16 16 4 16 4 16 16 17 17 9 0 7 20 2 5 2 16 16 9 17 5 9 16 16 4 9 18 17 16 17 15
split_gain=25538.9 4207.12 3570.35 3856.83 3510.39 2345.48 2602.95 1225.14 1026.57 1962.04 1005 1596.56 1393.67 3781.65 1635.32 3866.17 1253.16 1225.11 1162.32 1000.03 999.278 996.956 927.434 1246.47 850.98 845.962 843.897 796.288 775.586 707.673 696.4 668.537 648.136 645.679 1122.58 594.4 588.533 726.347 587.197 580.252 572.413 570.156 549.333 615.583 598.226 530.409 811.491 503.621 500.184 1598.67 497.838 492.45 481.987 856.196 480.875 466.427 466.168 454.264 431.974 811.534 511.661 423.507
threshold=0.60018083182640158 1.5846096929337776 5.5000000000000009 0.11119139370584459 3.5000000000000004 0.23551077889719427 10.500000000000002 0 25.500000000000004 19.500000000000004 51.500000000000007 45.500000000000007 25.500000000000004 19.500000000000004 0.18756898454746138 10.500000000000002 48.500000000000007 49.500000000000007 1 9.5000000000000018 16.500000000000004 2 8.5000000000000018 1.0000000180025095e-35 0.5106733499246382 0.50033829499323423 16.500000000000004 3 4 5 6 27.500000000000004 8.5000000000000018 8.5000000000000018 19.500000000000004 6.5000000000000009 39.500000000000007 35.000000000000007 7 8 0.84216632067407504 1.0000000180025095e-35 83.500000000000014 9 5.5000000000000009 0.093386627906976757 11.500000000000002 25.500000000000004 9.5000000000000018 0.11119139370584459 10 2.3512481947596453 0.99359998361595825 21.500000000000004 14.500000000000002 22.500000000000004 0.53176896963024134 11 12 11.500000000000002 13 61.500000000000007
decision_type=2 2 2 10 2 2 2 9 2 2 2 2 2 2 10 2 2 2 9 2 2 9 2 2 10 10 2 9 9 9 9 2 2 2 2 2 2 2 9 9 10 2 2 1 2 2 2 2 2 10 9 2 10 2 2 2 10 9 9 2 9 2
left_child=2 10 3 20 25 6 50 45 9 30 11 12 13 14 15 32 -13 24 54 -20 22 33 -1 -24 -18 57 48 31 -15 42 55 -14 -2 -22 -35 -11 37 -33 -7 -12 -19 -9 43 44 -27 46 -8 61 -4 -50 -5 -10 53 -37 58 -6 -21 -3 -16 -60 -61 -23
right_child=1 4 26 5 8 38 7 41 51 35 39 16 27 28 18 -17 17 40 19 56 21 47 23 -25 -26 29 -28 -29 -30 -31 -32 36 -34 34 -36 52 -38 -39 -40 -41 -42 -43 -44 -45 -46 -47 -48 -49 49 -51 -52 -53 -54 -55 -56 -57 -58 -59 59 60 -62 -63
leaf_value=0.0044652531165746516 -0.0042472428882583723 -0.0027099283543943506 -0.0015469189972953153 0.013146774775513882 -0.013974108406622002 0.0079532277728932531 0.022154460105701372 0.016252946171710286 -0.011964162955133523 -0.011184389338984543 -0.0036261561180194034 0.0077109516212823725 -0.014271669075446677 0.0090610123610065981 -0.00058786584180774311 -0.055538684059443899 0.0037004293694598896 0.0087404446304709445 -0.0023787317274096991 -0.023222523992103221 0.0085248264470892659 0.0068052973689441201 -0.0028957312014210907 -0.035147824945666387 -0.023746462665022235 0.031265543895997748 0.0021110469310131057 -0.0023638997772995529 0.0012631294429410107 -0.0082626997316902397 -0.017758752831752902 -0.0055555637208294581 -0.022725718032335408 0.067230645889389692 0.018070019652019261 0.015850685987409723 -0.0096347317875850255 0.00782765436698603 0.0012073265145397629 -0.021270196540209327 -0.0045508384749491336 0.0046790502936135082 -0.0081717371936649696 -0.0085428758719361623 0.0072774292038492354 0.01550056456975267 0.036418471091144246 0.0024286870585949224 -0.075433470505099756 -0.0087637743431525812 0.0074316464572795468 -0.017963871295472566 -0.0069125063225749898 -0.0013207708534587232 -0.0047422638312160405 -0.0060873671861404145 -0.0089698589373725639 0.018691557324265935 0.0020230512162167725 0.048201647397672492 0.014172941911450488 0.021091903313074093
leaf_weight=53761.488785982132 24686.418177604675 3376.0436432361603 27940.528087615967 58197.434289455414 32435.078211784363 98268.154649019241 42175.775408744812 40909.71982884407 88844.838221788406 10059.419003009796 7974.6151101589203 64459.513691186905 34278.495316505432 74007.805039644241 80431.73831820488 4923.5242447853088 3999.0148642063141 16449.440111637115 89115.620512962341 6219.4146111011505 17098.835425376892 35751.316204547882 53536.557940483093 3172.3382456302643 9608.7641899585724 3082.5346174240112 103185.57494831085 96586.362908124924 56044.660870075226 21791.175381183624 37144.722851991653 61237.965698242188 5873.9006817340851 1327 9262.1112513542175 12143.430957555771 75166.228498458862 12148.753439664841 48043.034166574478 11253.31177854538 15958.400237083435 14382.78383731842 7811.2428302764893 5036.842075586319 16549.010482788086 17330.976388931274 13062.611307144165 109550.00058507919 941.73558139801025 19471.506608486176 110793.10547995567 55621.341562747955 10358.829206466675 18046.684943199158 41305.284413337708 44426.942621946335 73916.558096885681 9351.5914652347565 30846.515035390854 1301.1207044124603 7258.1880865097046 6067.2077558040619
leaf_count=39618 5721 1154 4682 28788 14210 25256 15500 14214 24766 5191 1728 14145 7118 15613 16835 1177 888 3468 19742 1331 13747 32074 43825 774 2256 1390 16803 20733 12191 6549 12866 12859 1388 1327 4002 3590 16754 2701 12408 2442 3854 3102 1214 1970 3901 3866 3226 86030 163 3258 54929 21085 3583 4749 8392 10306 16917 2735 6650 302 1478 4845
internal_value=6.89981e-06 -0.0045043 0.00654302 0.00798794 -0.00894919 0.0109201 0.0134738 0.0188564 -0.0111983 -0.00849871 -0.00265728 -0.0024118 -0.00321306 -0.00162188 -0.00422498 -0.0144249 0.00321166 -0.00309107 -0.00312948 -0.006023 0.00349983 0.00580708 -0.00023991 -0.00470053 -0.0156808 0.00142636 -0.000443169 -0.00603718 0.00570143 -0.00129455 -0.0121356 -0.00797711 -0.00779956 0.0145291 0.0242365 -0.000305701 -0.0065251 -0.00333997 0.00573878 -0.013966 0.00219556 0.0132401 0.00338212 0.0070422 0.0110398 0.0231304 0.0255282 0.00421035 -0.00589373 -0.011843 0.00940112 -0.0142742 0.0023933 0.00558643 -8.99549e-05 -0.00941441 -0.0100763 0.0130275 0.00151361 0.00580154 0.0194236 0.00887851
internal_weight=2.16536e+06 1.28113e+06 884230 732690 376080 443164 296852 127862 309081 164615 905052 885824 775349 495931 365878 35483.8 110475 46015.6 330394 169252 289527 179056 110470 56708.9 13607.8 66998.4 151539 279418 130052 54270.8 114007 182831 30560.3 27687.9 10589.1 50608.4 148553 73386.7 146311 19227.9 32407.8 55292.5 32479.6 24668.4 19631.5 72569.4 55238.4 151369 48353.8 20413.2 168991 144466 40548.9 30190.1 161143 76862 80136 12727.6 119838 39405.8 8559.31 41818.5
internal_count=728379 315942 412437 387531 119259 161289 123625 39908 100346 54495 196683 192513 167902 107737 79933 8286 24611 10466 71647 37990 226242 142025 84217 44599 3144 18913 24906 60165 27804 15024 37382 39432 7109 19076 5329 17113 32314 15560 37664 4170 7322 17316 8475 7261 5291 22592 18726 122949 8103 3421 83717 45851 11922 8339 33657 24516 18248 3889 25265 8430 1780 36919
cat_boundaries=0 4 8 12 16 20 22 26 30 34 35 39 40 44 47
cat_threshold=1628448464 27344936 872775689 541098 9936 2162720 1946224721 583337 2147517504 2418021888 71303744 132486 1612744320 884808 1948621201 16553 536877016 537493544 805668913 549384 33765527 128 1610622672 11010088 1946519698 57515 537929424 8978472 1879411849 542377 13440 9306112 807469056 16425 22 536871584 287309840 1946256480 4866048 1 9792 0 268435457 34344 0 0 65536
is_linear=0
shrinkage=0.05


Tree=29
num_leaves=63
num_cat=24
split_feature=5 5 0 4 0 1 14 5 19 20 3 20 19 6 10 14 17 15 11 10 3 3 10 10 17 3 10 17 5 0 17 4 20 20 0 17 21 17 1 4 6 3 11 0 17 17 3 17 5 20 17 10 10 5 15 20 4 17 20 19 17 20
split_gain=22994.3 4114.63 2940.4 3260.94 2505.26 3224.54 2149.87 1893.48 1147.72 991.965 981.638 1281.38 877.716 866.33 819.393 800.569 761.723 754.258 736.613 668.671 661.416 641.905 611.222 604.488 526.127 513.446 479.23 478.07 456.483 439.933 432.133 420.227 663.69 404.475 389.105 388.529 370.892 368.94 358.293 339.208 329.155 382.483 381.987 327.33 326.052 322.027 318.674 301.587 301.395 298.978 299.346 293.416 292.881 268.577 254.596 254.277 242.272 241.775 239.891 239.024 237.394 223.026
threshold=0.5718253968253969 1.1362535377402234 5.5000000000000009 4.5000000000000009 1.0000000180025095e-35 1.5000000000000002 1.0000000180025095e-35 1.7741604292243494 0 1 86.500000000000014 2 3 1.0909404172670889 2.5000000000000004 1.0000000180025095e-35 4 45.500000000000007 0.036963608707838623 1.5000000000000002 16.500000000000004 10.500000000000002 2.5000000000000004 1.5000000000000002 5 9.5000000000000018 1.5000000000000002 6 2.9099025974025978 2.5000000000000004 7 123.50000000000001 8 9 267.50000000000006 10 11 12 3.5000000000000004 628.50000000000011 0.039911504424778768 158.50000000000003 0.0135423727799207 2.5000000000000004 13 14 445.50000000000006 15 0.26705426356589151 16 17 1.5000000000000002 1.5000000000000002 0.77488339535581396 9.5000000000000018 18 1.5000000000000002 19 20 21 22 23
decision_type=2 2 2 2 2 2 2 2 9 1 2 1 9 2 2 2 9 2 2 2 2 2 2 2 9 2 2 9 2 2 9 2 1 1 2 9 9 9 2 2 2 2 2 2 9 9 2 9 2 1 9 2 2 2 2 1 2 9 1 9 9 1
left_child=2 14 3 15 5 9 7 22 30 16 11 18 48 37 27 56 -5 28 21 -4 58 -10 45 33 46 -18 -12 -2 -15 -13 -8 32 53 -14 55 -35 59 -9 -22 47 41 -27 -42 -32 -19 -3 -21 -16 -6 54 -51 -11 -23 -29 -25 -28 -1 -41 -7 -20 -17 -47
right_child=1 6 19 4 12 20 8 13 10 51 26 29 23 17 39 60 25 44 36 24 38 52 -24 49 -26 40 34 31 -30 -31 43 -33 -34 35 -36 -37 -38 -39 -40 57 42 -43 -44 -45 -46 61 -48 -49 -50 50 -52 -53 -54 -55 -56 -57 -58 -59 -60 -61 -62 -63
leaf_value=0.00019807957623890583 0.0013017599825517426 -0.0030885807724267966 -0.0063104558609752923 0.0056419646007386968 0.016325110949333692 0.011218613072391173 -0.003067340194353254 -0.012069322436335716 0.040280744187048516 0.0033230369672569977 -0.012897821161322865 0.0059570777715265335 -0.013305478167259452 -0.014330339247883905 0.0054066401113575108 0.0057261857394309505 0.01155736663607855 0.0032258526309901733 0.0013815472392022723 0.0083849610631159151 0.022023558794249713 0.0078925120931675075 -0.0026085372999374509 -0.0022639852675320721 -0.0024837439002592006 0.030492776246271149 0.0069983748878974699 0.003205360555639386 -0.021737917417075744 -0.011199010483887882 -0.0027741822262248778 -0.005409571686339161 -0.0068881612138326498 0.0041010443922393563 -0.012658613692257648 -0.004558947921483281 -0.0033736523827736127 -0.0061360784458639427 0.031910622452720507 0.00086705126027772838 0.0079458629704410779 0.11025285332361395 0.020073074971348543 -0.017926576308293092 -0.010200612878265038 -0.0073284080727149155 0.00074214019308081953 0.00052264492226378775 0.00835449482584452 0.014387487048811487 0.005886748806141125 0.012304191221437243 0.023501650980519845 -0.0015923157315487933 0.01213301119672206 -0.0052065065653832173 0.0035360629652675894 -0.0036473710102374263 0.019668101257021817 0.014730272286136097 0.019707598483427426 -0.011816154157076719
leaf_weight=99419.426199436188 61832.211415529251 36368.099612474442 35667.033175945282 36268.103990316391 15510.88916683197 12111.428839921951 18099.602217674255 44302.827285051346 3039.4297318458557 57870.134044408798 11524.612679958344 5648.7472186088562 5594.1851480007172 62301.155462265015 57459.412989377975 4776.4522752761841 76625.787942886353 5906.1080002784729 5132.3483531475067 30070.340604782104 20793.1003241539 6982.6587681770325 102563.26839733124 14332.547125339508 42582.37423324585 2672.4286372661591 12444.807639837265 43250.555135250092 31229.60608625412 11035.491335391998 4830.3055958747864 153364.3115632534 48028.634151697159 33917.73371720314 5168.8405609130859 20937.95246219635 7735.1758437156677 64350.374946594238 16403.770184993744 73385.41163611412 8418.4286315441132 158.47763061523438 28421.534785032272 13601.314271688461 19267.876166582108 129707.58809924126 24959.613135814667 70260.854476451874 50409.262758731842 14412.586096763611 36965.150041341782 10788.989944219589 5276.9286997318268 89601.699407577515 3907.0155527591705 6483.3363735675812 119937.28957891464 49761.154645442963 28285.512001276016 9726.2962396144867 8463.0589408874512 35301.118788480759
leaf_count=87254 13332 8875 6114 20974 3490 4449 5157 17429 1173 35932 1899 2652 1603 17738 11374 2875 47566 1558 1414 5338 6417 1572 18504 3745 6876 2266 1962 11217 13394 3136 2278 28402 14455 8563 665 5283 2104 24260 4345 10124 3221 84 10947 3465 5864 33992 3492 14203 13046 3487 8973 3930 1145 24954 1008 1050 91370 7109 10507 2571 4854 11236
internal_value=3.17202e-05 -0.00415242 0.00637575 0.00762671 0.00992201 0.0128033 -0.00693627 -0.00833207 -0.00108454 0.00972716 0.00194384 0.00615803 0.00552889 -0.0117833 -0.00132087 0.00274388 0.0119732 -0.0147362 0.0112399 -0.000451689 0.0215734 0.0197143 -0.00575041 0.00314589 0.00168912 0.0139469 -0.00451232 -0.00273703 -0.0168039 -0.00538727 -0.00855989 -0.00348411 -0.00185173 -0.000511847 -0.000501511 0.000795347 0.00550595 -0.00855709 0.0263845 0.000915024 0.0185656 0.0349952 0.0173021 -0.0139484 -0.00705338 -0.00735058 0.00491763 0.00272037 0.0102286 0.00632238 0.00827396 0.00473379 0.0146126 -3.03994e-05 0.000819978 0.00281881 0.00202319 -0.00095738 0.0171428 0.0101239 0.0146835 -0.00828922
internal_weight=2.16565e+06 1.30497e+06 860681 727401 494805 298818 658028 531298 126730 221224 90198.7 54577.1 195987 227358 646944 232596 152565 118705 37892.8 133279 77593.8 15299 303940 130067 97612.3 116297 35621.6 396077 93530.8 16684.2 36531.2 334245 180881 60449.9 24097 54855.7 22593.8 108653 37196.9 250867 39670.9 2830.91 36840 18431.6 25174 201377 55030 127720 65920.2 69617.3 51377.7 68659.1 12259.6 132852 18239.6 18928.1 219357 123147 40396.9 14858.6 13239.5 165009
internal_count=728272 320263 408009 386189 199836 150638 185093 152850 32243 124920 21343 15767 49198 80243 135170 186353 85058 38554 9979 21820 25718 3890 72607 32662 15706 64084 5576 92360 31132 5788 10900 79028 50626 15449 3677 13846 6089 41689 10762 42810 16518 2350 14168 5743 7422 54103 8830 25577 16536 17213 12460 39862 2717 36171 4753 3012 178624 17233 14956 3985 7729 45228
cat_boundaries=0 1 2 3 4 8 12 16 20 21 22 26 28 32 36 40 44 45 49 50 54 55 56 60 61
cat_threshold=1729553 14 22 243722 2435842090 3758285096 135410914 33286 553661384 2684899336 874840096 8481 24728 564234273 536879179 533376 2432700520 107336 135342112 557088 6 1 537920960 8765960 1006930209 541353 104947 1024 1126174984 975176 1211186337 4384 2147483792 2147508480 610338832 256 8336 1082231849 809501746 582464 537933528 2684912640 874850560 17408 1 537932816 813978152 538968584 524928 20 2105472 2156004352 879002960 25633 1 66 1074795600 2147770464 283115785 16640 6
is_linear=0
shrinkage=0.05


Tree=30
num_leaves=63
num_cat=12
split_feature=5 12 5 12 5 9 16 0 7 19 5 5 13 16 16 20 16 13 9 16 16 16 20 7 16 16 20 0 16 16 19 19 0 19 16 16 9 16 6 9 16 20 19 16 16 16 16 20 7 20 10 16 9 16 16 16 16 19 16 13 0 16
split_gain=21016.9 4609.08 2985.41 2914.68 1634.78 1370.42 1507.77 1369.21 2326.59 1348.3 1317.96 1079.95 1038.33 989.121 867.789 826.016 812.793 811.908 804.348 724.177 649.425 607.954 603.613 596.92 594.016 843.928 577.048 561.387 558.791 809.302 543.184 542.154 503.993 498.837 492.638 870.542 689.302 1458.87 485.166 483.014 1424.56 481.587 465.467 457.384 1109.41 784.669 727.744 510.898 439.042 523.299 518.572 438.537 638.156 436.701 434.019 427.145 427.061 425.928 422.646 455.177 409.648 390.347
threshold=0.48016563146997931 0.14611528303841512 1.0522004510736058 0.33146442666487641 1.0601411858614587 0.94937990057910115 14.500000000000002 2.5000000000000004 2.5000000000000004 0 0.093386627906976757 2.5022522522522528 2.5000000000000004 17.500000000000004 45.500000000000007 1 8.5000000000000018 36.500000000000007 0.61408825093035635 11.500000000000002 51.500000000000007 17.500000000000004 2 5.5000000000000009 16.500000000000004 12.500000000000002 3 4.5000000000000009 25.500000000000004 19.500000000000004 4 5 1.0000000180025095e-35 6 25.500000000000004 15.500000000000002 0.081149677596378117 9.5000000000000018 1.5255323772272928 0.01328918322295806 11.500000000000002 7 8 25.500000000000004 18.500000000000004 10.500000000000002 12.500000000000002 9 51.500000000000007 10 1.5000000000000002 9.5000000000000018 0.4997273718647765 18.500000000000004 26.500000000000004 28.500000000000004 20.500000000000004 11 25.500000000000004 12.500000000000002 156.50000000000003 45.500000000000007
decision_type=2 2 2 2 2 10 2 2 2 9 2 2 2 2 2 1 2 2 10 2 2 2 1 2 2 2 1 2 2 2 9 9 2 9 2 2 10 2 2 10 2 1 9 2 2 2 2 1 2 1 2 2 10 2 2 2 2 9 2 2 2 2
left_child=3 4 14 7 42 12 19 8 -1 18 23 22 57 16 17 31 -11 -3 -5 -7 -16 39 -4 -10 25 -25 -14 61 29 33 -21 -8 -18 -19 35 36 37 -28 -13 40 -9 -26 -2 44 45 -24 47 -47 49 -44 -50 -35 -53 -17 -43 -45 -37 -6 -23 -60 -36 -20
right_child=1 2 11 9 5 6 15 21 10 13 -12 38 26 -15 20 53 32 28 27 30 -22 58 43 24 41 -27 34 -29 -30 -31 -32 -33 -34 51 60 56 -38 -39 -40 -41 -42 54 48 55 -46 46 -48 -49 50 -51 -52 52 -54 -55 -56 -57 -58 -59 59 -61 -62 -63
leaf_value=0.0072171210422359404 -0.0038108943486835538 -0.0074600132092030791 -0.015925409032517615 0.003446869339628263 0.0023313014008436357 -0.0026095328201346307 0.0044336143837220539 0.009144662502782331 0.015897462628548548 0.0025077873812071293 0.0098615997582940391 -0.012273372652487298 -0.007559282516954792 0.0044179134600442821 0.0070559197154316999 -0.019682156171270511 -0.0034972033053472214 0.0029289717440175679 0.01257159431354672 -0.040080121620891196 -0.0095578167505827785 0.013886684537685247 -0.0054328949758782625 0.02735206419690513 0.018155921293661809 0.0039701003668017347 -0.0011336928589985907 0.00047978361663910069 -0.0056623043226481356 0.0097982131730655429 0.011689549056310942 -0.0070392983426697175 -0.014918630708159027 -0.0015205881898915921 -0.00097300764102597938 0.023858409285065725 0.0011887464750120771 -0.052224304512317445 -0.020825413200269656 -0.00069432781599537891 -0.093238793867454942 0.042993246503851112 0.0064050971199230205 -0.015643149550496338 0.0017749286995261911 -0.0079408143334971214 -0.0085319297178903051 -0.030803285459527031 -0.0047155088157900711 0.0001819323366643287 0.0015783334794423074 -0.036226580503182469 -0.0078104026370146911 -0.010474274945811983 0.027044365939287603 -0.0083795523855881415 0.0071151822045560547 0.020719715911567342 -0.0028232409715073545 0.0085332492486824545 -0.010312368117096576 0.024620764467772067
leaf_weight=164518.45780110359 41098.095399618149 111590.94059443474 25546.930589675903 43382.215276241302 5276.2024748325348 43444.868724107742 11982.48358798027 875.49987888336182 47384.499831438065 57967.931096076965 55086.569259166718 41772.397437334061 29938.200366973877 147277.56845498085 30608.868505239487 17304.36643576622 48297.563809633255 31471.457539319992 38632.97469329834 514.14979195594788 7280.4308660030365 15627.483134269714 58426.419743061066 8260.6569344997406 7529.9409613609314 7242.4906706809998 4766.7819299697876 8192.166356086731 57893.118288040161 19005.085420608521 15052.463736057281 73025.008161067963 12072.649516820908 25862.517684459686 56752.855555534363 4529.2489101886749 39438.189491510391 1975.6742324829102 27510.843136072159 24830.302660942078 554.04202508926392 7060.3616945743561 86046.504678249359 26960.141956090927 35124.664801120758 3378.5827896595001 16119.45219373703 9065.1546113491058 40596.737158298492 55621.218238353729 168829.79563903809 2345.6739060878754 12506.844371795654 50345.38663816452 10801.268419265747 81221.888088226318 23916.778668642044 7844.1748261451721 14513.076505184174 22503.376892566681 14803.139987945557 8138.6158835887909
leaf_count=121224 8899 23915 8675 30921 1785 12766 2465 162 18204 30796 14237 18898 9102 87685 7402 4565 33463 7536 14354 171 1657 2697 15457 2426 2213 1917 1195 1376 13756 4734 4139 17819 2641 5923 12150 1091 7414 495 10332 4424 98 1897 21729 6375 9677 809 4377 2361 6913 14860 25667 558 3020 15417 3115 22014 4747 2207 2513 3983 1886 3218
internal_value=-1.70253e-05 -0.003601 -0.0068169 0.00674654 -0.00107202 -0.00331725 -0.00608133 0.00976864 0.0112746 0.00353489 0.0159307 -0.0101319 -0.000225571 0.00168283 -0.00320699 -0.00870504 -0.00172097 -0.00423469 0.00853586 0.000706014 0.00386342 0.00389215 -0.00863222 0.0197177 0.0241437 0.0164298 -0.00123648 0.012554 -0.00182048 0.000618536 0.00995895 -0.00542174 -0.00578143 -0.00179837 5.89887e-05 0.00290122 -0.00133716 -0.0161098 -0.0156695 -0.00232198 -0.0305731 0.0288527 0.00122312 -0.00782208 -0.00572504 -0.00875336 -0.015545 -0.0246282 0.00181245 0.00396226 0.000358273 -0.00545182 -0.0123003 -0.012828 0.033332 -0.0101898 0.00978183 0.0133433 0.00699187 0.00408074 -0.0029052 0.0146687
internal_weight=2.16754e+06 1.41679e+06 623691 750750 793102 400910 211669 386788 307884 363962 143366 325126 189241 265616 298565 152657 118338 260676 98346 59011.5 37889.3 78903.8 255843 88279.2 40894.7 15503.1 176121 54963.8 149085 91191.6 15566.6 85007.5 60370.2 72186.5 146183 74626.7 46180.6 6742.46 69283.2 26259.8 1429.54 25391.6 392192 230296 122114 86989.6 28563.2 12443.7 351094 141668 209427 40715 14852.5 67649.8 17861.6 108182 28446 13120.4 52643.9 37016.5 71556 46771.6
internal_count=728522 344958 167476 383564 177482 99414 57342 179110 165233 204454 44009 98975 42072 154585 68501 40266 66900 59442 49869 17076 9059 13877 69745 29772 11568 4343 38080 18948 35527 21771 4310 20284 36104 17037 28978 14942 9104 1690 29230 4684 260 7225 78068 61070 32681 23004 7547 3170 69169 36589 32580 9501 3578 19982 5012 28389 5838 3992 9193 6496 14036 17572
cat_boundaries=0 1 2 3 4 5 6 7 8 9 10 11 12
cat_threshold=100362 4 1 1 24576 34824 759818 1 1589376 2 12 1599249
is_linear=0
shrinkage=0.05


Tree=31
num_leaves=63
num_cat=17
split_feature=5 12 12 5 5 3 0 20 20 15 4 0 10 13 12 17 1 7 7 13 5 13 12 0 1 8 17 5 8 6 17 7 17 17 20 17 10 8 5 6 8 17 8 20 15 5 0 17 17 4 13 13 6 13 17 0 17 7 17 0 4 17
split_gain=19092.9 4059.79 2583.99 2500.91 2307.99 2975.51 1437.64 1241.72 1078.98 1004.66 887.582 869.912 866.001 823.13 863.856 822.919 813.428 755.855 705.06 945.957 758.658 637.242 610.807 602.119 571.657 567.653 544.982 505.668 494.191 488.028 432.419 429.768 406.313 398.227 384.456 383.679 379.07 378.976 429.945 370.343 369.243 335.753 335.683 331.402 330.75 319.736 314.428 314.25 306.025 300.13 286.416 402.834 321.858 286.199 285.719 282.913 272.15 267.587 259.008 258.467 251.038 249.006
threshold=0.60018083182640158 0.10652599106790651 0.36640236738205129 1.6669307976756473 0.26705426356589151 6.5000000000000009 3.5000000000000004 0 1 11.500000000000002 4.5000000000000009 1.0000000180025095e-35 1.5000000000000002 24.500000000000004 0.52127486901396913 2 2.5000000000000004 140.50000000000003 43.500000000000007 3.5000000000000004 1.6233301442188444 19.500000000000004 0.01828079964965185 2.5000000000000004 1.0000000180025095e-35 1.664346407708065 3 2.0024449877750619 1.1098262032085564 1.3334016113614642 4 33.500000000000007 5 6 7 8 2.5000000000000004 1.0982400908340217 0.14423702052568035 1.4994448556624727 1.1224893119303059 9 1.0303799415474544 10 7.5000000000000009 0.88103491555003055 346.50000000000006 11 12 143.50000000000003 80.500000000000014 77.500000000000014 0.055641554867561067 6.5000000000000009 13 1.0000000180025095e-35 14 44.500000000000007 15 86.500000000000014 3.5000000000000004 16
decision_type=2 2 2 2 2 2 2 1 1 2 2 2 2 2 2 9 2 2 2 2 2 2 2 2 2 2 9 2 2 2 9 2 9 9 1 9 2 2 2 2 2 9 2 1 2 2 2 9 9 2 2 2 2 2 9 2 9 2 9 2 2 9
left_child=2 7 4 13 5 24 8 27 10 15 -4 16 18 -3 26 34 33 22 19 23 48 32 61 43 -1 29 -15 -2 -13 58 59 -17 -6 -12 -7 -24 56 -36 -39 45 -8 -31 -29 -9 55 -28 -38 -23 -21 -34 51 -11 -52 -26 -25 -10 -19 -53 -5 -20 -22 -14
right_child=1 3 6 25 21 9 40 12 44 50 11 28 17 14 -16 31 -18 36 30 20 60 47 35 54 53 -27 39 42 -30 41 -32 -33 49 -35 37 -37 46 38 -40 -41 -42 -43 -44 -45 -46 -47 -48 -49 -50 -51 52 57 -54 -55 -56 -57 -58 -59 -60 -61 -62 -63
leaf_value=0.0046182686892239618 -0.0045205067769973064 -0.0087240246000591954 0.00141291292788836 -0.00083226760533571843 -0.0060413718949217611 0.01089841311082459 -0.0095985123616385334 0.02898858160248249 -0.0011073286598417954 0.024801919391059052 0.012367517802602474 -0.0010638903993211708 0.014909058495067596 -0.006516501050602203 -0.0083365124778028432 0.010871293511500853 0.023403469012341308 0.00075923874048154172 -0.00046042251046536729 -0.0072795894733354216 -0.021477662202531108 0.0012289119143940391 0.0061895908440017938 -0.0084937338645314307 0.02064732476523851 -0.030204575059450775 0.002717305856849856 -0.0083572894594470242 0.0091483844339850986 -0.011102615473277755 -0.0099264703476044606 -0.0025698274716201039 0.0061594399309312861 0.0050663755745736635 0.01570362399979475 0.00072047786545501947 0.0015806787229293946 0.029575048667446951 0.015786941397646869 -0.0054405197818016421 -0.0012647626996583616 -0.017825197384606927 -0.021174629740026665 0.0021326237243094372 0.0037743936063242218 -0.0017617407849423478 -0.0045627998896064113 0.0080102888295083031 0.0011237014794680835 -8.8598500105998722e-05 0.078594834673359953 0.012808630738369528 0.032079349095062354 0.0095069356621766531 0.0060054090464583543 -0.011337962612407972 -0.0077960370397940626 -0.026361925709293521 -0.0098687891786036243 -0.01228360763820105 -0.0075373260172168031 0.0044685996955291336
leaf_weight=129229.51774406433 65061.65770983696 102835.55827784538 73070.164786338806 8744.3321328163147 17303.437103271484 17038.091697216034 24389.11062335968 4173.0570635795593 66480.590871810913 19329.514002561569 44701.278590679169 30278.500977516174 15091.436567544937 59740.277413606644 76033.697694540024 37138.065763473511 11820.585078716278 13525.493475914001 28544.057917118073 12791.53163933754 3608.8626666069031 21741.907009363174 46434.42847776413 4019.9382083415985 6929.5971708297729 4115.6562941074371 63596.824751615524 13057.326825141907 19459.230494976044 37645.576809883118 42793.916891098022 7080.5354943275452 31987.606633663177 32162.960387468338 28733.674438238144 103627.07592511177 99927.040699958801 14597.653106689453 9234.7489862442017 39900.807991027832 29209.511504173279 37018.200890779495 8392.5012180805206 1598.3022558689117 34607.205695867538 106674.27699589729 26310.088187217712 80005.475682020187 70459.746337652206 48153.494761228561 407.2588963508606 1626.8579955101013 4250.4873738288879 34317.856128931046 21676.754369735718 7521.1769802570343 29737.194412231445 594.49899482727051 86489.449280738831 5514.7321834564209 30685.374351024628 9232.7331414222717
leaf_count=103782 19236 22325 59010 3220 3628 6541 4498 2009 47312 6543 23365 7924 3365 14635 20347 14290 3591 1954 5044 3616 1993 4846 9473 1126 3257 1467 14094 6309 4964 12546 7559 1274 7918 17865 10957 21697 14138 4339 1843 9476 5037 12496 2698 777 22210 25806 3060 17349 19339 8067 323 540 1337 17275 5922 2006 4424 102 31450 805 10962 2169
internal_value=2.66446e-05 -0.00387786 0.0056799 -0.00676949 0.00799537 0.0106902 0.00252174 -0.00113369 0.00379076 0.0160907 0.00587087 0.00822452 -0.000286128 -0.00479651 -0.00362899 0.0140582 0.0111929 0.00129368 -0.00269142 -0.000685206 -0.00274643 0.00379456 0.00360473 0.00701413 0.0062541 -0.0118578 -0.00230287 -0.00671476 0.00293163 -0.0114132 -0.0065813 0.00871704 0.000904736 0.00931481 0.0174474 0.00241331 -0.001084 0.0195674 0.0242332 -0.00110478 -0.005057 -0.0144397 -0.013373 0.0216067 -0.00026034 -8.87958e-05 0.000300241 0.00656214 -0.000168273 0.002405 0.0249167 0.0224846 0.0361625 0.011379 0.00373598 -0.00214726 -0.00512302 0.00231832 -0.0090402 -0.00237442 -0.00900488 0.0109545
internal_weight=2.16246e+06 1.27906e+06 883401 622795 509700 310508 373700 656263 320102 140031 211493 138423 569752 448781 345946 113823 88684.8 343885 225866 149014 117546 199192 174386 31468.1 170477 174013 269912 86511.5 49737.7 169898 76852.7 44218.6 97444.5 76864.2 69604.2 150062 169500 52566.1 23832.4 210172 53598.6 74663.8 21449.8 5771.36 108609 170271 126237 101747 83251.3 80141.1 26208.6 21550.9 4657.75 41247.5 25696.7 74001.8 43262.7 2221.36 95233.8 34058.8 34294.2 24324.2
internal_count=727530 315537 411993 167862 214211 172403 197782 147675 188247 48089 116719 57709 119432 106683 84358 39244 44821 60280 59152 45744 35910 41808 36704 9834 124314 61179 64011 28243 12888 59712 13408 15564 19613 41230 23680 31170 23576 17139 6182 49376 9535 25042 9007 2786 71528 39900 17198 22195 22955 15985 8845 7185 1660 20532 7048 49318 6378 642 34670 5849 12955 5534
cat_boundaries=0 1 2 6 10 14 18 22 23 27 31 32 36 40 44 48 52 56
cat_threshold=1 6 554706768 277291016 606406697 541225 2199949640 805814344 1209012208 1664 2111168 8964104 943980544 542208 1344307520 2692772936 1089296 5120 1610614416 8945664 805668865 544808 1 536880536 545792289 805314817 534272 2718959312 8450560 1682023024 540935 6 3240104960 3760365888 134230865 33284 1362137088 536895488 606221088 5377 1074823232 2147767808 6291968 1 16785792 8683520 805314560 541184 2148533376 2415924768 536871522 8708 553662152 40960 671418704 1033
is_linear=0
shrinkage=0.05


Tree=32
num_leaves=63
num_cat=11
split_feature=0 3 12 20 19 0 20 1 1 17 16 16 9 9 16 16 16 16 17 9 17 9 12 16 16 0 14 16 16 16 16 0 16 17 16 4 11 16 9 9 16 17 6 17 6 12 9 8 17 16 16 9 17 16 16 16 0 14 16 16 16 0
split_gain=14955.9 5497.11 4016.37 2142.81 1557.01 1486.6 1373.97 1255.03 1203.54 1048.85 1234.43 1881.72 3514.38 1278.51 1095.26 2325.06 1180.52 1070.85 976.389 822.939 800.7 783.442 740.676 700.524 877.028 696.294 685.784 679.252 671.092 658.367 578.165 573.08 571.179 649.162 571.048 963.351 569.391 567.912 1131.62 524.513 521.883 511.996 487.503 477.978 449.903 440.015 433.723 413.905 411.244 405.652 511.446 1353.26 477.764 396.384 433.072 395.378 390.186 380.508 371.294 426.711 366.507 353.829
threshold=1.0000000180025095e-35 8.5000000000000018 0.42899813416380667 0 1 46.500000000000007 2 1.0000000180025095e-35 2.5000000000000004 3 16.500000000000004 9.5000000000000018 0.1786393264530147 0.87506397134083935 25.500000000000004 18.500000000000004 44.500000000000007 51.500000000000007 4 0.27508781349520256 5 0.93342803030303034 0.047558508787038552 16.500000000000004 10.500000000000002 4.5000000000000009 1.0000000180025095e-35 45.500000000000007 20.500000000000004 48.500000000000007 51.500000000000007 4.5000000000000009 25.500000000000004 6 26.500000000000004 133.50000000000003 0.049932518146104291 8.5000000000000018 0.4997273718647765 0.7918333333333335 11.500000000000002 7 1.915814518578516 8 0.15010729613733911 0.34891156254331973 0.93553854565336259 1.1451777821756055 9 14.500000000000002 11.500000000000002 0.030457637600494747 10 49.500000000000007 51.500000000000007 24.500000000000004 238.50000000000003 1.0000000180025095e-35 19.500000000000004 9.5000000000000018 22.500000000000004 4.5000000000000009
decision_type=2 2 2 1 9 2 1 2 2 9 2 2 10 10 2 2 2 2 9 10 9 10 2 2 2 2 2 2 2 2 2 2 2 9 2 2 2 2 10 10 2 9 2 9 2 2 10 2 9 2 2 10 9 2 2 2 2 2 2 2 2 2
left_child=1 7 3 21 42 9 -4 45 23 14 11 -11 40 17 15 22 26 27 19 55 -7 30 49 24 -3 -23 -16 28 -12 39 -2 -17 33 44 35 46 -18 -24 -39 -22 -13 -14 -5 -21 -15 -1 -25 -41 -34 50 -6 -52 -53 -31 -55 58 -49 -9 59 -8 -46 -42
right_child=2 8 6 4 5 20 18 57 -10 10 13 12 41 32 16 31 36 -19 -20 43 29 25 37 34 -26 -27 -28 -29 -30 53 -32 -33 48 -35 -36 -37 -38 38 -40 47 61 -43 -44 -45 60 -47 -48 56 -50 -51 51 52 -54 54 -56 -57 -58 -59 -60 -61 -62 -63
leaf_value=0.0047580157089377982 -0.002841338317589379 0.015267313960986779 -0.018275785599829297 -0.0059653692359409099 0.0050641450172689648 -0.00033939168230382079 -0.0069378057372914336 0.0082134024613593117 0.023694545698873692 0.00040736679373168958 0.030844286656646333 -0.033897715559055408 -0.0025503322152801368 0.034640614556164372 -0.0048790870048704468 0.018286204800593807 0.0073854986840210003 -0.018487833972753234 -0.0093990946627294479 0.0073397536720153159 -0.0010698316342171684 -0.0079655877850510291 0.0036255862416530757 0.035624228202641238 0.0010284834278413508 -0.020243684126500728 0.0066028507759792326 0.012604958738617065 0.0029890381526639222 -0.024962278686034511 -0.024307010563565622 0.0091532333601325733 -0.012711803144750426 -0.006221207428150681 0.013170911792051772 0.060611777862199817 -0.0041735133477330899 -0.031816150052518144 -0.0020395619939893349 -0.015478418852910597 -0.046946643656827186 -0.012673478369822534 -0.017062063609059049 -0.0029815375251088798 0.0020119665639030549 0.00087979412174295213 0.01631680263875215 -0.0037656223936867062 -0.0030144873378187918 -0.0031997745390158188 -0.063775265341261961 0.014106757386577224 0.036046132252003031 -0.00043468584896294175 -0.020533614316316801 -0.015696998526711612 -0.015171416629062609 0.019204899999493361 0.0033932373756718642 -0.037998827073554564 0.014439329652619721 -0.082643560497931992
leaf_weight=132410.39444303513 88906.669739723206 21767.007047891617 26104.09877038002 34418.795026063919 28131.227945327759 138898.3497838974 6216.2159576416016 86716.326399087906 35721.906085968018 77620.255663633347 2224.0792603492737 3305.3359403610229 26992.471261262894 1327.4202275276184 95536.653146743774 25140.80614900589 53729.554702281952 4570.2930762767792 141438.95032334328 12326.151526451111 61846.756206989288 51325.533258199692 47267.562796354294 3646.9175674915314 21491.913719415665 14899.14261841774 15052.836179971695 30096.047393321991 76611.359483003616 6183.9715533256531 3250.6721949577332 54231.070306301117 12910.971811294556 15508.901652574539 41175.963405847549 1607.6165134906769 13288.184084415436 3356.646235704422 64193.082632064819 12908.512544155121 1529.9194993972778 23266.131472587585 13892.788444042206 123640.18039870262 25021.112126588821 163384.0886900425 14380.422824144363 47739.969892501831 71207.085241317749 8478.8007488250732 495.18028116226196 8655.8624396324158 3501.8787236213684 6202.8645448684692 4718.2371249198914 18473.37752866745 8894.7240424156189 8660.1069943904877 7211.5685029029846 1344.1374137401581 7776.0493657588959 1279.6261255741119
leaf_count=104052 25850 8807 9826 9729 6913 19337 1740 42693 10414 19206 715 832 6538 439 22443 8008 12965 1055 38142 2924 8716 19446 11758 2304 8643 3711 3448 6864 18314 926 910 10876 3442 3949 16410 765 3296 761 15453 1991 407 5545 3580 31669 5860 133180 5663 7117 17936 2125 113 1995 807 866 685 5600 1120 3932 2414 432 1957 241
internal_value=-2.43892e-05 0.00726542 -0.00239443 -0.00113067 -0.000372278 1.71811e-05 -0.00725945 0.00422408 0.0157757 0.00112249 -0.000777402 -0.00464223 -0.0115949 0.00131704 0.00284268 0.00502086 -0.000142865 0.00522002 -0.00633289 -0.0037695 -0.00306845 -0.00657943 0.00162234 0.0130574 0.00819336 -0.0107282 -0.00331618 0.00621486 0.00377526 -0.00562072 -0.00359875 0.0120463 -0.00199506 0.00225859 0.0165174 0.0235341 0.00509357 -0.000578122 -0.00351965 -0.00441979 -0.0473823 -0.00723981 -0.0091548 -0.00204548 0.00611258 0.00261586 0.0202244 -0.00739895 -0.0045049 0.00675088 0.0088196 0.017168 0.0204698 -0.014848 -0.0091191 -0.0108212 -0.00555719 0.00921161 -0.00472307 -0.0124644 0.00495879 -0.0632287
internal_weight=2.16411e+06 530963 1.63315e+06 1.29639e+06 1.13801e+06 1.0897e+06 336755 391171 139792 802306 381247 133994 56373.5 247253 421059 243452 177607 113502 310651 169212 287393 158382 164080 104070 43258.9 66224.7 110589 108931 78835.4 148495 92157.3 79371.9 133752 49633.5 60810.9 19635 67017.7 114817 67549.7 131390 6114.88 50258.6 48311.6 135966 34124.6 295794 18027.3 69543.2 84118.1 49263 40784.1 12652.9 12157.7 17105.1 10921.1 33245.3 56634.7 95376.4 14771.9 7560.35 32797.2 2809.55
internal_count=727855 336863 390992 298245 248328 235019 92747 283857 53006 194261 93300 32769 13563 60531 100961 58809 42152 26948 82921 44779 40758 49917 39925 42592 17450 23157 25891 25893 19029 21421 26760 18884 33583 12205 25142 8732 16261 27972 16214 18944 1480 12083 13309 34593 8256 237232 7967 10228 21378 11953 9828 2915 2802 2477 1551 10186 8237 46625 4586 2172 7817 648
cat_boundaries=0 1 2 3 7 11 15 19 23 27 31 35
cat_threshold=1 540672 1 536880282 76120099 872751130 549601 1879049872 537435688 874610794 545033 8640 8392480 1883317264 549153 2148533056 537010184 134253601 1288 1075839552 268718088 2099393 37896 128 0 536870920 524288 2417002560 3221247496 1051233 36868 536879112 8945664 270336 544
is_linear=0
shrinkage=0.05


Tree=33
num_leaves=63
num_cat=18
split_feature=5 12 7 9 5 5 10 9 17 17 9 13 13 12 5 8 4 10 10 12 20 20 17 17 1 17 11 1 13 11 17 17 20 12 1 12 5 12 20 8 6 10 18 6 20 5 15 12 13 4 13 9 17 17 7 4 5 1 17 17 1 20
split_gain=16226.7 3442.55 2224.46 2521.19 2203.31 1635.7 1906.31 1180.12 854.106 847.524 846.658 777.065 763.931 665.538 664.347 616.794 591.504 579.185 576.037 554.027 504.395 488.562 479.715 470.544 466.734 461.064 450.702 420.734 488.164 439.23 405.535 403.137 394.826 377.489 366.786 360.267 347.74 344.743 333.914 376.611 326.812 322.231 318.051 316.772 303.796 293.7 287.357 278.544 278.003 281.979 329.007 275.269 268.471 265.312 264.179 347.365 251.633 248.13 247.491 244.517 237.156 234.764
threshold=0.6155905673977965 0.10969638544086648 55.500000000000007 0.071661998132586377 1.6003565062388596 0.26705426356589151 1.5000000000000002 0.94121665059466419 0 1 0.16716566866267465 28.500000000000004 2.5000000000000004 0.55027512087192954 0.093386627906976757 1.664346407708065 8.5000000000000018 2.5000000000000004 1.5000000000000002 0.25004167594759602 2 3 4 5 57.500000000000007 6 0.11862711980938913 137.50000000000003 1.5000000000000002 0.059305083472281701 7 8 9 0.15415831592039339 14.500000000000002 0.08797196622630428 1.3686765457332655 0.23338001772582381 10 1.1419456599165565 2.2316512045488559 2.5000000000000004 11 1.9000762195121952 12 1.0256960493011997 40.500000000000007 0.19598002090343455 4.5000000000000009 4.5000000000000009 80.500000000000014 0.81833367078355956 13 14 14.500000000000002 137.50000000000003 0.88103491555003055 220.50000000000003 15 16 44.500000000000007 17
decision_type=2 2 2 10 2 2 2 10 9 9 10 2 2 2 2 2 2 2 2 2 1 1 9 9 2 9 2 2 2 2 9 9 1 2 2 2 2 2 1 2 2 2 9 2 1 2 2 2 2 2 2 10 9 9 2 2 2 2 9 9 2 1
left_child=2 7 3 19 11 6 8 12 16 20 -4 59 42 25 24 22 -5 31 32 48 -9 33 57 -14 47 -13 27 28 29 34 -8 -16 -7 -18 -22 -34 -30 -10 39 -20 61 -25 -2 56 -44 -11 -21 -12 -1 -50 54 -15 -29 -39 55 -51 -27 -6 -48 -3 -46 -24
right_child=1 4 10 5 15 18 30 9 37 45 14 13 23 51 17 -17 21 -19 38 46 26 -23 40 41 -26 43 -28 52 36 -31 -32 -33 35 -35 -36 -37 -38 53 -40 -41 -42 -43 44 -45 60 -47 58 -49 49 50 -52 -53 -54 -55 -56 -57 -58 -59 -60 -61 -62 -63
leaf_value=0.025153779340835253 -0.00035273717156464031 -0.013630535563656461 -0.013186315744040259 0.0072181986144920288 -0.014038751544416925 -0.011737985528936089 0.021123033714753797 -0.0091986985287488814 0.0078099756089106262 -0.0033152220615572771 0.027156939867020148 -0.0060037768995861258 0.003523507351809509 -0.011424499974930301 0.00065049177337215506 -0.030034639188367795 0.021216008857695465 0.0037977070465763257 0.005683756923930805 3.6900240409431229e-05 0.027124444473717892 0.0046982672098493869 -0.0069370495024195528 -0.002411743405253108 0.058186590542369999 0.0023422748819457049 -0.017300100861775063 0.0042156472169341923 0.0018417524470198511 -0.010443886484962486 0.013196286440386616 -0.0066448453954671433 0.0066912574256005018 0.013075642082473178 0.0047780804828644824 -0.0006869824309041465 -0.0032365408395162512 0.0042164025812813444 0.0016727221954714669 0.013180396472079673 -0.014775148746179865 0.0014649497627938345 0.0084066205520218953 -0.007327892479430601 0.035274767989655252 -0.0087636195488970843 0.014694471796820178 -0.0090578046256021959 0.0027512919523715335 0.0086421490991308841 0.030776316149145166 -0.0040404679883049074 -0.0066961225233392423 -0.0042869447959033502 -0.0018909863857209698 0.045840265436810877 -0.0016001992701222775 -0.030114416853543598 0.0032161120520420184 -0.0069082525133621446 0.012926879337987954 -0.013508685868458431
leaf_weight=1826.0669522285461 3412.5516798496246 15456.976490736008 11925.961509227753 53955.537254333496 44269.564642190933 5419.8376271724701 41766.017236948013 19320.013164281845 53999.035127162933 37960.850442409515 1314.2111048698425 55664.686089515686 90659.328963756561 29216.378093004227 40892.199253559113 4164.6798038482666 21362.315881967545 61420.368339061737 39169.96835565567 152515.4940059185 4156.0051455497742 11793.655859708786 92809.355409622192 125743.15256929398 750.11508226394653 62321.833252191544 4028.977142572403 6735.1221351623535 96703.436256408691 1771.4020190238953 26567.787811994553 35260.280637741089 27578.089431524277 42753.203570127487 3290.1503524780273 41350.91740489006 51748.180869817734 34396.651025533676 20955.705590963364 29276.70501947403 20573.430557489395 93429.095519781113 4800.3543772697449 17179.295904397964 2921.0982139110565 71000.23263168335 5293.246844291687 889.77665424346924 45644.060043811798 31931.952680587769 1589.6331286430359 22223.217444419861 34432.737178325653 12498.707641124725 6194.3658332824707 639.25015330314636 115444.39728450775 2537.9607458114624 41199.917578935623 109609.15469384193 2002.3304529190063 15951.967063426971
leaf_count=815 1176 3540 2021 28377 16199 1569 12883 6983 23913 8696 231 13793 16634 8240 6706 1470 7843 9391 9703 122842 1647 4964 30205 29914 116 13983 1302 902 21082 603 8166 5863 6902 16920 720 10810 14050 15859 5417 6892 7911 15300 1615 4293 872 20742 3037 153 42912 22869 1202 5871 4804 5680 1433 353 28243 346 30137 24048 350 6374
internal_value=-1.09996e-05 -0.00367263 0.00510942 0.00622905 -0.00638308 0.00851167 0.010711 -0.00115566 0.00853874 -0.00325302 -0.000396342 -0.00442649 0.000994827 -0.00305415 0.000689178 -0.0110178 0.0112201 0.000185321 0.0044945 0.00254574 -0.00148135 0.0140659 -0.0105681 0.000494091 0.0241458 -0.00199081 -0.000745924 -0.000410444 0.000764814 0.0119293 0.0180464 -0.00272824 0.00124255 0.0157857 0.0172525 0.00226473 7.15198e-05 0.00508582 0.00719885 0.00888914 -0.00899549 -0.000759147 0.0128042 -0.000844567 0.0174036 -0.00686488 0.00108593 0.0125391 0.00585357 0.00544347 0.00848834 -0.00823455 -0.00491148 0.00195 0.00757362 0.00937359 -0.000218029 -0.0149078 0.00452706 -0.00774081 0.0261374 -0.0079029
internal_weight=2.16367e+06 1.26154e+06 902131 749678 607423 462844 299093 654115 230759 331147 152453 427116 322968 302050 140527 180307 129865 137573 163751 286834 222186 75909.2 176142 309832 2954.1 250610 202866 198837 157669 9217.56 68333.8 76152.5 74348.8 64115.5 7446.16 68929 148452 100894 89402.4 68446.7 129335 219172 13136.3 194946 9723.78 108961 199009 2203.99 87825.3 85999.3 40355.2 51439.6 41167.9 46895.4 38765.6 32571.2 177766 46807.5 46493.2 125066 4923.43 108761
internal_count=727887 311908 415979 391498 164516 165898 124605 147392 103556 81531 24481 102011 65861 74423 22460 62505 58104 21960 41293 225600 52093 29727 61035 61848 500 60312 45110 43808 38102 2970 21049 12569 19281 24763 2367 17712 35132 45452 22012 16595 44490 45214 4013 46519 2837 29438 156016 384 69584 68769 25857 14111 5706 21539 24655 23222 42226 16545 33174 27588 1222 36579
cat_boundaries=0 4 8 9 10 14 18 22 26 30 31 32 33 34 38 42 46 50 51
cat_threshold=536880864 27328520 872775712 549546 536880856 10715176 1879410768 549544 1 14 18911496 537272648 1211112843 5632 16786104 1610711297 268511572 583169 52441416 1879491144 135266801 557696 1628444624 10498056 1615145089 541989 553660800 545816584 872751104 524576 1 14 4097 11 128 0 805306384 8192 1125159184 537698560 134228379 257 2147483648 2415948576 609224736 256 2098304 2952868672 537934192 33792 14
is_linear=0
shrinkage=0.05


Tree=34
num_leaves=63
num_cat=12
split_feature=5 0 9 5 13 5 2 16 16 0 16 16 17 17 10 8 9 16 10 20 19 10 16 16 16 9 16 16 4 16 17 16 16 9 16 16 16 16 4 20 16 9 16 16 17 17 16 16 17 16 10 16 9 16 16 16 20 8 17 17 4 5
split_gain=14908.3 2584.22 2303.87 2282.52 2147.38 1644.43 1730.62 995.332 1175.8 1380.09 988.672 1713.12 980.608 937.937 932.522 855.595 792.331 787.594 746.816 706.977 657.733 610.812 601.893 1726.65 1127.76 1972.74 738.005 915.066 595.336 846.516 588.6 585.731 716.088 821.735 557.326 510.74 906.635 802.541 481.663 456.555 446.494 444.598 502.617 434.881 426.569 423.318 408.104 588.818 632.838 550.042 402.846 389.087 463.984 382.2 378.638 373.146 367.751 382.67 365.934 365.755 360.554 359.667
threshold=0.66718668746749887 6.5000000000000009 0.1786393264530147 1.42906234658812 3.5000000000000004 0.23551077889719427 3.5000000000000004 15.500000000000002 10.500000000000002 1.0000000180025095e-35 25.500000000000004 19.500000000000004 0 1 2.5000000000000004 1.1817749329642766 0.50033829499323423 15.500000000000002 2.5000000000000004 2 3 1.5000000000000002 18.500000000000004 25.500000000000004 9.5000000000000018 0.18756898454746138 44.500000000000007 48.500000000000007 5.5000000000000009 20.500000000000004 4 16.500000000000004 9.5000000000000018 0.12517029972752045 27.500000000000004 17.500000000000004 25.500000000000004 9.5000000000000018 18.500000000000004 5 44.500000000000007 0.01328918322295806 8.5000000000000018 10.500000000000002 6 7 45.500000000000007 25.500000000000004 8 48.500000000000007 2.5000000000000004 20.500000000000004 0.78731549006340396 4.5000000000000009 15.500000000000002 51.500000000000007 9 1.140546767966123 10 11 28.500000000000004 2.379799965465486
decision_type=2 2 10 2 2 2 2 2 2 2 2 2 9 9 2 2 10 2 2 1 9 2 2 2 2 10 2 2 2 2 9 2 2 10 2 2 2 2 2 1 2 10 2 2 9 9 2 2 9 2 2 2 10 2 2 2 1 2 9 9 2 2
left_child=1 2 7 14 16 6 -4 8 -1 -10 11 18 -8 28 22 31 -5 20 41 50 -18 39 24 30 -2 43 44 -28 -9 -30 -24 32 -3 -34 -19 37 -37 -21 -13 -7 -38 42 -6 -26 -25 -27 47 48 -16 -48 -14 52 -40 -43 -20 -33 -23 -58 -41 -29 -45 -12
right_child=3 15 5 4 10 21 12 13 9 -11 61 38 19 -15 46 -17 17 34 54 35 -22 56 23 26 25 45 27 59 29 -31 -32 55 33 -35 -36 36 40 -39 51 58 -42 53 -44 60 -46 -47 49 -49 -50 -51 -52 -53 -54 -55 -56 -57 57 -59 -60 -61 -62 -63
leaf_value=0.0025212430243168856 -0.0021665782081190556 -0.0031129303546520728 0.0066833407462380274 0.01229236924268093 -0.013102756771882157 -0.010754075472396879 -0.00085560102504712333 0.0053757105623633587 -0.0053545942359063715 -0.038231109194049463 -0.0094124606289228818 -0.0048940805742046763 0.0052659875884610609 0.0029846830170284422 0.0032126298101594641 0.0033273062305751834 -0.029117117694430962 -0.012549833895392618 0.00096308916394159021 0.021163517197238014 0.0094080522676635667 0.0011364085932750365 0.0093604128610775168 0.0047604444471358864 -0.021692521492171362 -0.012463039243658476 0.0040402151197294648 0.0022683839169701284 0.046043103711593418 0.014233416896840234 0.00045352235321494269 -0.0002398398897848206 -0.063649876937427893 -0.014156119595694358 -0.0002029494077691522 0.03136366992083299 0.012835747846968868 0.0073157624423180667 0.026525455813281945 0.0044085815994752333 0.023074879033010517 -0.0039829287534134056 -0.037182505461582256 -0.023427147207174231 -0.0074111046104377958 -0.0049977048765981556 0.010710158344553973 -0.0038159974839110261 -0.0040167327789948967 -0.0015499735843970647 0.020627163770452345 0.0022956120105170692 -0.00056532061444920692 -0.011481297141027882 -0.013731943040875841 -0.020818531119557043 0.0056791215663657508 0.012701718090289776 -0.0029988552848687969 -0.0096018737300969624 -0.063180819995084792 -0.014342057821169367
leaf_weight=69722.001842498779 101193.72139310837 23550.67983341217 157366.40416049957 13397.058577537537 6684.2642629146576 7143.670346736908 9854.7976763248444 15679.279969215393 36977.279584646225 3492.7560796737671 114461.24951505661 20688.298388004303 21585.456587314606 161026.25463175774 113594.91976284981 76455.208675861359 1170.6848568916321 15892.240848064423 23599.055332183838 18348.143096208572 17913.251581668854 21129.275986909866 33840.539795398712 7645.1782910823822 1781.1323974132538 32711.777549505234 45837.028860807419 8598.8115200996399 2458.9988331794739 13976.903298616409 41045.534582138062 69607.814914226532 891.25585985183716 13986.091734886169 21509.033229827881 14382.419293642044 26706.819875955582 24347.818856716156 3930.5563831329346 61512.444216489792 17711.780665636063 21960.419852733612 3207.1206200122833 770.40178155899048 122190.64994072914 45376.227232694626 19885.465840101242 89059.058640003204 41257.797935724258 16942.094321727753 5319.3515276908875 32446.759619235992 2642.9798557758331 75165.686170816422 5382.4750430583954 2273.8314824104309 47386.241727113724 32846.678243398666 22863.806030988693 26450.372282028198 2213.93279504776 54685.967029333115
leaf_count=50180 24794 3955 81764 4053 3021 2126 2848 13068 28701 852 30108 9402 7184 128841 19355 11937 375 4016 4613 5606 5129 5611 8034 1771 451 8099 11193 2105 2336 6066 10190 11567 153 2348 5979 4162 7852 7001 1157 16233 5334 7469 1447 265 29878 10857 3491 15172 7153 3014 1434 7743 686 24542 957 374 11887 7977 6009 6644 506 20861
internal_value=-1.44253e-05 0.0045529 0.00580074 -0.00378582 -0.00666869 0.00792597 0.0102692 0.00237814 -0.00141375 -0.00819287 -0.00820661 -0.00578685 0.0143507 0.0045415 -0.00211564 -0.000737662 0.00136078 -0.00123212 -0.00888647 0.0155166 0.00703304 0.00433452 -0.00347839 -0.0020415 -0.00570815 -0.0100336 -0.00435906 -0.000610145 0.0123423 0.018995 0.00447987 -0.00355508 -0.00853807 -0.0171252 -0.00544948 0.0174283 0.0204526 0.013267 0.00127323 0.00137336 0.016919 -0.0108146 -0.0209132 -0.0412616 -0.00669458 -0.00812736 0.000164141 -0.00057662 0.00128643 0.00507014 0.00830062 0.00454314 0.0156348 -0.00978596 -0.00176646 -0.000891086 0.0070081 0.00855317 0.00240123 -0.00669179 -0.0529298 -0.0110063
internal_weight=2.16374e+06 978603 791839 1.18513e+06 434737 488505 295623 303333 110192 40470 364855 195708 138257 193141 750395 186765 69882.3 56485.2 135999 128402 19083.9 192882 469655 285608 184047 82853.5 210722 80886.2 32115.2 16435.9 74886.1 110310 38428 14877.3 37401.3 101497 58801 42696 59708.6 91519.9 44418.6 107017 9891.38 4765.47 129836 78088 280739 243912 154853 36827.6 26904.8 39020.3 6573.54 97126.1 28981.5 71881.6 101362 80232.9 84376.3 35049.2 2984.33 169147
internal_count=727936 433406 403072 294530 131558 173028 123185 230044 79733 29553 112006 61037 41421 150311 162972 30334 19552 15499 42049 38573 5504 49843 114787 69815 44972 20178 51591 19942 21470 8402 18224 18397 6456 2501 9995 29955 17348 12607 18988 24368 13186 36479 4468 1222 31649 18956 48185 41680 26508 6505 8618 9586 1843 32011 5570 11941 25475 19864 22242 8749 771 50969
cat_boundaries=0 4 8 9 10 14 15 19 23 27 28 32 36
cat_threshold=2449506344 2684355648 1181250 167940 2147517538 3491765760 71303760 177542 1 540672 536877016 98344 805603345 532992 1 268435456 1082174753 1056768 528640 2703266048 2953503552 138457889 4360 537928408 835592 874875153 24617 1 537929424 9224200 872779010 541608 1056904 545395712 872488961 18177
is_linear=0
shrinkage=0.05


Tree=35
num_leaves=63
num_cat=12
split_feature=5 12 7 12 5 19 16 19 15 5 16 16 19 9 16 16 16 9 16 17 15 16 17 16 17 16 9 12 4 5 16 16 16 17 16 9 8 19 1 5 7 4 17 5 1 16 16 16 16 9 16 5 1 16 16 16 16 9 17 17 19 5
split_gain=13449.6 3225.12 2237.89 2166.32 1542.44 1297.09 1050.3 1034.08 946.127 931.957 890.907 1022.54 875.912 753.674 1551.86 988.506 885.527 712.27 694.94 693.326 629.403 594.286 568.878 534.824 516.394 666.532 1129.26 514.519 514.313 734.505 482.915 572.243 607.639 542.788 482.659 501.414 477.105 466.248 439.127 396.944 774.295 393.142 393.075 389.77 385.236 385.043 382.608 375.745 623.546 418.435 461.245 367.009 679.438 360.354 404.738 737.588 702.635 1123.22 508.356 380.502 354.239 352.728
threshold=0.66718668746749887 0.10034016239916689 64.500000000000014 0.25004167594759602 1.7050486578277058 0 16.500000000000004 1 10.500000000000002 0.14423702052568035 17.500000000000004 8.5000000000000018 2 0.93342803030303034 14.500000000000002 16.500000000000004 11.500000000000002 0.59585213840533002 25.500000000000004 3 12.500000000000002 48.500000000000007 4 45.500000000000007 5 9.5000000000000018 0.081149677596378117 0.43166305397119109 6.5000000000000009 0.12579113924050636 51.500000000000007 44.500000000000007 39.500000000000007 6 48.500000000000007 0.36854596935376421 1.7512711864406783 7 287.50000000000006 0.39964871194379398 1.5000000000000002 4.5000000000000009 8 0.19054823139543262 28.500000000000004 15.500000000000002 40.500000000000007 19.500000000000004 8.5000000000000018 0.046801985981308421 10.500000000000002 1.0000000180025095e-35 1.0000000180025095e-35 35.000000000000007 25.500000000000004 15.500000000000002 8.5000000000000018 0.23097601323407776 9 10 11 0.25065445026178018
decision_type=2 2 2 2 2 9 2 9 2 2 2 2 9 10 2 2 2 10 2 9 2 2 9 2 9 2 10 2 2 2 2 2 2 9 2 10 2 9 2 2 2 2 9 2 2 2 2 2 2 10 2 2 2 2 2 2 2 10 9 9 9 2
left_child=2 7 3 8 20 17 24 -2 12 -8 11 42 51 30 16 45 -15 -5 41 21 37 -17 -18 61 -4 -26 44 -22 -10 -30 31 32 33 47 -33 -36 38 -3 60 40 -14 -12 -7 -13 -27 -16 -34 48 -9 50 -50 52 -1 54 55 56 -35 -58 -59 -57 -6 -19
right_child=1 4 6 5 36 10 9 13 28 -11 18 43 39 14 15 19 22 23 -20 -21 27 -23 -24 -25 25 26 -28 -29 29 -31 -32 34 46 53 35 -37 -38 -39 -40 -41 -42 -43 -44 -45 -46 -47 -48 -49 49 -51 -52 -53 -54 -55 -56 59 57 58 -60 -61 -62 -63
leaf_value=0.0032321250042633824 -0.010146520533488837 -0.0043573716742744961 0.021003632752267794 0.0028871787315756098 -0.0063626912865865056 0.0080673896560616437 0.027379873058492512 -0.0008349210436145193 0.0057562432046772329 0.0010026224136416174 0.004250186801143141 -0.0037092775845043047 0.0062326427110868544 0.00050060290167127524 -0.0071732603748011744 -0.00018797417534775998 0.020415735576665695 0.011673574262120541 0.0021659883785182738 -0.0078030779598010263 0.00014079542889621982 -0.013271858081601523 0.0037947346602943267 0.019456011360798147 -0.0027739084236313603 -0.027789599403056232 -0.011280565599433573 -0.0056749753344504279 0.024495067358260177 0.011575832105439152 -0.01455266255497553 0.0094690473680675725 -0.013332209486880214 0.0055449816010560947 0.0094315319433022279 -0.0077326070295715551 -0.02961751600256193 -0.0087499645656699768 -0.022687125574254206 0.006109042040419275 0.015501204285320406 0.01470189663432382 3.7853216622541192e-05 -0.012461490000380229 -0.081215699153388346 -0.019183451852103829 -0.0022333421613292197 0.00090529020368048979 -0.019061847228101784 -0.01191733742939303 -0.063277796487209451 0.0015316398539358543 0.011700516857742134 0.014064417518001027 -0.0027287920037531344 0.0042243201823271041 -0.025475970956339574 0.010681015227951708 -0.0042239609245878209 0.014226748982771684 -0.011130165800487268 0.0043309533299094932
leaf_weight=61363.304160356522 29310.726671218872 153052.55541801453 1623.1844048500061 55225.57803106308 63466.750812292099 23659.146853685379 3452.156937122345 8407.9488897323608 14326.644938230515 110710.57345962524 16593.911257266998 56816.780891180038 36820.786887407303 57442.727131843567 12607.735512018204 116107.75214362144 10898.281204462051 37225.885139465332 142846.51574444771 57316.584595918655 99063.829858541489 9378.9912672042847 9780.3656783103943 13231.326977968216 30351.633978366852 597.23670339584351 20247.038561344147 61725.424615621567 17997.156847000122 28311.716017723083 4714.115175485611 36566.587005853653 10290.393265008926 39142.389799118042 7263.7170026302338 10269.118908166885 3089.1288044452667 99899.069981813431 6357.8958864212036 42895.526468753815 58077.885889530182 19655.701284170151 42814.980966329575 16389.998151302338 779.13473129272461 14181.555600643158 31631.963165521622 17132.595562458038 1383.8224921226501 4302.308004617691 1028.6250569820404 59145.001037597656 38575.945040225983 6996.7624878883362 29901.821684360504 18180.511022806168 5266.0960919857025 7643.7989122867584 22629.949333667755 19990.12491941452 101420.21649932861 29177.033232688904
leaf_count=45088 8780 35893 256 38505 22490 12464 567 2055 10984 17232 13643 38217 29360 14970 2865 26505 2621 15515 79683 14561 21584 2443 2532 4813 4871 105 3240 15935 7884 6966 1014 7398 1976 7748 1765 1975 1157 24696 842 10731 18914 9750 22717 4142 126 3054 6287 4234 372 946 272 14839 15481 1332 5668 3510 1299 1301 4207 3978 36981 7356
internal_value=7.11818e-06 -0.00356901 0.0043465 0.00543371 -0.00620011 0.0031398 -0.000910314 -0.000989192 0.00834434 0.00180047 0.00140061 -0.00159242 0.00718185 -0.000518473 -0.00232011 -0.00456199 0.00369463 0.00725017 0.003735 -0.00324744 -0.00453788 -0.00116588 0.0125668 0.0102767 -0.00668414 -0.00755181 -0.0142613 -0.00209184 0.0140358 0.0165971 0.00131482 0.00158392 0.000468951 0.00171897 0.00619889 -0.000621506 -0.010145 -0.0060927 -0.00979353 0.0101001 0.0119051 0.00991769 0.00289698 -0.00566892 -0.05807 -0.0135316 -0.00495796 -0.00416359 -0.00990858 -0.0212684 -0.0379332 0.00465317 0.00650096 0.00298613 0.00244327 0.00381369 0.000923789 -0.00416585 -0.000458252 0.0094677 -0.00929622 0.00844739
internal_weight=2.16675e+06 1.18784e+06 978912 811151 588075 453637 167761 599767 357514 114163 318777 139681 296878 570457 287714 209593 78121.4 134860 179096 182803 413741 125487 20678.6 79634.2 53598.2 51975 21623.4 160789 60635.5 46308.9 282743 278029 223929 182007 54099.4 17532.8 174334 252952 171245 137794 94898.7 36249.6 66474.1 73206.8 1376.37 26789.3 41922.4 32255.3 15122.7 6714.76 2412.45 159084 99939.2 149751 142755 112853 74682.2 35539.8 30273.7 38170.6 164887 66402.9
internal_count=728695 295246 433449 407052 159578 246805 26397 135668 160247 17799 180616 77540 134413 126888 69551 49428 20123 66189 103076 43509 98108 28948 5153 27684 8598 8342 3471 37519 25834 14850 57337 56323 45185 36922 11138 3740 61470 60589 60313 59005 48274 23393 35181 42359 231 5919 8263 7879 3645 1590 644 75408 60569 29043 27711 22043 14555 6807 5508 7488 59471 22871
cat_boundaries=0 1 2 3 7 11 14 18 19 23 27 31 32
cat_threshold=108554 1589248 1893537 553662424 11240200 939819024 533288 536879824 573448 805668864 540673 128 0 805371904 3224403968 2415935297 1077937728 33024 105546 34612864 312352 872745146 675849 8320 0 67174416 25601 128 10878976 740294912 1057 63499
is_linear=0
shrinkage=0.05


Tree=36
num_leaves=63
num_cat=19
split_feature=5 12 12 5 10 19 5 3 17 5 1 19 6 13 13 5 12 5 9 17 9 13 4 1 13 17 8 1 12 8 8 19 17 19 1 13 13 5 17 17 17 17 5 7 3 17 6 6 2 9 3 17 10 9 12 17 10 17 17 17 4 17
split_gain=12386.3 2819.37 1976.5 1546.84 1160.59 1043.04 917.434 1942.33 755.641 699.132 953.732 691.889 633.724 591.899 579.37 752.351 574.261 565.136 508.91 485.514 472.393 447.996 433.09 411.222 404.093 393.464 381.136 374.979 368.185 365.352 358.293 368.768 336.606 321.284 320.578 368.708 311.016 306.865 304.199 294.754 292.376 278.052 273.453 259.868 254.928 243.382 239.652 237.981 236.838 357.435 235.175 258.027 233.438 226.292 223.825 244.707 217.343 215.595 212.059 200.626 199.302 211.991
threshold=0.54155947870117083 0.20006668243101669 0.33146442666487641 1.0522004510736058 1.5000000000000002 0 0.26705426356589151 6.5000000000000009 1 1.0000000180025095e-35 1.0000000180025095e-35 2 1.7501682368775238 17.500000000000004 1.5000000000000002 1.3795102448775614 0.025623501403886865 1.0371707447519725 0.99978194505015272 3 0.96434350439204819 24.500000000000004 113.50000000000001 1.0000000180025095e-35 38.500000000000007 4 1.0982400908340217 313.50000000000006 0.52476237798879877 1.4121764341287577 1.081440594278303 5 6 7 86.500000000000014 2.5000000000000004 27.500000000000004 2.9806419383039846 8 9 10 11 1.0000000180025095e-35 319.50000000000006 14.500000000000002 12 2.733530571992111 1.6596841412590482 28.500000000000004 0.85426779935275088 305.50000000000006 13 1.5000000000000002 0.99435559237075755 0.53724929236097685 14 4.5000000000000009 15 16 17 2.5000000000000004 18
decision_type=2 2 2 2 2 9 2 2 9 2 2 9 2 2 2 2 2 2 10 9 10 2 2 2 2 9 2 2 2 2 2 9 9 9 2 2 2 2 9 9 9 9 2 2 2 9 2 2 2 10 2 9 2 10 2 9 2 9 9 9 2 9
left_child=2 4 6 21 11 18 7 23 42 10 -7 -2 19 33 30 22 27 50 -4 -5 43 -3 40 60 26 -23 48 39 47 34 31 -13 -11 -8 35 -17 -21 58 -22 -6 -16 -24 -9 46 -12 -28 59 -27 -10 -50 51 -18 -20 -29 55 -38 -52 -37 -14 -19 -1 -62
right_child=1 3 5 12 16 9 13 8 24 32 44 14 37 -15 15 29 17 20 52 36 38 25 41 -25 -26 28 45 53 -30 -31 -32 -33 -34 -35 -36 57 54 -39 -40 -41 -42 -43 -44 -45 -46 -47 -48 -49 49 -51 56 -53 -54 -55 -56 -57 -58 -59 -60 -61 61 -63
leaf_value=0.0013353144353692413 -0.011284732246212376 -0.0069132022631367973 0.0039202584245245599 -0.011050516587629402 0.0088911964766771115 -0.00014070437270781631 0.0033442925912303997 0.0082786737545888899 0.011098570656675161 -0.011425665834388751 0.0051927454359372779 0.0013084116265192384 -0.015241392513611222 0.0069375454551771996 0.0029026915185230789 0.0029331068790727655 0.0060685644886410246 0.0031362645493165156 0.0090285826857838102 -0.010084215072673404 -0.001830995497587742 0.005062369801354643 -0.0012961428931346714 0.0095876926367427368 0.019251641195609025 -0.00016324394389839367 0.01153485730927456 -0.00026357920140912598 -0.0063583701056118165 -0.019484312111359273 -0.0025082000974840507 0.02068780472588979 -0.0021440371230440781 -0.0037043634594747382 -0.014447748676370093 -0.0027166881207552718 0.0029012881508524921 -0.018074923666856334 -0.008401344982714434 0.002578728576649739 -0.0028155932714983021 -0.0075873473100757779 -0.0042235435194622499 -0.0046872208961675601 0.012212525731067382 0.020754118663157281 0.0094900962626663053 -0.0066479291365429951 -0.013551271767907961 0.012632946578775717 -0.0022216416535353954 0.0010857483940918675 0.018479875888788948 -0.016184211699474628 -0.0082162190956223177 -0.0043757550284545576 0.0024160564313250926 -0.0082503207072328246 -0.00829992164752065 -0.0018072512011886649 0.0088470578470749069 0.0030284365419250437
leaf_weight=53526.704689025879 26124.662932634354 51846.875124454498 69086.013835430145 54262.465855836868 34290.470975875854 147387.80799746513 39903.266840457916 17730.45009469986 33969.441271781921 11804.756752252579 45718.941998243332 4363.6497845649719 16006.406386375427 75834.086621761322 63220.217833280563 12494.335962057114 41310.058946609497 32712.641239404678 28951.79433131218 31584.014296293259 30794.530180692673 19492.269924640656 37311.507499933243 37720.055279970169 37843.088291883469 105813.00852751732 12077.876551628113 14603.174626350403 44141.364330530167 5274.4188957214355 6996.2467350959778 5626.1649465560913 56471.479826450348 27161.358734607697 10062.142082691193 27062.433523654938 13217.690545320511 17771.833230018616 41219.255053043365 40188.928087949753 34568.078919410706 33197.033624410629 5805.0589551925659 28478.474999427795 18036.162492990494 17980.980598211288 7256.2247705459595 16331.091445684433 2583.8278570175171 2627.9094657897949 62996.292475700378 70025.783337831497 8438.3979504108429 2633.6692328453064 32336.522283554077 91459.776371717453 42174.834175109863 50526.346074581146 35621.905216693878 55039.330626964569 26930.965300798416 37455.627884864807
leaf_count=46912 8350 10704 36840 17426 6955 115592 7772 7207 14106 2553 21627 2033 4556 16413 18003 3476 8870 6655 12515 8376 5877 4452 6801 18754 13333 24917 3148 1816 11394 1770 2040 2572 12380 5719 1604 8926 3672 7694 8827 8680 10124 6412 1227 3655 5682 4751 1523 3843 493 512 9345 15514 2371 348 11459 27718 5667 17628 9515 11769 19735 27815
internal_value=-1.89475e-05 -0.00295672 0.0048486 -0.00579968 -0.00112082 0.00225203 0.00718344 0.00881684 0.0133126 0.000647209 0.00206946 -0.00349187 -0.00823559 0.0039114 -0.00279103 -0.00334718 0.000370496 -0.000426031 0.00646275 -0.00693626 -0.00237478 -0.00280367 -0.00127248 0.00504359 0.0150953 -0.00165675 0.0128256 0.00394862 -0.00244456 -0.00665929 0.00616904 0.0122457 -0.00375093 0.000489501 -0.00598364 -0.00503806 -0.00561106 -0.0124079 -0.00559322 0.00548662 0.000881284 -0.00425951 0.00519273 -0.000497844 0.00717878 0.017061 0.000757947 -0.00103032 0.00957595 -0.000348537 0.00133364 0.00293525 0.011162 -0.00269694 -0.00458027 -0.003457 -0.000361866 -0.0063217 -0.0104568 3.57848e-05 0.00358988 0.00546413
internal_weight=2.16548e+06 1.35044e+06 815046 529885 820551 385895 429151 286252 130619 279419 211143 316827 292261 142899 290703 273717 503724 412007 106476 222860 195500 237625 168297 155633 107083 185778 69240 91716.2 166285 105420 16986.1 9989.81 68276.2 67064.6 100145 90083.1 168598 69400.1 72013.8 74479.4 97788.3 70508.5 23535.5 123487 63755.1 30058.9 95008.2 122144 39181.2 5211.74 216507 111336 37390.2 17236.8 137014 104677 105171 77588.8 51628.3 87752 117913 64386.6
internal_count=728423 330966 397457 145726 185240 209560 187897 157993 44777 157834 142901 89739 90416 29904 81389 74744 95501 77702 51726 68651 38306 55310 41340 113216 36343 44606 23010 17799 40154 33404 6645 4605 14933 13491 31634 30030 51225 21765 14704 15635 28127 13213 8434 23602 27309 7899 19947 28760 15111 1005 39396 24384 14886 2164 42849 31390 15012 26554 14071 18424 94462 47550
cat_boundaries=0 1 5 6 10 14 15 19 20 24 28 32 36 40 44 48 52 56 60 64
cat_threshold=100362 2451603464 3221753696 1074935624 37124 1589248 18911560 1611014472 1211120956 132736 1048720 530976 603980296 8448 140577 2149580888 805548096 10000 1536 235882 536880088 8 1880101136 550400 553657992 2662688 805636560 529921 2702190024 1016840 402925633 542380 12992 1082705920 809836864 541473 1090520448 8654848 945817744 1033 3775935896 815792385 1612785705 534016 2147483776 2415924736 603979778 4 536880272 1074364680 809765912 714632 2150641920 2416853312 3148056 549 536913560 2684377344 809574513 26112 2717943488 1344411136 3019939412 132128
is_linear=0
shrinkage=0.05


Tree=37
num_leaves=63
num_cat=15
split_feature=0 1 12 2 20 20 19 0 10 10 19 9 14 0 4 0 6 17 4 9 0 0 10 17 0 14 6 0 17 12 8 17 17 4 21 10 17 17 0 20 20 10 6 17 10 9 1 10 4 4 1 0 1 0 9 4 10 11 12 4 0 0
split_gain=9332.71 4154.12 3069.86 1640.01 1498.33 1488.06 1299.47 1338.53 1091.63 1010.73 956.64 915.428 733.633 705.374 668.473 659.939 628.661 597.612 597.279 557.507 582.419 556.737 565.234 546.135 520.58 445.055 444.076 440.111 433.357 414.311 388.961 387.725 373.649 344.003 340.493 332.835 324.762 320.979 317.178 308.282 301.914 289.892 274.441 273.167 272.775 263.659 256.206 255.323 254.665 254.661 254.521 252.056 250.66 240.48 236.234 270.308 234.058 233.917 230.846 229 217.594 215.469
threshold=1.0000000180025095e-35 1.0000000180025095e-35 0.34474589771269032 6.5000000000000009 0 1 2 20.500000000000004 2.5000000000000004 1.5000000000000002 3 0.096930786094581903 1.0000000180025095e-35 2.5000000000000004 6.5000000000000009 139.50000000000003 2.9987562189054731 4 7.5000000000000009 0.89557107287421245 4.5000000000000009 16.500000000000004 1.5000000000000002 5 153.50000000000003 1.0000000180025095e-35 1.7890965856782615 1.5000000000000002 6 0.14180489131588533 1.1224893119303059 7 8 175.50000000000003 9 1.5000000000000002 10 11 2.5000000000000004 12 13 4.5000000000000009 0.055641554867561067 14 2.5000000000000004 0.727389577003973 4.5000000000000009 2.5000000000000004 109.50000000000001 6.5000000000000009 3.5000000000000004 1.5000000000000002 19.500000000000004 2.5000000000000004 0.73870593692022279 204.50000000000003 2.5000000000000004 0.022304170589759642 0.075973465819163435 2.5000000000000004 77.500000000000014 1.5000000000000002
decision_type=2 2 2 2 1 1 9 2 2 2 9 10 2 2 2 2 2 9 2 10 2 2 2 9 2 2 2 2 9 2 2 9 9 2 9 2 9 9 2 1 1 2 2 9 2 8 2 2 2 2 2 2 2 2 10 2 2 2 2 2 2 2
left_child=1 18 4 29 19 51 26 9 17 12 43 -12 14 32 -8 25 23 -9 -1 36 56 22 53 38 31 -10 -6 50 -20 -3 -24 -19 -14 40 48 39 -2 -29 46 -5 45 -17 -35 -7 -40 -30 -11 -22 -15 -31 -16 -4 57 -13 55 -33 61 -41 -56 -34 -23 -21
right_child=2 3 5 35 6 10 7 8 15 16 11 21 13 34 27 41 -18 24 28 20 47 60 30 -25 -26 -27 -28 37 33 49 -32 54 59 42 -36 -37 -38 -39 44 52 -42 -43 -44 -45 -46 -47 -48 -49 -50 -51 -52 -53 -54 -55 58 -57 -58 -59 -60 -61 -62 -63
leaf_value=0.0011126454183591832 0.0020192606245069658 0.01273791968100145 -0.010646363984873959 0.0022198377155451042 -0.0046707400776509226 -0.0059412982420812754 -0.011873160462622538 -0.015658087613946849 0.0019526334907288081 0.0065787420796531819 -0.010993768530735956 -0.0008240779278136872 0.0026762251359637866 0.0088527048288676476 0.0017402546591896665 -0.0061573053507609637 0.016605722543337559 0.0014659433366234769 -7.7733083334055435e-06 -0.0039492073982565056 -0.023650908715939389 -0.004400440188046674 -0.00089169701972770634 0.0013215664249381148 -0.011908605047568048 0.01194152761144263 -0.015445571742281656 0.00055059129388421277 0.0026616976052136038 0.0036680568164679374 0.0053557205760121247 0.0061275118358377536 0.034095467249369037 0.052152047090180433 -0.0017106324194601807 0.023619187341223993 -0.0046239693021806966 -0.0039523131660748811 0.0031007597517109611 0.010790773448694018 0.0019548449706063425 -0.00033667222780597476 0.011112410770829017 -0.010369672512915633 0.0080260126851682319 0.010752626480123815 0.017453648524594634 -0.010694048428773742 -0.0050854617917767643 0.0090800008738042629 0.010308613792513483 -0.018992487376302051 0.058944179181738311 -0.0057668519898674978 -0.0041339003057575601 -0.0034237105672484539 0.0032296882352082982 0.020913540469903819 -0.010270571155493166 0.016179168557481062 -0.011656775310576772 -0.01101691209695335
leaf_weight=235589.85966134071 27407.669446468353 45982.942572593689 17521.894212007523 3747.0953617095947 28879.330871105194 85920.433568239212 13554.338647842407 10886.651692867279 144170.29478502274 11531.743077754974 30363.917928218842 51368.714037895203 3992.967999458313 20125.839823246002 34444.936769485474 35669.89733171463 10478.297357559204 41247.041447162628 25782.489957094193 22897.694846630096 7616.8267040252686 52420.82915687561 51228.858369350433 102112.13588523865 17023.163887023926 12085.034254550934 14296.552011728287 80678.416898488998 13080.510323286057 36297.448046922684 48500.687094926834 10040.285866260529 2464.6391472816467 757.90804862976074 25519.184038877487 24002.287610292435 55927.104680299759 77671.760993242264 68946.115904808044 9254.2154743671417 21719.51025891304 53435.816585063934 880.91797590255737 58723.325436115265 47466.396412611008 43745.271304130554 10214.633716106415 7596.8652319908142 3913.8617656230927 54193.612699747086 11580.218816041946 18712.960089206696 361.34238004684448 47236.243098497391 60712.567730426788 28242.647614955902 6038.3859465122223 14904.099231004715 20499.592784881592 6464.0624189376831 12867.053117275238 20385.119270801544
leaf_count=195848 7641 20858 7722 1117 8142 22486 6795 1940 22579 3642 10140 18862 1473 5112 13489 4627 2696 6757 15816 9908 2044 9052 13072 23484 2304 1958 3674 20190 5965 19044 11272 1870 1317 438 6173 6753 16364 19807 15300 2625 13052 6531 233 16019 9886 27292 2629 1742 699 23125 3289 5615 71 11813 10242 4495 1586 4296 3433 1915 1804 6987
internal_value=4.24652e-05 0.00580462 -0.00183094 0.0117577 -0.000440801 -0.00521568 0.00024849 0.000628164 -0.00143171 0.00231131 -0.00441082 -0.0027727 0.000248791 0.00502512 -0.0011206 0.000767079 0.00461779 -0.00429145 0.00251493 -0.00514083 -0.00862991 -0.00182587 -0.000507538 0.00409492 -0.00359417 0.00272526 -0.00823691 -0.000407428 0.00563252 0.00887321 0.00214658 -0.0027138 0.0154289 0.00744515 0.00231226 0.0192888 -0.00243942 -0.00165834 0.00614413 0.0156111 0.00697278 -0.00266677 0.0301122 -0.00773981 0.00510905 0.00888872 0.0116874 -0.0171821 0.0065806 0.00690925 0.00389628 -0.0149529 0.0176492 -0.00319193 -0.00415633 -0.000918662 -0.00599159 0.0170365 -0.00568303 0.0211043 -0.00583069 -0.0072781
internal_weight=2.16138e+06 530300 1.63108e+06 188743 1.15622e+06 474865 1.00835e+06 965173 434013 531160 438630 293986 280410 62480.6 217930 245361 250749 188652 341556 147870 64534.9 263622 198335 240271 177765 156255 43175.9 204375 105967 136474 99729.5 160742 12921.7 80184.1 49558.9 52269 83334.8 158350 138159 28266.8 78545.3 89105.7 1638.83 144644 116413 56825.8 21746.4 15213.7 24039.7 90491.1 46025.2 36234.9 24519.7 98605 119495 38282.9 49321.2 24158.3 81212.2 8928.7 65287.9 43282.8
internal_count=727110 336533 390577 77889 262720 127857 216448 204632 66736 137896 114520 76015 80259 16689 63570 35695 57637 31041 258644 46272 22267 65875 55019 54941 29101 24537 11816 56775 62796 63027 24344 26797 4705 46980 11984 14862 24005 39997 31457 8109 46309 11158 671 38505 25186 33257 6271 3786 5811 42169 16778 13337 6992 30675 20040 6365 18481 6921 13675 3232 10856 16895
cat_boundaries=0 1 2 3 4 8 12 16 20 24 26 30 34 35 36 40
cat_threshold=1 1 540672 803745 3490742288 2147708928 70257216 4096 554739608 277647393 2172160 681248 320866344 3238142276 1219634658 32774 16785600 545817600 805314592 549376 3221262600 2416072192 69206529 1028 4239495 1032 1052160 19022080 536969366 17417 537945232 3230255105 474221632 549856 1 14 268445184 3767303680 738525770 16544
is_linear=0
shrinkage=0.05


Tree=38
num_leaves=63
num_cat=14
split_feature=5 12 16 16 16 16 9 0 5 17 17 9 7 20 20 0 4 16 16 9 16 20 4 13 16 17 12 16 17 4 17 15 20 19 5 7 13 4 4 13 16 16 16 16 16 16 6 13 17 4 12 17 17 6 5 0 5 10 9 16 16 17
split_gain=10443.2 2455.39 2069.98 2908.23 2518.06 2111.37 2095.07 1344.34 1246.24 1233.24 1045.96 962.82 935.94 987.144 869.086 921.157 848.855 781.815 739.688 731.271 892.398 702.5 685.245 887.089 650.137 642.513 631.231 622.365 597.18 596.801 569.546 569.315 538.265 537.897 533.441 799.581 527.2 522.248 495.199 470.872 459.998 452.284 802.309 805.082 438.643 450.072 437.638 435.847 429.499 410.147 399.79 390.146 380.984 380.785 364.276 361.239 360.28 481.412 345.87 590.683 1408.33 341.123
threshold=0.72751070918610206 0.067816006792291064 17.500000000000004 25.500000000000004 9.5000000000000018 44.500000000000007 0.49127877497211242 1.0000000180025095e-35 1.6003565062388596 0 1 0.071661998132586377 111.50000000000001 2 3 3.5000000000000004 3.5000000000000004 51.500000000000007 15.500000000000002 0.90923150465371327 14.500000000000002 4 3.5000000000000004 11.500000000000002 11.500000000000002 5 0.14611528303841512 11.500000000000002 6 3.5000000000000004 7 33.500000000000007 8 9 0.26705426356589151 2.5000000000000004 2.5000000000000004 143.50000000000003 355.50000000000006 38.500000000000007 18.500000000000004 26.500000000000004 19.500000000000004 22.500000000000004 14.500000000000002 16.500000000000004 0.90015105740181289 15.500000000000002 10 50.500000000000007 0.51028575850933311 11 12 0.69239040529363127 0.1782189137027847 4.5000000000000009 0.44460082883728208 1.5000000000000002 0.071661998132586377 19.500000000000004 9.5000000000000018 13
decision_type=2 2 2 2 2 2 8 2 2 9 9 10 2 1 1 2 2 2 2 10 2 1 2 2 2 9 2 2 9 2 9 2 1 9 2 2 2 2 2 2 2 2 2 2 2 2 2 2 9 2 2 9 9 2 2 2 2 2 10 2 2 9
left_child=2 19 4 9 12 34 7 18 31 -4 -8 27 13 25 15 16 -11 22 -6 36 24 33 -7 49 -21 -1 44 -9 -25 -27 -26 32 -3 -22 35 -5 -2 -31 -18 -28 -23 42 51 -44 48 54 -13 -19 -12 -24 -33 -10 -15 -47 -46 -29 57 -30 59 60 -38 -42
right_child=1 8 3 5 6 17 10 11 41 14 26 46 -14 52 -16 -17 38 47 -20 20 21 40 23 28 30 29 39 55 56 37 -32 50 -34 -35 -36 -37 58 -39 -40 -41 61 -43 43 -45 45 53 -48 -49 -50 -51 -52 -53 -54 -55 -56 -57 -58 -59 -60 -61 -62 -63
leaf_value=0.0032194653540774765 0.011658005413902672 -0.004041688875220795 0.00433814799564572 2.4037709714813815e-06 -0.0080162075550727647 0.0021185179851920615 0.010783749542912748 -0.020497623965534242 -0.0071096380450955364 0.010213149378173572 0.0094474915754295535 -0.025645866200147766 -0.0043728257213816622 0.0061358598040450888 0.0084212729819842496 0.0096408092079285045 0.025108113447425553 -0.014573158933198492 0.050992593806320645 -0.00062728391829588147 0.0050226271685387689 -0.016060549975486563 0.0097546004805129857 0.006779252265520579 0.025655745166375688 0.0027044874253483544 -0.0095603537083772169 -0.047517700005632824 0.013788287749834311 0.016319656499403395 0.0053601310041821813 0.00012350322122320955 -0.0094318417842499391 -0.0036037528010339466 -0.0014712836988395198 0.007438664163789222 -0.001239229523918069 0.0059865262742795147 0.082528845192993097 -0.0020699405727605683 -0.0036902313397840949 -0.011063756132626308 0.006470800606211225 -0.0071205883917303649 -0.001978680085119281 0.013914684575475173 -0.0025489667897603823 0.0024713011349708717 -0.0028412057517554108 -0.0046589120827250597 -0.0066153090558688614 -0.014950082239699137 -0.0015751328142170143 -0.0028792128135278223 -0.01811200122337215 -0.085630333589067839 0.010118168525285217 0.024516381363807807 0.0019652187231848539 0.0006166520072813361 -0.041601457917681356 -0.01194680278434488
leaf_weight=36122.351274967194 12290.288808107376 247755.98429894447 46188.736924886703 96123.269198179245 18748.309665679932 31379.842738628387 17026.620053291321 1485.1975386142731 49172.580059051514 11895.626892089844 22375.337232112885 6056.7580149173737 25377.543565750122 24923.813618421555 42720.888095140457 24364.789135456085 33176.627471446991 4866.3459436893463 545.5671534538269 56856.622833013535 23351.443604230881 14356.720702648163 8009.3293390274048 35820.871016025543 4419.0176653862 16068.463205337524 34515.246499300003 1814.6859612464905 32299.174602031708 45122.515273332596 15824.444174528122 112402.82494807243 56981.984432935715 79789.525376558304 139229.66881513596 57935.899646520615 7001.079986333847 16775.515975475311 378.98030877113342 53507.177934169769 42832.431176185608 94881.467463970184 19556.808692216873 24599.649141073227 7731.7195262908936 5312.5540030002594 3101.0478789806366 16347.258296251297 10418.102114677429 12857.348481893539 27367.07755947113 23481.25997209549 44790.356997489929 9252.6650161743164 6390.3087990283966 950.3324122428894 27991.343515396118 15468.004996538162 160607.81026744843 24975.325655937195 3125.2892007827759 17680.908463716507
leaf_count=15437 3804 57701 22958 71145 8132 26245 7608 365 16546 9716 8316 1281 3817 12774 19383 4169 14436 1355 269 15089 4759 3744 2877 12363 1087 12716 14396 444 16511 17204 4024 23589 16340 18183 29104 17864 1817 3434 111 31923 11394 31072 6723 7977 4540 2735 630 7475 4323 2357 7253 8368 23841 2174 1352 167 6030 4046 29625 6719 793 5445
internal_value=-1.8287e-05 -0.00337458 0.00357508 0.00535647 0.000796401 0.00341039 -0.00322645 -0.0147967 -0.00534192 0.011221 -0.000954299 -0.026957 0.00462792 0.00587066 0.0140443 0.0174831 0.0216907 0.00759258 -0.00634508 -0.000586981 -0.00238102 -0.00432722 0.00876208 0.0103361 0.00211242 0.00873466 -0.00229175 -0.0466228 0.0121056 0.0112891 0.0098069 -0.0038382 -0.00505005 -0.00165039 0.000771784 0.00279893 0.00161341 0.0135193 0.0257591 -0.00500715 -0.00801347 -0.0084994 -0.00641637 -0.00110098 0.00159554 -0.0029199 -0.0178258 -0.00143916 0.00554556 0.000873679 -0.001196 -0.00964683 0.00118219 0.00324677 -0.00927988 -0.0606432 0.0146212 0.0172627 0.000982562 -0.00351351 -0.0136991 -0.00610539
internal_weight=2.16478e+06 1.11931e+06 1.04547e+06 637054 408412 478328 199232 32701.9 656200 158726 166530 13408 209181 183803 112537 69816 45451.2 185040 19293.9 463111 255111 178011 163826 132446 77100.1 114089 149503 4250.22 111579 77966.5 20243.5 444508 304738 103141 293289 154059 208000 61898 33555.6 88022.4 74870.1 211692 116810 44156.5 61480.7 28687.2 9157.81 21213.6 32793.4 20866.7 139770 72653.8 69714.2 14565.2 14122 2765.02 75758.5 47767.2 195710 35101.7 10126.4 60513.3
internal_count=728075 282052 446023 268145 177878 197372 88655 11288 175569 70773 77367 2887 89223 85406 47815 28432 24263 79259 8401 106483 63725 43525 70429 44184 20200 48791 69759 976 38950 33354 5111 104883 74041 22942 118113 89009 42758 20638 14547 46319 20583 70686 39614 14700 23440 10801 1911 8830 12639 5234 30842 24914 36615 4909 5892 611 26587 20557 38954 9329 2610 16839
cat_boundaries=0 4 8 9 10 11 15 19 23 24 25 29 33 37 41
cat_threshold=1361086496 19685696 1211121106 37889 144 2113536 3825273872 581760 6 12 4 2418053448 2952835848 139604738 38272 1378881536 3221382504 137638521 4872 192 8 537200704 16385 22 39944 1613760072 8781824 274997729 1065 1611661968 9191432 1946257712 24617 2184193664 279315624 1950417562 17409 538980680 10621248 138716176 24621
is_linear=0
shrinkage=0.05


Tree=39
num_leaves=63
num_cat=22
split_feature=5 12 12 5 0 7 19 19 10 0 9 17 13 19 9 8 17 17 8 0 19 13 4 17 9 9 9 5 0 7 0 19 12 21 17 13 10 5 2 12 17 1 5 3 17 17 17 21 19 13 9 17 19 1 5 11 21 17 8 3 17 4
split_gain=9271.75 2235.96 1620.35 1128.73 1102.39 990.294 938.963 901.338 874.783 877.064 702.293 796.655 619.053 569.126 505.625 473.014 463.609 457.192 399.479 381.198 398.594 388.243 359.948 343.796 333.43 311.427 305.566 302.472 291.1 288.809 283.358 276.592 291.401 275.329 272.435 272.141 271.781 267.742 260.557 259.44 255.957 254.854 803.092 285.79 247.583 242.445 236.95 228.556 226.756 223.852 220.76 212.998 205.821 203.172 192.264 192.238 232.039 190.713 190.445 189.452 187.719 185.857
threshold=0.6155905673977965 0.14611528303841512 0.33146442666487641 2.0024449877750619 5.5000000000000009 70.500000000000014 0 1 1.5000000000000002 1.0000000180025095e-35 0.85009363295880158 2 4.5000000000000009 3 0.6228789186079956 1.0941499791216576 4 5 2.013422818791947 228.50000000000003 6 1.5000000000000002 2.5000000000000004 7 0.28586125808348034 0.096930786094581903 0.14310689310689315 0.9731250237579353 199.50000000000003 279.50000000000006 55.500000000000007 8 0.12954593110883941 9 10 28.500000000000004 1.5000000000000002 1.0323452484742808 6.5000000000000009 0.43166305397119109 11 1.0000000180025095e-35 0.16064516129032261 12.500000000000002 12 13 14 15 16 1.5000000000000002 0.84632253711201089 17 18 71.500000000000014 1.100143266475645 0.10172669636085631 19 20 1.1702356933235512 255.50000000000003 21 198.50000000000003
decision_type=2 2 2 2 2 2 9 9 2 2 10 9 2 9 10 2 9 9 2 2 9 2 2 9 10 10 10 2 2 2 2 9 2 9 9 2 2 2 2 2 9 2 2 2 9 9 9 9 9 2 8 9 9 2 2 2 9 9 2 2 9 2
left_child=2 6 4 13 8 7 55 14 16 38 12 19 17 25 -4 59 22 24 28 20 21 -12 -1 53 -8 -3 -14 -15 48 36 33 -24 58 -25 -9 -27 -17 -22 -10 -29 -28 -36 43 -43 -7 -11 -40 49 -5 -39 61 -52 -21 -13 -37 56 -2 -16 -33 -6 -38 -18
right_child=1 3 5 18 15 44 10 34 9 45 11 23 26 27 57 29 50 -19 -20 52 37 -23 31 30 -26 35 40 39 -30 -31 -32 32 -34 -35 41 54 60 47 46 -41 -42 42 -44 -45 -46 -47 -48 -49 -50 -51 51 -53 -54 -55 -56 -57 -58 -59 -60 -61 -62 -63
leaf_value=0.0028899249723168454 -0.0043857270896876634 -0.0093583392605282954 0.0022080976270537995 -0.0067217596303458908 6.4601648217343084e-05 -0.011419545834746797 0.022931833223561168 -0.0029297287579531026 0.013237587642387924 0.0025149164525112159 0.019444401912082999 -0.011311809487327858 -0.0026358882969355927 -0.0035531060729642352 0.019626078317241617 -2.4745147910119778e-05 0.0084478948344277605 0.0020018751838298205 -0.050105898706492305 -0.0010282497071305104 0.0011481828031988681 0.0022551834707795443 0.0047119596521847662 -0.0012638500361271451 0.007619316528544872 -0.0050456072910584002 -3.3491216208382986e-05 -0.0052723970724576179 -0.022437922555628792 -0.00083331464306909346 -0.010213530051370094 0.011678170703817157 0.00666361496927229 -0.0068424866567871325 0.00019474722659086047 0.0012416298743842531 0.0099346820350908176 0.0087307127069405424 0.0074221527246232551 -0.0093807917873338208 0.0035200172122590808 0.0046678840703200586 -0.0009617977545623344 0.011571996990064013 -0.0030671137964375797 0.0095818413150220178 0.02454781291110826 -0.0071751922855088045 -0.011754138909985985 -0.0023548854305170883 -0.00082277306800473114 0.0040636060212944436 -0.012288041406551108 -0.035438010717561218 -0.0024533023069853183 -0.017268562064581574 -0.014249736074372348 0.0093639706659594899 0.01953934853326305 -0.0086566846065778517 0.0028618050948678569 -0.0073329084790599705
leaf_weight=26959.546838760376 20287.158866167068 13855.85696387291 30520.357918262482 44583.701295375824 11679.070374965668 13851.436060905457 6542.7916600704193 36710.24078130722 15821.456037044525 16206.847037553787 3424.4116055965424 11245.958057641983 58417.594332933426 100281.18437194824 5111.2032651901245 17270.969956874847 31041.688299894333 14483.919583559036 620.11324381828308 6936.5166163444519 64528.443524360657 80136.9925096035 23436.052936077118 61376.258473396301 7787.2969088554382 43464.743226289749 120870.41353797913 87717.730921983719 4394.0542664527893 29422.726476669312 17379.861172199249 36636.398547649384 25328.776069879532 34581.197515249252 138339.22512817383 73808.746021509171 26690.806550502777 4913.2640821933746 2381.0279400348663 68391.196593046188 87251.334155797958 42335.259589672089 58090.181315898895 23205.8242623806 24721.595278739929 48622.575288057327 14568.675250291824 24618.441903352737 45221.955759525299 62102.989000320435 29330.248332738876 93074.98298406601 9805.0117893218994 945.36962366104126 67314.924245357513 5806.3688633441925 8453.4945747852325 40674.11207485199 9759.4621589183807 13338.019624233246 14506.503545284271 1984.343318939209
leaf_count=22297 5810 3958 21459 16937 2214 2222 1776 22296 6210 3996 1133 3572 14638 22572 1652 3036 12453 3959 204 841 13307 17217 11705 16038 1620 9191 23043 23814 599 3873 2538 16578 12858 10127 108015 17110 4588 1659 644 20498 15681 20241 14441 7159 3951 11994 4098 6983 17655 15013 18561 56869 1244 152 18395 1866 2644 14096 2938 2165 2511 469
internal_value=-1.12639e-05 -0.00277862 0.00386083 -0.00517421 0.005812 0.00155816 -0.000928982 0.00234289 0.00711564 0.0111872 -0.000518802 -0.00193449 0.00131216 -0.00413966 0.00719236 0.00148045 0.00568384 0.00827415 -0.0101367 -0.00033689 0.000172526 0.00295948 0.00798939 -0.00519805 0.0146016 -0.00212889 0.000559508 -0.00569566 -0.00987302 0.00320704 -0.00433885 0.00943489 0.0109758 -0.00327518 0.00110367 -0.00158629 0.00524024 -0.00131886 0.0178537 -0.00707233 0.00145643 0.00166897 0.0033187 0.00711253 -0.00607042 0.0078171 0.0221615 -0.00305627 -0.00925799 -0.0015418 0.0038716 0.00289302 -0.00763107 -0.0131746 -0.00052083 -0.00896822 -0.00729391 0.0105163 0.0133322 -0.00458537 0.0074474 0.00749952
internal_weight=2.16317e+06 1.26155e+06 901620 549654 488060 413559 711895 374986 375152 97600.6 677348 381995 295353 454834 76305.7 112908 277551 28814 94819.8 256466 239725 83561.4 122120 125529 14330.1 198444 266539 256390 94199.7 87891 113337 95160.7 71724.6 95957.5 298681 184588 58468.3 156163 32771.2 156109 208122 261970 123631 65541.1 38573 64829.4 16949.7 91634.7 89805.7 67016.3 155431 122405 16741.5 12191.3 141124 34547 28740.7 45785.3 46395.9 25017.1 41197.3 33026
internal_count=727383 311794 415589 150933 200057 215532 160861 209359 181670 26942 150541 89824 60717 115538 37207 18387 154728 7355 35395 57397 55312 18350 66376 32427 3396 48654 53362 66884 35191 14008 28703 44079 32374 26165 172152 44696 10135 36962 10952 44312 38724 149856 41841 27400 6173 15990 4742 23655 34592 16672 88352 75430 2085 3724 35505 10320 8454 15748 19516 4379 7099 12922
cat_boundaries=0 1 2 6 7 11 15 16 20 21 23 27 31 35 39 42 44 45 49 50 52 55 59
cat_threshold=1589248 34826 536880856 2195488 1879419922 1599144 243722 537929440 271649417 604309520 5399202 553662336 8651072 939598080 17921 298504 1108379648 2415928384 2147484160 135172 1720624 844182939 133376 3525314666 1610809796 9578052 426626 3760194912 3223745089 1210352128 131370 2149580824 276987904 138455296 1545 2101504 2148156232 739249520 4228 2147484672 2416465472 67111696 877555 133120 129067 3491794944 3758121312 1200256 34820 229376 289745831 132224 1073741952 0 536870912 553661376 2148007936 539033600 17449
is_linear=0
shrinkage=0.05


Tree=40
num_leaves=63
num_cat=17
split_feature=5 12 0 4 16 16 16 20 16 5 8 20 4 17 16 16 16 19 20 13 13 17 17 19 17 10 17 0 0 20 16 16 16 12 16 16 16 16 17 0 8 16 17 16 4 16 16 16 16 17 16 16 16 16 12 12 11 19 17 5 13 17
split_gain=8345.32 1899.79 1810.08 1649.66 1327.62 2456.41 2122.18 1553.76 1349.16 1111.71 1081.64 1056.42 710.134 703.864 638.584 1262.43 616.755 608.242 610.454 704.056 573.293 556.597 546.076 540.497 538.12 526.647 490.771 480.756 458.096 539.384 470.937 1015.83 433.445 431.316 396.503 1403.43 763.186 601.212 415.232 383.881 377.641 365.991 365.378 350.009 568.744 339.777 390.316 616.146 612.643 594.131 382.498 697.301 340.646 338.93 359.464 335.582 330.72 333.779 327.11 307.909 307.182 306.882
threshold=0.76934820904286572 0.056570521479764609 3.5000000000000004 5.5000000000000009 17.500000000000004 25.500000000000004 9.5000000000000018 0 44.500000000000007 1.6474191514277996 1.1451777821756055 1 232.50000000000003 2 16.500000000000004 9.5000000000000018 21.500000000000004 3 4 1.5000000000000002 10.500000000000002 5 6 7 8 2.5000000000000004 9 55.500000000000007 238.50000000000003 10 24.500000000000004 19.500000000000004 19.500000000000004 0.12263608130605032 18.500000000000004 25.500000000000004 10.500000000000002 12.500000000000002 11 20.500000000000004 1.0832807902480035 4.5000000000000009 12 15.500000000000002 270.50000000000006 45.500000000000007 39.500000000000007 40.500000000000007 35.000000000000007 13 25.500000000000004 22.500000000000004 48.500000000000007 51.500000000000007 0.39424420936378507 0.43470047050953786 0.067779660535355432 14 15 0.43847632780581597 41.500000000000007 16
decision_type=2 2 2 2 2 2 2 1 2 2 2 1 2 9 2 2 2 9 1 2 2 9 9 9 9 2 9 2 2 1 2 2 2 2 2 2 2 2 9 2 2 2 9 2 2 2 2 2 2 9 2 2 2 2 2 2 2 9 9 2 2 9
left_child=2 17 3 20 6 7 11 -6 26 25 14 21 16 33 15 -4 22 -2 -19 27 -1 -5 -9 -10 -18 34 -7 56 29 30 31 58 -14 -8 36 -36 38 -38 -3 61 -17 -21 -13 -15 -45 46 48 -48 49 -43 51 -51 -47 54 -16 -26 57 -20 -11 -25 -35 -12
right_child=1 9 10 4 5 8 13 12 23 28 39 42 32 43 53 40 24 18 19 41 -22 -23 -24 59 55 -27 -28 -29 -30 -31 -32 -33 -34 60 35 -37 37 -39 -40 -41 -42 45 -44 44 -46 52 47 -49 -50 50 -52 -53 -54 -55 -56 -57 -58 -59 -60 -61 -62 -63
leaf_value=0.0097450394423482314 -0.010050330589920817 -0.0011810266201948117 -0.0011508577089765608 0.016475769605172136 0.0033039652740015839 -0.0017370913770175949 0.0084500970586878481 0.031550579496341796 0.0052745011617440192 -0.0044053795890978756 0.0071813369191665415 -0.0041045913048496901 0.06273375327131811 -0.0084573485474953355 0.0016532432235098792 -0.022741040900920002 0.013830989845456746 -0.004893983907731529 0.010572653225997632 0.0067936254594558113 0.00060932648692251109 0.0064235800557246999 0.011754394953424088 0.015734338813781279 0.034778261802237045 -0.0010472226122922024 0.0047317492150373277 -0.010678740160584911 -0.018620357326572582 -0.012128139422370296 -0.0084777377179149679 0.0056661581230282735 0.020636888851744518 -0.0073666104859272906 0.004633033265046803 -0.0055598137608562975 -0.021234934605257029 -0.0083258653837251784 -0.0091736264869662198 0.0005344815761049481 -0.010040181008385865 -0.0054071375656099662 0.0059126205462311275 -0.002244430691546024 0.034530081001475421 0.0078523989721797707 -0.016627885853930571 -0.0020098778913618179 0.012604699842945009 0.00050057677923239419 -0.0043745429917935825 0.010239146174034375 -0.0038646934251288382 -0.016565607919871668 -0.0054060318918926469 0.017894642319884857 -0.00910720696630999 0.027022549299926663 -0.012878040448499143 0.0069812839398663258 0.0027233468269745814 0.00088594864832112336
leaf_weight=18501.632208347321 15367.608027696609 51072.569078683853 37665.476777553558 35783.478604316711 17338.45988535881 44809.721892356873 17899.73026061058 4036.5361361503601 30547.386379003525 42317.207714796066 60313.135773181915 15268.106187820435 1554.5518198013306 38790.719256162643 80344.416178703308 10880.815723419189 7019.2016308307648 52582.586062192917 8867.6409516334534 20578.634018182755 238865.23460149765 22457.630986452103 25581.748293638229 41094.935866832733 11815.731034994125 165557.6512928009 84796.029794454575 2277.7232933044434 9097.7520418167114 43297.27143073082 84241.235518217087 23331.17542552948 1009.7764008045197 12475.923034906387 44508.194325447083 139973.333081007 12617.662618398666 31630.859133720398 23829.641126871109 90531.471764087677 12669.966910362244 45643.657334804535 22513.888360500336 11420.730466365814 1156.9827437400818 23415.547863960266 9041.5060935020447 35543.925777196884 9473.4881579875946 100866.21052026749 26221.111544847488 22476.087989091873 8437.6318655014038 3154.4866552352905 23251.191699028015 3924.0780353546143 1406.9535617828369 4762.4504337310791 15600.26956653595 13301.568711280823 19075.375119924545 28525.530867576599
leaf_count=11398 4608 13592 6894 12964 7792 18009 6230 2040 12130 13951 11645 6438 454 15195 14613 2103 2616 18367 3160 4547 191398 8406 11589 17141 4260 30139 31503 390 1188 17188 26855 8078 252 4840 11770 36918 3393 8151 6197 12836 2272 10665 8976 5625 319 4951 1801 7260 1948 19985 4820 4293 1997 582 4432 1628 534 1568 5345 3799 8041 5509
internal_value=1.85459e-05 -0.00310827 0.00310417 0.00450016 0.00622102 0.00839111 0.00305885 0.016363 0.00570539 -0.00468641 0.000125821 0.00837849 0.0204797 -0.00200776 -0.00275753 -0.00682865 0.0192249 -0.000306183 9.70873e-05 0.000919902 0.00126611 0.0126016 0.0144679 0.010603 0.0254147 -0.00331582 0.00249546 0.0107246 -0.00763778 -0.00715914 -0.00585794 -0.0031423 0.0461714 0.00225025 -0.00455278 -0.00310067 -0.00680104 -0.0120073 -0.00372529 0.00282586 -0.0159089 0.000357195 0.00186454 -0.00610605 0.00114081 -0.000113991 -0.00073539 -0.00497458 0.00018805 -0.000414598 0.00110934 0.00227526 0.00474862 -0.000422891 6.88094e-05 0.030551 0.0139672 0.0163495 -0.00669069 0.0135916 -0.0012665 0.00516087
internal_weight=2.16241e+06 1.07404e+06 1.08838e+06 741039 483672 286830 196843 72280.1 214550 687075 347336 96023.1 54941.6 100819 167966 61216.3 52377.3 386963 371595 319013 257367 58241.1 29618.3 84943.9 22759 469190 129606 17314.8 217885 208787 165490 81248.7 2564.33 49451 303632 184482 119151 44248.5 74902.2 179370 23550.8 301698 37782 51368.4 12577.7 281119 249266 44585.4 204681 195207 149563 123342 31853.2 106750 103596 15739.8 15037 13630.1 57917.5 54396.5 31551.3 88838.7
internal_count=727588 273659 453929 393043 190247 113213 77034 30631 82582 182765 60886 36784 22839 40250 30896 11269 22133 90894 86286 67919 202796 21370 13629 33070 8504 110160 49512 5652 72605 71417 54229 27374 706 19111 80021 48688 31333 11544 19789 29990 4375 62267 15414 21139 5944 57720 50772 9061 41711 39763 29098 24278 6948 19627 19045 5888 5262 4728 19296 20940 12881 17154
cat_boundaries=0 1 2 6 7 8 12 15 16 20 24 25 29 33 37 38 42 46
cat_threshold=1 6 1611661968 11028488 1678084233 582305 540672 1 1610614400 934920 874872833 671785 2147492032 805312000 876610368 1598609 2167447624 2424729600 71312192 1025 1107329048 3758637128 1948588114 49161 14 1610658448 277610504 606439536 540713 1610618928 2148021056 406070273 14 3241185280 4026955264 207632064 4096 206147 1612718800 9175040 874621232 540713 556802704 540672 807731232 549160
is_linear=0
shrinkage=0.05


Tree=41
num_leaves=63
num_cat=1
split_feature=5 5 1 12 9 16 16 8 16 16 16 9 16 16 16 16 6 12 16 16 16 16 6 6 18 16 4 16 3 16 7 16 16 16 16 6 9 16 16 16 9 16 16 16 16 16 9 9 13 16 16 16 6 6 6 5 2 10 16 3 4 6
split_gain=7675.66 1905.08 2736.99 1731.84 1087.57 1382.2 1277.42 965.967 918.959 915.647 1988.63 1256.24 853.932 814.955 895.93 762.341 745.133 717.365 681.023 634.915 751.331 670.254 583.163 536.875 527.722 522.669 510.507 562.697 668.654 509.504 693.541 499.61 490.025 713.042 489.817 470.478 458.424 456.419 793.249 1950.64 1196.73 873.847 725.865 544.415 449.222 723.636 586.39 447.717 432.495 422.24 420.483 418.51 600.201 407.08 404.94 379.235 550.21 366.707 361.43 349.239 349.16 338.308
threshold=0.80046296296296304 0.25065445026178018 1.0000000180025095e-35 0.32683308931737309 0.83318209316394454 51.500000000000007 48.500000000000007 1.1817749329642766 49.500000000000007 16.500000000000004 9.5000000000000018 0.13487604779739612 44.500000000000007 14.500000000000002 16.500000000000004 25.500000000000004 0.12517409470752092 0.18508802275771177 11.500000000000002 45.500000000000007 25.500000000000004 22.500000000000004 1.5696938475125111 1.9000762195121952 0 15.500000000000002 24.500000000000004 15.500000000000002 156.50000000000003 45.500000000000007 77.500000000000014 26.500000000000004 27.500000000000004 39.500000000000007 11.500000000000002 0.10950643030935003 0.50033829499323423 39.500000000000007 12.500000000000002 8.5000000000000018 0.24147617202634641 25.500000000000004 35.000000000000007 10.500000000000002 44.500000000000007 51.500000000000007 0.74994407158836707 0.4997273718647765 14.500000000000002 35.000000000000007 42.500000000000007 21.500000000000004 0.53735394199089004 2.6156139431267205 2.9987562189054731 0.093386627906976757 4.5000000000000009 1.5000000000000002 4.5000000000000009 11.500000000000002 809.50000000000011 0.4874685929648242
decision_type=2 2 2 2 10 2 2 2 2 2 2 10 2 2 2 2 2 2 2 2 2 2 2 2 9 2 2 2 2 2 2 2 2 2 2 2 10 2 2 2 10 2 2 2 2 2 10 10 2 2 2 2 2 2 2 2 2 2 2 2 2 2
left_child=1 2 26 4 5 12 13 9 -8 10 -3 34 37 18 25 16 -11 55 58 20 21 24 60 -5 -16 -15 -1 -28 31 30 57 47 -22 49 -12 -26 -14 38 39 -2 43 -40 -43 -41 -17 46 -46 -29 -48 -34 -35 52 -18 -39 -23 56 -4 -19 -6 -31 -9 -13
right_child=3 7 17 23 6 -7 8 22 -10 15 11 61 36 14 19 44 51 29 -20 -21 32 54 -24 -25 35 -27 27 28 -30 59 -32 -33 33 50 -36 -37 -38 53 41 40 -42 42 -44 -45 45 -47 48 -49 -50 -51 -52 -53 -54 -55 -56 -57 -58 -59 -60 -61 -62 -63
leaf_value=0.0012750256782817018 0.0027725541996157944 0.00094537531775535928 0.0096420201071566597 -0.0053769987988419952 0.0036249485303790786 -0.017517671199378571 -0.02279657272645777 0.0070563793551851085 -0.0052081097434232993 0.051650973374522992 -0.020677636595011907 -0.01635868979097942 0.010844780416904265 -0.0053659344529390536 0.010049668518413173 -0.0024015967879733656 0.013063674708129962 0.0044251389926195763 0.0073938880247428704 0.0049901113039895525 -0.013869364429239096 0.0083029560807363345 -0.00065687006848131637 -0.010815008247742751 0.037714449361788388 -0.017044261350715861 -0.00086712534592783093 0.03533854795130565 0.09450897969194251 0.0079938810852707345 -0.01163958863224137 0.0047683527820992395 -0.0026403813760204754 -0.012608551752213582 -0.054023719182862064 -0.0050584719270190918 0.0016793700621101867 -0.0074683282701853999 0.00783469437703436 -0.017950248103759808 -0.0063721768271359268 -0.003143401560915679 0.013610001778396828 -0.042354988952255646 0.010424919634606126 -0.011748171402089475 -0.0088339543998823648 0.012451328367452656 0.0039379555380457112 0.010879997460130195 -0.0035773256370289818 0.0095660903544773392 -0.0024166577206521027 0.0059324525865513261 -0.0084638565042232175 0.0064261253413650425 0.018058025498816997 0.010782370464115546 -0.0034567596842915681 0.020952333829715321 0.0014749816016879349 -0.0068076824281371202
leaf_weight=307632.44149827957 53667.179648637772 80873.760869503021 39675.830212116241 237256.1254029274 25143.574436664581 10366.149355888367 14038.059569358826 95341.295361995697 15768.492627859116 873.12376093864441 2252.2970163822174 12306.590793371201 29968.338614940643 18706.787400722504 6675.319696187973 116924.69142317772 8297.9185311794281 82954.981770038605 28850.306394577026 21979.111320972443 20631.004504203796 23380.886292457581 55895.245998620987 56124.806769132614 647.96795439720154 19641.313579559326 12180.053933858871 3208.4751331806183 245.09353017807007 11725.641052246094 5744.7121496200562 11898.271637678146 21550.583369016647 30050.903461456299 2157.6437060832977 68859.195238113403 25043.815771102905 32690.117082834244 56970.907949209213 5660.6274704933167 20709.405014514923 49120.817977428436 7444.2462387084961 3834.455860376358 25143.586541414261 7565.1052446365356 9334.0090749263763 6399.0137629508972 22860.245243549347 7887.1905698776245 22568.048874855042 29067.546978473663 25503.264063596725 6854.7069540023804 4255.7797515392303 22784.135115146637 38048.195482969284 31222.513197660446 63562.470553636551 9343.8324646949768 39684.433761119843 37599.793930530548
leaf_count=241155 11806 18123 19003 69682 7001 2162 3486 21380 4312 248 554 2978 7218 4370 1365 25888 2004 35621 7373 5879 4742 5672 10620 17711 278 4462 5575 3011 116 5634 915 6011 5509 7780 505 16317 4866 6827 12961 1444 4094 10345 1598 1011 5352 1694 1984 2806 5503 2087 5916 6698 5474 1626 1089 4752 11208 9212 16664 2635 5493 8377
internal_value=2.18782e-06 0.00278659 0.00479754 -0.00318153 -0.00185663 0.000423416 -0.00352088 0.000735589 -0.0134923 -0.00071979 -0.00402441 -0.011424 0.00106047 -0.00274764 -0.00427574 0.00109947 0.00580459 0.00887158 0.000720903 -0.00308878 -0.00394865 -0.000949205 0.00363808 -0.00641734 -0.00336893 -0.0113477 0.00191701 0.00773733 0.0125555 0.00657066 0.00531071 0.0116171 -0.00698111 -0.00524909 -0.0370014 -0.00465852 0.00667241 -0.000242452 0.000739719 -0.00294793 -0.0131118 0.00346387 -0.000938368 -0.0278092 -0.000549993 0.00278572 0.00470348 0.0200975 0.000234865 0.000982347 -0.00873524 0.00516706 0.00138391 -0.00514534 0.00572082 0.0120992 0.0137621 0.00616364 -0.00144944 0.0137414 0.00541601 -0.00916318
internal_weight=2.16465e+06 1.15474e+06 583063 1.00991e+06 716528 302331 414197 571681 29806.6 380760 135190 54316.3 291965 384390 266834 245569 63741.9 241500 117556 228486 206507 103819 190921 293381 76182.5 38348.1 341563 33930.9 21750.9 140992 119922 21505.8 102688 82056.7 4409.94 69507.2 55012.2 236952 197408 83871.7 30204.5 113536 56565.1 9495.08 181828 64902.9 57337.8 9607.49 32194.3 29437.8 52619 62868.7 33801.2 39544.8 27636.7 100508 77724 114177 88706 21069.5 135026 49906.4
internal_count=728182 470529 347654 257653 170260 65958 104302 122875 7798 85382 30537 12414 63796 96504 65466 54845 14424 88980 31038 56634 50755 24721 37493 87393 17960 8832 258674 17519 11944 54017 45748 11828 26034 21292 1059 16595 12084 51712 43259 18355 6549 24904 11943 2455 40421 14533 12839 5817 7487 7596 13696 14176 7478 8453 6761 34963 30211 44833 23665 8269 26873 11355
cat_boundaries=0 1
cat_threshold=16384
is_linear=0
shrinkage=0.05


Tree=42
num_leaves=63
num_cat=13
split_feature=0 3 10 12 12 1 17 19 6 1 3 16 16 16 16 9 13 0 17 6 13 16 16 16 16 16 16 16 17 17 17 16 16 3 6 13 17 21 16 17 9 16 16 21 16 16 9 16 17 15 13 16 9 16 16 13 16 17 17 1 16 13
split_gain=6006.38 3081.01 2684.38 994.386 967.895 776.491 747.224 718.858 716.59 708.568 683.849 680.461 1163.04 1240.01 940.758 1530.1 767.594 661.528 640.583 600.645 581.703 580.126 1123.45 742.141 528.373 590.879 503.929 535.759 499.764 493.904 485.421 471.983 856.569 779.034 453.772 458.703 430.738 384.455 361.148 387.858 351.221 347.56 349.283 336.715 323.728 319.522 523.106 349.031 314.091 306.013 304.726 304.721 899.336 304.465 405.752 304.395 297.681 295.687 295.553 292.66 292.599 282.371
threshold=1.0000000180025095e-35 9.5000000000000018 1.5000000000000002 0.16523468842716002 0.090350581025527968 2.5000000000000004 0 1 1.9339751157932978 1.0000000180025095e-35 305.50000000000006 44.500000000000007 25.500000000000004 18.500000000000004 9.5000000000000018 0.35310876487347082 38.500000000000007 20.500000000000004 2 1.1248188405797104 2.5000000000000004 16.500000000000004 10.500000000000002 25.500000000000004 51.500000000000007 16.500000000000004 28.500000000000004 39.500000000000007 3 4 5 15.500000000000002 10.500000000000002 112.50000000000001 1.7369237679147445 30.500000000000004 6 7 35.000000000000007 8 0.40988697688626419 44.500000000000007 51.500000000000007 9 4.5000000000000009 18.500000000000004 0.76928691746210009 51.500000000000007 10 277.50000000000006 7.5000000000000009 10.500000000000002 0.23097601323407776 39.500000000000007 18.500000000000004 36.500000000000007 7.5000000000000009 11 12 25.500000000000004 48.500000000000007 19.500000000000004
decision_type=2 2 2 2 2 2 9 9 2 2 2 2 2 2 2 10 2 2 9 2 2 2 2 2 2 2 2 2 9 9 9 2 2 2 2 2 9 9 2 9 10 2 2 9 2 2 10 2 9 2 2 2 10 2 2 2 2 9 9 2 2 2
left_child=1 9 3 7 10 31 24 -2 21 -1 18 12 13 14 34 -16 -17 20 -4 61 30 22 36 -23 25 56 28 38 -14 53 -9 32 -3 -33 35 -8 -5 -19 39 -28 -24 -25 -43 -32 -12 51 47 -47 -18 -46 -11 -31 -53 54 -22 -42 -6 -27 -15 -7 -48 -13
right_child=2 5 4 8 6 59 11 17 -10 50 44 19 26 58 15 16 48 37 -20 -21 29 23 40 41 -26 57 27 -29 -30 45 43 33 -34 -35 -36 -37 -38 -39 -40 -41 55 42 -44 -45 49 46 60 -49 -50 -51 -52 52 -54 -55 -56 -57 -58 -59 -60 -61 -62 -63
leaf_value=0.0012537850877303986 -0.0094181844008236499 0.011659028252188557 0.0067330668128996202 -0.014525982826243584 -0.0047866483615974969 0.01736620619593867 -0.0025147054210939244 -0.0062387915851266828 -0.011048102470495778 0.014752926245994086 0.0087245525463469833 -0.0038445838080063406 -0.012936579933005468 0.019035067351520878 -0.034494118224150765 -0.011444950904514284 0.007681279829724795 -0.0042297213656052853 0.0015636269600020547 -0.00246991722414249 -0.00034155111611340394 0.0035291884534715333 -0.034782284479993604 -0.0069819590485758407 -0.020437401089222179 0.00051805574733960579 0.0052169757558402363 -0.0069244664427813496 -0.0010930045406088965 -0.0030597144012020844 0.017056531917878513 0.01111327593568001 -0.0037993219294090888 0.05761309182026695 -0.0081194834451327469 0.0057074178380401054 -0.0028204913797171566 -0.014341741796915469 0.01075215774943895 -0.0048984032705262351 -0.020841402174960388 0.00082604579559237591 -0.01096618905369387 0.0036731722051378361 -0.0018267891660035394 0.0046793749961792711 -0.0030662457079340235 -0.022940219864139723 -0.002266413792462538 0.0033029804755130955 0.0052121298047785817 -0.043154524975869461 -0.0076895860865849267 -0.0028657725279430039 0.0066643006075691501 -0.009882460015071582 -0.012946321672154577 -0.0092565261741126541 0.006627673427539664 0.060915180776905935 -0.014371733913782112 0.0085155823252650049
leaf_weight=301276.80294346809 31409.088612794876 19506.150623321533 99718.805032491684 9080.6234076023102 24670.629747390747 33564.678747415543 23727.142416238785 5388.6474566459656 58239.938463449478 9195.0659897327423 9364.0325829982758 5159.4018330574036 29739.385217189789 5380.3836135864258 4292.7036883831024 20791.396095275879 10764.477851390839 56730.18238401413 150212.24976539612 23625.077923536301 45655.060375928879 34283.813104152679 2354.4680740833282 71770.050426244736 5219.9550096988678 51957.333178043365 15235.774616956711 41678.366985321045 12729.445111751556 27617.680341243744 10007.213078737259 56545.888585090637 16575.786063194275 914.37516093254089 9594.6450986862183 59497.763016700745 58123.904259204865 11265.180118083954 7692.0525929927826 25030.364101409912 11146.555430173874 35066.876649141312 7648.2316045761108 8890.0027902126312 146258.41580724716 30408.983029603958 38904.404574394226 1187.5766003131866 30092.180461883545 36284.192203044891 93119.75050330162 1976.5940821170807 18613.140590667725 32646.026125192642 37759.174164295197 14689.984397888184 20438.78292298317 9079.7285265922546 44454.053641796112 389.44464302062988 6709.4848773479462 44214.556921958923
leaf_count=240083 9465 7723 21599 2799 5182 9732 4759 2212 19377 4112 1361 1045 5728 1173 973 4332 2378 9591 33895 4732 12868 11744 827 22656 1024 11337 2890 9279 2626 8122 3614 23253 6242 344 2141 13034 17749 1986 1736 4948 3109 11714 2394 3439 20967 8859 11542 325 6496 4823 45256 552 5408 9145 10395 4769 4507 1988 9966 74 1863 9913
internal_value=-4.34096e-06 0.00461518 -0.00150536 -0.00394398 0.000178328 0.0113909 -0.00127284 -0.00218788 -0.00606453 0.00247468 0.00190284 -0.000294122 -0.00123278 0.00109205 -0.00106782 -0.00563425 -0.00362414 -0.00150711 0.00362651 0.00408667 -0.000381193 -0.00487578 -0.00791932 -0.00292411 -0.00490803 -0.00414462 -0.00490366 -0.00277798 -0.00939004 -0.00112304 0.00699488 0.00903981 0.00455766 0.0118542 0.00217628 0.00336332 -0.0044049 -0.00590796 0.000825624 -0.00107086 -0.0162969 -0.00485664 -0.00128559 0.0107663 -0.000341988 -0.00329815 -0.00130423 0.00364058 0.000355948 -0.000807127 0.0060697 -0.00649228 -0.0110961 0.00122763 0.00282983 -0.0146111 -0.00848395 -0.000937547 0.00797274 0.0178675 -0.00472948 0.00722394
internal_weight=2.16556e+06 531088 1.63448e+06 667573 966903 127496 525066 365168 302404 403592 441838 413699 340700 208595 158760 65940.8 61648.1 333759 249931 72999 265764 244165 95395.5 148769 111366 106146 132105 89636.6 42468.8 241478 24285.9 93542.2 36081.9 57460.3 92819.6 83224.9 67204.5 67995.4 47958.2 40266.1 28191 114485 42715.1 18897.2 191907 125418 77210.4 31596.6 40856.7 182543 102315 48207.4 20589.7 116060 83414.2 25836.5 45109.4 61037.1 49834.4 33954.1 45613.9 49374
internal_count=728175 336819 391356 196524 194832 47368 112187 99386 97138 289451 82645 88149 72459 45252 34113 14179 13206 89921 55494 15690 78344 77761 29253 48508 24038 23014 27207 18853 8354 69079 9265 37562 13965 23597 19934 17793 20548 11577 9574 7838 8705 36764 14108 7053 27151 36671 22589 9184 8874 25790 49368 14082 5960 32408 23263 7878 9689 13325 11139 9806 13405 10958
cat_boundaries=0 4 5 9 13 17 21 25 27 31 33 37 40 43
cat_threshold=320897376 285466944 135306706 168448 1589248 553694104 805413153 536879164 550401 536879760 524296 805634048 16393 536896730 1074366729 335875154 541352 1074790416 2147907424 1416626177 256 2149581128 536917824 1059586 38404 1784247 33792 2684358784 2148012032 604250144 524288 577619 1032 1073742352 0 69279745 16384 18874688 268591360 135299136 2148532368 536871936 805306368
is_linear=0
shrinkage=0.05


Tree=43
num_leaves=63
num_cat=16
split_feature=5 0 12 12 10 5 8 20 10 20 0 20 13 0 5 5 3 19 0 5 10 19 3 10 1 19 20 12 19 10 12 12 10 13 15 3 0 1 15 12 19 8 21 6 0 8 19 19 12 1 0 6 3 7 15 19 15 8 19 20 19 3
split_gain=6769.16 1568.95 1524.43 1512.95 1007.99 1185.07 890.163 873.065 699.961 658.629 607.989 594.256 610.174 703.498 540.087 528.653 1158.6 520.79 463.519 430.16 367.777 367.135 363.759 352.351 333.134 329.59 319.368 316.1 309.156 294.259 285.198 276.577 276.357 270.031 265.609 261.239 256.828 281.525 253.751 248.545 247.677 244.333 232.59 228.925 227.859 227.593 226.06 225.105 221.428 216.416 213.509 212.664 210.123 205.405 204.519 204.061 203.781 203.633 198.41 206.157 196.434 212.015
threshold=0.80046296296296304 7.5000000000000009 0.49968861383735491 0.059084398508479415 1.5000000000000002 0.23551077889719427 1.1985383136305372 0 2.5000000000000004 1 83.500000000000014 2 1.5000000000000002 6.5000000000000009 2.0024449877750619 0.14423702052568035 4.5000000000000009 3 235.50000000000003 0.093386627906976757 1.5000000000000002 4 437.50000000000006 1.5000000000000002 61.500000000000007 5 6 0.53724929236097685 7 1.5000000000000002 0.15415831592039339 0.41033590541891674 2.5000000000000004 5.5000000000000009 13.500000000000002 400.50000000000006 1.0000000180025095e-35 1.5000000000000002 11.500000000000002 0.098159666949116778 8 1.0769693603628625 9 1.6428929646081103 1.5000000000000002 1.140546767966123 10 11 0.36640236738205129 39.500000000000007 39.500000000000007 2.2002538071065993 527.50000000000011 121.50000000000001 21.500000000000004 12 9.5000000000000018 1.0895874401577024 13 14 15 79.500000000000014
decision_type=2 2 2 2 2 2 2 1 2 1 2 1 2 2 2 2 2 9 2 2 2 9 2 2 2 9 1 2 9 2 2 2 2 2 2 2 2 2 2 2 9 2 9 2 2 2 9 9 2 2 2 2 2 2 2 9 2 2 9 1 9 2
left_child=1 2 4 11 9 34 23 8 10 19 21 12 13 55 54 16 33 -15 -10 56 42 -5 32 -3 30 57 41 47 45 50 40 38 -22 -11 58 48 37 -30 44 60 -18 -7 -14 52 -9 -4 -12 -23 -25 -44 -19 -34 -8 -31 -13 -2 -1 -16 -6 -60 -17 -62
right_child=3 6 28 7 5 26 43 31 18 15 46 14 20 17 25 39 24 29 -20 -21 22 27 -24 35 -26 -27 -28 -29 36 53 -32 -33 51 -35 -36 -37 -38 -39 -40 -41 -42 -43 49 -45 -46 -47 -48 -49 -50 -51 -52 -53 -54 -55 -56 -57 -58 -59 59 -61 61 -63
leaf_value=0.00057655605351314497 0.014773098896493954 -0.0064583178523905374 0.0020960224309509142 -0.0086702118550997225 0.0077961512735962822 0.0036495520642756195 0.0073379779314048238 -0.0028020517908235107 5.7773731658114009e-05 0.01854026119799769 -0.0012139496049575736 -0.0028041653264244191 -3.7158123750605655e-05 -0.051497265209382241 -1.6013429844186948e-05 -0.0040489713005934227 0.0090578272603885519 0.0036111704371454608 -0.0081999103668049071 -0.0085517392287701235 0.0018553708900522336 0.00098930094082868496 -0.0011240116518530759 0.0027331939308100277 0.054794564450153405 -0.016315756706843543 0.001192149976536836 -0.0071313072386298129 -0.00046852597621308559 0.021961268733104486 0.0074241767038721405 -0.01327301596008236 0.0050424582907264434 0.0026116417369026045 0.018657002503316981 -0.0037634378966208033 -0.00403159206181082 0.0069860056535447418 -0.0018746641733370538 -0.00037853663649023211 0.016383284648193597 0.008784008351297095 -0.0026997352344381403 -0.00057021060661590446 -0.01076653945306905 0.011018283468287629 -0.015860843760124487 -0.0035975819245645242 -0.0035742200735058589 -0.010252235700682719 -0.016648100120066234 0.014543045363920971 0.0019020091498386891 -0.01453883795459697 0.0040968018970460492 0.033063627029837325 0.0076240764479090541 -0.011481572676071436 0.018041968966314641 0.0087450319869136102 0.0070585050658156503 -6.9312653230120894e-06
leaf_weight=90450.558067083359 3405.6350393295288 48262.331087589264 38033.059312343597 44450.512468576431 20441.75098991394 38978.540738344193 35488.549285888672 11586.641827583313 140594.20227694511 2719.4345531463623 3155.702479839325 60060.665995836258 60872.276817560196 424.55552697181702 8684.0085196495056 6424.4166269302368 22203.220053434372 5211.3759243488312 19329.305593013763 12217.467995405197 59006.738373756409 30418.189513206482 65853.210339069366 44817.289989948273 417.493408203125 11374.384739160538 36244.191932439804 58238.386246919632 122496.05360579491 2759.3757750988007 49053.569898843765 26357.309876680374 19745.549864292145 121256.90653324127 17913.858387708664 61910.243034362793 45593.05010843277 14124.855783224106 16647.244529008865 56759.81348490715 24282.413729906082 57138.67901968956 36649.896207332611 30380.075744628906 39934.447739839554 8800.635192155838 16311.274518966675 221717.49060750008 20178.744542121887 12796.799304485321 1731.8541140556335 8394.5420429706573 35620.674336910248 447.28931856155396 13072.256447553635 2854.9491441249847 11568.254137277603 6988.4621365070343 15470.165548563004 9822.1963655948639 40176.693692922592 14431.40574669838
leaf_count=62115 1547 8325 21092 13891 6190 10035 6252 5472 26195 1449 437 16410 15004 101 3945 1679 9476 1404 2372 3717 11845 8296 8867 8042 69 4939 9598 19759 89002 655 21844 10223 3613 95462 5439 9055 11979 4941 4712 15327 10061 13635 10884 4565 10939 2485 2397 63458 3619 2211 323 1411 4825 67 2623 1265 8036 1968 4506 3227 10835 3108
internal_value=3.66562e-06 0.00261976 0.00365538 -0.00298732 0.00489476 0.00788931 -0.000663193 -0.00449312 -0.00370912 0.00359604 -0.00489223 -0.000498039 0.000683858 0.00991212 -0.00380289 0.00470607 0.00615393 0.00204699 -0.000940344 0.000313934 9.38484e-05 -0.00442019 0.00168057 -0.002822 0.0102789 -0.00983998 0.00519328 -0.00381109 0.000149194 0.00433798 0.0100838 -0.00892246 0.00379986 0.00296118 0.0134958 -0.00143907 -0.000782145 0.000302223 -0.00724146 0.0020031 0.0128901 0.00670119 -0.00210675 0.00306286 -0.00897549 0.00377202 -0.0134955 -0.00304431 0.000774962 -0.00465355 -0.00144378 0.00787702 0.00461501 0.016867 -0.0015706 0.0231943 0.00137576 -0.00512572 0.0114738 0.0144369 0.00421797 0.00519039
internal_weight=2.16275e+06 1.15368e+06 877019 1.00907e+06 647971 196009 276658 628741 534215 451962 374292 380334 280154 16835 100180 337725 219933 10574.5 159924 114236 263319 354825 153000 175169 95956.7 27046.9 132361 310374 229048 10149.9 95539.2 94525.6 87146.8 123976 63648 126906 182214 136621 68168.3 117792 46485.6 96117.2 110319 101489 51521.1 46833.7 19467 252136 64996 49446.7 6943.23 28140.1 71109.2 3206.67 73132.9 6260.58 102019 15672.5 45734.1 25292.4 61032.5 54608.1
internal_count=727223 469990 425307 257233 295808 52630 44683 168151 136805 243178 108238 89082 59197 5362 29885 169310 138361 2550 28567 73868 53835 105404 25736 29041 41450 10852 33268 91513 129499 2449 41381 31346 16869 96911 19362 20716 105922 93943 21123 30949 19537 23670 28099 15642 16411 23577 2834 71754 11661 13095 1727 5024 11077 722 19033 2812 70151 5913 13923 7733 15622 13943
cat_boundaries=0 1 2 3 4 5 6 7 8 9 11 12 13 14 15 16 17
cat_threshold=14 1 6 16384 524448 1321712 14 43018 541825 71311767 11264 40960 59392 540739 1860273 14 548864
is_linear=0
shrinkage=0.05


Tree=44
num_leaves=63
num_cat=16
split_feature=5 16 16 16 16 9 20 17 10 0 9 17 16 0 13 0 20 0 4 4 7 20 16 16 4 10 17 10 13 19 5 0 10 0 17 4 17 16 16 16 16 16 9 16 16 17 17 0 16 17 9 16 16 13 19 20 17 11 13 4 17 9
split_gain=5934.55 1473.64 2313.31 1941.98 1629.89 1502.05 1226.19 1003.7 974.299 897.675 892.801 800.165 786.283 776.114 1109.99 850.227 775.868 779.195 711.876 706.459 677.718 808.47 670.726 599.886 589.613 570.003 549.073 519.753 498.055 485.892 485.671 462.737 592.684 437.19 418.375 414.177 413.219 465.054 506.563 387.016 2215.49 1005.73 1925.29 590.075 1137.66 579.766 528.182 444.244 421.473 411.715 408.394 945.674 451.059 365.647 347.108 395.899 341.213 339.067 331.138 454.373 308.93 307.298
threshold=0.7502093802345059 17.500000000000004 25.500000000000004 9.5000000000000018 45.500000000000007 0.47477426787771621 0 1 2.5000000000000004 1.0000000180025095e-35 0.030457637600494747 2 51.500000000000007 83.500000000000014 3.5000000000000004 7.5000000000000009 3 2.5000000000000004 4.5000000000000009 4.5000000000000009 84.500000000000014 4 15.500000000000002 11.500000000000002 755.50000000000011 1.5000000000000002 5 1.5000000000000002 9.5000000000000018 6 0.40026881720430113 1.5000000000000002 1.5000000000000002 8.5000000000000018 7 337.50000000000006 8 39.500000000000007 35.000000000000007 18.500000000000004 25.500000000000004 9.5000000000000018 0.35310876487347082 44.500000000000007 48.500000000000007 9 10 4.5000000000000009 47.500000000000007 11 0.85724374495560951 51.500000000000007 49.500000000000007 12.500000000000002 12 13 14 0.036963608707838623 50.500000000000007 143.50000000000003 15 0.68966213019398304
decision_type=2 2 2 2 2 8 1 9 2 2 10 9 2 2 2 2 1 2 2 2 2 1 2 2 2 2 9 2 2 9 2 2 2 2 9 2 9 2 2 2 2 2 10 2 2 9 9 2 2 9 10 2 2 2 9 1 9 2 2 2 9 10
left_child=1 3 7 20 26 9 31 -3 13 22 23 -7 27 14 15 54 17 19 -16 -9 21 25 -5 -11 28 56 -4 -6 -10 -17 -29 53 -33 -25 -14 -21 -28 38 57 41 45 -20 -43 46 48 -41 -42 -46 -45 -44 51 -49 -52 -2 -8 -56 -1 -38 59 -58 -32 -31
right_child=6 2 4 5 12 11 8 16 24 10 -12 -13 34 -15 18 29 -18 -19 39 35 -22 -23 -24 33 -26 -27 36 30 -30 61 60 32 -34 -35 -36 -37 37 -39 -40 40 43 42 49 44 47 -47 -48 50 -50 -51 52 -53 -54 -55 55 -57 58 -59 -60 -61 -62 -63
leaf_value=-0.0015423643712051465 0.0053216273487137295 0.0031732248994845811 0.012989544961595845 -0.0076333884735466026 0.0053956186696340665 0.0081612064733891342 0.022899149982470137 0.0099833055988441301 0.0098593476718948168 -0.015812133022390283 -0.014845770708968923 -0.0024820008588106656 0.010597609467330798 -0.0092007874493973338 -0.01082136946942198 -0.01149336002791327 0.0065737404369109664 0.0087820547207499017 -0.0012351722788562323 0.023084864495577596 -0.0028223019434618479 0.00040183827981533606 0.046846771702188469 -0.047107986860848369 -0.0021894227232568454 0.013080015362413192 -0.002509011791762869 0.017614350596638302 0.0014079904540188039 0.014914271369023669 0.015000970878232545 -0.014666625230823647 -0.0062104014859089042 -0.098924435743975137 -0.0061007719145464209 0.076641662839467953 0.00046370415386763337 -0.0012007595647686798 0.011582512168861478 -0.002788456859413849 -0.00044159060863973573 -0.03527094835394274 -0.0031302207902458214 0.0015793559356584988 -0.0003954729807676958 0.0070457002164077496 -0.0077910967428411445 0.0060298753448948007 0.012377874428069724 -0.0099870219451504132 -0.023950688981112925 -0.021376402177168338 -0.0072070539062194898 -0.0053604664061268244 -0.0099983792507887248 0.013166246680705913 0.012691076878279537 0.0076428764485598853 0.0030561227725856496 -0.0013459965185519786 0.0049410575446942832 0.00070207786616722145
leaf_weight=15200.879548311234 10976.100028991699 46896.26123547554 8378.0620999336243 18739.55645608902 90741.244718790054 19995.542207956314 6326.9090218544006 13697.599164962769 19674.312950372696 1281.4091453552246 9794.3208155632019 150530.62909197807 4800.1819999217987 46381.656928062439 28624.660338401794 7258.1987428665161 43605.004095077515 29538.612545967102 112457.69680905342 28661.768829345703 33582.677399158478 64133.847395658493 581.52073311805725 1941.9617078304291 120221.15779852867 31968.054956674576 105988.59925842285 20639.503681898117 152946.89498877525 4545.7835028171539 10966.829615831375 30030.542371749878 66846.613604068756 515.97515773773193 17022.180188655853 364.79752135276794 71260.027406692505 96220.366103887558 16693.889747858047 18944.204528808594 31199.206465959549 6155.7335333824158 46695.482380867004 35824.787015914917 17922.816226005554 71704.722278356552 113102.3029756546 8619.4314334392548 12083.27046751976 41259.90486907959 8213.9881274700165 4956.9669964313507 7883.5176019668579 29647.857824802399 2349.3397176265717 8483.0024528503418 29758.990325450897 21380.419682025909 32595.740275859833 7149.8649873733521 25168.336586952209 23265.251635313034
leaf_count=7505 5203 23046 3924 8144 48987 8924 2413 10979 3371 324 2052 69357 2049 6735 15034 1649 19561 5243 30319 12549 5201 34093 283 457 16322 8020 44152 5378 29934 1003 2165 10363 17844 85 6868 115 26576 39563 6971 5484 8150 1707 12041 9781 6489 19232 30329 1785 3265 11029 1876 1016 1693 14125 970 3191 13589 7965 20383 1561 4885 5065
internal_value=5.02809e-05 0.00269862 0.00418405 0.000380275 0.00246627 -0.00311974 -0.00253804 0.00934755 -0.00190366 -0.0129089 -0.0227835 -0.00123363 0.00643289 -0.0029629 -0.00249463 0.00447959 0.0118452 0.0150246 -0.00313859 0.0193438 0.00370056 0.00491211 -0.00599132 -0.043565 0.000498962 0.00739065 0.000366669 0.00774332 0.00237128 1.70847e-05 0.0114954 -0.00695304 -0.00883184 -0.0580212 -0.00242531 0.0237606 2.67542e-05 0.00133432 0.00356544 -0.00272906 -0.00166781 -0.00442676 -0.00824048 -0.0041849 -0.00113617 0.00499098 -0.00620266 -0.00661104 0.00430314 -0.00634832 -0.0103651 -0.00397745 -0.0157517 -0.00247423 0.0135993 0.00813721 0.00524421 0.00212064 0.00672771 0.0099719 0.00800004 0.00302446
internal_weight=2.1644e+06 1.06979e+06 652024 417771 489260 203381 1.0946e+06 162764 957101 32854.7 13533.7 170526 169338 664259 617877 52228.5 115868 72262.8 565649 42724.2 214390 180807 19321.1 3739.35 292842 116674 319921 147516 172621 35069.2 56774.7 137501 96877.2 2457.94 21822.4 29026.6 311543 205555 109334 537024 330455 206569 94111.1 239806 95504.8 90648.9 144302 47596.7 47908.1 87955.4 29673.9 13576.4 16097.5 40624 17159.3 10832.3 84705.5 92640.4 69504.6 36908.9 36135.2 27811
internal_count=728372 450954 270976 179978 199483 89626 277418 71493 229883 11345 2918 78281 70332 180256 173521 14291 48447 28886 159230 23643 90352 85151 8427 866 49627 51058 129151 61415 33305 7717 12428 47535 28207 542 8917 12664 125227 81075 41512 144196 89100 55096 24777 64384 25905 24716 38479 12859 13046 23070 6370 2801 3569 19328 6574 4161 43038 34541 35533 15150 7050 6068
cat_boundaries=0 1 5 9 10 11 15 16 20 24 28 32 36 37 38 42 46
cat_threshold=1 1361053728 17588544 1211121118 37889 176 18891808 1946225808 581760 12 22 32 1092626176 8196 8454 549377 1090527872 524288 872482817 16385 1342179864 537509996 3498155088 49673 1092653056 2156285952 205533504 36865 2432700688 3229662497 139468810 532736 3223331536 8458280 604342601 583329 301800 24 2418049346 805315400 5382914 165248 2164269448 790592 811663360 17409
is_linear=0
shrinkage=0.05


Tree=45
num_leaves=63
num_cat=16
split_feature=5 16 16 16 9 16 12 0 17 9 17 5 7 20 13 12 16 20 0 16 16 3 17 17 16 19 16 20 13 17 3 16 13 19 5 11 16 12 16 9 1 16 17 17 3 13 12 6 13 3 5 17 9 0 17 17 0 17 5 6 12 16
split_gain=5450.99 1473.74 2266.75 1923.59 1708.75 1633.63 1308.73 948.341 947.342 871.493 818.665 750.746 727.673 856.55 670.196 652.151 642.003 641.334 848.834 633.716 621.782 589.807 611.221 572.837 562.237 547.14 530.949 517.387 504.445 487.285 468.829 462.384 453.714 448.49 437.851 426.272 671.838 425.656 402.254 389.897 491.64 651.505 389.551 384.327 383.669 382.819 365.048 359.215 354.614 331.3 402.888 310.716 306.349 298.01 291.757 286.991 285.899 279.174 278.33 276.872 275.316 361.328
threshold=0.80046296296296304 17.500000000000004 25.500000000000004 9.5000000000000018 0.49127877497211242 44.500000000000007 0.05780684861914704 1.5000000000000002 0 0.055658818669971091 1 2.0024449877750619 76.500000000000014 2 13.500000000000002 0.14611528303841512 14.500000000000002 3 6.5000000000000009 15.500000000000002 11.500000000000002 2.5000000000000004 4 5 48.500000000000007 6 51.500000000000007 7 1.5000000000000002 8 4.5000000000000009 16.500000000000004 38.500000000000007 9 0.28602417105670908 0.029421671833121301 39.500000000000007 0.42899813416380667 51.500000000000007 0.727389577003973 5.5000000000000009 51.500000000000007 10 11 140.50000000000003 40.500000000000007 0.079963473055694748 0.86721259368308368 5.5000000000000009 1.5000000000000002 0.1782189137027847 12 0.75008111615833883 1.5000000000000002 13 14 8.5000000000000018 15 0.14423702052568035 0.69239040529363127 0.1252223146332713 51.500000000000007
decision_type=2 2 2 2 8 2 2 2 9 10 9 2 2 1 2 2 2 1 2 2 2 2 9 9 2 9 2 1 2 9 2 2 2 9 2 2 2 2 2 10 2 2 9 9 2 2 2 2 2 2 2 9 8 2 9 9 2 9 2 2 2 2
left_child=1 3 8 12 7 23 25 19 -3 20 -6 26 13 29 24 16 43 18 49 48 -9 -16 -23 52 44 -2 37 28 -27 -1 -31 58 -17 -28 -32 -25 -37 45 -24 40 -13 -42 -29 -12 -7 -8 -15 -11 -5 -10 -51 -39 -4 -41 -30 -55 -22 -48 -18 -33 -26 -62
right_child=6 2 5 4 10 14 11 9 17 47 15 39 -14 46 21 32 31 -19 -20 -21 56 22 38 35 60 27 33 42 54 30 34 59 -34 -35 -36 36 -38 51 -40 53 41 -43 -44 -45 -46 -47 57 -49 -50 50 -52 -53 -54 55 -56 -57 -58 -59 -60 -61 61 -63
leaf_value=0.00095396390977175744 -0.0098007201781719622 0.0028957108138350975 0.0084777821128412343 0.021499123657125169 0.01275277425348852 0.011209608321741088 -0.0036090091287892668 -0.020325247464594971 0.0099557695237032298 -0.025089746230330986 -0.0032693403482115303 -0.0081830138015621025 -0.0026918057371603525 0.0060549078809359128 0.001756964907337072 -0.00910209330645558 -0.0029315628191089451 0.006325416924547942 0.0062922225788916144 0.04370868451137333 -0.053176502821790039 0.013781903513651628 0.007542429068394552 -0.0025478488237828628 -0.010008521862287019 0.01196141606034333 -0.023779492321796464 -0.0005888712079507555 -0.0031618587920737664 0.0034281551207694426 0.016620815901894348 0.011046075370030922 -0.0021141033755400144 -0.0063215967282957523 0.0081001666946322552 0.005474053280173731 -0.0029870879700416232 -0.0018892313072768941 -0.0031912970698697025 -0.0030449796405711128 0.0067430440667244967 -0.019871746345791565 -0.006198743788369503 0.0083815691000382036 -0.0038834410593931016 -0.00030914247443023023 -0.0070722709062522654 -0.0043339903064395112 -0.010178855650647292 0.024394007734405102 0.014579691252815422 -0.0068047377672393996 0.001256587354135804 -0.018640345952528503 0.0020044503197130812 -0.0096232021429691408 -0.096171438364250419 0.00068184593126527923 -0.015951240339903663 -0.0024759197265858267 0.011967985583788622 -0.015557987723436088
leaf_weight=24362.215366840363 14643.536375522614 50655.464591503143 25721.076998710632 920.30236148834229 9746.1682336330414 11959.845873594284 177736.00177335739 1159.9424760341644 11953.746139526367 5468.7040529251099 9188.4620032310486 25692.842781543732 41878.044370174408 20246.263553857803 40477.820115089417 37746.649925470352 7941.164608001709 46590.936331033707 25976.296174049377 586.86386704444885 1165.4025475978851 40210.524541854858 76028.524294614792 170873.93841910362 13980.653419733047 11355.05973815918 5413.597752571106 115191.70292305946 32995.082555294037 27457.61310338974 23793.015485048294 5734.1425948143005 60391.544854402542 11515.127504587173 41167.747771501541 51704.739547014236 42947.584782361984 47904.823244571686 9859.9681730270386 13963.384813785553 14955.499011993408 2716.1217441558838 42305.632271528244 30779.991296768188 6497.4994602203369 173867.22297430038 17191.020251274109 3369.0545048713684 21546.872333049774 20534.970504045486 21321.090557813644 97907.162432670593 34236.416716337204 10571.345686912537 158861.99725437164 54271.431828737259 582.91302967071533 35693.831249475479 8497.3465456962585 11135.871249675751 3743.0953011512756 1748.2490208148956
leaf_count=10430 4410 24295 8344 347 4376 4343 41715 253 10512 1078 3696 13007 6538 9825 34306 15290 4732 19997 4178 289 251 12273 23494 68883 3826 3633 1198 28168 7711 20664 8842 2907 34582 2687 10185 17837 14707 12786 2955 8247 3468 565 13103 10704 1058 41167 9207 630 8848 10064 5638 27377 15682 2925 31070 14578 98 18697 1813 2548 929 434
internal_value=7.59194e-06 0.00235521 0.00377666 0.000110656 -0.00328455 0.00214041 -0.00267158 -0.013432 0.00867514 -0.024995 -0.00133522 -0.00405244 0.00327401 0.00458956 0.00564247 -0.00213692 0.00143202 0.0109906 0.0137135 -0.00753982 -0.0487332 0.0070083 0.00869395 -5.99913e-05 -0.000355951 -0.000329949 -0.00321553 5.48278e-05 0.00172189 0.00724653 0.00890498 -0.0036946 -0.00480194 -0.0119233 0.0112212 -0.00105678 0.0016349 -0.00291916 0.00630944 -0.00757578 -0.00376785 0.00265147 -0.00209608 0.00570437 0.00589651 -0.00197724 0.000345672 -0.0171788 -0.00888036 0.0172984 0.0193952 -0.00519043 0.00435376 -0.00967108 0.00111589 -0.0110979 -0.0675584 -0.00184004 -0.00966222 0.00212061 -0.00628261 0.00320346
internal_weight=2.16664e+06 1.15477e+06 707022 447751 215961 529990 1.01187e+06 34800.1 177033 11746 181161 636515 231790 189912 204506 171415 73277 126377 79786.1 23054 2908.26 166577 126099 325484 37929.3 375353 514344 360709 203212 116781 92418.4 33308.5 98138.2 16928.7 64960.8 265526 94652.3 497415 85888.5 122171 43364.5 17671.6 157497 39968.5 18457.3 351603 73131.1 8837.76 22467.2 53809.8 41856.1 145812 59957.5 78806.2 191857 64842.8 1748.32 52884.9 16438.5 16870 19472 5491.34
internal_count=728400 470585 283755 186830 92442 209071 257815 11794 74684 2310 80648 169720 94388 87850 83618 76272 26400 50389 30392 9484 602 73028 38722 125453 10590 88095 126930 83685 42414 50121 39691 12000 49872 3885 19027 101427 32544 123045 26449 42790 17040 4033 41271 14400 5401 82882 37729 1708 9195 26214 15702 40163 24026 25750 38781 17503 349 27904 6545 5455 5189 1363
cat_boundaries=0 4 8 9 10 14 18 19 20 24 25 29 33 37 41 45 49
cat_threshold=1361086496 19800416 137379210 38401 144 2097184 1073810448 41088 6 12 1090528920 805863936 608242948 550017 2198869024 295712512 139469486 536838 540672 4 2435875146 2952803104 5379618 38784 1061521 536879200 11211528 134587862 25643 2183172352 2415961928 134251008 260 1049296 2684935712 604047393 540938 2166394880 4035065344 68162208 256 2165342216 805711968 6298691 1536 1610619040 2147488612 135536772 270
is_linear=0
shrinkage=0.05


Tree=46
num_leaves=63
num_cat=16
split_feature=5 5 4 12 16 16 16 9 16 16 8 4 16 16 16 9 9 16 17 19 16 16 20 16 6 6 14 12 16 16 16 19 17 20 5 20 20 17 17 16 16 17 8 16 17 16 10 0 10 20 17 16 12 6 4 17 0 17 0 4 14 16
split_gain=4881.65 1825.78 1735.53 1084.91 1068.25 1240.12 1138.45 909.856 1018.17 866.416 794.818 762.719 738.425 731.141 1072.04 905.977 640.145 599.785 700.656 586.633 572.915 572.519 560.416 542.031 725.624 475.379 472.426 468.753 467.492 614.012 561.363 465.379 435.336 435.293 447.022 433.07 431.643 406.369 391.048 371.525 503.301 365.349 343.528 342.296 340.614 332.46 321.162 316.651 315.521 312.355 310.889 309.923 303.603 301.838 314.272 289.39 286.779 284.806 284.212 282.396 280.56 278.903
threshold=0.30783332158217591 1.0906883038030581 8.5000000000000018 0.32289221264764562 17.500000000000004 25.500000000000004 9.5000000000000018 0.74366987179487187 51.500000000000007 14.500000000000002 1.1985383136305372 177.50000000000003 44.500000000000007 16.500000000000004 9.5000000000000018 0.23097601323407776 0.55244618395303335 11.500000000000002 0 1 44.500000000000007 15.500000000000002 2 25.500000000000004 0.1767184401850628 1.6668133157354454 1.0000000180025095e-35 0.075973465819163435 48.500000000000007 44.500000000000007 49.500000000000007 3 4 5 2.0746415271383754 6 7 8 9 45.500000000000007 39.500000000000007 10 1.1143063882571844 39.500000000000007 11 25.500000000000004 1.5000000000000002 2.5000000000000004 1.5000000000000002 12 13 4.5000000000000009 0.15415831592039339 0.11715230855855857 235.50000000000003 14 29.500000000000004 15 126.50000000000001 1.5000000000000002 1.0000000180025095e-35 19.500000000000004
decision_type=2 2 2 2 2 2 2 10 2 2 2 2 2 2 2 10 8 2 9 9 2 2 1 2 2 2 2 2 2 2 2 9 9 1 2 1 1 9 9 2 2 9 2 2 9 2 2 2 2 1 9 2 2 2 2 9 2 9 2 2 2 2
left_child=2 10 26 7 6 22 31 8 20 17 11 27 -7 14 -13 -16 21 51 32 45 33 -8 -6 24 61 39 59 57 29 35 -30 -4 -19 34 -3 43 47 -25 48 40 55 -24 -17 56 -18 -11 -29 -5 -14 -28 -38 -9 -33 54 -43 -12 -21 -2 -22 -1 -47 -15
right_child=1 3 4 36 5 12 16 9 -10 19 25 13 38 23 15 42 44 18 -20 28 58 -23 41 37 -26 -27 49 46 30 -31 -32 52 -34 -35 -36 -37 50 -39 -40 -41 -42 53 -44 -45 -46 60 -48 -49 -50 -51 -52 -53 -54 -55 -56 -57 -58 -59 -60 -61 -62 -63
leaf_value=-0.0014884352412362256 0.00038583525142972259 0.0005916660336730945 0.016417364314819806 -0.0084274301894560495 0.0056305340430622903 0.0034970135401103117 -0.010859439083250003 0.0032921435320648037 -0.017739929348579205 0.0042649985131900797 0.0056991447506023404 -0.0023324464302093835 0.010886418580861328 0.049490730325219917 -0.037230453506128698 -0.015919220835944173 -0.0037348970206971298 0.039047941935653911 -0.0062506676183198872 -0.00010110952549579943 0.0098047128890300372 0.039773942509232239 0.012774299774199374 0.0019666156673640686 0.0023060017832578421 -0.0013293360510854889 0.024917345903125779 -0.0027091409770050017 -0.019879627593582094 0.0025142887179536761 -0.004281418744986604 0.011598254699936604 0.010493062193454942 -0.0035712628743628893 0.0097198069910356764 -0.0099544672024813076 -0.0025825083323926029 -0.0042817201608518268 0.0045488284570456309 0.0081570249745137567 -0.0032572135465504777 0.032055880802327852 -0.0056896937055565559 -0.010806416032221175 0.0046482585498962307 -0.0091339816988859381 0.001296043641165232 -0.02038293208867701 0.020997480336194772 0.0062805251497591785 -0.0069263450222333102 -0.0040005493216624622 0.002747273313495504 0.020512445934072504 0.087252103577743129 0.00086074439908304622 -0.0069050856411748233 0.0055740319926107593 -0.0042922310282506627 0.0017849880676839838 0.0046966056995350544 0.011375861050558982
leaf_weight=99569.801580429077 45612.496726036072 64646.545202970505 13366.671474933624 15763.669254302979 9928.1621971130371 78977.701878786087 17817.131744384766 20621.307904481888 6995.425838470459 22192.075446844101 82209.792018413544 62386.895954370499 24313.153921365738 1130.6497614383698 3520.7924885749817 15628.731071233749 19121.956887245178 1463.2591333389282 6574.8661410808563 40089.690630674362 26447.095672130585 575.37903642654419 13929.434482812881 35487.065210580826 46376.437275409698 66269.760905265808 2628.1813778877258 98991.020340681076 13256.087190628052 20638.63821387291 10212.022735118866 14643.086079597473 14606.687624931335 46611.631546974182 16922.545202732086 59713.269908905029 60425.472778081894 97513.639621019363 15410.547611236572 36005.008219957352 30395.692101716995 3411.286679983139 17285.40638923645 16412.872951030731 33036.842163562775 12162.077470064163 101239.47876501083 8539.5825796127319 11305.435043334961 15393.534764528275 129675.73549509048 49628.820644617081 28634.10556101799 17607.247271776199 278.47328591346741 49539.630295991898 25234.284579277039 62988.342656612396 4133.7957172393799 194756.70363140106 5248.5114798545837 834.74893069267273
leaf_count=87412 11516 12835 4867 7637 4526 30104 5955 5977 1523 4932 15555 10897 10702 299 639 2998 8106 426 1841 11767 6830 275 6195 5980 7882 12453 1337 28053 3183 5823 2975 5882 3782 13439 4715 17389 18079 16867 5810 7080 6016 2911 2875 4190 12899 3098 26080 2515 3211 8346 40633 13730 10922 5536 128 9515 4003 15849 549 139080 1164 214
internal_value=1.76193e-06 -0.00149217 0.00377272 -0.00338837 0.00647301 0.00900558 0.00298535 -0.00207631 0.000927219 -0.00364163 5.92022e-05 -0.000963183 0.00652607 -0.00285226 -0.00631233 -0.0131268 -0.00125318 0.000421225 0.00749741 -0.00531785 0.00174985 -0.00927338 0.0161441 -0.000966686 0.00356744 0.00233656 0.00115878 0.000750544 -0.00649672 -0.00554205 -0.0130926 0.00826448 0.0131181 0.000282737 0.00248521 -0.00671754 -0.00634905 -0.00261472 0.011214 0.00356259 0.00254234 0.0191 -0.0105474 -0.00435095 0.00157507 0.000207277 -0.000684064 -0.0126238 0.0140922 0.00901695 -0.00554584 -0.00185983 0.00574093 0.0232287 0.0362442 0.00388036 -0.00272951 0.00339555 0.00789907 0.000677597 -0.00496465 0.0333165
internal_weight=2.16634e+06 1.55163e+06 614705 698216 302357 175161 127195 483812 165757 318054 853416 588996 130007 280164 98821.8 36434.9 70551.3 92894.9 22644.8 225160 158762 18392.5 45154.6 181343 48341.8 264420 312348 308831 185557 162089 23468.1 56643.9 16069.9 128181 81569.1 141450 214404 133001 51029.1 198150 162145 35226.4 32914.1 81736.8 52158.8 39602.7 200230 24303.3 35618.6 18021.7 190101 70250.1 43277.2 21297 3689.76 131749 65324 108601 30580.9 294327 17410.6 1965.4
internal_count=728007 373803 354204 193035 118029 69123 48906 124171 39891 84280 180768 130149 49827 48651 17409 6512 27235 25756 6049 58524 38368 6230 19296 31242 8395 50619 236175 81498 49330 43172 6158 21671 4208 30989 17550 37349 68864 22847 19723 38166 31086 14770 5873 19960 21005 9194 54133 10152 13913 9683 58712 19707 16804 8575 3039 25070 15770 27365 7379 226492 4262 513
cat_boundaries=0 4 5 6 7 10 11 12 13 17 21 25 29 30 34 38 42
cat_threshold=538976976 819208 604342544 541729 39432 1 235530 0 8 67600 6 4 1 1090531672 2424839745 71312672 533760 553658328 814514176 879069200 541737 1092663048 537682176 137374064 5121 2434831688 2684526912 403714928 5640 6 1073743568 1074370080 876677128 672001 1612710552 2148041728 807741480 549408 3508574720 3498067520 339806064 28960
is_linear=0
shrinkage=0.05


Tree=47
num_leaves=63
num_cat=21
split_feature=5 0 12 12 20 8 20 16 16 16 9 16 17 12 19 16 17 20 19 16 16 16 9 16 9 16 16 16 17 17 8 16 16 9 16 9 20 16 17 14 8 16 16 9 16 6 17 12 5 21 20 17 17 0 17 16 17 3 17 9 17 17
split_gain=4516.34 1405.36 1371.18 1007.15 900.212 893.539 711.364 813.541 1766.43 938.037 1147.62 623.12 603.625 560.413 558.159 524.75 499.336 486.321 482.145 435.577 1074.62 557.85 768.854 681.719 464.508 431.77 1099.5 1215.46 422.666 415.214 396.278 405.793 549.711 478.908 411.056 542.516 382.641 379.218 375.541 370.719 577.19 356.441 636.155 1008.64 393.638 352.159 344.505 328.882 323.701 320.18 315.335 311.174 305.243 302.043 298.35 291.037 290.775 286.311 291.272 278.779 269.77 259.391
threshold=0.90921770001267921 6.5000000000000009 0.16523468842716002 0.046433457530984552 0 1.1985383136305372 1 25.500000000000004 18.500000000000004 10.500000000000002 0.31639111340738829 12.500000000000002 2 0.58880067370942368 3 46.500000000000007 4 5 6 44.500000000000007 48.500000000000007 49.500000000000007 0.54178305400372451 51.500000000000007 0.60011520737327206 8.5000000000000018 16.500000000000004 25.500000000000004 7 8 1.1177336914147105 16.500000000000004 26.500000000000004 0.81833367078355956 9.5000000000000018 0.34518541930046359 9 18.500000000000004 10 1.0000000180025095e-35 1.0555941894606711 16.500000000000004 9.5000000000000018 0.1786393264530147 51.500000000000007 1.7140959129444517 11 0.13755733282442459 0.21648249234456135 12 13 14 15 155.50000000000003 16 15.500000000000002 17 233.50000000000003 18 0.73870593692022279 19 20
decision_type=2 2 2 2 1 2 1 2 2 2 10 2 9 2 9 2 9 1 9 2 2 2 10 2 10 2 2 2 9 9 2 2 2 8 2 8 1 2 9 2 2 2 2 10 2 2 9 2 2 9 1 9 9 2 9 2 9 2 9 10 9 9
left_child=1 2 12 18 -4 41 7 8 9 29 -11 36 -1 15 -14 25 -9 30 28 60 -21 22 -22 59 -25 54 56 37 50 45 31 34 57 -34 -16 -36 -12 -28 -10 -20 -41 42 -3 -44 -43 -5 55 -38 -32 53 -2 -17 -45 -42 -6 -13 -27 58 -33 -23 -18 -39
right_child=3 5 4 6 13 -7 -8 16 38 10 11 46 14 -15 17 51 19 -19 39 20 21 23 -24 24 -26 26 27 -29 -30 -31 48 32 33 -35 35 -37 47 61 -40 40 49 44 43 52 -46 -47 -48 -49 -50 -51 -52 -53 -54 -55 -56 -57 -58 -59 -60 -61 -62 -63
leaf_value=0.00027484930004796322 0.0015867226957032758 -0.0016757399663593819 -0.0015123548983353306 0.0024369147775068559 0.016375125603950467 0.0025861335313291482 -0.0077171558441898498 0.0035445198576626621 0.0080891291637623635 -0.041076303027684988 -0.0048844618482591961 0.0081703654112355358 0.0014043222590905313 -0.00096078062198962338 0.0088733205104855658 0.016405396220504756 -0.0034430839187197942 0.0049096945014569229 -0.00033166569704934753 0.0038397869970835659 0.0065750556931593223 0.012705354079675766 -0.016614017661475078 -0.019249104973731338 -0.0024026992845847424 -0.012892903819687399 0.0037855155555156835 0.0011557423215236117 -0.0062223157642101387 -0.0055850649554394088 0.020346056679226496 0.0098817304716282608 0.013972652481341509 0.0018882505479703552 -0.015420484769591767 0.003713702884095481 -0.0022049262389942626 0.016927250539416627 0.0014859726323154672 0.014138220128740686 0.0064768508353226896 -0.00060528740657068514 -0.04100972739741722 0.0061454888952431758 -0.015316271182541237 -0.0059953018419585365 -0.0074163154540420719 -0.02323850181665291 0.010575611439099863 -0.0059585876551763181 -0.0057907796720339565 0.0064345364608510884 -0.0098649061884046544 -0.0047728492683644479 0.0055303194712666174 -0.0038449039188188112 -0.0023524918866064987 0.052339648549953391 0.021423488265787674 -0.00098966484212330828 -0.0088062478195030849 0.0075657440658725254
leaf_weight=47483.786871671677 59477.985555648804 52473.445257663727 173068.48570942879 67224.961152553558 7354.732842206955 140053.58507919312 98392.349874258041 15264.522761106491 42016.260060548782 2554.9465227127075 6684.4408206939697 8047.1363463401794 47787.855231285095 76447.348537683487 16460.337870121002 10991.948826551437 30264.683457136154 113748.80393671989 85793.384320020676 34459.882774591446 4283.5167236328125 6379.5525004863739 21580.493763208389 7384.007360458374 9176.7994825839996 7447.2162714004517 13085.480901002884 95559.386500120163 46518.659167051315 35479.120671749115 12080.050175189972 11724.524562597275 12776.79301571846 22878.828726530075 5337.3455972671509 12103.289249897003 2243.5813856124878 22375.324437856674 44189.015337944031 12947.22617149353 30628.595269203186 155068.83173370361 2516.5709228515625 3359.4844741821289 4683.680239200592 15176.640048265457 34457.637445211411 10832.156820774078 28438.91947388649 9533.3042192459106 19134.704712867737 27300.235743999481 25883.005426883698 7409.3019514083862 46076.981675624847 13482.547780513763 53480.840238332748 533.81192278862 10351.667618751526 8898.0049345493317 104783.90169739723 11144.351976394653
leaf_count=22202 13569 8989 103826 17652 3185 21941 32807 3467 10808 811 1639 1959 21923 42799 7268 5164 7882 50449 19356 9605 1066 1620 5077 1726 2285 3742 7111 41944 13960 9293 3707 5249 3917 11757 1682 6017 519 11124 12376 4602 6348 26239 443 586 789 4341 8380 2800 7140 2140 6479 12860 4435 1006 21146 2858 23826 115 4871 2557 26700 6243
internal_value=1.23681e-05 0.00192918 0.00302417 -0.00270866 0.00146574 -0.000597128 -0.00381575 -0.00308417 -0.00126013 -0.00388151 -0.00812359 -0.00701157 0.00550671 0.00285398 0.00635084 0.00384326 -0.00520857 0.00730994 -0.000166679 -0.00579654 -0.00314668 -0.00731899 -0.0127734 -0.00288781 -0.00991476 0.00302823 0.00197605 0.00438446 -0.0024452 -0.00106365 0.00936705 0.00755585 0.0100865 0.00621883 0.00320626 -0.00214247 -0.0146448 0.0110045 0.0047055 0.00178205 0.00477879 -0.0024244 -0.00505627 -0.0106415 -0.00103668 0.000883717 -0.00431728 -0.0196149 0.0134889 0.00223123 -0.000209556 0.00930304 -0.0080267 0.00428436 0.00702746 0.000645907 -0.00364354 0.0161852 0.0153086 0.00472951 -0.00760529 0.0138224
internal_weight=2.16478e+06 1.27008e+06 886038 894699 544332 384039 623256 524864 282388 196183 78302.4 75747.5 341706 371264 294222 294816 242475 246434 271443 227211 92162.3 57702.4 25864 31838.4 16560.8 256524 203093 142165 125131 117881 132686 92166.6 58265.6 35655.6 33901 17440.6 19760.2 46605.2 86205.3 146312 60518.4 243985 84232.5 31759.1 159753 82401.6 55987.3 13075.7 40519 47571.2 78612.7 38292.2 29242.5 38037.9 53431.7 21529.7 60928.1 22610 22076.2 15277.6 135049 33519.7
internal_count=728377 492689 429267 235688 282970 63422 168228 135421 73436 50252 18966 18155 146297 179144 124095 136345 61985 102172 67460 58518 23936 14331 6143 8188 4011 118321 93990 66422 34008 31286 51723 40876 25909 15674 14967 7699 4958 24478 23184 33452 14096 41481 14453 5464 27028 21993 13197 3319 10847 9494 20048 18024 5021 7354 24331 4817 27568 10235 10120 4177 34582 17367
cat_boundaries=0 1 2 6 7 11 12 13 17 21 22 26 30 32 33 37 41 45 49 53 57 61
cat_threshold=25 14 1377867808 3758121076 278549280 37188 1589376 0 1082141697 4202626 8516 12 1795331 285213304 277842217 68266016 712736 1610622608 2693534720 879036433 24617 10 536880512 105992 809861648 534016 2149589648 8392704 805404689 17409 1719239 33792 6 1073742480 557056 807471169 541697 1216 4096 606146560 1025 1074790528 524296 874512416 540673 2165309512 268481024 72357728 5632 16785928 269226240 69280961 541736 2164265296 2147521312 202407968 655488 2684360320 805327360 872778240 541992
is_linear=0
shrinkage=0.05


Tree=48
num_leaves=63
num_cat=18
split_feature=5 10 10 0 20 0 0 20 4 10 0 1 10 2 9 17 17 20 0 4 14 4 3 11 17 17 4 14 5 3 8 1 5 5 17 7 17 17 17 11 17 14 8 20 0 5 11 0 3 4 14 21 20 5 17 7 20 0 6 17 4 8
split_gain=4118.78 1334.9 1015.75 1063.59 727.135 964.593 689.473 577.008 790.233 562.155 544.996 939.055 490.142 472.237 426.344 407.089 406.266 395.021 382.238 358.647 743.316 678.826 659.492 421.659 367.234 353.257 347.962 587.612 337.589 360.07 336.169 327.316 319.796 307.903 288.207 277.695 261.588 259.496 255.282 252.553 247.992 246.273 244.845 257.961 236.465 234.102 233.316 230.603 229.64 227.834 218.978 214.854 207.006 205.383 203.197 200.215 196.728 195.123 194.241 191.983 188.562 185.277
threshold=0.48016563146997931 1.5000000000000002 1.5000000000000002 1.0000000180025095e-35 0 1.5000000000000002 83.500000000000014 1 512.50000000000011 4.5000000000000009 1.5000000000000002 1.0000000180025095e-35 3.5000000000000004 12.500000000000002 0.1786393264530147 2 3 4 220.50000000000003 66.500000000000014 1.0000000180025095e-35 6.5000000000000009 3.5000000000000004 0.083137392804448346 5 6 160.50000000000003 1.0000000180025095e-35 0.093386627906976757 12.500000000000002 1.0588877472386338 2.5000000000000004 1.7518466389534442 1.0811998811998815 7 271.50000000000006 8 9 10 0.10172669636085631 11 1.0000000180025095e-35 1.081440594278303 12 1.5000000000000002 1.7153246753246754 0.006762711826013402 23.500000000000004 53.500000000000007 2.5000000000000004 1.0000000180025095e-35 13 14 1.846624323688544 15 42.500000000000007 16 407.50000000000006 0.1001012145748988 17 92.500000000000014 1.1419456599165565
decision_type=2 2 2 2 1 2 2 1 2 2 2 2 2 2 10 9 9 1 2 2 2 2 2 2 9 9 2 2 2 2 2 2 2 2 9 2 9 9 9 2 9 2 2 1 2 2 2 2 2 2 2 9 1 2 9 2 1 2 2 9 2 2
left_child=2 4 10 13 6 50 19 8 12 18 11 36 17 -4 60 -12 35 26 40 20 21 -2 -22 25 58 -24 27 33 29 -13 -7 -30 59 -3 -8 46 49 -28 -31 48 -10 -14 -40 -44 -23 -46 -5 -19 -29 -1 -6 -27 -51 -32 -52 -18 -16 -11 -21 -9 -15 -48
right_child=1 7 3 16 5 30 34 32 9 57 15 28 41 14 56 -17 55 47 -20 24 22 44 23 -25 -26 51 37 39 31 38 53 -33 -34 -35 -36 -37 -38 -39 42 -41 -42 -43 43 -45 45 -47 61 -49 -50 52 54 -53 -54 -55 -56 -57 -58 -59 -60 -61 -62 -63
leaf_value=0.00010342555713304114 -0.0087572686836738575 0.0039007246112416818 0.0095717408256174273 -0.0069654552786976758 -0.0039366199082231067 -0.0080440103604726299 -0.0058954332502832163 0.00042104620114299246 -0.00050610816069991324 0.002135632061007611 -0.012777046881392494 0.0047573051582679013 0.0046734496656329816 0.020837281790118452 0.014556275636107422 -0.00094369835680731284 0.0034127008340979412 -0.002331388128342523 -0.0094579121017487888 0.016676731650750645 0.022416261161784384 0.0015309128806236813 -0.0067039830236395245 -0.010421197252341183 -0.0060010327961525969 0.0086723877031600616 0.0010836195447217485 0.016354869614713594 -0.0087369513793365272 0.00086533128303748407 -0.012219870643215565 0.003392447222131795 -0.0087513962199535691 -0.00047276121914262813 -0.018725247005276526 -0.0010007241952514282 -0.00047124274268035431 -0.0032588172580441778 0.0085022254796267571 -0.011866756204168523 -0.004799168712526042 0.017757864561594387 0.019957410329196838 0.0024269019830763269 -0.00078029753593920827 -0.0054837280248862296 0.005038630739060238 -0.013672477130502212 0.0067565711256834847 0.0062545720923517373 0.011904631900211874 8.6661475913739274e-05 0.0012888872993532729 -0.021265535889329324 -0.0027862912292465299 -0.002798836378670783 0.031275819241546328 -0.0034518450174780254 -0.0019145717236707816 -0.0040820701135374634 -0.0076541323759061258 0.010336160542327576
leaf_weight=63129.291831970215 34232.516470193863 79750.840682983398 48395.25358581543 2821.8250820636749 45170.341729402542 26411.762392759323 8833.3652753829956 40292.843536615372 64951.721853971481 78574.87836933136 8654.6506752967834 105991.61037111282 64970.461512327194 917.48950958251953 2580.9163918495178 45098.260053157806 25141.896699666977 39209.90577340126 25033.981153488159 1425.1469480991364 4607.7901244163513 58637.553632736206 6196.2147262096405 5492.3965275287628 96995.004650592804 25529.079881668091 103179.47851514816 10695.441280841827 7185.2270596027374 6307.8347232341766 14713.856403827667 24606.925491333008 23231.10097026825 81236.722010612488 8731.2768940925598 12455.075015068054 175862.32904601097 51599.666786432266 22491.693113803864 1294.4956576824188 69790.423673152924 3806.1505172252655 11845.764923095703 2567.414234161377 79364.302262544632 39683.091594934464 32686.853957891464 5059.866304397583 14935.237727165222 47638.091423749924 4625.0957562923431 10206.091788053513 37542.918172836304 10949.519527196884 4778.0683763027191 26800.876231193542 6002.319717168808 19502.124663829803 94560.318944215775 57364.458425760269 1578.212474822998 33346.027385473251
leaf_count=55653 17333 20229 17554 633 21056 9046 1270 9103 9955 11136 1738 50785 12379 235 656 8909 6230 10212 3146 547 2302 24007 1641 1491 20897 6503 19055 2632 2022 2031 4031 6632 6780 21348 1316 1650 137495 9641 7879 290 10843 653 3411 790 22268 13093 7385 905 2739 32310 2161 2623 26503 3829 2266 4452 1495 2212 19308 14429 346 6912
internal_value=2.26422e-05 -0.00156565 0.00301397 0.00614408 -0.00340552 -0.00713599 -0.00256684 -0.000284343 0.000256832 -0.00195521 0.00193464 0.00244394 0.00150839 0.0117038 0.0210156 -0.00285172 0.00366254 0.000817098 -0.00378431 -0.00219319 -0.000995404 -0.00231017 0.00435938 0.0026045 -0.00383144 0.00431089 0.00139128 0.0028373 0.00532896 0.00632573 -0.0120045 0.000650938 -0.00347855 0.00169381 -0.0122878 0.00586879 0.000833127 -0.000364197 0.0101726 0.00967398 -0.00273013 0.0053978 0.0117599 0.0168506 -0.00106803 -0.00234817 0.00711226 -0.00362709 0.0107623 0.00237968 -0.00249155 0.00622106 0.00406691 -0.01608 0.00444987 0.000207706 0.026304 0.00102457 -0.0016382 -0.0022245 0.00282426 0.00771395
internal_weight=2.16727e+06 1.41562e+06 751649 192727 581143 106649 474494 834480 713591 257853 558922 505169 455738 59474.2 11078.9 53752.9 133253 386962 159776 456930 263949 211917 52031.6 47423.8 192980 41931.4 342692 187913 180996 149204 52075.1 31792.2 120888 160988 17564.6 81309.8 324173 154779 43212.7 26925.2 134742 68776.6 36904.9 14413.2 177685 119047 68854.7 44269.8 25630.7 148310 54573.5 35735.2 85181 25663.4 9403.16 51942.8 8583.24 98077 95985.5 97657.3 2495.7 66032.9
internal_count=728381 344675 383706 47548 176988 42389 134599 167687 137375 37292 336158 325511 100083 20286 2732 10647 27262 87051 23944 132013 91261 76701 14560 12258 40752 10767 75934 47238 73550 64896 16906 8654 30312 41577 2586 16580 251961 28696 14111 5661 20798 13032 12080 4201 59368 35361 14930 11117 5371 114466 25483 9126 58813 7860 4427 10682 2151 13348 19855 23532 581 14297
cat_boundaries=0 1 2 6 10 11 15 18 22 26 30 34 38 39 41 42 46 47 51
cat_threshold=22 14 3223355400 2952925248 13056 1025 1628451728 813716008 807731336 541985 6 1073872 1082756096 945062153 533472 1074823184 2416186880 139872 960 8388608 805343232 16680 570459840 2098816 3024163344 5928227 553662344 814449184 805382465 549416 2147516424 2684485696 1056768 33793 13248 537437728 872780816 548896 22 320073911 132096 12 539000832 660288 1746249984 1 1 1074803736 10502400 1610654877 17667
is_linear=0
shrinkage=0.05


Tree=49
num_leaves=63
num_cat=12
split_feature=5 12 12 15 20 16 16 15 9 1 13 10 1 7 20 20 10 16 13 19 4 10 10 16 11 5 8 5 5 4 10 19 6 19 16 16 16 9 11 12 19 16 16 20 16 4 16 16 5 19 16 7 19 15 9 19 9 13 19 16 16 9
split_gain=3800.32 1320.64 1097.27 954.402 872.231 720.246 715.205 699.769 655.247 594.057 710.444 722.61 650.985 587.139 566.395 492.294 483.152 480.071 476.773 477.642 423.304 422.32 421.524 366.502 352.026 348.584 346.888 427.817 344.229 452.075 330.095 326.902 315.508 288.324 286.551 750.49 349.932 280.83 274.155 272.178 269.698 269.085 565.71 798.08 384.817 262.567 253.087 313.81 250.336 247.931 246.261 243.896 279.372 278.059 241.635 238.493 237.486 236.031 417.056 231.083 230.174 293.85
threshold=0.47092630155510484 0.42899813416380667 0.25004167594759602 65.500000000000014 0 49.500000000000007 51.500000000000007 8.5000000000000018 0.87506397134083935 165.50000000000003 2.5000000000000004 1.5000000000000002 16.500000000000004 70.500000000000014 1 2 1.5000000000000002 18.500000000000004 54.500000000000007 3 7.5000000000000009 2.5000000000000004 1.5000000000000002 4.5000000000000009 0.067779660535355432 0.093386627906976757 1.0238664843928003 1.8401277955271567 1.4002012072434609 56.500000000000007 1.5000000000000002 4 0.70007727975270495 5 18.500000000000004 25.500000000000004 9.5000000000000018 0.74994407158836707 0.048796609975397594 0.033366676997112939 6 9.5000000000000018 12.500000000000002 7 10.500000000000002 3.5000000000000004 8.5000000000000018 15.500000000000002 1.6366433566433569 8 8.5000000000000018 212.50000000000003 9 322.50000000000006 0.92599798241821596 10 0.67406090988555534 14.500000000000002 11 24.500000000000004 24.500000000000004 0.76928691746210009
decision_type=2 2 2 2 1 2 2 2 10 2 2 2 2 2 1 1 2 2 2 9 2 2 2 2 2 2 2 2 2 2 2 9 2 9 2 2 2 10 2 2 9 2 2 1 2 2 2 2 2 9 2 2 9 2 10 9 10 2 9 2 2 10
left_child=2 3 7 4 9 13 8 18 17 10 12 28 24 14 16 31 34 50 19 38 -9 48 55 -13 33 -22 -10 -28 29 57 -7 60 40 -2 36 45 -4 -30 -1 -34 -25 49 43 56 -45 -36 -18 54 -11 -33 -6 52 -5 -53 -48 -14 -43 58 -12 -49 -3 -62
right_child=1 15 5 51 6 30 -8 20 26 21 11 23 22 -15 -16 -17 46 -19 -20 -21 25 -23 -24 32 -26 -27 27 -29 37 -31 -32 41 39 -35 35 -37 -38 -39 -40 -41 -42 42 -44 44 -46 -47 47 59 -50 -51 -52 53 -54 -55 -56 -57 -58 -59 -60 -61 61 -63
leaf_value=0.0060295840969141652 0.012212108847858278 0.015824844905829319 0.0023475492721468086 0.0061114451549147686 -0.0024903264535100084 0.0057971367519931869 -0.021194946593036848 0.0034710288493840242 -0.0032062813221609438 -0.0054274736724615703 -0.009589320718245288 0.0073433552580104674 -0.013732401742640033 -0.0066849456895800106 -0.0022381857247406097 -0.0089869665119713931 0.013432612081456938 0.0010584726439095153 -0.0019773976103953654 0.002962136160299271 0.018016759514282374 -0.0017214267877348915 0.010995723879711705 0.00020107700369930657 -0.0032558441279003578 0.0086417223761634746 -0.0067258784052809245 -0.016740839058007596 0.00030043268260713705 -0.0027699895040708598 0.0181976685115025 -0.0059152550081388103 0.0057988500226192514 0.027601492239746381 0.0045595314167388885 0.00079764548756692567 -0.0035027262116339875 -0.006190802961508546 0.012351484397868831 0.0010430817137240713 -0.005698216956275131 -0.022869721202352554 -0.0040318807823026366 -0.0089422920503046347 -0.028428785121786593 0.014588807361632842 -0.0075911392688873458 0.017014442499787018 -0.014076118360352403 0.00095656996597642699 -0.011006230854579763 -0.0057512482104940393 0.0015228494941415401 0.0018021059450580535 0.006560460461550767 0.00043356354609961468 0.0041841976427803634 0.00020681095171552429 0.0092174369476231508 0.0055708967887026029 -0.01211136007881514 0.0073553212153787146
leaf_weight=71693.428186416626 9276.8296980857849 3278.1917886734009 49716.481403589249 61519.707689523697 20415.776217222214 22449.498144865036 6063.8737328052521 16726.051109075546 36544.489098072052 28040.142773151398 3461.9157814979553 23546.078203678131 4515.6435232162476 25435.95325088501 91297.708797454834 51405.174573659897 10756.365073919296 75346.054430961609 29377.159927606583 144045.80005311966 18332.963705301285 80530.308763504028 6665.0729837417603 68407.229546785355 2443.9192326068878 21600.935651540756 37887.524502515793 14840.942411899567 21750.045760631561 125251.93956208229 7052.2536544799805 19087.232447624207 38817.621334552765 4575.023895740509 11349.143288135529 91226.90695476532 52605.504597187042 71224.740011930466 22542.218566656113 133725.46475601196 27018.777966022491 946.11247181892395 139161.82513523102 3884.8154051303864 7289.3678205013275 15358.557039737701 7389.2871508598328 5369.9253058433533 11925.96440076828 41968.273723602295 14532.076589822769 16302.900168895721 72022.361093044281 48218.682059288025 5095.6815836429596 8652.6829404830933 5650.913158416748 46548.363364696503 19593.565116882324 24709.102979660034 3067.6036610603333 5263.1762819290161
leaf_count=28819 3421 892 30112 13290 5801 14051 1693 12624 15806 3875 1046 4954 970 4052 61966 17814 3042 20864 18678 66629 7851 10556 1359 14694 899 4555 9964 4657 6706 26346 1788 4632 7225 1626 9216 56056 33842 23815 8511 26301 5904 291 39542 1045 1938 8745 2054 1580 1741 10920 4135 2286 16914 6255 1364 1823 1351 15187 5240 6895 838 1224
internal_value=2.20883e-05 -0.00149409 0.00291672 -0.000737109 -0.00140072 0.00122915 -0.00427961 0.00510117 -0.00376574 -0.00059629 3.22478e-05 -0.000391976 0.00683467 0.000659755 0.00117178 -0.00456416 0.00230975 -0.00118814 0.00403256 0.00477352 0.0101491 -0.00380678 0.000750861 0.00136267 0.0142387 0.012946 -0.00695024 -0.00954495 -0.00216909 -0.000974672 0.00876194 -0.00357335 0.000837134 0.0173253 0.00127598 0.00295582 -0.000660183 -0.00467229 0.00754117 0.00211303 -0.00146986 -0.00400881 -0.00510472 -0.0135051 -0.0216362 0.0103273 0.0065804 0.00484851 -0.00800853 -0.00119258 -0.00603164 0.00241773 0.00363731 -0.000106487 -0.00181517 -0.00443496 0.000300926 0.00225599 0.00639304 0.00761438 0.00459962 0.000186604
internal_weight=2.1648e+06 1.42067e+06 744131 1.13967e+06 941602 419812 205631 324319 199567 735971 615475 579346 36129.2 390311 364875 281003 273577 110294 267659 238281 56660 120496 19833.4 291515 16295.8 39933.9 89273 52728.5 287831 194856 29501.8 229598 267969 13851.9 220257 117935 102322 92974.8 94235.6 172543 95426 217989 156933 17771.2 11174.2 26707.7 53320.4 42564 39966.1 61055.5 34947.9 198064 133542 64521.6 12485 13168.3 6597.03 69603.8 23055.5 30079 11609 8330.78
internal_count=728270 345840 382430 265353 226608 234763 62920 147667 61227 163688 147516 137418 10098 218924 214872 80487 152906 30800 122637 103959 25030 16172 4152 59078 5946 12406 30427 14621 78340 47819 15839 62673 54124 5047 137971 74017 63954 30521 37330 33526 20598 59719 44167 4625 2983 17961 14935 11893 5616 15552 9936 38745 30204 8541 3418 2793 1642 21473 6286 8475 2954 2062
cat_boundaries=0 1 2 3 4 5 6 7 8 9 10 11 12
cat_threshold=22 14 6 202842 32768 614723 334155 2 274593 1240609 548867 540672
is_linear=0
shrinkage=0.05


Tree=50
num_leaves=63
num_cat=17
split_feature=5 5 1 12 12 9 16 16 15 16 17 17 13 16 16 16 9 12 8 4 17 5 19 16 17 20 2 17 4 16 16 16 16 20 16 16 16 17 12 20 16 16 9 16 6 2 17 4 16 16 17 20 19 16 17 17 16 21 9 16 2 16
split_gain=3490.84 1261.01 1708.18 867.41 863.351 769.824 832.428 765.136 612.726 502.097 626.142 501.398 483.149 509.435 1060.78 797.977 719.411 477.068 427.029 408.79 397.679 369.888 355.993 351.811 346.363 339.091 337.457 328.206 324.906 342.11 324.137 337.498 320.269 318.864 338.44 320.989 481.614 315.37 312.365 327.454 309.658 661.91 470.899 349.222 562.914 297.565 291.491 285.512 344.752 572.541 608.484 276.357 275.359 274.249 271.619 261.277 258.832 245.776 242.303 255.939 242.243 240
threshold=1.0126760814839944 0.25065445026178018 1.0000000180025095e-35 0.32683308931737309 0.53987745234736861 0.77787490287490302 14.500000000000002 51.500000000000007 15.500000000000002 11.500000000000002 0 1 4.5000000000000009 12.500000000000002 8.5000000000000018 21.500000000000004 0.10403138528138529 0.10002854502444065 1.1852631907391808 195.50000000000003 2 1.0000000180025095e-35 3 10.500000000000002 4 5 128.50000000000003 6 8.5000000000000018 45.500000000000007 44.500000000000007 26.500000000000004 48.500000000000007 7 27.500000000000004 25.500000000000004 22.500000000000004 8 0.055419877832078475 9 16.500000000000004 9.5000000000000018 0.35310876487347082 25.500000000000004 0.12517409470752092 108.50000000000001 10 24.500000000000004 15.500000000000002 19.500000000000004 11 12 13 18.500000000000004 14 15 4.5000000000000009 16 0.96673582295988947 14.500000000000002 34.500000000000007 49.500000000000007
decision_type=2 2 2 2 2 10 2 2 2 2 9 9 2 2 2 2 10 2 2 2 9 2 9 2 9 1 2 9 2 2 2 2 2 1 2 2 2 9 2 1 2 2 10 2 2 2 9 2 2 2 9 1 9 2 9 9 2 9 10 2 2 2
left_child=1 2 47 5 8 7 9 12 18 56 27 32 46 14 -14 53 23 37 19 38 21 -19 -5 -16 -10 26 -20 -11 -22 45 31 -17 33 35 -35 36 55 60 58 -40 41 -21 -43 44 -42 -30 -2 -1 -49 50 -50 -24 -37 -15 -33 -8 -7 -26 -3 -60 -4 -34
right_child=3 4 17 22 -6 6 11 -9 24 10 -12 -13 13 15 16 30 -18 20 25 40 28 -23 51 -25 57 -27 -28 -29 29 -31 -32 54 61 34 -36 52 -38 -39 39 -41 43 42 -44 -45 -46 -47 -48 48 49 -51 -52 -53 -54 -55 -56 -57 -58 -59 59 -61 -62 -63
leaf_value=0.00046300776919564835 0.013154636469900236 0.0059279160506604941 0.0067216942682471626 -0.0083664323433250889 -0.0051410447481661584 0.0033101968754715213 0.0084897766549184902 -0.014619837056391008 0.0082742696025863167 0.042327101109171983 -0.00087664643035645471 -0.007804171725355271 0.0016878905434405912 -0.00075961154888768681 -0.021784585448405704 0.0030470714603288086 -0.0083310270600801227 0.0019758481639772858 0.0051712948165236645 -0.0016052371673953882 0.0020868660527807999 -0.014470224324221018 -0.0033366212931520258 -0.052885587539277745 0.004963099762632199 -0.0030483332083793366 0.00046258562321885467 0.012694633890129245 0.006730236249457882 0.013850706778885613 0.0050848913278638448 0.0028912705603420874 -0.015015600921489659 -0.0099920480345428581 -0.00073366259166321359 0.00036689365691549891 0.011644216268341528 0.011652600815936699 0.0004659367504880618 -0.0050408746051616923 0.042918010883535591 -0.031944588888398219 -0.0097867201505825573 -0.0030093058950815092 0.0021770303343257736 -0.0065198469093613477 0.001945129529389778 -0.0014444164817934862 0.042399235546127567 0.0034252635192978916 0.010754350847017737 -0.010221474333701247 -0.007697470060312659 0.017285973605421372 -0.0057978361088216641 -0.0021622235825838661 -0.0031963249058985749 0.00087769389573180928 0.0068221945567122112 -0.0024983493428333151 -0.0082770373346628644 -0.0031820460191939411
leaf_weight=307728.95454668999 12939.429703950882 35946.183327913284 19136.243189096451 68982.816279649734 69869.131121397018 21600.749412536621 6902.6589460372925 7741.6746890544891 27628.764785289764 1020.0028862953186 12199.688278198242 85416.744809865952 28295.093424797058 2625.1990814208984 2549.8165924549103 31613.093477010727 12015.002940893173 14435.308203935623 74773.374336957932 36785.514865636826 41856.940779447556 4478.8545589447021 140122.88131904602 1414.6662952899933 55007.669207334518 29900.761259317398 77473.836309909821 10645.441863775253 80527.452175140381 16752.831317186356 30770.130079746246 12011.955395460129 9088.3121657371521 22471.66116976738 17602.607810497284 20377.676697969437 10430.272119760513 55950.936240673065 97722.499770402908 37287.996498346329 874.0322732925415 2704.4290561676025 21109.528549432755 82068.962162971497 27300.544428110123 4471.8314638137817 10528.287740945816 12125.680058240891 2217.7988541126251 14585.007996559143 4849.6290221214294 16265.502609014511 22023.898484230042 10631.588775157928 35745.545347452164 34392.653173208237 52268.357747554779 111303.65276360512 10268.14363694191 26046.293975830078 3131.8500423431396 8107.0176901817322
leaf_count=241106 3134 8852 7440 22661 17273 6172 1357 1654 5903 311 3287 22752 6441 626 698 6957 2482 6015 17007 6450 21310 900 41895 420 11159 7463 11017 2671 26947 5479 7040 2612 2148 5959 4823 5043 2535 19334 25609 10426 243 474 3773 14070 4705 690 3055 5528 1518 7467 2881 6305 5594 2936 8092 8042 14153 22596 2680 6753 580 2233
internal_value=-4.01112e-05 0.00143463 0.00321584 -0.00277331 0.00017611 -0.00167448 -0.003139 0.000789054 0.000668696 0.000743342 0.00704825 -0.00474126 0.00141323 0.000472749 -0.00412827 0.0021236 -0.0144265 0.0064414 -0.000169794 -0.00112788 0.00489722 -0.00191811 -0.00537411 -0.032893 0.00309095 0.00181905 0.00277502 0.0153231 0.00579458 0.00732032 0.0007286 -0.000960275 -0.00301244 -0.00218941 -0.00592395 -0.00059871 0.00204481 0.00964978 0.000364703 -0.00105533 -0.00293871 -0.00580982 -0.0123043 -0.00136045 0.00344238 0.00603308 0.00813246 0.000941994 0.00530556 0.00908554 0.0207645 -0.00405336 -0.00382365 0.0137127 -0.00361295 -0.000380009 -0.00129367 0.00222919 0.00301785 0.00013721 0.00460988 -0.00943699
internal_weight=2.16512e+06 1.40632e+06 582249 758800 824071 533429 334548 198881 754202 97734.2 23865.1 236814 191140 167672 44274.6 123398 15979.5 240742 560262 378114 162523 18914.2 225371 3964.48 193940 182148 152247 11665.4 143609 101752 110141 79370.6 151397 134201 40074.3 94127.2 51725.6 78219 207271 135010 170843 60599.5 23814 110244 28174.6 84999.3 23467.7 341507 33778.1 21652.4 7067.43 156388 42401.6 13256.8 47757.5 41295.3 73869.1 166311 72260.6 36314.4 22268.1 17195.3
internal_count=727736 523648 347195 204088 176453 133227 87080 46147 159180 26594 6269 60486 44493 38304 10041 28263 3600 88695 119522 84035 61341 6915 70861 1118 39658 35487 28024 2982 54426 33116 24701 17661 37734 33353 10782 22571 11934 27354 54320 36035 29715 10697 4247 19018 4948 27637 6189 258500 17394 11866 4399 48200 10637 3562 10704 9399 20325 33755 18285 9433 8020 4381
cat_boundaries=0 4 8 12 13 17 18 21 22 26 27 31 35 36 37 41 45 47
cat_threshold=536879312 49160 604342544 541697 838870936 537493792 940880386 533036 2415921272 1342375488 1193286 165376 1968048 2147483776 4028911616 874515584 8388 22 0 0 65536 12 3542126720 2684666976 1479546442 37124 6 553662336 8650816 939598080 17929 2147491904 2415924736 71303680 17409 14 468617 16777224 2693292289 138420672 768 128 524288 805306368 8192 445715044 164096
is_linear=0
shrinkage=0.05


Tree=51
num_leaves=63
num_cat=23
split_feature=5 10 20 8 0 2 0 13 0 6 0 4 15 0 13 17 4 10 13 17 15 10 17 21 13 17 11 8 0 9 17 17 17 17 4 15 0 13 17 17 5 20 11 20 17 6 17 20 4 10 7 17 5 21 17 17 7 4 0 17 11 17
split_gain=3212.5 972.1 814.858 739.144 790.004 936.151 708.29 649.289 738.674 632.352 580.066 486.462 463.167 448.539 421.868 402.677 367.001 361.933 358.849 435.582 354.926 349.626 339.549 330.422 330.201 311.212 307.712 296.675 294.146 293.87 284.958 279.165 278.064 277.221 273.058 315.348 262.504 254.826 249.29 242.429 235.913 255.625 220.974 218.015 214.96 202.578 218.882 202.038 284.67 199.561 197.207 195.16 194.062 190.727 185.563 179.529 178.447 178.374 174.866 173.257 168.922 166.031
threshold=0.6155905673977965 2.5000000000000004 0 1.1985383136305372 1.5000000000000002 1.5000000000000002 119.50000000000001 2.5000000000000004 10.500000000000002 1.5937844922737308 2.5000000000000004 4.5000000000000009 13.500000000000002 256.50000000000006 11.500000000000002 1 119.50000000000001 1.5000000000000002 13.500000000000002 2 9.5000000000000018 1.5000000000000002 3 4 6.5000000000000009 5 0.13379065813245003 1.5719738276990187 1.0000000180025095e-35 0.86672920575359613 6 7 8 9 24.500000000000004 47.500000000000007 2.5000000000000004 81.500000000000014 10 11 0.34809982207217488 12 0.071307906880974783 13 14 0.41670002668801714 15 16 137.50000000000003 6.5000000000000009 50.500000000000007 17 1.0757760983922355 18 19 20 146.50000000000003 1.5000000000000002 674.50000000000011 21 0.10172669636085631 22
decision_type=2 2 1 2 2 2 2 2 2 2 2 2 2 2 2 9 2 2 2 9 2 2 9 9 2 9 2 2 2 10 9 9 9 9 2 2 2 2 9 9 2 1 2 1 9 2 9 1 2 2 2 9 2 9 9 9 2 2 2 9 2 9
left_child=3 2 6 4 5 34 7 8 36 31 14 -9 15 24 30 -12 18 39 19 26 -16 28 -18 -10 47 -11 53 32 50 -17 -4 -5 -20 56 51 54 -2 -37 -8 -6 41 -33 59 -26 -22 -45 -47 48 -3 58 55 -1 -34 -13 -36 -7 -19 -53 -15 -38 -21 -23
right_child=1 13 10 9 17 21 38 11 23 25 12 16 -14 49 20 29 22 33 27 60 44 61 -24 -25 43 -27 -28 -29 -30 -31 -32 40 52 -35 35 37 42 -39 -40 -41 -42 -43 -44 45 -46 46 -48 -49 -50 -51 -52 57 -54 -55 -56 -57 -58 -59 -60 -61 -62 -63
leaf_value=-0.0016174911582513868 0.025873192861238594 0.023587774375784156 0.0096628869886896188 -0.00043516265339935551 -0.010612782182144578 0.0069682373480675665 -0.0036954713530005694 -0.0088419357584529623 0.0047839801698017215 0.0031900519895146141 -0.0019692034900241503 0.010288593502070328 -0.00068401256937838722 -0.0053441763727611735 -0.0065536163920626505 -0.008284082356550487 -0.00032892208068408077 -0.00039946164585301456 0.0018366265888409491 -0.0003414805878373565 0.013543777002344324 0.010522675888032844 -0.0043080958007592814 -0.0084422951581700125 -0.0028229565105264793 -0.0057915425276110315 -0.013319148643324483 -0.014135853954126996 -0.00017972243821243292 -0.015056489382817236 -0.0015007476464809664 0.0041554149975602779 6.2273132758378799e-05 0.0025040444644477363 0.011429147334256439 0.017090376603767467 0.0010137904664707386 0.062133182101952122 -0.013144372448399983 -0.0026115603428542621 0.0059293198474285403 0.01285687699926231 -0.0077860174240964204 -0.0027914033708687606 -0.00097158870954219638 0.0051918159824160155 0.0010595340398909556 -0.00012011447232313656 0.0064537293900365951 -0.00062451431552252472 0.040898539943024004 -0.0007184924637377196 -0.0030789164964001173 0.0024939472950410123 -0.0012411590978089341 0.0032314282350009238 -0.0070765832546543801 0.0023712281932013121 -0.017149214936623126 0.017661345419187856 -0.014633878368734832 0.0057238043532474355
leaf_weight=83898.652036190033 3692.4437294006348 3497.6037340164185 9723.2126896381378 9772.8870739936829 11108.341234445572 52029.194458246231 11687.923073291779 23260.471742630005 11273.01972079277 34806.003964185715 13482.63677072525 22697.495379686356 16829.747549057007 22548.731224536896 56412.634201288223 33937.30494260788 80610.982873678207 34327.652680873871 64040.494485616684 33788.395835161209 3013.6781113147736 31466.059898614883 160113.94125270844 8109.3700568675995 37752.559938907623 13329.303690910339 1852.1457686424255 4399.2805342674255 38692.240192174911 30344.959253072739 13847.004110813141 10937.29644536972 77763.692822217941 75200.112281560898 5379.1991925239563 1452.0035390853882 2116.9913549423218 400.14492177963257 17423.115828990936 63911.164541721344 47309.495965719223 37469.742357730865 1450.9381172657013 28383.010129928589 16268.969599962234 37468.441121816635 221188.01107358932 5296.6155850887299 7897.5279860496521 23278.356123447418 375.44776391983032 73278.421974182129 133714.42912983894 12028.225743770599 6231.3537492752075 84274.222223758698 14122.087239742279 128846.65389251709 3643.3476572036743 6071.0066947937012 2201.0988166332245 42463.541768789291
leaf_count=70340 1849 700 4125 2750 2301 21057 1592 12209 2456 8309 3065 5286 4356 2806 24182 8934 15055 7169 19643 8115 1237 9988 30676 1781 8843 3580 532 1421 11038 8543 5944 3818 22409 14449 4135 1068 694 344 2470 13065 9379 11206 472 5761 6932 6698 38445 1201 1170 2706 70 63530 44099 2921 4669 34365 2047 103727 419 2000 603 13415
internal_value=1.17138e-05 -0.00161535 -0.00254404 0.00229249 0.00164327 0.0026213 -0.0017269 -0.00138477 0.00547942 0.00545123 -0.00540275 -0.00174903 -0.00820477 0.000456406 -0.00273307 -0.00983237 -0.0014709 -0.00105838 -0.000443142 0.00269012 -0.00455194 0.00488473 -0.0029758 -0.000751779 0.00110101 0.000702321 0.00653153 -0.00125543 0.00366895 -0.0114795 0.00310816 0.00761815 -0.00104972 0.000603925 0.000737152 0.00769583 0.0145383 0.0268499 -0.00935673 -0.00379821 0.00843957 0.0108945 0.0101939 0.000748533 0.00130412 0.00121833 0.00165839 0.00795925 0.0117042 -0.00399313 0.00475846 0.000409592 -0.00192377 0.00759253 0.00463828 0.00465862 -0.00234532 0.00125102 -0.00698686 0.0133806 -0.00121564 0.00776862
internal_weight=2.16419e+06 1.26311e+06 872156 901081 747456 548787 678295 649184 32713.8 153625 193860 616471 94594.6 390954 99265.5 77764.9 593210 198669 352485 72567.4 75695.3 249301 240725 19382.4 341484 48135.3 36577.9 279918 175371 64282.3 23570.2 105489 275519 123650 299486 13462.7 13331.4 1852.15 29111 75019.5 95716.5 48407 9638.94 324792 19282.6 287039 258656 16691.7 11395.1 49470.4 136679 286024 211478 34725.7 11610.6 136303 48449.7 202125 26192.1 8188 35989.5 73929.6
internal_count=728169 312350 243601 415819 376777 337746 176283 172221 9252 39042 67318 162969 24898 68749 42420 20542 150760 39031 105029 17457 32351 89933 45731 4237 62818 11889 8739 87572 66530 17477 10069 27153 86151 23665 247813 10216 5015 1412 4062 15366 24403 15024 3166 59747 8169 50904 45143 3071 1870 5931 55492 237597 66508 8207 8804 55422 9216 167257 3225 2694 8718 23403
cat_boundaries=0 1 5 9 13 15 19 23 27 31 35 39 43 44 45 49 53 54 58 60 64 68 72 76
cat_threshold=6 2107904 8388640 1610620954 16384 540026248 537894952 945035393 530176 8336 1351125025 805306689 549729 33685715 132096 2701132416 277267200 2017788040 24876 536872480 529920 1745201426 1 268439560 2415965504 1146093891 1542 1073759442 3229680897 608242689 541640 2098176 386376 139504624 21256 8640 8388608 805306368 16672 3491790848 268566784 14144 5121 1 1 1088 2149605376 606077202 1284 5256 2684914688 872483584 8256 22 1344286776 1615290696 1217537312 268800 1896956291 132096 2149623488 268572160 610570896 1577 537921264 1350677248 1946421794 578304 2147483712 2416087552 67371520 1 1074804632 279195912 1684047013 525344
is_linear=0
shrinkage=0.05


Tree=52
num_leaves=63
num_cat=22
split_feature=5 7 10 5 20 10 0 20 8 0 10 8 0 13 10 13 0 8 0 3 2 5 11 17 3 19 11 17 13 10 13 19 20 8 17 0 17 19 10 10 7 5 17 6 17 19 21 17 17 17 0 3 6 17 17 19 0 17 1 3 10 22
split_gain=2963.03 883.455 1023.03 765.591 746.645 612.256 503.363 492.654 475.458 430.287 504.463 414.099 405.855 552.185 395.071 366.847 505.191 365.876 339.236 507.549 331.064 326.73 321.846 314.557 309.197 302.801 296.577 288.62 287.01 284.135 278.537 273.199 270.083 320.4 250.18 248.651 249.146 248.6 247.16 234.119 292.281 228.005 227.568 222.938 221.808 216.277 214.71 205.227 204.981 199.738 193.107 258.107 230.386 251.147 189.843 188.262 186.7 179.148 178.113 175.58 172.318 170.594
threshold=0.77488339535581396 58.500000000000007 1.5000000000000002 0.19054823139543262 0 1.5000000000000002 83.500000000000014 1 1.0941499791216576 2.5000000000000004 1.5000000000000002 1.1419456599165565 256.50000000000006 8.5000000000000018 3.5000000000000004 2.5000000000000004 14.500000000000002 1.6675724637681162 1.0000000180025095e-35 4.5000000000000009 6.5000000000000009 0.14423702052568035 0.067779660535355432 2 91.500000000000014 3 0.058797278760099103 4 11.500000000000002 5.5000000000000009 5.5000000000000009 5 6 1.0769693603628625 7 1.0000000180025095e-35 8 9 3.5000000000000004 4.5000000000000009 275.50000000000006 2.0024449877750619 10 0.46158230067804545 11 12 13 14 15 16 1.5000000000000002 6.5000000000000009 0.63162577261659503 17 18 19 1.5000000000000002 20 313.50000000000006 12.500000000000002 3.5000000000000004 21
decision_type=2 2 2 2 1 2 2 1 2 2 2 2 2 2 2 2 2 2 2 2 2 2 2 9 2 9 2 9 2 2 2 9 1 2 9 2 9 9 2 2 2 2 9 2 9 9 9 9 9 9 2 2 2 9 9 9 2 9 2 2 2 9
left_child=1 2 7 20 9 6 15 11 27 28 -11 18 13 24 34 16 22 41 19 30 -4 -9 25 -10 26 44 45 -3 37 -14 -1 -18 60 -34 -15 36 -13 -2 55 40 61 50 -22 -43 -6 -7 49 -32 -8 -20 51 -17 54 -54 -52 -26 -27 -35 -50 -38 -5 -25
right_child=4 8 3 32 5 12 48 21 23 10 -12 35 29 14 -16 17 31 -19 46 -21 42 -23 -24 39 38 56 -28 -29 -30 -31 47 -33 33 57 -36 -37 59 -39 -40 -41 -42 43 -44 -45 -46 -47 -48 -49 58 -51 52 -53 53 -55 -56 -57 -58 -59 -60 -61 -62 -63
leaf_value=0.024987870570864837 0.0092784812089597088 0.00069809670646404324 0.0060543682235514734 -0.0027153885761040343 -0.0074781746731566144 0.023789685549497203 -0.0042176775788806209 0.00026478430965382987 0.0061113382654197704 -0.015570245729344215 -0.0056862681555618225 -0.0037429545052365247 -0.0084107503388841116 -0.00401505848408333 0.002043206455787672 -0.0030920355555806582 -0.031621691926925315 -0.019392789137743689 -0.009100171131692791 0.0059009284795894686 0.016068183513593706 -0.0061852803111901514 -0.0077613717916691421 -0.0070212967434928183 0.0038048410960631581 0.050285363506527583 -0.0022947168411234647 -0.007123085351923273 -0.004408355752226663 -0.00077640476384432922 0.0037158830698537574 -0.0028232009026335049 0.001486949439070219 0.0083932021007020775 -0.00062927663671795008 0.0038799209745180047 0.0079202887918600907 -0.0025877177634969478 0.012694648850109326 0.0034405459018917377 -0.0047585638538415603 0.000640551767519359 0.007899977207649728 -0.0066142832696975268 0.010739196951276231 0.0094821708666164017 -0.0047992708021389789 -0.00020258902448280964 -0.012617453971962131 0.0016239260667268976 -0.0021574876884280355 0.0033160969284594141 0.0010131292819159875 -0.003209109998470456 -0.0087064795580315719 -0.0036908621990417892 0.018927993775566282 0.0035532523438053607 -0.029366805037519067 0.017189880785457235 0.0054000370313626927 0.00092420699891987911
leaf_weight=1214.7433834075928 8438.6352961063385 16686.834616661072 30834.990345954895 23860.126516342163 2109.0921745300293 3200.0271022319794 6028.665246963501 201504.7347035408 21242.699312210083 16757.872093915939 56212.744636774063 2743.0891938209534 24543.129577636719 70645.197295427322 113849.2620241642 29646.819956302643 883.32848358154297 3341.7500903606415 4711.325888633728 86137.907547950745 23341.355549573898 21752.185073375702 2546.3680062294006 7328.2398376464844 18197.596939086914 550.80184650421143 4534.7651400566101 40260.233002185822 46273.83714556694 24209.303439617157 47574.730640411377 10497.226852893829 51405.612489461899 49830.865418672562 239556.69754910469 39030.867833375931 10794.374475002289 9236.3628726005554 4613.9635412693024 32758.896237850189 41532.467608451843 12936.489140748978 13554.402755498886 58359.008644580841 7942.736629486084 15355.252482652664 24665.010023832321 112211.29249477386 8051.4717426300049 53902.952522754669 18916.125563144684 33432.922523498535 49345.040042161942 123010.13056015968 26733.862371683121 15503.062729120255 3423.9249563217163 31107.233221292496 1977.2924652099609 9702.815856218338 9010.3614490032196 84939.908510684967
leaf_count=663 3642 2840 12161 6441 789 724 861 141075 3266 5194 14254 983 3086 15656 18982 13091 192 1191 1187 40292 6304 6083 957 1235 2847 310 1090 6858 20322 2847 37101 2257 12942 11537 52089 9708 4228 4095 697 4658 5603 6368 3631 22943 2963 3591 6286 89456 1252 13787 5074 13435 11414 29812 7316 2519 1159 7259 270 3025 2063 14288
internal_value=-1.44326e-05 0.00181614 0.00257921 0.00540169 -0.00188395 -0.00137838 -0.00285834 0.00151176 -0.000830466 -0.00533199 -0.00795633 0.00257795 -0.000270985 0.000165759 -0.00047594 -0.00249534 0.00301987 -0.00292875 0.00187313 0.00280314 0.00987851 -0.000363662 0.00858974 0.000383072 0.00459717 0.0115585 0.00916747 -0.00483245 -0.00233817 -0.00461981 0.00114574 -0.00509131 0.00356633 0.00457364 -0.00140051 0.00631811 0.0104126 0.00308159 0.00184274 -0.00034788 -0.00127546 -0.00277256 0.0130742 -0.00529791 0.0069128 0.0119687 -0.000886747 0.000964334 -0.0115311 0.000760394 -0.002132 0.00030434 -0.00283695 -0.00200042 -0.00599524 0.000356675 0.0232265 0.00653459 -0.0159065 0.0123029 -0.000490566 0.000292419
internal_weight=2.1645e+06 1.09364e+06 848891 232945 1.07086e+06 933941 399733 615946 244749 136919 72970.6 392689 534208 485456 424051 383676 27953.5 355722 330418 247139 67730.7 223257 16572.9 187802 61404.7 14026.6 23090 56947.1 63948.8 48752.4 161001 11380.6 165214 132344 310202 62271.1 23240.3 17675 38314.6 166560 133801 352380 36895.8 71295.5 10051.8 18555.3 83279.3 159786 16057.4 58614.3 281085 63079.7 218005 172355 45650 33700.7 3974.73 80938.1 10028.8 20497.2 32870.5 92268.1
internal_count=728249 454960 416212 62338 273289 225782 121654 353874 38748 47507 19448 206716 104128 98195 86727 119271 8627 110644 188772 167512 22096 147158 6178 29050 11468 5221 5405 9698 28059 5933 127220 2449 40242 31738 67745 17944 8236 7737 6063 25784 21126 109453 9935 29311 3752 4315 21260 126557 2383 14974 80142 26526 53616 41226 12390 5366 1469 18796 1522 7253 8504 15523
cat_boundaries=0 1 2 6 7 11 12 13 17 21 22 26 29 30 32 36 40 44 48 52 53 57 58
cat_threshold=1 6 16781440 2684359200 604057633 532480 599363 17838088 813724672 876620800 525568 540672 1 1362100224 2147902792 135541776 136832 2164260872 2415923200 71444480 1025 1313488 553658000 8658952 541392897 17705 536870912 2147620352 2490368 296968 512563763 230432 536871056 22048 876677696 180608 448 8388608 805310464 288 270565376 8389128 270546944 37888 26064 1074374664 945032203 566080 2147524608 2424672768 340034048 16928 428136 553658072 8917024 807731496 541472 10823730
is_linear=0
shrinkage=0.05


Tree=53
num_leaves=63
num_cat=18
split_feature=5 1 12 15 20 7 10 13 10 12 19 20 0 10 4 13 19 0 21 19 8 4 6 19 5 19 19 12 20 7 15 13 19 4 12 8 0 4 2 13 19 19 15 19 5 0 21 0 0 10 3 0 4 6 21 3 5 12 3 19 0 21
split_gain=2550.6 1412.74 1270.17 1021.73 1007.04 595.098 835.766 505.297 494.14 475.244 468.15 467.996 412.664 616.903 384.023 676.214 841.674 446.98 387.098 370.974 352.994 346.255 320.411 309.927 308.55 296.614 296.442 296.015 294.451 287.543 364.595 282.935 292.533 273.176 260.533 249.257 232.184 220.643 225.007 220.318 231.807 213.075 209.854 203.951 199.651 199.182 194.034 193.067 185.823 300.445 184.978 181.158 181.076 174.747 166.398 202.575 163.479 162.385 161.284 190.098 160.592 160.328
threshold=0.28084674496157752 1.0000000180025095e-35 0.43166305397119109 26.500000000000004 0 138.50000000000003 1.5000000000000002 8.5000000000000018 2.5000000000000004 0.12954593110883941 1 2 1.5000000000000002 1.5000000000000002 55.500000000000007 14.500000000000002 3 2.5000000000000004 4 5 1.1239887481192354 4.5000000000000009 1.6668133157354454 6 0.85445719329214487 7 8 0.075973465819163435 9 218.50000000000003 261.50000000000006 52.500000000000007 10 1456.5000000000002 0.20006668243101669 1.0665559246954597 1.0000000180025095e-35 137.50000000000003 1.0000000180025095e-35 10.500000000000002 11 12 228.50000000000003 13 1.0004484304932737 1.5000000000000002 14 2.5000000000000004 5.5000000000000009 3.5000000000000004 50.500000000000007 273.50000000000006 337.50000000000006 0.57146993134254298 15 97.500000000000014 0.81635869477814771 0.01828079964965185 280.50000000000006 16 5.5000000000000009 17
decision_type=2 2 2 2 1 2 2 2 2 2 9 1 2 2 2 2 9 2 9 9 2 2 2 9 2 9 9 2 1 2 2 2 9 2 2 2 2 2 2 2 9 9 2 9 2 2 9 2 2 2 2 2 2 2 9 2 2 2 2 9 2 9
left_child=1 34 3 4 5 6 14 10 41 26 54 45 39 35 15 16 28 61 -16 -13 50 -17 25 46 -9 -11 36 48 -2 31 -31 -5 42 -10 37 -14 -3 -1 -39 40 -6 -7 -33 -36 52 -4 -19 -30 -15 -50 -21 -43 -22 -26 -8 -56 -34 -38 59 -20 -12 -18
right_child=2 9 11 29 12 8 7 24 33 22 60 19 13 27 18 21 17 23 58 20 44 -23 -24 -25 53 -27 -28 -29 47 30 -32 32 56 -35 43 -37 57 38 -40 -41 -42 51 -44 -45 -46 -47 -48 -49 49 -51 -52 -53 -54 -55 55 -57 -58 -59 -60 -61 -62 -63
leaf_value=0.0024357403661673916 0.013327826745839747 0.0078043457145442162 -0.0060665290113448567 0.0089890049268338806 0.011416588462887775 7.3819840777587315e-05 -0.0091280368742717288 0.0039389936983154359 0.0019423687948051443 0.008890553020637168 0.029855730376506531 -0.0054239783613414918 -0.0069896677311340949 0.0018955983718391197 -0.008594465863433251 -0.011955565363037683 0.0025017393751958416 0.004654637536534347 -0.0055895695650368706 -0.0021044549126629968 0.0053968767176066626 -0.0011567594236122087 -0.0002915360359902138 0.011253522364823311 -0.0029838782051477045 0.0035636018334912743 0.011219385404311524 -0.0064479011534993719 -0.0058318889975984911 -0.007085131917474361 0.0015596286362771154 0.0039862322500075157 0.0038499970742681086 -0.0027933583866952003 0.0020269175032379834 -0.014730861878913638 -0.014592927108142138 0.066425695809476243 0.01335956026469326 -0.0025157692355561837 -0.0006968221891283028 -0.0056282232634982379 0.011249196217471218 -0.0012142333666332094 -0.002228509790644415 -0.015084273560501033 -0.0035690844358110502 -0.021967998790180153 -0.0079204600207354852 0.0014315944917431378 -0.0066599486823000903 -0.017054748922028642 -0.0017298707894734284 0.0013340544005885659 0.0089316751745086853 -0.0017801354457135461 0.00018999550146675499 0.0020828938324142436 -0.0083703002104242672 -0.00042259374396367568 0.012359054782646662 0.01714516611951215
leaf_weight=109549.1429913044 1161.5314500331879 33561.119974851608 12401.507110118866 19981.628984212875 6876.5660328865051 16638.43306016922 2559.9959139823914 92945.862033843994 63667.754132270813 37216.547442913055 1417.4311876296997 121290.06015968323 21715.177277565002 26681.872456073761 24507.954765319824 8186.2259654998779 2259.6866459846497 19800.734686613083 21465.478343009949 61066.968175649643 28124.948004484177 79538.058691740036 34526.53168129921 11606.047364473343 33472.508877754211 87888.442152261734 47725.724997997284 49174.163418531418 3808.231098651886 15701.099056243896 54634.283671855927 35960.199969291687 47469.610762357712 58366.666450977325 69291.85117816925 19958.567610740662 1675.1241483688354 234 1338.1636981964111 37480.343838214874 9262.9488220214844 78080.440645694733 13747.961756229401 161969.02355051041 29919.106974601746 12099.315824270248 11234.305638790131 3612.7822749614716 18835.953389167786 15783.703294992447 35087.947396755219 3629.2867736816406 13046.992089271545 78102.547965049744 10589.536995172501 7566.9497852325439 85392.6526491642 11313.254329204559 8636.5999355316162 104050.89553689957 17496.29984998703 11277.106752634048
leaf_count=79763 316 13397 5691 4814 2876 2405 540 19978 9339 13530 397 33646 7314 7671 5495 4335 834 5164 4767 21593 6569 27633 13320 2988 7919 32498 16014 12066 1425 2198 7123 8451 10494 7494 52144 6113 330 234 440 15545 3993 11749 2805 126421 7011 3733 2919 980 4248 2984 7121 475 2092 16876 2419 1338 21101 2363 1542 23131 3427 4217
internal_value=2.55855e-05 0.00280885 -0.00103327 -0.000322216 -0.00107469 -0.000249738 0.000622726 0.00281251 -0.00244809 0.00563496 0.00797981 -0.00388247 -0.00418423 -0.00551367 -0.00109557 0.00069623 0.00457148 0.00679905 -0.00281761 -0.00331868 -0.00179162 -0.0021646 0.00397254 0.00428717 0.0018112 0.00514933 0.00844979 -0.00355819 -0.0100046 0.00238407 -0.000370231 0.00334048 0.00272223 -0.000322641 0.00071302 -0.0106974 0.00560641 0.00270276 0.0212951 -0.000412604 0.00447137 -0.0050854 0.00599396 -0.000243059 0.000879756 -0.0105159 0.00167754 -0.0136709 -0.00124008 -0.00365678 -0.00376685 -0.0061352 0.00313849 3.86598e-05 0.00278139 0.00446508 0.00149756 -6.87613e-05 -0.00176142 -0.00130675 0.0136646 0.0147156
internal_weight=2.16366e+06 596289 1.56737e+06 1.25434e+06 981449 775679 555297 244151 220383 253907 39630.2 313037 205769 152149 311146 152485 64760.4 56177.9 158661 288536 167246 87724.3 159632 42641.1 204521 125105 94275.2 110476 8582.54 272887 70335.4 202552 182570 122034 342382 41673.7 46549.5 111121 1572.16 53619.9 16139.5 98348.2 49708.2 231261 71091 24500.8 31035 7421.01 61301.5 34619.7 96154.9 81709.7 41171.9 111575 20716.5 18156.5 132862 12988.4 134153 125516 18913.7 13536.8
internal_count=727808 350454 377354 289898 232912 170102 138640 52894 31462 91452 8121 87456 62810 40396 85746 50811 18843 16122 34935 78032 44386 31968 59348 11071 44773 46028 32104 26969 2721 56986 9321 47665 42851 16833 259002 13427 16090 80437 674 22414 6869 14629 11256 178565 15672 9424 8083 2405 14903 7232 28714 12224 8661 24795 4297 3757 31595 2693 29440 27898 3824 5051
cat_boundaries=0 1 2 3 4 6 7 8 9 10 11 12 13 14 15 17 18 19 21
cat_threshold=22 738435 1 540672 2787298368 72206 983969 197955 100362 1983617 2 1108481 330448 35104 112682 35746675 1288 547391636 9217 1761739328 3072
is_linear=0
shrinkage=0.05


Tree=54
num_leaves=63
num_cat=18
split_feature=12 15 13 7 20 19 10 17 13 17 16 6 21 9 3 16 3 16 16 13 13 17 3 6 13 2 6 17 17 16 16 16 16 13 3 17 16 17 10 1 17 20 9 2 16 16 16 2 9 16 1 17 17 17 17 16 16 9 16 6 17 19
split_gain=1138.26 1147.07 792.862 844.491 1143.98 702.098 643.99 563.778 556.529 534.585 511.865 484.318 447.185 439.659 418.902 416.959 409.964 405.582 617.636 377.784 350.53 350.103 347.07 382.938 360.975 326.429 348.295 314.285 308.834 308.611 779.113 528.529 455.66 393.121 306.012 297.248 283.985 281.004 275.382 270.514 265.001 261.161 306.886 276.66 256.273 942.081 762.091 389.48 357.008 600.691 482.267 319.668 298.174 255.118 250.023 246.08 302.445 234.971 234.67 233.587 230.538 228.231
threshold=0.50013198651950941 11.500000000000002 53.500000000000007 64.500000000000014 0 1 1.5000000000000002 2 11.500000000000002 3 6.5000000000000009 1.2141990079422804 4 0.81431718061674019 64.500000000000014 49.500000000000007 72.500000000000014 51.500000000000007 45.500000000000007 52.500000000000007 11.500000000000002 5 30.500000000000004 0.055641554867561067 10.500000000000002 5.5000000000000009 1.0541496685364611 6 7 39.500000000000007 17.500000000000004 44.500000000000007 25.500000000000004 30.500000000000004 537.50000000000011 8 10.500000000000002 9 1.5000000000000002 18.500000000000004 10 11 0.91385019410824408 4.5000000000000009 25.500000000000004 18.500000000000004 44.500000000000007 23.500000000000004 0.030457637600494747 10.500000000000002 12.500000000000002 12 13 14 15 17.500000000000004 28.500000000000004 0.43755998080614206 48.500000000000007 0.14166260190927463 16 17
decision_type=2 2 2 2 1 9 2 9 2 9 2 2 9 10 2 2 2 2 2 2 2 9 2 2 2 2 2 9 9 2 2 2 2 2 2 9 2 9 2 2 9 1 10 2 2 2 2 2 8 2 2 9 9 9 9 2 2 8 2 2 9 9
left_child=1 2 3 4 5 21 35 8 12 39 -10 -4 14 17 -7 29 41 18 20 -11 60 -1 24 -24 -9 -15 -27 34 -18 30 33 -31 37 36 -8 -5 -12 -32 -25 -3 -28 43 -43 -2 45 48 51 -47 49 -21 -51 -46 -48 -44 -50 -22 -57 -38 -33 -39 -6 -20
right_child=16 9 11 6 13 7 27 22 10 19 15 -13 -14 25 -16 -17 28 -19 61 44 55 -23 23 38 -26 26 40 -29 -30 31 32 58 -34 -35 -36 -37 57 59 -40 -41 -42 42 53 -45 46 47 52 -49 54 50 -52 -53 -54 -55 -56 56 -58 -59 -60 -61 -62 -63
leaf_value=-0.023207077561884969 -0.0030655382032850117 0.0085126204794785665 -0.0017393810648486257 -0.0031253958236746658 0.011207695525868689 0.015003757930314471 0.0021226531078468182 0.0092552427941517742 0.0093509318747817902 0.0065935740126381592 0.0010637215065920067 -0.0082874777601890295 0.0033222968588870038 -0.0010319598597809758 0.0043235630909155311 0.010400979642603031 0.0037515487751288417 -0.015053687585790954 0.012655024900464176 -0.0012312898476961617 -0.0051460132841094977 -0.0024310301057703181 0.029783966903586513 -0.0036344937478222845 0.0014993413236961467 -0.00057487918584098771 -0.0044676286354768139 -0.0032970294271413925 -0.0070627282948133438 -0.0059467925817804895 0.005785349103689213 0.0061725001811796546 0.0020364290451441438 0.0025702208484701689 -0.0015989551683192667 -0.0089486739528901234 -0.030041535664071181 0.031831912772057769 0.0015939070834764847 0.0032967560573361945 -0.011742496019068528 -0.0022659662291924462 -0.0092994428279637373 -0.01182084992629481 0.0012884648247657405 0.012437593637783906 0.0098439163090328421 0.0038741438190542719 0.0051201483401598904 -0.016444227034546018 -0.065496296058986297 -0.0054484132927285246 0.0017822292687323322 0.002156289734155375 -0.00051628264791166504 0.0042339948494859846 -0.0035087471983992966 -0.0080950885596401765 -0.0058721399404167872 0.012864515814455371 0.0015120808107036633 0.0027063934190439277
leaf_weight=2114.1258339881897 47127.84806060791 50095.469791173935 80188.64678478241 55947.067120075226 8170.1072325706482 28580.794940948486 115535.01423788071 19521.330361366272 29359.03667807579 36315.077895402908 9306.2852740287781 43587.44323682785 26996.029077529907 75690.330798625946 13527.421109676361 14521.045337200165 7362.9010484218597 4069.2499678134918 13364.538952589035 5602.3789432048798 38194.18406701088 44498.870218992233 997.55021214485168 57147.933461904526 64795.24099612236 22651.238184213638 25524.257474184036 80961.322935581207 63632.010432481766 30330.488820552826 16985.606754302979 20588.513569355011 28746.087982654572 29563.981879472733 105830.254799366 36058.269910335541 1327.5918428897858 1791.1011364459991 45027.301811933517 49347.987135887146 24644.171991109848 166476.96084141731 5170.3526532649994 11158.761292695999 25243.014631748199 25790.13588142395 16274.45821928978 27369.763880729675 25434.948596000671 1668.4645979404449 715.81471967697144 58210.443624258041 38842.213991880417 78433.741740942001 86747.614100694656 24034.63566660881 26536.601168632507 14899.424758672714 5031.563045501709 17289.845823287964 24510.562278270721 10166.45215678215
leaf_count=1036 33653 19143 46325 9197 3274 7957 19213 6336 9571 11391 2633 17294 7084 36466 2802 4854 1390 1595 5439 1799 20329 17447 502 13371 30497 6142 6786 12593 11946 10088 5885 7115 9050 9732 14367 6072 364 1240 10046 8246 6764 92561 2040 3385 6439 11433 4332 4751 8287 667 128 16671 12321 28136 26909 13046 13269 4633 1681 4944 10163 5060
internal_value=-2.86359e-05 0.000499631 -0.000233089 0.000155332 0.00106923 0.0024775 -0.00174626 0.00305063 0.00443651 0.00269064 0.00320586 -0.00404533 0.00835032 -0.00140579 0.0115701 0.00225818 -0.00251603 0.000512654 0.000949675 0.00176709 -0.000486878 -0.00337858 0.000915411 -0.00102929 0.00329511 -0.00333126 -0.00572115 -0.000631582 -0.00594161 0.00158576 0.00301651 -0.00148053 0.00673249 -0.00135475 0.000343413 -0.00540901 -0.00589923 0.0104752 -0.00133041 0.00592375 -0.00804465 -0.00172735 -0.00102469 -0.00474107 0.00120517 0.00248665 -0.000397756 0.00802879 3.48998e-05 -0.0101783 -0.0311921 -0.00341115 0.00416487 0.00144687 0.0007621 -0.00211679 0.000171102 -0.00989235 0.0038069 0.0146389 0.00394013 0.00836359
internal_weight=2.16563e+06 1.78627e+06 1.33861e+06 1.21484e+06 820504 522947 394332 476334 288845 447658 219741 123776 69104.2 297556 42108.2 190382 379363 149046 144977 348214 121446 46613 187489 103173 84316.6 148510 72819.7 302327 70994.9 175860 119910 55950.6 64812.6 55097.3 221365 92005.3 25533.3 36066.6 102175 99443.5 50168.4 308368 250081 58286.6 311899 173329 138570 53159.9 120169 7986.66 2384.28 83453.5 55116.7 83604.1 112183 88765.4 50571.2 16227 25620.1 19080.9 32680.7 23531
internal_count=727890 554779 422262 358643 297201 168868 61442 150385 89633 132517 71790 63619 17843 128333 10759 62219 173111 72175 70580 105128 60081 18483 60752 23919 36833 56158 19692 46173 13336 57365 38481 18884 21119 17362 33580 15269 7630 12069 23417 27389 13550 159775 122737 37038 93737 53974 39763 16184 37790 2594 795 23110 16653 30176 35196 46644 26315 4997 8796 6184 13437 10499
cat_boundaries=0 1 2 6 10 12 16 20 24 28 32 36 37 41 45 49 53 57 58
cat_threshold=6 540672 537928860 983329 1011165251 549408 34635922 3508630816 610369688 139460 269758883 130 2150666432 268485120 536870914 2098176 553661384 546078753 1879389216 548905 1152 2148045832 872415232 524288 555758272 8962048 939532288 545312 1040 786688 134291521 16416 18886800 8532736 2019631642 24608 1 2164266304 545393152 402662913 1282 3221233736 8391168 268437570 17409 2434793736 2416074752 4202560 132096 1073742336 537133056 3328 16385 3148336 8406272 1073817622 16385 787408
is_linear=0
shrinkage=0.05


Tree=55
num_leaves=63
num_cat=9
split_feature=5 16 16 16 9 16 16 0 9 16 20 0 19 12 9 16 16 16 9 13 12 13 6 19 9 16 19 16 16 19 12 16 6 19 13 9 16 12 13 16 13 13 16 16 16 9 16 19 6 16 3 6 19 16 16 19 16 6 12 3 6 3
split_gain=2457.98 1141.04 2355.18 1602.96 2100.21 1517.22 940.918 938.162 1013.2 917.118 735.383 829.718 595.062 578.427 703.531 696.961 636.09 613.492 569.964 553.374 550.311 573.237 629.182 522.631 483.411 449.387 437.894 432.946 475.994 422.411 419.448 658.776 553.173 406.742 393.303 393.222 381 485.75 379.752 352.316 475.687 349.928 351.489 896.229 669.17 625.982 333.239 376.93 323.405 315.132 316.973 319.893 309.282 297.521 294.89 305.096 304.112 294.675 288.039 311.444 282.517 275.437
threshold=1.0601411858614587 18.500000000000004 25.500000000000004 9.5000000000000018 0.46335040002959194 45.500000000000007 51.500000000000007 1.5000000000000002 0.055658818669971091 11.500000000000002 0 4.5000000000000009 1 0.32683308931737309 0.85426779935275088 15.500000000000002 16.500000000000004 51.500000000000007 0.84632253711201089 12.500000000000002 0.081672468544343471 23.500000000000004 1.5005248425472362 2 0.62507861635220141 15.500000000000002 3 48.500000000000007 49.500000000000007 4 0.06018989452487989 14.500000000000002 0.47379388140921869 5 16.500000000000004 0.98256826837371369 48.500000000000007 0.098159666949116778 5.5000000000000009 16.500000000000004 37.500000000000007 2.5000000000000004 12.500000000000002 8.5000000000000018 21.500000000000004 0.081149677596378117 44.500000000000007 6 1.0384846801814314 16.500000000000004 14.500000000000002 0.14166260190927463 7 11.500000000000002 11.500000000000002 8 14.500000000000002 1.2141990079422804 0.47413891526029939 354.50000000000006 1.3981256070594561 158.50000000000003
decision_type=2 2 2 2 8 2 2 2 10 2 1 2 9 2 10 2 2 2 8 2 2 2 2 9 8 2 9 2 2 9 2 2 2 9 2 8 2 2 2 2 2 2 2 2 2 10 2 9 2 2 2 2 9 2 2 9 2 2 2 2 2 2
left_child=1 3 10 20 7 23 18 25 9 -9 11 29 -6 14 17 33 -17 41 58 36 -1 -22 26 24 -4 38 -23 46 -29 -3 31 53 49 -16 -8 -12 -20 -38 -5 40 -32 -2 43 -43 -44 -45 47 -18 -41 -33 -51 -52 -13 -14 -35 -56 60 -10 59 -7 -57 -31
right_child=13 2 5 4 12 6 34 8 57 -11 35 52 30 -15 15 16 27 -19 19 -21 21 22 -24 -25 -26 -27 -28 28 -30 61 39 32 -34 54 -36 -37 37 -39 -40 48 -42 42 44 45 -46 -47 -48 -49 -50 50 51 -53 -54 -55 55 56 -58 -59 -60 -61 -62 -63
leaf_value=0.0054407879063261069 0.0096270691976390824 0.019093326606399931 0.0069959525189571469 0.022505087602629221 0.0047272768789147837 0.012821300496846775 -0.01382309232325598 -0.021402338078098753 -0.019636493082290651 -0.06633307578014018 0.0081542342800725431 0.00015883814566490341 -0.00078475786872614524 -0.0045997531452252466 -0.0055360608228690504 -0.014190446830623827 0.0018336185885965564 -0.012872669422701278 0.002358841715725707 0.0049745756942650935 -0.0040688001888939482 0.0094105467306299373 -0.0048858824093546043 -0.0016589659579487664 -0.00090711813303296989 0.035504093630774954 0.0021195564575809439 -0.016905437748033145 -0.002621345829032928 0.0099460365132554539 -0.0091648437246161178 -0.0051920232309152214 -0.0095130123933470714 -0.00037440234590412167 -0.00067277685975913046 0.00024212430694670368 -0.020074911408127019 0.002121445992639893 -0.0099664831819431757 0.003359594743240438 -0.0025582193398488084 0.0020567169583045985 0.01146492127122122 -0.029567618449804624 0.0007552199673945101 -0.0068927061274028272 0.0027188029763274375 -0.0051765273727271003 -0.0058901570282322959 0.0018235365928193246 0.051207319830586177 0.013250575031148452 0.0076425200795497104 0.0085593377047034156 0.035555937273475023 0.0018877027649936804 -0.00084207364206668979 -0.00055298925594577503 0.0017390929395224341 0.0050117133228726775 0.015251497857737262 0.039625002307433793
leaf_weight=84378.374483108521 11762.273621559143 21104.042297363281 37032.628707885742 937.71605777740479 33164.311054468155 41465.206116437912 7711.8455421924591 2345.5901794433594 8934.1170718669891 2203.4916882514954 23825.799050331116 20367.995386123657 13173.089240312576 217441.76530098915 23238.102789402008 16616.37765789032 23270.289545059204 7983.6297528743744 11649.537874937057 100353.08106923103 49104.064560651779 25357.690464019775 26881.571103096008 359585.49837565422 40519.879799127579 590.24598026275635 109537.89419436455 12589.668930768967 10866.048233747482 43328.895465612411 47284.634084939957 3998.2073669433594 19738.780237197876 49153.390491008759 21635.418826580048 46059.697442531586 5954.7349708080292 4204.9179587364197 22098.799112558365 26447.61101102829 64292.082560539246 32828.490587949753 16588.425153017044 3907.9352700710297 120748.79931235313 13756.649747610092 21878.873734235764 108935.28690981865 14702.25361084938 2737.1050055027008 856.42323637008667 1577.2491066455841 42890.898316383362 24109.848033428192 835.26105690002441 6868.5272285938263 12316.769373893738 2614.9340860843658 11379.412385702133 18447.612281799316 9322.6724302768707 795.23563861846924
leaf_count=26413 3657 9917 11057 359 11593 11553 1995 499 1756 442 6832 3497 4278 69328 7260 3826 5493 1718 3349 46138 13732 10202 9440 125322 17642 288 47853 3157 3197 22281 17106 2462 4964 13482 8571 22718 1857 1045 9071 14279 32981 7563 4224 1122 27219 2906 6239 29580 3335 2416 494 390 7285 7555 215 1858 2840 494 4880 2627 2412 168
internal_value=-5.98581e-05 0.0011296 0.00229146 -0.000569069 -0.00319716 0.000855474 0.00421356 -0.0138825 -0.0231909 -0.0431758 0.00706861 0.00931363 -0.00151324 -0.00244465 -0.00151388 -0.00307936 -0.00483593 0.000717647 0.00547911 0.00340579 0.00202829 0.000662856 0.00209907 -0.000856089 0.0028664 -0.00753943 0.00349103 -0.00396035 -0.0102886 0.0132712 -0.00245876 0.000865634 -0.00479912 0.000272989 -0.00412876 0.00293923 -0.00381273 -0.0108889 -0.00864379 -0.00389968 -0.00535807 0.00126132 0.000737389 -0.00282973 0.00204888 -0.0119105 -0.00299696 -0.00394288 5.47289e-05 0.00534877 0.0134987 0.0266233 0.00523421 0.00525788 0.0019932 0.00595977 0.00507715 -0.015316 0.00903173 0.0104168 0.00958286 0.0104794
internal_weight=2.16629e+06 1.44538e+06 858312 587066 291806 659940 222802 39724.9 16098.1 4549.08 198373 128487 252082 720909 503467 295891 194157 207576 193455 122162 295260 210881 161777 437138 77552.5 23626.8 134896 177540 23455.7 65228.2 218917 66190.7 28907.8 101735 29347.3 69885.5 21809.2 10159.7 23036.5 152727 111577 199593 187830 50493.1 137337 17664.6 154084 132206 41149.9 9168.98 5170.78 2433.67 63258.9 37282.9 78496.6 29343.2 28508 11549.1 71292.2 59912.8 16191.2 44124.1
internal_count=728432 531136 308734 222402 114762 236036 82015 12909 3191 941 72698 43148 101853 197296 127968 79559 51492 48409 71449 52389 107640 81227 67495 154021 28699 9718 58055 47666 6354 32366 90260 22559 10726 28067 10566 29550 6251 2902 9430 67701 50087 46691 43034 11591 31443 4028 41312 35073 17614 5762 3300 884 10782 11833 20807 7325 7110 2250 19060 14180 4270 22449
cat_boundaries=0 1 2 3 4 5 6 7 8 9
cat_threshold=28 165920 8321 34826 111114 549761 45576 410017 2048
is_linear=0
shrinkage=0.05


Tree=56
num_leaves=63
num_cat=17
split_feature=5 16 16 16 9 16 17 12 9 16 17 16 4 17 17 16 16 17 12 16 17 16 16 17 16 16 9 17 16 20 9 22 15 17 17 17 17 4 4 16 6 4 6 9 5 16 6 6 8 16 16 16 16 9 9 16 16 16 17 20 16 19
split_gain=2343.19 864.649 1432.57 1426.42 1138.91 1055.19 678.836 673.758 675.465 960.937 616.013 536.359 601.712 495.634 483.56 478.101 457.996 494.526 442.007 562.971 433.972 406 696.533 513.536 404.381 413.62 403.559 398.971 397.653 396.694 390.587 386.922 340.724 340.522 331.574 330.941 323.553 323.026 342.043 320.044 333.301 648.472 319.92 318.134 473.009 582.174 314.234 304.225 302.122 298.46 292.06 378.311 367.403 333.95 308.719 305.452 1454.86 369.975 291.926 282.392 280.145 268.162
threshold=0.80046296296296304 17.500000000000004 9.5000000000000018 25.500000000000004 0.49127877497211242 44.500000000000007 0 0.14611528303841512 0.88914141414141423 14.500000000000002 1 15.500000000000002 42.500000000000007 2 3 51.500000000000007 11.500000000000002 4 0.12954593110883941 14.500000000000002 5 39.500000000000007 35.000000000000007 6 48.500000000000007 16.500000000000004 0.22239159891598917 7 51.500000000000007 8 0.82807523885350331 9 40.500000000000007 10 11 12 13 413.50000000000006 6.5000000000000009 21.500000000000004 0.48065407235786856 47.500000000000007 0.12517409470752092 0.055658818669971091 1.0000000180025095e-35 11.500000000000002 2.0009960159362552 1.9000762195121952 1.1985383136305372 16.500000000000004 44.500000000000007 39.500000000000007 48.500000000000007 0.071661998132586377 0.27508781349520256 19.500000000000004 9.5000000000000018 20.500000000000004 14 15 11.500000000000002 16
decision_type=2 2 2 2 8 2 9 2 10 2 9 2 2 9 9 2 2 9 2 2 9 2 2 9 2 2 10 9 2 1 8 9 2 9 9 9 9 2 2 2 2 2 2 10 2 2 2 2 2 2 2 2 2 10 10 2 2 2 9 1 2 9
left_child=1 2 14 6 11 13 29 8 28 16 -6 12 -4 -5 -1 30 -10 -18 19 33 -11 22 23 -15 25 -22 -24 -9 50 46 35 -16 39 -12 -28 -7 -32 38 -33 40 41 -8 -43 44 -14 -46 -3 -29 -38 -21 51 53 -52 55 -54 56 -2 -57 -17 -40 -58 -27
right_child=7 3 4 5 10 15 32 27 9 20 18 -13 43 21 31 58 17 -19 -20 49 24 -23 26 -25 -26 61 34 47 -30 -31 36 37 -34 -35 -36 -37 48 -39 59 -41 -42 42 -44 -45 45 -47 -48 -49 -50 -51 52 -53 54 -55 -56 57 60 -59 -60 -61 -62 -63
leaf_value=-0.0011715665975218514 0.0020148913849775069 0.015008437858883575 -0.0047944739293222594 0.01062019862585325 0.010511113600113302 0.013241936265363333 -0.00086208828928710675 -0.00061417926915709176 0.00015972719267662696 -0.0077459045501169881 -0.0040333335293830331 0.036685407890013448 -0.013842641527700034 -0.0052767667947343786 -0.0023177736128868519 0.00585283090627918 0.02205605886943126 0.0043711314488532283 -0.0043698233373170711 -0.0089379243697397595 -0.0081780117353453113 -0.0029499844647484612 -0.0012345214301243846 0.0011579235065117708 -0.01036300701149827 0.0027575795919774914 0.027319475094870406 -0.0034278652522340951 -0.011306375644590062 0.0046978753278694926 -0.0065084131434361321 0.0019456497929883493 0.0099320596207355377 0.0073099108145254638 0.0091721056593135342 0.005473525566843356 0.0025035201182645795 -0.001113040023130854 0.0093492888991944783 0.0060658814594926292 -0.0035622250352218467 0.036486828108987228 0.011219396490893627 -0.012941894738975394 -0.013287688269668644 -0.054596154383035736 0.00471051639490373 -0.007481246953990362 0.0083183406909224499 0.00065993556371619693 0.0084742645648153269 -0.0039223062191903269 0.0087300819032864307 0.0029300104864995232 -0.0045284846601696595 0.026412555263012852 -0.026102320978282235 -0.00041175843021887471 -0.0063060233571147345 0.0030809147850846242 -0.057916426422091064 -0.0022309790289838038
leaf_weight=63733.897367238998 10470.625361204147 37742.35610294342 15293.588804006577 9780.9480373859406 10031.485660076141 21742.802698612213 14886.293921232224 108306.24190044403 64098.895757436752 55432.833465337753 8452.7542486190796 569.87726330757141 3799.545713186264 42496.503858327866 21529.46632361412 7085.9007053375244 5151.8156497478485 16946.297751903534 100257.28840351105 16017.329297304153 22497.093761920929 129432.20276975632 8223.9948959350586 114593.36171460152 15513.354367017746 37194.977664470673 2977.5472679138184 274289.46058487892 6149.9600386619568 20914.182915210724 7732.5833368301392 39921.009743452072 20109.925132989883 30379.229514598846 16318.821070432663 37241.560198068619 83735.285538911819 19615.633715629578 62012.282167673111 39567.468748569489 27914.651737213135 1755.3341202735901 4374.469545841217 11629.09983587265 1367.419312953949 2269.5261855125427 9218.3268618583679 55690.525132656097 30465.404679536819 16385.014857769012 30059.855428218842 36147.317330121994 6475.9335777759552 128413.23207879066 13628.170215129852 1368.8184785842896 3425.560583114624 20869.827581882477 16216.73358297348 25343.959810256958 867.70328617095947 97624.35004067421
leaf_count=25785 2896 15527 7108 4361 4514 6351 13243 29939 17187 14479 3373 277 1146 15120 8549 2908 1303 4366 50778 6374 4937 52781 5742 41521 4028 8156 876 77811 1308 8760 4278 29586 7292 10623 4639 11148 45047 3110 18427 17587 7677 929 1114 2481 317 472 2585 17214 7428 5248 6328 7456 1644 24711 2678 529 910 5521 6390 9093 266 24025
internal_value=-1.47848e-05 0.00152558 -0.000190213 0.00261811 -0.0031164 0.00131745 0.0065097 -0.00177236 -0.000642616 -0.00219811 -0.0015254 -0.0113844 -0.0121827 -0.000457539 0.00253803 0.00413197 0.00229973 0.00850685 -0.00223003 0.000781295 -0.0038966 -0.000802903 0.000702402 -0.000583096 -0.00266135 -0.00190197 0.00803995 -0.00324764 0.00125418 0.0104322 0.00500022 0.00394164 0.00405691 0.00484157 0.0119925 0.00834046 0.00338434 0.00485916 0.00577997 0.00272223 1.83356e-05 0.00477416 0.0184598 -0.0181087 -0.0261855 -0.0390729 0.0129843 -0.00411185 0.00405445 -0.00408467 0.00156109 0.00071145 0.00497495 0.00172405 -0.000257414 -0.00246105 -0.00803624 0.00124043 -0.00260884 0.00753218 -0.0325442 -0.000854648
internal_weight=2.16376e+06 1.15314e+06 448608 704527 216452 528044 176483 1.01062e+06 572337 314460 181523 34929.1 34359.2 323823 232156 204220 86197 22098.1 171492 71234.3 228263 314042 184610 157090 172830 157316 27520.4 438286 257877 67874.9 180918 168422 108608 38832 19296.4 58984.4 121933 146893 127277 88498.2 48930.7 21016.1 6129.8 19065.6 7436.49 3636.95 46960.7 329980 114201 32402.3 251727 201563 50164 165416 20104.1 37002.5 14763.9 22238.6 23302.6 87356.2 4293.26 134819
internal_count=728257 470565 187261 283304 92711 208590 74714 257692 132728 78481 80910 11801 11524 125040 94550 83550 22856 5669 76396 25618 55625 120679 67898 56641 41146 37118 11257 124964 54247 26872 74252 68765 47842 13996 5515 17499 56753 60216 57106 40550 22963 15286 2043 4416 1935 789 18112 95025 52475 11622 52939 42289 10650 34833 4322 10122 4072 6050 9298 27520 1176 32181
cat_boundaries=0 4 8 12 16 20 24 28 32 33 34 38 41 45 49 53 54 55
cat_threshold=2685404112 805410316 3020194337 663938 144 2097184 1073810448 565376 32 16786176 1056812 536838 2415921456 2701140836 143827524 38790 208 16392 537200640 16385 1108377600 2416207424 1147355104 5505 33562624 1611202632 3489761616 49793 3255830162 3221757472 608174600 581954 28 8824914 2182123776 2952831808 134255104 260 16778240 8781824 134217984 2147497800 2954888704 544244305 17925 2415921152 3491783936 1078989344 37632 1092625024 8667136 876677129 16385 6 298504
is_linear=0
shrinkage=0.05


Tree=57
num_leaves=63
num_cat=22
split_feature=5 10 16 16 16 16 20 17 20 4 15 17 13 19 4 10 4 2 17 9 17 4 20 17 17 4 13 19 1 16 9 17 5 4 9 16 13 13 4 17 3 17 16 16 16 9 16 16 17 16 17 13 17 17 16 17 17 11 4 7 20 17
split_gain=2164.33 835.441 787.187 1065.23 918.788 749.329 715.253 628.451 595.118 630.748 534.529 517.898 508.813 875.708 497.628 462.427 450.174 437.418 437.036 431.656 400.069 388.512 370.722 353.353 333.085 322.88 318.847 352.131 318.259 315.028 309.363 296.488 295.996 458.649 294.159 291.755 288.39 286.099 352.004 277.858 276.363 267.734 267.395 476.569 1040.05 579.299 571.156 506.186 505.811 378.553 326.961 297.648 295.401 258.837 258.47 258.391 256.899 256.315 256.034 298.5 257.692 254.019
threshold=0.52185491808024087 2.5000000000000004 17.500000000000004 25.500000000000004 8.5000000000000018 45.500000000000007 0 1 2 177.50000000000003 16.500000000000004 3 13.500000000000002 4 26.500000000000004 1.5000000000000002 7.5000000000000009 8.5000000000000018 5 0.47477426787771621 6 772.50000000000011 7 8 9 2.5000000000000004 11.500000000000002 10 295.50000000000006 51.500000000000007 0.93753393051031497 11 0.14423702052568035 123.50000000000001 0.88002123142250543 15.500000000000002 20.500000000000004 11.500000000000002 129.50000000000003 12 214.50000000000003 13 6.5000000000000009 19.500000000000004 25.500000000000004 0.37515432098765439 44.500000000000007 10.500000000000002 14 10.500000000000002 15 35.500000000000007 16 17 48.500000000000007 18 19 0.028796609607525173 4.5000000000000009 81.500000000000014 20 21
decision_type=2 2 2 2 2 2 1 9 1 2 2 9 2 9 2 2 2 2 9 8 9 2 1 9 9 2 2 9 2 2 8 9 2 2 10 2 2 2 2 9 2 9 2 2 2 10 2 2 9 2 9 2 9 9 2 9 9 2 2 2 1 9
left_child=2 8 4 6 23 24 30 53 9 12 17 -8 13 18 -15 -7 -14 26 -2 35 -16 22 37 -1 -5 -13 27 -10 39 34 -4 36 33 41 -19 40 -17 38 -3 -11 -9 -27 61 45 52 47 48 -44 -46 50 -47 -51 -45 -6 -48 -56 -23 -26 -25 60 -60 -18
right_child=1 21 3 5 7 15 11 19 10 28 -12 25 16 14 20 31 42 29 -20 -21 -22 56 -24 58 57 32 -28 -29 -30 -31 -32 -33 -34 -35 -36 -37 -38 -39 -40 -41 -42 -43 43 44 46 49 54 -49 -50 51 -52 -53 -54 -55 55 -57 -58 -59 59 -61 -62 -63
leaf_value=-0.00053648224182826121 0.0011761017445770967 0.021543427423823036 0.011821286834598798 0.004319883815860362 0.010718997661148639 0.0032596837166420536 0.0040518439278373983 -0.0090307421755136986 0.007465840266877433 -0.00096358151753518119 0.0019594991932651031 0.0043932093766034762 -0.006281990638155566 0.012107121343263231 0.0071203897116208824 0.0039881186565359607 0.007994576346047234 -0.0053593708249993002 -0.0076596286515460583 -0.002812788951537163 -0.0009281158678686105 0.00018918589915746097 -0.00061301753517323916 0.0012100182148534835 -0.0018464073807516999 0.031602058960315926 -0.0057021722798763002 -0.0037673914287115295 -0.0096897983815955706 -0.027021566099895394 -0.001484372769537732 0.0053938764004029978 0.0097838306318222823 0.040428302231237868 -0.012968587466367552 0.029451360646344234 0.018532060494050841 0.0024519898877332835 0.0054912647774898122 -0.0045357366564583368 -0.025252851723158304 0.013989082955654854 -0.0086709990567017444 -0.00024059730492765352 0.0010687621234433114 -0.010838528888840042 0.0051922055864765775 -0.037697668869648919 -0.0069576314420573861 -0.010925207267131691 0.0038897365985360193 -0.0031097612696242231 0.0081723302683332916 0.00072984726641124749 0.0054911371084535371 -0.0045335892069498177 -0.004010508891487464 0.0020688968670912232 0.0016370945719999142 -0.0020756894383764496 0.0097684809388954158 0.00015367932552549032
leaf_weight=43778.043927907944 32620.615854024887 4219.6495299339294 5293.2115762233734 42941.71568608284 7390.8611588478088 89958.194053649902 27627.492578983307 20161.874604463577 11373.615032911301 95930.840141773224 26057.291880846024 10660.263718605042 41683.316892147064 20890.802253007889 31526.508737325668 4646.5077595710754 15382.496043682098 30331.041204214096 24499.025137901306 94394.962547302246 30250.485014915466 103311.13805985451 98095.953835725784 31999.748648643494 126951.13781261444 2387.6671879291534 64455.732128143311 18006.903116226196 19272.034993648529 2413.2788410186768 24983.968775033951 17238.595200300217 23057.299360275269 2014.0694878101349 21853.580953121185 450.27810978889465 12797.817922592163 145888.67161178589 17903.680791139603 125908.9336938858 3018.1362767219543 23222.406386375427 4446.3512961864471 14154.012140989304 28064.225941419601 4476.0107972621918 28267.851141691208 2267.7655572891235 65304.59571814537 17816.062331914902 23519.702388763428 38526.042006731033 39757.368342161179 52395.137439966202 9261.5397827625275 20946.841685533524 56225.268619775772 62319.566419363022 12516.022932767868 8486.9857125282288 44249.51752114296 31411.16849732399
leaf_count=21441 8167 862 2312 20882 3939 52802 15072 7883 4616 17027 8869 8893 20440 6638 6505 1025 4462 7653 6530 50897 6307 13956 21117 24629 63670 1437 27177 7501 2561 594 16363 4104 4765 575 5742 221 3215 28422 2773 22816 513 13043 1310 4205 7857 1279 8532 677 19109 5068 6900 11073 11544 25805 2650 6060 7821 26526 5580 1333 16453 9166
internal_value=2.86739e-05 -0.00117822 0.00210305 0.00339064 0.000180381 0.00202347 0.00748195 -0.00220999 -0.0020099 -0.00140966 -0.00464514 0.00974043 -0.000437533 0.00214648 0.00543565 0.00515078 -0.00137506 -0.00580489 -0.00261435 -0.00432539 0.00318031 0.00065979 0.00182942 0.00319416 0.000344856 0.0123013 -0.00373442 0.000582517 -0.00352673 -0.00936322 0.000841826 0.0100555 0.013967 0.0174581 -0.0085461 -0.0103692 0.0146502 0.00325531 0.00855378 -0.00299128 -0.0111439 0.0156501 -0.000779766 -0.00133359 -7.9559e-07 -0.00434538 -0.00211896 -0.0184792 -0.00454575 -0.00321998 0.00153217 -0.00558125 0.00596509 0.00196647 0.0017559 -0.00145973 -0.00129116 -0.000557215 0.00487305 0.0066701 0.00797769 0.00273308
internal_weight=2.16126e+06 1.36632e+06 794941 476100 318842 356854 119246 177811 940676 766185 174491 88969.2 525073 139787 82667.8 124641 385285 148434 57119.6 118025 61777 425644 266108 141030 232212 61341.7 93836.3 29380.5 241112 54597.9 30277.2 34682.9 50681.4 27624.1 52184.6 23630.3 17444.3 168012 22123.3 221840 23180 25610.1 343602 296808 205756 91051.9 151845 6714.12 93368.8 84337.8 27995.7 56342.1 53911.4 59786 58476.2 30208.4 159536 189271 97252.3 65252.5 56765.5 46793.7
internal_count=727364 333986 393378 234684 158694 172224 62460 89258 259035 196883 62152 43785 154479 34147 19450 61146 120332 53283 14697 59514 12812 74951 53174 69436 111078 28713 39294 12117 42404 13989 18675 8344 19820 15055 13395 8617 4240 32057 3635 39843 8396 14480 99892 86264 59957 26307 44208 1987 26966 24320 8179 16141 15749 29744 17242 8710 21777 90196 47995 23366 22033 13628
cat_boundaries=0 1 5 6 10 11 15 19 20 24 28 29 33 37 40 44 48 52 56 60 64 65 69
cat_threshold=1 1611662000 19480617 4093708441 581761 22 1361088776 1611571456 137377249 37893 671747 2433745480 8937728 71671808 16416 536880256 537821224 940576832 525824 6 2415923504 2969580356 143828750 33030 51387680 27276032 138421165 667910 264912 16791176 277614592 543262720 17441 16789968 2961219073 805373248 549729 2147483856 1536 805306368 2164264976 3229988608 205562410 256 3240100232 268570624 876611616 5120 1093672960 546267144 205594880 257 128 2097152 67584 41088 1073742984 132096 872481536 542241 2105792 35840 809804880 25641 1 1073743232 9180160 606374176 524297
is_linear=0
shrinkage=0.05


Tree=58
num_leaves=63
num_cat=17
split_feature=5 3 10 12 16 16 16 16 16 9 11 4 21 9 17 17 13 12 17 16 16 17 17 5 22 17 9 16 16 16 17 16 16 16 16 5 16 16 17 17 19 12 15 9 19 4 13 17 17 16 16 4 16 16 16 17 17 16 9 16 16 7
split_gain=1985.62 1148.96 1086.39 671.571 562.966 872.432 549.803 1505.92 1042.98 624.195 535.317 512.538 502.345 454.017 447.561 394.554 380.504 341.855 340.964 331.756 379.271 550.523 396.643 360.682 331.751 324.297 316.198 309.757 487.765 383.894 437.836 357.008 431.694 309.078 527.964 369.612 309.149 541.987 332.289 327.236 305.76 304.337 434.085 296.954 295.043 294.131 284.297 291.377 275.501 270.525 270.439 263.748 263.404 259.895 564.251 397.174 379.206 291.243 254.562 253.56 351.967 257.686
threshold=0.26705426356589151 7.5000000000000009 2.5000000000000004 0.10034016239916689 48.500000000000007 46.500000000000007 16.500000000000004 10.500000000000002 24.500000000000004 0.64964350432706153 0.030491525391963401 809.50000000000011 0 0.80014130946773443 1 2 37.500000000000007 0.021640163029942653 3 44.500000000000007 25.500000000000004 4 5 1.0757760983922355 6 7 0.61795562564338447 39.500000000000007 41.500000000000007 35.000000000000007 8 22.500000000000004 25.500000000000004 44.500000000000007 51.500000000000007 2.0024449877750619 40.500000000000007 35.000000000000007 9 10 11 0.60018576995641826 8.5000000000000018 0.99978194505015272 12 8.5000000000000018 9.5000000000000018 13 14 48.500000000000007 14.500000000000002 413.50000000000006 50.500000000000007 18.500000000000004 25.500000000000004 15 16 47.500000000000007 0.93111357165453978 15.500000000000002 12.500000000000002 86.500000000000014
decision_type=2 2 2 2 2 2 2 2 2 10 2 2 9 10 9 9 2 2 9 2 2 9 9 2 9 9 10 2 2 2 9 2 2 2 2 2 2 2 9 9 9 2 2 10 9 2 2 9 9 2 2 2 2 2 2 9 9 2 10 2 2 2
left_child=1 46 3 4 5 12 7 15 25 -9 14 17 27 52 -3 -5 -11 -4 -10 20 21 -19 -22 -21 45 -8 -7 29 -29 30 31 -2 -33 36 35 44 37 39 -39 -20 -14 42 59 -36 -35 -17 47 -1 -15 -25 -32 -47 -6 55 56 -48 -55 -56 -52 60 -16 -62
right_child=2 10 11 6 13 26 8 9 18 16 -12 -13 40 48 41 24 -18 19 33 23 22 -23 -24 49 -26 -27 -28 28 -30 -31 50 32 -34 34 43 -37 -38 38 -40 -41 -42 -43 -44 -45 -46 51 53 -49 -50 -51 58 -53 -54 54 57 -57 -58 -59 -60 -61 61 -63
leaf_value=-0.0014616842457753241 0.0014236152456635646 -0.0021989399347065578 0.0088908811291902277 -0.0084519684078688175 0.0056731578148912091 0.01694976711750365 0.014126301060010572 -0.024959779910312094 0.0028128509961133576 -0.014502239609437032 0.0088527010772444757 -0.0011156603519830877 -0.011658676871019494 0.0030685745518626651 0.003847351324437451 -0.0074882188124556883 -0.0059714788038441845 0.0044786969853960667 -0.011154971222982851 0.0087444380695902071 0.0048530913892549134 -0.0018410907798948493 -0.0035560096245910375 0.0073206880281306763 -0.0064536668520057171 0.002459861078185327 0.0051734463215913802 -0.0088708954430245287 0.00024134989544151973 0.010982922152096279 0.001330813505578266 0.013890185350716728 0.0021629566718857308 -0.0048623194076273793 -0.013015059899596886 -0.0066456105799483182 -0.0086530077878894922 0.01710198841862531 0.00070726095359816845 -0.0038321810598872887 -0.0025193295417635965 -0.0017382067298165036 0.010694849051957117 0.00041318864883697686 0.0038396454169030629 0.0021614047512943514 0.0040166286531129313 0.010819094599506784 -0.013748216284768789 -0.0042272175877922464 0.0016621136635346445 -0.0062100755786287948 -0.0070075652061732056 0.013305273958617338 -0.0010685164352278291 -0.0024240999413569341 0.0035374850799619662 0.0038702337849976357 -0.0051208239700276693 0.0059975563617640946 -0.0051857044872121614 -0.030582726685638162
leaf_weight=7494.6373853683472 88798.678700447083 26963.016204118729 18302.504115819931 21832.441655635834 8738.054318189621 7937.7052204608917 6528.9621915817261 7701.9878785610199 21929.358741283417 23354.931197881699 73593.694059848785 175450.38266682625 9908.7169716358185 2827.7335262298584 16783.296528816223 11200.90361571312 29690.886053800583 108911.38086843491 18432.503991127014 32233.656663179398 17960.861194372177 50402.693256616592 63827.585627794266 8397.6529057025909 23733.444077968597 67017.693964719772 20219.254547357559 20974.525766372681 48976.01495885849 9765.5982961654663 59405.043357849121 14666.801991462708 16877.321600914001 12095.843045711517 13205.841215372086 14834.767684221268 42496.848521947861 3891.4184999465942 14876.926622390747 88613.572697877884 118591.64562821388 14807.71027636528 32498.525764465332 5981.7805211544037 49862.851195812225 75794.640298843384 30010.558714151382 13583.460516691208 17623.459184885025 12801.159231901169 19050.09599852562 10741.035292863846 7705.5436806678772 13908.913044691086 118420.16197824478 118085.61780452728 34816.614493370056 39911.103398323059 50498.051354408264 43183.210798501968 7161.8297803401947 1159.7615542411804
leaf_count=4501 20621 9573 3544 6274 2053 1966 1927 2386 5999 5992 24254 23974 2908 739 5670 5372 8708 21696 5047 6524 3601 10244 12728 1752 6653 20826 4982 5024 11703 2378 15430 3255 3705 3346 3314 5500 12676 1285 4709 23973 30815 5481 10871 1860 13850 20816 21802 7666 4563 2578 4819 1781 1834 10084 86706 90076 26535 29428 12869 14645 2345 181
internal_value=1.68025e-05 0.00248442 -0.000911501 -0.00179197 -0.000500677 -4.8343e-05 -0.00298878 -0.005062 -0.00181289 -0.0116592 0.00538957 0.00104744 -0.000574074 -0.00645487 0.00360171 -0.0022653 -0.00972759 0.00226058 -0.00317756 0.00184854 0.00105856 0.00247945 -0.00170916 0.00541309 -0.00115248 0.00349796 0.00849378 0.000461376 -0.00249103 0.00125859 0.000877623 0.00304654 0.00761593 -0.00367459 -0.00141045 0.000443233 -0.00496593 -0.00372048 0.00411675 -0.0050946 -0.00322501 0.00495451 0.00593832 -0.00882897 0.00214059 0.000135389 0.00081535 0.00645705 -0.0114282 0.000347475 -0.00114662 0.00112225 -0.000269151 0.000480502 0.0016244 -0.00111881 0.00632942 0.000176428 -0.0032629 0.00367454 -0.000321378 -0.00872848
internal_weight=2.16705e+06 592382 1.57467e+06 1.08638e+06 522564 485669 563819 204050 359768 60747.8 216151 488288 457512 36894.8 142557 143302 53045.8 312837 286222 294535 241103 159314 81788.4 53432.5 121470 73546.7 28157 329012 69950.5 259062 249296 120343 31544.1 264292 95981.1 76793.5 168311 125814 18768.3 107046 128500 115594 100787 19187.6 61958.7 97736.6 376231 21078.1 20451.2 21198.8 128953 86535.7 16443.6 355153 207057 148096 48725.5 158331 69548.1 68288.1 25104.9 8321.59
internal_count=728417 349818 378599 291958 129664 120475 162294 57982 104312 17086 73020 86641 113527 9189 48766 40896 14700 62667 81559 59123 48269 31940 16329 10854 34622 22753 6948 79804 16727 63077 60699 27581 6960 75560 27870 22696 47690 35014 5994 29020 33723 39193 33712 5174 17196 27969 276798 12167 5302 4330 33118 22597 3887 264631 152753 111878 36619 116134 17688 22841 8196 2526
cat_boundaries=0 2 6 10 14 18 22 23 27 31 34 38 39 40 44 48 52 56
cat_threshold=268514231 41984 2468348200 3222178880 1193840 164356 2183135560 805369664 269499136 38404 1048578 1098907680 71312043 532804 2685404888 537713664 1948583953 16425 2165314568 2415948608 138420577 256 370492297 1048720 536872480 1610613320 1536 536880872 539590664 1946453138 549504 18879744 270336 134217984 1073750016 536936448 1073814848 17921 540704 1705088 1074795888 2155880544 2430665611 17668 9352 131072 872480768 17920 33557152 1075920928 3019971664 147457 2684387520 2415941120 2953056768 541698
is_linear=0
shrinkage=0.05


Tree=59
num_leaves=63
num_cat=21
split_feature=5 12 12 15 17 20 19 20 17 15 21 3 19 17 4 0 13 0 20 8 0 5 10 13 19 16 16 17 16 0 13 17 17 0 16 16 16 16 16 17 16 19 20 17 17 13 21 16 4 5 16 16 16 4 17 16 12 4 17 5 16 16
split_gain=1813.89 728.723 666.88 655.891 515.169 452.254 477.068 426.554 409.461 392.297 366.91 363.026 333.352 325.603 462.115 322.156 321.361 362.132 403.897 413.733 321.447 320.633 306.75 292.199 331.761 283.338 295.571 267.906 259.397 255.953 254.089 236.038 227.674 226.726 221.358 259.828 642.42 422.387 342.455 376.429 318.055 311.734 267.293 241.139 208.878 204.992 203.756 203.53 197.845 314.794 195.727 666.872 510.457 333.808 227.822 194.307 193.401 193.044 190.844 188.643 177.644 583.841
threshold=0.63169856459330154 0.47700046224142678 0.10652599106790651 11.500000000000002 0 1 2 3 4 24.500000000000004 5 158.50000000000003 6 7 115.50000000000001 252.50000000000003 53.500000000000007 16.500000000000004 8 1.1098262032085564 1.5000000000000002 0.20533090098307491 1.5000000000000002 62.500000000000007 9 25.500000000000004 27.500000000000004 10 23.500000000000004 1.5000000000000002 13.500000000000002 11 12 2.5000000000000004 6.5000000000000009 12.500000000000002 10.500000000000002 24.500000000000004 44.500000000000007 13 19.500000000000004 14 15 16 17 53.500000000000007 18 40.500000000000007 7.5000000000000009 0.12579113924050636 8.5000000000000018 16.500000000000004 26.500000000000004 143.50000000000003 19 46.500000000000007 0.21699967035220799 33.500000000000007 20 2.8592283628779982 14.500000000000002 18.500000000000004
decision_type=2 2 2 2 9 1 9 1 9 2 9 2 9 9 2 2 2 2 1 2 2 2 2 2 9 2 2 9 2 2 2 9 9 2 2 2 2 2 2 9 2 9 1 9 9 2 9 2 2 2 2 2 2 2 9 2 2 2 9 2 2 2
left_child=1 3 5 4 -1 6 59 9 -5 31 27 32 -6 -8 23 22 17 18 19 20 50 -21 29 24 46 28 -27 -7 -16 -9 -26 -4 55 -33 43 36 41 40 39 -39 44 -36 -38 -24 -37 47 -15 -41 -10 57 -14 -52 53 54 -53 -3 -20 -50 -40 -2 -29 -62
right_child=2 11 7 8 12 10 13 15 48 -11 -12 -13 16 14 25 -17 -18 -19 56 21 -22 -23 34 -25 30 26 -28 60 -30 -31 -32 33 -34 -35 35 37 42 38 58 45 -42 -43 -44 -45 -46 -47 -48 -49 49 -51 51 52 -54 -55 -56 -57 -58 -59 -60 -61 61 -63
leaf_value=-0.00309633288051453 -0.0055802323046666713 0.00080857446440876475 -0.0039994400340434373 0.0094695576729062897 -0.000129903830884984 -0.006988102377052819 -0.0017495716279192566 -0.00027189575770438526 0.00033550147730402951 -0.00056247844370041565 -0.0056145302324902696 -0.0070284183849584712 0.010806965442001678 0.0059119848557867075 0.0014745422529852041 -0.009335578165091292 -0.00093438248703178349 -0.00060550140405230555 0.0026170401627261821 0.014003504458434055 -7.6705448625008065e-05 0.0064124895895664048 0.0071849240171058459 -0.0043566732039867712 0.014828924363515739 -0.010053123956241236 -0.00048812834294569512 0.0019481371465961015 0.0092073105776007847 -0.0041106280786097548 0.0044447419240494258 -0.00565052865677464 -0.0015336739560061294 -0.012338594143388608 0.0046435221711945062 0.0069760591303246414 -0.0031445256994295161 0.004757623858608423 0.0056696675796206438 -0.00087384800158152559 0.0074211560717070404 -0.0060625313285434107 -0.0186728270051023 -0.00039741531016843464 -0.0038644854904005608 -0.0083486511762324647 -0.00036186876890280004 -0.0087433446866810437 0.0066011527010193588 0.0027414680441980189 -0.0041888135633881083 0.0052963684686536047 0.003819222140786472 0.038743054803320763 0.017693318145922787 0.007267422750525024 -0.0033135039420634327 0.015826220317644267 -0.0011176272052872028 -0.02126235724786199 -0.0095539166803721935 -0.00011419246535092169
leaf_weight=51105.205372810364 10580.598162412643 92318.354846000671 43792.388265609741 44174.137747526169 116215.67935037613 16404.942059278488 67710.227115631104 61682.351339817047 30452.521373033524 36076.357118368149 48597.477434158325 20492.412400960922 14107.51700425148 39339.398973941803 100707.74717116356 13677.643357753754 46019.078352689743 44761.244471073151 49367.823928594589 19324.305626630783 38622.066066026688 49663.724974155426 18529.941584587097 7576.0298047065735 15035.520619869232 9163.0831122398376 68067.021502256393 59964.099565029144 12153.100474834442 146694.62150216103 9687.2516582012177 25185.3508040905 124319.71655702591 25509.346349239349 14662.302429676056 6233.1341052055359 4045.7832429409027 11572.715212583542 18863.769970417023 32886.193700551987 26646.848005533218 12659.719563961029 8902.5368247032166 24140.942394256592 15399.804104804993 27472.275151014328 19289.771183013916 10951.768615484238 17758.588768482208 48689.069786548615 17223.18245434761 6549.5739963054657 36096.274136781693 1300.7049994468689 8617.2260556221008 13324.282214641571 19051.357023954391 8332.6487381458282 22946.862209558487 2341.5311994552612 18644.912093400955 134793.84603261948
leaf_count=24178 2920 51906 14203 17083 52556 4851 15702 28296 23467 9849 14493 3476 7520 10578 16112 1698 28810 6554 24891 5740 8202 10947 3883 2580 3647 1400 10944 14470 1919 38845 2851 10825 74946 6470 3301 1354 839 2561 4074 6421 6041 2621 1909 4912 3366 6026 5379 2347 8794 10226 8635 3962 19972 446 4986 7400 11147 2890 5032 866 4303 31590
internal_value=-3.92935e-05 0.00164809 -0.00127975 0.0025111 0.00166933 -0.000153032 0.00101309 -0.00246484 0.00542968 -0.00499761 -0.0016678 -0.000651738 0.00219096 0.00136276 0.00211271 -0.00177284 0.00296003 0.00354833 0.00426366 0.00544165 0.00369795 0.00853899 -0.00155006 0.00504439 0.00589891 0.000710458 -0.0016231 -0.000832961 0.0023073 -0.00297432 0.010756 -0.0066915 -8.34709e-05 -0.00901433 -0.000390362 -0.00104817 -0.00466531 -0.000206032 -0.00174347 -0.00360451 0.0037647 -0.000317711 -0.0138384 0.00289692 -0.000739365 -0.00496159 0.00384812 -0.00283999 0.00373251 0.00511633 0.00543565 0.00434969 0.00714746 0.0144422 0.0123557 0.00162311 0.000965512 0.00954782 0.00194576 -0.0084168 -0.00035946 -0.0012613
internal_weight=2.16648e+06 917887 1.24859e+06 667432 518025 640057 361651 608533 149407 130563 278405 250455 466920 348729 281019 477969 350704 304685 259924 191505 122517 68988 464292 90928 83351.9 190091 77230.1 229808 112861 208377 24722.8 94487.1 229962 50694.7 255915 213244 40270.3 172973 124694 82883 48279.8 27322 12948.3 42670.9 21632.9 71310.2 58629.2 43838 105233 74780.3 83894.5 69787 52563.8 16467.5 15166.8 105643 68419.2 26091.2 41810.6 12922.1 213403 153439
internal_count=728212 418734 309478 281006 218546 144605 74898 164873 62460 41347 69707 137728 194368 71112 55410 123526 141812 113002 106448 70410 53723 16687 121828 25035 22455 30375 12344 55214 18031 67141 6498 31498 134252 17295 54687 45892 8670 37222 26461 17355 10761 5922 2748 8795 4720 14794 15957 8768 45377 21910 45521 38001 29366 9394 8948 59306 36038 11684 9106 3786 50363 35893
cat_boundaries=0 4 5 6 7 11 13 14 18 19 20 24 28 32 36 37 38 42 46 48 52 56
cat_threshold=1375733760 3758170212 14309122 5504 4 540672 25 1049216 3517019168 878775432 140676 92151 173058 1589936 3491811408 2424315400 69211808 131456 14 197091 1108345504 2164326432 338690113 1085702 2148575048 293880480 1679917135 17411 536880832 2701705760 608278920 548108 2166362176 8401440 138420768 8448 724042 2 1073742992 2156662792 606183424 16425 640 131072 872480768 17408 101707939 196608 18879360 277610760 203432033 16392 3223330944 528384 874580736 17705
is_linear=0
shrinkage=0.05


Tree=60
num_leaves=63
num_cat=20
split_feature=0 1 10 20 12 0 16 12 16 16 9 16 17 20 2 17 16 16 16 16 16 16 9 13 17 9 12 17 16 16 15 16 16 16 16 16 2 16 17 4 19 4 17 17 17 12 16 16 17 17 17 9 20 4 0 17 17 17 17 17 9 8
split_gain=1736.96 1425.39 1316.77 887.89 525.838 515.141 481.648 477.92 439.502 551.582 1049.78 506.557 395.78 349.471 373.613 349.103 340.939 436.332 380.143 545.398 454.629 396.547 791.432 434.478 363.774 339.866 586.782 333.877 329.391 447.866 410.665 394.803 339.282 325.142 319.493 531.64 318.718 295.343 290.622 290.37 288.226 290.981 359.833 283.064 282.275 281.924 278.278 272.389 332.76 271.779 265.602 263.297 262.215 306.681 261.691 258.387 258.233 256.617 251.338 247.246 247.184 240.912
threshold=1.5000000000000002 2.5000000000000004 1.5000000000000002 0 0.10034016239916689 1.0000000180025095e-35 4.5000000000000009 0.15415831592039339 18.500000000000004 9.5000000000000018 0.42431633407243169 25.500000000000004 1 2 164.50000000000003 3 49.500000000000007 51.500000000000007 25.500000000000004 28.500000000000004 18.500000000000004 10.500000000000002 0.11119139370584459 38.500000000000007 4 0.76928691746210009 0.39804354792385183 5 17.500000000000004 25.500000000000004 43.500000000000007 8.5000000000000018 47.500000000000007 51.500000000000007 48.500000000000007 46.500000000000007 15.500000000000002 44.500000000000007 6 131.50000000000003 7 66.500000000000014 8 9 10 0.44696464314094242 11.500000000000002 15.500000000000002 11 12 13 0.64964350432706153 14 361.50000000000006 77.500000000000014 15 16 17 18 19 0.021858576206402299 1.0758714138865528
decision_type=2 2 2 1 2 2 2 2 2 2 10 2 9 1 2 9 2 2 2 2 2 2 10 2 9 10 2 9 2 2 2 2 2 2 2 2 2 2 9 2 9 2 9 9 9 2 2 2 9 9 9 10 1 2 2 9 9 9 9 9 10 2
left_child=1 7 3 8 6 36 -4 44 9 50 -11 15 -6 14 27 -10 18 -18 20 24 21 52 -23 -24 -20 26 33 -8 31 30 39 49 55 37 35 58 -3 -13 -19 -30 -12 -42 -43 -27 -1 -44 -25 48 -48 -9 -2 -36 53 -14 -45 -31 -34 -16 -21 -15 -38 -5
right_child=2 5 4 61 12 -7 13 28 11 10 40 25 16 59 57 -17 17 38 19 34 -22 22 23 46 -26 43 -28 -29 29 32 -32 -33 56 -35 51 -37 60 -39 -40 -41 41 42 45 54 -46 -47 47 -49 -50 -51 -52 -53 -54 -55 -56 -57 -58 -59 -60 -61 -62 -63
leaf_value=0.0059848220865893493 -0.0080020126764093185 0.0088118729131045487 0.0080175929799779951 -0.0060530270972910813 -0.003592726247897882 0.0044458307102782898 0.0072802305063496969 0.0086380025299185592 -0.0047300122171203629 -0.028818393704010511 -0.026085221040270321 0.0010943663470570325 0.0054019429716677461 -0.0051610501514318327 0.0027080788860313191 0.0045433220952649858 0.010254558267581659 0.014211148381483832 -0.011866384947315272 -0.0032640722560917791 0.0054777639547003779 -0.050557491388286968 -0.010568327836285309 -0.011004101614236626 -0.0018360457706067667 -0.0097981082127778108 -0.0082849717052626594 0.0020715082373888014 0.0022207733490586298 0.0028473826089559177 0.012716200118061372 -0.0039910799708832781 0.0066040142277169426 -0.012514229151833251 0.0082962128235428614 0.011359717359605032 -0.0048788119192141556 0.0094150296280231371 -0.0062963613178175261 0.036186287839273017 -0.0017658218294289976 -0.025283696739419881 -0.0052414403340457459 -0.002364070705322463 0.0017946105221564373 -0.018142709271020793 0.032540693672541213 -0.0044108479862389983 0.0041740915861628687 -0.0002609222772297844 -0.00048603725724182179 -0.013700157179529113 -0.00461166968142083 -0.0014595933313385342 -0.013048838070738859 -0.0022600490387993189 -0.00081634877365613129 -0.001767029532891126 0.0022787451246130477 -5.2942307819931032e-05 0.021880305376896864 -0.012726846699558004
leaf_weight=54353.820340633392 13959.07106089592 33856.741740703583 25066.281596660614 28752.155543327332 119882.19954419136 89762.295852661133 44984.272664546967 9700.6127607822418 12612.078515768051 5346.8706924915314 1714.1589534282684 26515.710394620895 42305.957328796387 29604.106215953827 53595.660267353058 51816.993047714233 16459.175078392029 2112.5940968990326 22299.600006341934 53738.008780956268 40769.340517282486 906.63471031188965 14322.481162071228 4825.332480430603 15221.363165616989 17092.909482717514 14017.109526395798 97378.31040930748 45031.963392734528 31243.658392906189 13172.598443746567 90703.437734365463 28976.48993062973 3019.0642354488373 1661.5876548290253 9405.2152850627899 959.66391944885254 17839.483483791351 9262.4003212451935 637.1613552570343 31303.462156295776 2848.6403729915619 33299.530577898026 111580.78285694122 154307.37344241142 4850.8448851108551 1103.5553588867188 9857.9312372207642 14460.395248413086 73626.808232784271 74143.823256731033 7491.272429227829 14616.802435398102 26475.553690910339 6039.915153503418 119242.85196185112 19690.90525841713 79594.554682254791 33005.810476779938 118397.97043514252 8538.9756836891174 25533.376923561096
leaf_count=30444 3402 11030 4805 9638 24865 26978 9159 5791 3189 1280 413 5819 9748 6206 7392 12743 3273 439 4155 11004 8976 199 2855 1053 3012 4211 3796 20449 30483 18981 8160 58818 18053 632 358 2101 212 3813 1816 257 8848 567 6560 26782 89741 1029 239 2000 3020 45003 17548 1614 3432 4189 909 73372 12292 11169 6663 23166 2020 7799
internal_value=7.87403e-07 0.00189971 -0.0010555 -0.00316719 6.51316e-05 0.00660758 0.00128324 0.000921532 -0.00240293 -0.00440144 -0.00742482 -0.0011184 -0.00112237 0.000884678 0.00193721 0.00272798 -0.000251988 0.00505051 -0.000724351 -0.00262503 0.000875836 -0.00058001 -0.0043359 -0.00339455 -0.00780112 -0.00238211 0.000701297 0.00371808 -2.75216e-05 0.00110638 0.00493891 -0.0017085 -2.59869e-05 0.00336028 -0.000780643 6.9144e-05 0.011083 0.00444104 -0.00247978 0.00269543 -0.005879 -0.00539524 -0.00816757 -0.00378727 0.00288651 -0.00688047 2.56655e-06 0.0020921 0.00621096 0.000776148 -0.00167791 -0.00970652 0.00146807 0.0027604 -0.0029126 -0.00119961 0.00360296 3.38288e-05 -0.00115516 -0.001075 0.0191766 -0.00919056
internal_weight=2.1649e+06 773805 1.39109e+06 482286 908804 133118 448621 640688 428000 167466 79363.5 260534 460183 423555 275553 64429.1 340301 27834.2 312467 142823 169644 128875 45476.3 44569.7 37521 196105 61391.4 142363 432026 257996 58841.7 174031 199154 47374.3 105302 96149 43355.4 44355.2 11375 45669.1 74016.6 72302.5 40999 134714 208661 38150.4 30247.2 25421.9 15564 83327.4 88102.9 9152.86 83398.3 68781.5 117621 150487 48667.4 133190 86743.8 148002 9498.64 54285.5
internal_count=727970 431635 296335 118978 177357 40240 82346 391395 101541 39647 18697 61894 95011 77541 48169 15932 70146 5528 64618 28907 35711 26735 9366 9167 7167 45962 14060 29608 271210 161598 38900 109612 122698 10264 21740 19768 13262 9632 2255 30740 17417 17004 8156 31902 120185 7589 6312 5259 3259 50794 20950 1972 17369 13937 27691 92353 30345 18561 17667 29372 2232 17437
cat_boundaries=0 1 5 6 10 14 18 22 23 27 31 35 38 42 46 47 51 55 59 63 67
cat_threshold=22 1124106536 822600008 135302547 5632 12 1092648984 268845056 203437888 1025 536879248 524288 805634048 16385 553690264 537420065 809509136 665088 128 0 536936448 16385 16384 3238035456 2952921088 11008 4096 3490709512 3489796608 244288 37888 536904784 414387840 71860848 5387904 0 0 65536 34603136 32 872485232 544768 2149614608 537588232 70496 37888 6 2198873088 2432742176 138421135 4358 1611663232 8963112 876708070 541741 16785536 2684387328 809612304 534017 2110992 8392704 606142528 16425 2098816 2415931392 1010829313 4096
is_linear=0
shrinkage=0.05


Tree=61
num_leaves=63
num_cat=2
split_feature=5 16 16 16 9 16 16 5 9 16 9 12 16 6 16 4 16 6 6 12 6 13 13 12 9 16 16 16 16 6 2 16 11 6 4 16 6 9 16 16 16 16 16 13 16 18 16 16 5 16 16 11 16 16 11 9 12 18 16 12 3 4
split_gain=1755.55 770.696 1567.34 1173.82 1540.18 990.227 690.201 643.782 662.565 624.395 483.553 464.811 647.857 632.028 740.182 470.087 467.763 534.256 452.582 441.493 509.108 524.417 428.878 420.012 561.284 580.217 495.808 421.815 396.438 379.711 347.892 332.026 644.011 521.332 569.955 667.734 585.328 398.531 327.362 445.99 428.907 356.32 550.094 326.279 323.871 322.224 320.649 407.499 366.349 364.294 317.441 313.243 313.094 1061.36 425.337 364.296 305.195 304.007 302.156 312.185 297.118 285.518
threshold=1.0004484304932737 18.500000000000004 25.500000000000004 9.5000000000000018 0.47477426787771621 45.500000000000007 51.500000000000007 1.0000000180025095e-35 0.030457637600494747 11.500000000000002 0.84632253711201089 0.25856392447470722 14.500000000000002 0.70598777145266722 16.500000000000004 47.500000000000007 11.500000000000002 0.61820583643569116 0.15010729613733911 0.081672468544343471 1.6338432666060057 22.500000000000004 11.500000000000002 0.32683308931737309 0.72012658227848114 51.500000000000007 14.500000000000002 44.500000000000007 11.500000000000002 0.90015105740181289 140.50000000000003 22.500000000000004 0.034484958276152618 0.51729689716858929 15.500000000000002 19.500000000000004 0.10950643030935003 0.96971278547478978 48.500000000000007 44.500000000000007 49.500000000000007 39.500000000000007 35.000000000000007 39.500000000000007 12.500000000000002 0 18.500000000000004 25.500000000000004 2.0746415271383754 27.500000000000004 15.500000000000002 0.095696724033327546 39.500000000000007 35.000000000000007 0.032186440285295256 0.08941897654584223 0.4569138195731276 1 48.500000000000007 0.098159666949116778 90.500000000000014 232.50000000000003
decision_type=2 2 2 2 8 2 2 2 10 2 8 2 2 2 2 2 2 2 2 2 2 2 2 2 10 2 2 2 2 2 2 2 2 2 2 2 2 10 2 2 2 2 2 2 2 9 2 2 2 2 2 2 2 2 2 10 2 9 2 2 2 2
left_child=1 3 31 19 7 52 10 50 9 -9 56 12 16 14 -14 -16 -6 -18 -17 -1 21 -21 58 24 25 27 28 -2 -26 -10 -11 33 -33 34 -3 36 -36 -35 39 41 -40 42 46 -13 -31 -39 -28 48 -48 -49 -5 -30 53 54 57 -55 -7 -4 -12 -60 -8 -34
right_child=23 2 5 4 11 6 60 8 29 30 22 43 13 -15 15 18 17 -19 -20 20 -22 -23 -24 -25 26 -27 38 -29 51 44 -32 32 61 37 35 -37 -38 45 40 -41 -42 -43 -44 -45 -46 -47 47 49 -50 -51 -52 -53 -54 55 -56 -57 -58 -59 59 -61 -62 -63
leaf_value=0.0050520547301598434 0.00048307085206679277 0.0025108238390182079 0.0034039669620079122 -0.0064398694654036973 -0.0012720249192456708 0.0095254062433778788 -0.00016879501112655566 -0.015095790761968498 -0.018626950297105642 -0.040233413284620802 0.0016562934014456188 -0.0072331653771049668 -0.0059118891306948022 -0.0063843028714637394 0.00097107519802575558 0.041770062941102457 -0.0015253289996463477 0.010862087791642461 0.012735998078777422 -0.0034902346877286024 -0.0054674914769392707 0.0031191187205348836 0.0040449830776999847 -0.0037291177004174325 -0.0011419101219488019 -0.012536724926261598 -0.0063811928269011447 0.006725715452610072 0.0072102603478924124 -0.0085025922541417057 -0.084976115424641424 0.0055402776387196151 0.018381445660390662 0.0093732838284655909 0.05158314306653014 0.0080336644231646485 0.018397719970474291 0.015081373981156655 -0.014140770855643376 0.0031632488446864137 -0.0019372821503481708 -0.0080329939625210112 0.011612899971487676 -0.0015028245648003986 0.020794096637307205 -0.0015759962862850118 0.0029842397947085013 -0.010481032570501387 -0.0064630149717075274 -0.00055450323327420716 0.031716148927868455 -0.02233647670730049 -0.0020703858859575557 -0.00040780061271496854 0.003270040642169931 0.011669782053796643 0.00077287949186734565 -0.0030041667406207266 -0.018906858018405432 0.00047294384652565272 -0.011132132793650577 0.0066771127198697591
leaf_weight=80176.314493179321 141774.02940487862 18838.654523849487 21646.54075551033 18862.032749414444 24435.759202480316 57240.546018838882 19253.041160821915 2743.9902739524841 8858.2201228141785 2510.8084146976471 10180.378014087677 39691.178778648376 12227.421188592911 43036.147927761078 7036.8246231079102 1669.7560727596283 12098.231014728546 31023.455269575119 6835.0828909873962 38327.523418188095 28955.553797721863 138323.2158665657 101251.41604661942 225924.73530626297 79114.554674625397 7488.2833070755005 53264.925733327866 33441.99497461319 23887.481852293015 4057.124951839447 525.99258756637573 62133.621220350266 18018.853622913361 12452.622760057449 1835.7725794315338 12793.692217826843 4812.2273304462433 3075.7226641178131 15621.436982631683 26951.909409999847 13355.840463876724 38147.646466255188 6483.3680083751678 66393.015090465546 1228.0689554214478 48842.099477052689 47791.432568073273 19176.828860044479 13066.674630880356 17841.30143904686 560.34306001663208 931.06549382209778 189824.62024068832 8204.3038415908813 49654.507295131683 26123.548562765121 12058.020988464355 127363.25586056709 5133.104838848114 3490.9663791656494 9100.3493812084198 7332.2536447048187
leaf_count=25778 33297 17642 7859 8194 8362 13545 8908 679 1909 609 2926 15885 6220 10265 5499 900 6513 7696 1493 11033 10027 59164 46675 70865 21377 1614 12647 7886 6151 819 80 21309 7140 3291 1337 4642 1427 705 3703 7255 3693 10076 1777 37576 250 12529 10875 4385 4235 4722 274 300 72241 5951 16165 7022 5203 42083 1587 857 1513 1187
internal_value=7.65987e-06 0.00105967 0.00203101 -0.000356931 -0.0026347 0.000847685 0.00358741 -0.0118157 -0.0181301 -0.032391 0.00467681 -0.00115688 0.000752234 -0.00258973 0.00329106 0.0105314 0.00425485 0.00738672 0.0184405 0.00190499 0.00067777 0.00168509 0.0027571 -0.00191976 -0.00116042 0.00109206 -0.00231761 0.00167458 0.000587683 -0.0122994 -0.0480085 0.00601736 0.00828065 0.0040884 0.00870895 0.0147144 0.0275679 0.00134052 -0.00351727 -0.00286684 -0.00851635 -0.00369701 -0.00264759 -0.00364687 -0.00169256 -0.000586305 -0.00325938 -0.00156042 0.000955773 -0.00569698 -0.00533748 0.00610096 -0.000563002 0.000665106 -0.000737705 0.00878333 0.00800249 -0.00207322 -0.00417724 -0.0110629 -0.00368787 0.0149966
internal_weight=2.1645e+06 1.40024e+06 830660 569576 283793 640525 217708 39346.6 19924.2 5780.79 189354 244447 138363 70805.2 27769.1 15541.7 67557.4 43121.7 8504.84 285783 205606 176651 120056 764264 538339 182704 355634 175216 103933 14143.4 3036.8 190136 87484.7 102651 38280.3 19441.7 6648 64370.4 251701 222724 28977.3 195772 157625 106084 5285.19 51917.8 151141 97876.2 60858.1 37018.1 19422.4 24818.5 422817 232992 198664 34327.9 69298.6 149010 18804.4 8624.07 28353.4 25351.1
internal_count=727827 522969 303744 219225 113223 232535 81214 12814 4346 1368 70793 100409 46948 24377 14112 7892 22571 14209 2393 106002 80224 70197 52045 204858 133993 42797 91196 41183 27828 2978 689 71209 29636 41573 25048 7406 2764 16525 63368 55972 7396 48717 38641 53461 1069 13234 36864 24217 15110 9107 8468 6451 151321 79080 66107 12973 18748 49942 5370 2444 10421 8327
cat_boundaries=0 1 2
cat_threshold=16384 135169
is_linear=0
shrinkage=0.05


Tree=62
num_leaves=63
num_cat=19
split_feature=0 1 12 20 19 17 1 7 4 13 0 12 19 15 15 17 6 16 0 9 17 9 16 16 16 9 16 16 16 16 4 16 20 4 19 3 17 0 17 16 17 12 21 1 6 17 17 17 20 16 0 20 16 20 16 16 16 9 16 19 4 16
split_gain=1524.63 1286.44 858.164 793.606 562.157 548.04 505.393 461.791 456.812 623.604 456.378 420.63 417.071 394.43 394.378 393.75 381.912 371.266 355.417 344.715 340.206 323.86 591.406 1128.49 564.009 351.941 345.445 314.539 331.59 755.988 550.639 479.672 428.477 309.342 295.502 289.634 274.749 267.732 253.89 252.349 240.274 239.154 237.132 321.46 236.11 234.749 234.263 225.493 224.815 224.442 221.059 221.031 219.116 198.341 197.281 514.249 368.533 342.646 315.664 275.471 270.864 245.635
threshold=1.5000000000000002 2.5000000000000004 0.53987745234736861 0 1 2 56.500000000000007 154.50000000000003 6.5000000000000009 9.5000000000000018 1.0000000180025095e-35 0.14611528303841512 3 332.50000000000006 25.500000000000004 4 0.69239040529363127 45.500000000000007 1.0000000180025095e-35 0.93111357165453978 5 0.72012658227848114 13.500000000000002 8.5000000000000018 51.500000000000007 0.071661998132586377 11.500000000000002 46.500000000000007 26.500000000000004 17.500000000000004 125.50000000000001 10.500000000000002 6 246.50000000000003 7 25.500000000000004 8 6.5000000000000009 9 19.500000000000004 10 0.10652599106790651 11 60.500000000000007 2.3457376533501106 12 13 14 15 46.500000000000007 162.50000000000003 16 2.5000000000000004 17 25.500000000000004 18.500000000000004 10.500000000000002 0.59585213840533002 28.500000000000004 18 17.500000000000004 11.500000000000002
decision_type=2 2 2 1 9 9 2 2 2 2 2 2 9 2 2 9 2 2 2 10 9 10 2 2 2 10 2 2 2 2 2 2 1 2 9 2 9 2 9 2 9 2 9 2 2 9 9 9 1 2 2 1 2 1 2 2 2 10 2 9 2 2
left_child=1 8 3 14 5 44 10 11 9 12 35 16 -1 47 19 -10 -6 54 -11 40 -18 22 23 52 33 26 -25 28 29 31 32 51 46 38 50 -3 -33 -21 -24 -32 -2 -12 -36 -44 -5 -4 -31 -9 -14 -40 -23 -17 53 -7 55 56 60 -58 -56 -59 -13 -61
right_child=2 6 45 4 7 21 -8 13 15 18 41 17 48 -15 -16 27 20 -19 -20 37 -22 34 24 25 -26 -27 -28 -29 -30 30 39 36 -34 -35 42 -37 -38 -39 49 -41 -42 -43 43 -45 -46 -47 -48 -49 -50 -51 -52 -53 -54 -55 58 -57 57 59 -60 61 -62 -63
leaf_value=0.015741238297195963 0.0022920504375421669 0.0070744220937739317 -0.0089548975509569917 -0.0042724606718160668 -0.00026632910312941396 -0.022760575286647641 0.066977601062956346 -0.0079259117058973743 -0.0013048086776870638 -0.00039513098674290759 0.007427386261029234 -0.012020666143640302 0.016268504430054238 0.002819732212285641 0.0021385975992028955 0.006761094791102611 0.0062311379554496728 0.0049081780750253089 -0.0051933298662721269 -0.0073309887550434749 0.0019974127520435594 -0.00053331897373977606 0.01300129138051292 -0.018638267337960531 -0.013829667694193104 -0.010188837523807644 -0.052096630357596499 0.0077842052456254017 -0.000205843588973544 0.0054697971013919766 0.054387971670913797 0.020132780322994991 0.0027555924281298452 0.00079724109286233584 -0.0029566487759008948 0.015501936853294599 -0.0030533006814720425 -0.017505296917485782 0.0030779869589130505 0.01033360137443284 -0.005166413742657818 0.0020780658629226344 -0.0071606661711828782 -0.027189017348775348 -0.011482967312830883 -0.0037918079287037735 0.016474028285521383 -0.0017083703685821256 0.00043321135118124193 0.013893262356562176 -0.0090110255556168396 -0.00048220291104944171 0.0047319215131864057 -0.0015354133598716804 -0.0081373168102580173 0.0062055216101675609 -0.023926181062557603 0.0070810632064734723 -0.00090022188010638847 -0.016215679634455717 0.0018548061691747453 -0.0039006860185545021
leaf_weight=8735.3096914291382 14046.290798902512 26552.679754734039 31858.604427814484 51572.895915985107 71697.236327409744 1273.5062553882599 340.60859632492065 15901.972638130188 63228.039862155914 257296.48699092865 33104.792941570282 3758.4640266895294 2579.6538558006287 48568.152829647064 18565.157882928848 37132.578767299652 90679.618161678314 31919.485601663589 45403.921415567398 30846.909189462662 99591.326484680176 164981.78836512566 12631.178610563278 2916.0563397407532 4513.0444469451904 11306.512086391449 1049.0792636871338 31497.527845621109 76614.613326787949 7098.2351548671722 969.01023149490356 1305.8364274501801 18653.913681745529 36131.890448570251 48354.20596075058 16551.794616222382 43205.283805847168 8181.033296585083 30660.173416614532 489.72423958778381 46646.228942871094 56645.846459150314 16979.414939641953 2270.7279148101807 14558.146945953369 71427.783059835434 15407.924320459366 174808.20389890671 16643.632382631302 5685.9654982089996 8064.2816548347473 14706.995990037918 21373.17010140419 7726.526923418045 20933.272965431213 28554.801015377045 2362.4989373683929 4625.7392730712891 53764.034559965134 4925.1989715099335 54578.463569164276 22749.128310441971
leaf_count=4876 3697 8872 7842 12040 15977 262 57 2307 30923 203816 9894 1360 1470 6439 4551 16692 19082 7524 24002 9974 21354 35908 2999 688 881 2167 229 14582 35998 3687 439 621 9273 5701 11193 4360 20568 1939 7465 175 12558 17093 4294 372 3282 17683 7731 24613 9608 1385 1041 6971 4353 1478 4705 7099 529 1043 12292 1145 12037 5222
internal_value=-1.16877e-05 0.00176728 -0.00100033 -0.000649135 -0.000254998 -0.00166195 0.00623843 0.000597671 0.000838148 -0.000454939 0.0060822 0.00147669 0.00668961 -0.0012029 -0.00455211 0.00221603 0.00284368 -9.27825e-05 -0.00111486 -0.0057982 0.00401558 -0.000923454 0.00103401 -0.00359858 0.00339341 -0.0146854 -0.0275014 0.00311694 0.00243515 0.00389113 0.00943596 0.00143841 0.00836545 0.00430684 -0.00202376 0.0103108 -0.00236881 -0.00946412 0.00689591 0.0396153 -0.00344074 0.00405124 -0.00482666 -0.00951954 -0.00585905 -0.00538566 0.0130078 -0.00222735 0.0025663 0.00476894 -0.000928393 0.0047074 0.00197617 -0.00456796 -0.000906188 0.000336534 -0.00146554 -0.00554874 -0.00292844 -0.00420388 0.000960663 -0.00609069
internal_weight=2.1672e+06 774164 1.39304e+06 1.28975e+06 1.17147e+06 442049 133196 729418 640969 330659 132855 490139 27958.6 239278 118286 310310 261968 228171 302700 99720.5 190271 375918 135267 45644.9 89622.3 15271.6 3965.14 247082 215584 138970 42618.8 96350.7 41160.1 85109.2 240650 43104.5 44511.1 39027.9 48977.3 1458.73 60692.5 89750.6 67604.3 19250.1 66131 103286 22506.2 190710 19223.3 36346.1 173046 51839.6 30373.2 9000.03 196252 121554 92999.5 34662.6 74697.3 32300.1 58336.9 27674.3
internal_count=728418 431708 296710 271185 238466 95738 40276 142728 391432 243772 40219 109369 15954 33359 32719 147660 56413 52956 227818 28168 40436 80416 27608 9177 18431 3084 917 116737 102155 66157 21305 44852 20691 17550 52808 13232 21189 11913 11849 614 16255 26987 15859 4666 15322 25525 11418 26920 11078 8850 36949 23663 6093 1740 45432 28435 21336 7939 16997 7410 13397 6367
cat_boundaries=0 1 2 6 7 11 15 16 17 20 24 28 30 34 38 42 43 44 45 46
cat_threshold=1 542083 805349664 524826 810746368 1057805 269018 1394608138 1610625380 3633456384 33478 536880768 524288 806420752 9729 12 1410 16 0 67584 4114 2147526945 134488081 524352 1052176 16384 1610688532 17409 1384911511 231168 1093705992 268837184 403808275 1536 1061120 2424586248 2099264 524297 1075840512 131072 5275984 4864 6 14 8 141344
is_linear=0
shrinkage=0.05


Tree=63
num_leaves=63
num_cat=25
split_feature=12 15 13 7 20 11 17 17 6 17 6 9 10 4 13 13 7 3 8 9 21 10 17 4 13 7 10 19 17 7 19 13 17 13 17 17 6 9 6 17 21 10 20 12 6 17 19 19 21 9 17 17 10 19 17 1 20 10 10 21 1 4
split_gain=741.217 787.032 677.124 626.803 917.763 642.611 501.076 483.77 470.968 424.945 419.127 400.76 377.677 337.04 333.165 323.122 431.106 321.222 318.734 300.078 281.485 264.448 252.687 252.15 246.374 283.859 230.671 230.078 227.821 219.433 218.965 231.642 211.2 206.978 202.754 202.064 199.88 225.646 206.156 195.454 195.073 189.661 189.139 185.811 177.082 176.942 176.445 174.818 171.326 170.961 167.615 160.115 176.853 153.645 151.173 150.954 150.915 152.658 149.916 148.784 147.658 145.58
threshold=0.50013198651950941 11.500000000000002 53.500000000000007 64.500000000000014 0 0.11862711980938913 1 2 0.70598777145266722 3 1.5005248425472362 0.76928691746210009 1.5000000000000002 343.50000000000006 52.500000000000007 14.500000000000002 10.500000000000002 537.50000000000011 1.0435573122529647 0.96301557239057245 4 3.5000000000000004 5 43.500000000000007 8.5000000000000018 10.500000000000002 1.5000000000000002 6 7 454.50000000000006 8 14.500000000000002 9 17.500000000000004 10 11 1.1430221049158695 0.99978194505015272 0.1581399150049036 12 13 3.5000000000000004 14 0.034315363087826296 0.039911504424778768 15 16 17 18 0.9871189327905846 19 20 3.5000000000000004 21 22 21.500000000000004 23 2.5000000000000004 2.5000000000000004 24 151.50000000000003 3352.0000000000005
decision_type=2 2 2 2 1 2 9 9 2 9 2 8 2 2 2 2 2 2 2 10 9 2 9 2 2 2 2 9 9 2 9 2 9 2 9 9 2 10 2 9 9 2 1 2 2 9 9 9 9 8 9 9 2 9 9 2 1 2 2 9 2 2
left_child=1 2 3 4 5 7 41 8 33 55 -4 24 29 22 39 16 48 43 40 47 27 28 -2 30 25 32 44 -21 -20 42 54 35 -6 49 -26 -32 37 59 -39 -11 -13 60 -8 -14 -25 -40 -7 -18 -10 -1 -33 61 -53 -50 -9 -3 58 -58 -45 -16 -5 -19
right_child=13 9 10 6 11 46 12 23 15 14 -12 18 17 -15 36 -17 19 51 21 20 -22 -23 -24 26 34 -27 -28 -29 -30 -31 31 50 -34 -35 -36 -37 -38 38 45 -41 -42 -43 -44 56 -46 -47 -48 -49 53 -51 -52 52 -54 -55 -56 -57 57 -59 -60 -61 -62 -63
leaf_value=-0.0046528933169113088 0.00095217277693849991 0.0076371547838411553 -0.0020825524555900744 -0.0089794592507291705 -0.0040365497183243214 0.0026749286055377979 -0.0020385199603829142 -0.022157657655182322 0.0038684174656222121 0.010335370374699115 -0.0089405624399450639 0.00015320511342820024 0.0045398472782481464 -0.0076188930992090471 -0.00026208981299559822 0.0034374948498893617 0.018503754831537027 0.0052702969667570536 -0.011389418395577219 0.0011646940389654751 -0.0037495439253584085 0.0031471081010277231 -0.0023015528509894817 0.016286259133240156 0.0045152808541641422 -0.00054387875145893124 0.0013774821285420643 0.0094906182909626092 -0.0046482123113135024 -0.014424018128933911 0.0019323339986590943 0.0032785862472800701 0.013556791939599225 0.002588929216977807 -0.0015323281471339128 0.01113766454200635 -0.00062047198539305301 0.017711226955176237 0.0074042329339164261 0.0030279871428215356 -0.0048376592000617287 -0.00091516282173117157 -0.0080346849748000517 -0.00066500838212919203 -0.0038903923713973507 0.0016472517194364628 -0.0090804420874644517 0.0078806297409119621 0.013114132198237203 0.0020903034306597921 -0.0033773734036762269 -0.0043162718969330192 -0.00044197979810516735 0.023963463430713879 -0.0024169050350158787 0.0032473924878610992 -0.021554568219345604 -0.0030186016985719291 0.0032469850523328594 0.0029518309642811397 -0.023002779262902145 -0.0063587252185242559
leaf_weight=21056.484591960907 75906.758925676346 41850.822331666946 94170.259330272675 18297.951523303986 2036.0457580089569 4004.2709109783173 63810.646717071533 1093.9132926464081 3338.0426421165466 15285.495411872864 29182.063678979874 77422.680667877197 37988.009301185608 24938.624932527542 96629.766201734543 105536.68696570396 5317.9034371376038 12748.777960777283 17724.955424308777 15613.768567800522 10626.279553413391 7822.6530950069427 278922.95234107971 1109.0449507236481 17717.749509572983 10128.68116736412 44192.947907924652 17726.031978368759 42948.858694314957 4669.3975119590759 10182.13218164444 31963.462165594101 10509.009650468826 120222.38438749313 63489.880776166916 14426.162556171417 118476.35974740982 2841.8619055747986 21978.542197227478 22852.178282022476 26195.311982393265 7070.0596780776978 16563.849123954773 55241.153802394867 53538.945283412933 34010.415167570114 15723.019303798676 14454.099654912949 11016.222081661224 16977.273050785065 13422.827211618423 62536.789487361908 55682.901706218719 4721.0347821712494 8004.5986340045929 36812.411281108856 1272.6458148956299 8691.0307893753052 43992.842894554138 57391.036044359207 2091.3851299285889 3410.4375352859497
leaf_count=5189 34410 15563 51728 3175 841 1267 10624 622 1231 4618 11618 49289 6224 4164 31070 30727 1158 1742 5453 3459 2366 1758 135012 853 5689 2418 10131 3894 13112 615 3293 15233 4025 46989 21045 4461 29285 1319 7270 7325 16841 1090 2804 9281 13551 11808 6450 3193 4035 6174 7141 8783 7346 1710 3863 6042 223 1479 7309 18316 304 407
internal_value=5.47632e-06 0.000432053 -0.000175485 0.000183052 0.000970416 0.00216137 -0.00145587 0.0024946 0.0035825 0.00224558 -0.00370504 -0.00137819 -0.000967748 -0.00200044 0.00153496 0.00527205 0.00760992 -8.57848e-05 -0.00285843 0.00563622 0.00333542 -0.00550483 -0.00160554 0.000375178 0.00107421 0.00568233 -0.00130852 0.00559307 -0.00662035 -0.00388784 0.00247929 0.00342762 0.0107089 0.00157188 -0.000212464 0.00733433 0.00102559 0.00194182 0.00457589 0.00596047 -0.001109 -0.00796918 -0.00327557 0.00152789 -0.00348063 0.00390887 -0.00669755 0.010752 0.0142042 -0.00164293 0.00131006 -0.00185324 -0.00249124 0.0163833 -0.00481422 0.00558221 0.000480044 -0.0053827 0.00106918 0.000935663 -0.0104189 0.00281398
internal_weight=2.16558e+06 1.78581e+06 1.33768e+06 1.21433e+06 820263 544268 394068 524540 346606 448129 123352 275996 366608 379768 369466 188350 82813.4 281565 172114 63738.1 43966.1 68496.5 354830 177934 103881 22673.7 98840.9 33339.8 60673.8 85043.9 79093.1 69994.6 12545.1 158256 81207.6 24608.3 331328 212852 58830.8 38137.7 103618 27459.4 80374.5 147186 54648 55989 19727.3 19772 19075.3 38033.8 45386.3 134379 118220 15737.3 9098.51 78663.2 109198 9963.68 99234 154021 20389.3 16159.2
internal_count=728415 554829 422213 358867 297461 176990 61406 169273 110125 132616 63346 120471 56837 173586 111011 51773 21046 42794 86453 14070 9719 20323 169422 59148 34018 7284 24535 7353 18565 14043 34613 30128 4866 58352 26734 7754 99068 69783 20397 11943 66130 4569 13428 24516 14404 19078 7717 4351 6976 11363 22374 18278 16129 5745 4485 21605 18292 1702 16590 49386 3479 2149
cat_boundaries=0 1 5 9 13 15 19 20 24 25 28 32 36 40 42 43 47 48 49 51 55 59 60 64 65 67
cat_threshold=22 3489693712 2416128520 74451456 4352 537928988 983073 205883467 549672 2182119554 3491853600 543196318 139460 307835703 131200 704 553701928 608181544 546052 745858 1107297288 2424841576 2220097986 16397 606240 1073747224 2415927428 75497472 1087088 16688 872417814 17421 32832 2415957504 8736 1 16785472 8651264 134293504 800 326156583 43016 20 1073742424 545259528 65601 22304 266 265384 431104704 1024 3221230144 3506452232 538977024 32896 16777408 537395200 805381120 8192 729411 2147516480 268436032 268435968 2097152 22 1078639387 66824
is_linear=0
shrinkage=0.05


Tree=64
num_leaves=63
num_cat=24
split_feature=5 8 12 5 10 10 0 13 19 8 17 8 3 17 3 8 19 0 17 13 17 17 7 0 8 19 12 15 17 21 3 21 17 12 3 0 17 17 10 17 21 17 17 13 7 19 11 15 13 19 17 21 21 21 11 12 8 12 3 5 2 15
split_gain=1519.22 591.69 588.221 628.076 870.123 374.34 402.696 423.831 511.316 471.849 457.972 329.036 373.654 308.292 293.702 285.482 282.365 267.523 263.518 246.68 230.708 221.686 220.869 212.385 205.126 203.535 193.097 190.252 195.261 185.034 184.202 175.181 172.247 171.656 168.227 162.611 153.026 152.968 149.067 148.88 148.366 145.89 143.76 141.765 175.417 177.173 166.85 164.793 136.079 134.192 125.491 123.533 123.248 120.34 118.782 115.669 115.842 112.749 112.739 157.682 128.708 112.715
threshold=1.0906883038030581 2.2198067632850247 0.50013198651950941 0.30037593984962413 1.5000000000000002 3.5000000000000004 153.50000000000003 11.500000000000002 0 1.0023923444976079 1 1.1419456599165565 185.50000000000003 2 72.500000000000014 1.5950046685340806 3 674.50000000000011 4 3.5000000000000004 5 6 40.500000000000007 16.500000000000004 1.0832807902480035 7 0.071182499983960271 93.500000000000014 8 9 498.50000000000006 10 11 0.085731796198349988 229.50000000000003 674.50000000000011 12 13 2.5000000000000004 14 15 16 17 52.500000000000007 189.50000000000003 18 0.10172669636085631 8.5000000000000018 8.5000000000000018 19 20 21 22 23 0.011554459067959042 0.60885779065151857 1.1351696083838942 0.62531856276409037 16.500000000000004 0.1782189137027847 12.500000000000002 225.50000000000003
decision_type=2 2 2 2 2 2 2 2 9 2 9 2 2 9 2 2 9 2 9 2 9 9 2 2 2 9 2 2 9 9 2 9 9 2 2 2 9 9 2 9 9 9 9 2 2 9 2 2 2 9 9 9 9 9 2 2 2 2 2 2 2 2
left_child=2 5 3 4 16 6 7 8 23 25 29 12 21 33 49 18 41 48 -9 -18 -16 -5 34 52 -21 50 42 28 -13 -11 -29 -12 -28 -6 -15 39 -20 38 51 -8 -27 -1 -23 44 45 46 -30 -45 -7 57 -10 -14 -2 -25 -24 56 -22 -4 -35 60 -60 -50
right_child=1 -3 14 11 13 17 35 15 9 10 31 27 37 22 20 -17 19 -19 36 24 55 26 54 53 -26 40 32 30 43 -31 -32 -33 -34 58 -36 -37 -38 -39 -40 -41 -42 -43 -44 47 -46 -47 -48 -49 61 -51 -52 -53 -54 -55 -56 -57 -58 -59 59 -61 -62 -63
leaf_value=-0.0021112550157709187 0.015921742817599182 -0.033274676762295667 0.00272321443368178 0.0068774557617593936 0.014315843144234473 0.0087046815948332943 0.0020806776045096957 0.00022069671740788146 0.0034897103040851928 0.0016029398033987547 -0.005270105124703303 -0.0038032204814718151 -0.012308506023434676 0.0057414186641815083 0.0045885732205444806 -0.012582495496200351 0.018405682839298842 -0.0088939644242054024 -0.0063534761152300757 0.0023243681784622782 -0.0066765906098831878 0.0043229268383879662 -0.016861526992147966 0.0053917713592816149 0.0071851494676765442 0.012642555876011881 -0.0081038996560118173 0.0065349068646983303 0.0008251640402923661 -0.0044588774553701808 0.0015095318176486369 -0.013167410169481622 -0.00046327968188425927 0.0036265961739670228 0.040375408115902574 -0.026211171297544435 -0.0028539267697992423 -0.00038460311676363545 -0.0017617315266838238 -0.0089888950581643364 0.0031417657579704615 0.0012619086030113186 0.00038557600043407801 -0.0080857591648514984 -9.3192813478816397e-05 0.0037603256813389021 -0.011751534581484854 0.00019919611167549235 4.9786041350858e-05 -0.0011678932220306035 -0.0045912136323504908 -0.0049093979091800509 0.0030604441807813828 -0.0042596818081446662 -0.00056201762546202901 -0.0099361603615434422 -0.0011755472931896907 -0.0014395730479770837 0.008627263251406907 0.0054876606802168187 0.018771267184276873 0.0042111171834346905
leaf_weight=41126.483823060989 6887.7932305335999 1499.4859387874603 51550.679832220078 13316.051220655441 16002.785318136215 6756.855934381485 3529.4187264442444 67091.869880437851 12012.010644197464 37693.469005584717 20772.493740797043 19391.292420625687 6722.1839849948883 24208.439742088318 6396.5623867511749 7362.6470665931702 2683.7570827007294 6159.329062461853 34656.976736545563 132345.44525623322 21176.161808013916 39543.655921220779 1317.7394771575928 14475.990110874176 25961.786551237106 8010.8580958843231 7766.280820608139 34692.700329065323 38806.404031038284 18888.068167209625 38438.276417255402 10643.023134469986 143123.10344338417 10170.559238195419 354.80015921592712 1209.5574283599854 317507.63553380966 44272.248354911804 37535.301649332047 21852.35223531723 8472.8623065948486 145180.97264456749 56032.367949962616 7563.3513784408569 79508.748207569122 119005.34900951385 2828.4078030586243 29060.295305728912 53922.067626476288 153216.44298815727 7990.7556066513062 35317.673640012741 2577.6505320072174 4149.2248101234436 7334.0164308547974 11328.497047185898 17461.517773151398 23763.890166759491 6194.4702801704407 10718.921382427216 6320.1184024810791 23304.759177923203
leaf_count=26270 2115 485 25113 3386 4365 1118 477 19531 4489 8091 4792 4085 1151 7520 1200 2455 1134 692 11702 89500 4141 9761 224 2584 8013 3097 2045 6764 8564 4417 5070 2545 37394 3881 88 145 99930 7198 5958 3030 3393 90776 14063 1957 10782 25152 702 6457 9537 90088 3169 5969 821 762 1233 2182 3098 14070 2033 2243 1428 3650
internal_value=1.08523e-05 -0.00191051 0.000923829 0.00141507 0.0029398 -0.00184288 -0.00229021 -0.00201398 0.000247714 -0.00112742 -0.0031097 0.000544442 -0.000481085 0.00755157 -0.00111574 -0.00282284 0.00184265 0.00116328 -0.00265142 0.00337625 -0.00434835 0.000596344 0.00382242 0.00633957 0.00312156 0.00365304 0.000256671 0.00160977 0.00104583 -0.000421091 0.00389358 -0.00794925 -0.000857161 0.0100556 0.00624331 -0.00830657 -0.00319851 -0.00274108 -0.00405154 -0.00745233 0.00776437 0.000517218 0.00201514 0.00138566 0.00182762 0.00277832 -2.94726e-05 -0.00151195 0.00190098 -0.00031846 0.000260773 -0.00609688 0.0124401 0.00324217 -0.00304624 -0.00549233 -0.0041906 0.00140955 0.00801737 0.00993921 0.0137513 0.00130559
internal_weight=2.16516e+06 697427 1.46774e+06 1.18284e+06 429920 695928 605785 579193 152574 124484 87997.1 752924 383629 82621.9 284894 426619 347298 90143 419256 160991 56362.7 259781 33215 28090.7 158307 36486.5 246465 369295 296164 56581.5 73131 31415.5 150889 49406.9 24563.2 26591.3 352165 123847 79575.2 25381.8 16483.7 186307 95576 276773 240149 160640 41634.8 36623.6 83983.7 228531 20002.8 42039.9 9465.44 18625.2 8651.76 49966.2 38637.7 75314.6 33404.1 23233.5 12514.6 77226.8
internal_count=728085 193027 535058 395166 238708 192542 177545 173893 40275 33993 19845 156458 86925 23015 139892 133618 215693 14997 131163 98647 10621 66649 9065 6282 97513 14148 63263 69533 57699 12508 11834 7337 39439 13950 7608 3652 111632 20276 13078 3507 6490 117046 23824 53614 45200 34418 9266 8414 14305 129271 7658 7120 2936 3346 1457 9421 7239 39183 9585 5704 3461 13187
cat_boundaries=0 1 5 9 10 14 18 22 23 27 29 31 35 39 43 46 48 52 56 57 58 62 64 66 68
cat_threshold=301064 285222720 9339176 403744784 540713 1628451736 547627048 1613045889 540961 1852849 33571026 3500214817 603980434 1729346 5248 2148045320 874512384 524288 1049744 2099233 8207 524864 1729569 3489660936 2415998024 67113745 1286 303263811 35840 283685039 1024 302022656 536986184 7584 168064 1361090560 537002308 3224383493 4096 2687501696 9331008 406163984 21033 448 0 809500672 304677655 1024 1346371976 3775406180 550921536 264972 8520 805810440 1215334592 172417 1729201 370698 2684358664 268494628 139536896 524581 65175652 131328 542212323 33792 537102535 32768
is_linear=0
shrinkage=0.05


Tree=65
num_leaves=63
num_cat=19
split_feature=0 3 20 14 12 1 11 0 20 19 17 0 17 4 12 16 16 16 16 16 16 16 17 16 17 16 12 15 16 15 19 1 6 0 19 16 16 16 17 20 16 17 17 17 8 20 17 6 7 8 21 16 16 16 11 11 6 19 16 21 16 16
split_gain=1311.19 1067.09 719.237 645.427 631.05 538.582 500.588 489.318 444.962 401.612 415.903 456.675 362.854 362.274 352.321 555.896 883.988 358.367 588.019 491.263 575.512 389.441 571.923 545.914 363.797 349.576 338.384 342.884 330.499 333.008 317.497 313.62 310.185 299.309 290.411 279.86 275.82 786.008 437.713 426.416 266.988 264.845 255.805 249.147 246.572 243.728 238.051 237.347 231.493 230.464 227.901 226.772 372.366 237.756 235.826 222.331 219.855 218.32 216.018 210.3 209.674 328.877
threshold=1.5000000000000002 14.500000000000002 0 1.0000000180025095e-35 0.53987745234736861 57.500000000000007 0.099135595666510742 1.0000000180025095e-35 1 2 3 156.50000000000003 4 6.5000000000000009 0.14180489131588533 49.500000000000007 51.500000000000007 48.500000000000007 46.500000000000007 39.500000000000007 41.500000000000007 22.500000000000004 5 25.500000000000004 6 35.000000000000007 0.33356365961635204 12.500000000000002 4.5000000000000009 631.50000000000011 7 5.5000000000000009 0.81835486848177219 1.0000000180025095e-35 8 45.500000000000007 27.500000000000004 18.500000000000004 9 10 10.500000000000002 11 12 13 1.0571858864027541 14 15 2.953306686046512 16.500000000000004 1.0834726867335565 16 19.500000000000004 10.500000000000002 51.500000000000007 0.011554459067959042 0.018885292441740097 0.80777037576766952 17 20.500000000000004 18 14.500000000000002 11.500000000000002
decision_type=2 2 1 2 2 2 2 2 1 9 9 2 9 2 2 2 2 2 2 2 2 2 9 2 9 2 2 2 2 2 9 2 2 2 9 2 2 2 9 1 2 9 9 9 2 1 9 2 2 2 9 2 2 2 2 2 2 9 2 9 2 2
left_child=1 3 26 13 6 7 9 12 57 50 51 14 -3 33 17 42 -17 18 19 21 -21 28 23 47 -19 -24 27 -2 -12 43 -10 -9 -22 -1 58 36 37 38 -15 41 -40 -39 -16 60 -14 -18 -34 56 -46 -44 -4 52 -11 -53 -54 -50 -23 -5 -8 -26 61 -30
right_child=2 5 4 8 -6 -7 34 31 30 10 11 -13 44 35 15 16 45 24 -20 20 32 22 25 -25 59 -27 -28 -29 29 -31 -32 -33 46 -35 -36 -37 -38 39 40 -41 -42 -43 49 -45 48 -47 -48 -49 55 -51 -52 53 54 -55 -56 -57 -58 -59 -60 -61 -62 -63
leaf_value=-0.00028422962999112594 -0.0049004502364918519 0.0022797953394009998 -0.025865577819325181 0.009569962859633345 -0.004459385141404015 0.068336716787102292 -0.011433292740996566 0.00086827982771989394 0.010627936621090109 -0.0028256584498701437 0.0053275438258308626 -0.0035604331626956347 0.0067834505710837843 0.0064902582463971228 -0.0041935038013353465 0.013873148042882142 -0.0236433442369764 0.005799698189374921 0.0086817994526623716 -0.0087228462410784136 -0.0045194030763483087 0.0093248017404750066 -8.1148753060574256e-05 0.0039760617777124582 0.00058630886948123583 0.011233851116844561 -0.010595009673344011 0.0022436747309999001 0.00078128545677327616 0.012738457906803861 -1.6174362908124756e-05 0.0077370729648467114 0.0089354869174701566 -0.0045524199286930281 -0.012138840926614495 0.0054637739975647174 -0.0018789708790740761 0.0065894732555829023 0.00060757337721948669 0.002219066258246187 -0.0051694305514179053 0.017169218424752643 -0.0027824598345689133 -0.0023144182279993784 0.011216018937238094 -0.0017487779135709727 0.000422853702428718 0.00040921283549010803 0.0089587678024176595 0.00027851885566044604 0.0031615687459679528 -0.0010171804505543565 -0.033962334509501528 -0.017789480258424511 -0.011711919171718951 0.032613749152395059 0.021476574922432781 0.026590768602311063 0.0040484085154533882 -0.0079614416808814793 -0.00077803285922194978 0.0087558420218652629
leaf_weight=262676.51450848579 82552.628614187241 22759.594540119171 670.20088338851929 3960.9308662414551 97243.494947910309 334.13076400756836 3348.6489779949188 73186.695125102997 11598.327869653702 18050.076978445053 34317.221758842468 87769.546298503876 33349.345519781113 18962.063938856125 70497.308653593063 15216.253651380539 1448.591730594635 8871.4558446407318 26613.42122220993 25100.376017332077 22055.958976507187 5684.3514304161072 55800.813055038452 25963.474427700043 10073.191563367844 7776.5266175270081 19704.544971704483 21084.394321203232 40632.911430597305 5047.4231972694397 17677.663840770721 21499.197713851929 11495.171654939651 48686.841172933578 13797.652955770493 39631.558764457703 63067.885279178619 11209.535949230194 45242.955183982849 19450.483811378479 35844.184073925018 12625.636140584946 95391.403089284897 86755.324048042297 23482.891789913177 9885.7548444271088 28708.979845046997 2384.7943816184998 1576.1878042221069 173035.55256724358 96434.531390666962 45791.576827287674 1343.4102733135223 2214.1624550819397 10455.861730098724 2689.781834602356 10795.373550415039 3656.5712454319 6882.2099230289459 25218.1705493927 65623.956474781036 18961.63574886322
leaf_count=207173 23186 8105 106 1787 23637 56 822 22927 5459 4075 7160 11115 12742 9093 15250 3176 316 1741 5309 5129 4634 1208 11073 5144 2107 1564 5896 5233 8408 872 8864 5387 2224 25356 3596 19341 31596 5667 22114 10088 19727 6117 24023 18090 7124 2099 5603 499 347 35765 18372 10315 306 474 2239 612 2106 1691 1505 5008 12991 3829
internal_value=-2.62153e-05 0.00162448 -0.000943932 0.000605388 -0.000589177 0.00501022 -0.000267541 0.00489133 0.00701004 -0.000117793 -0.000402578 -0.000120662 0.00767271 0.00018146 0.000221113 -0.000967544 0.00599943 0.00105996 0.00146156 0.00103176 -0.00233149 0.0018485 0.00435343 0.00867764 -0.00324774 0.00130281 -0.00458865 -0.00344701 0.000768083 4.70814e-05 0.00420313 0.00242796 0.000245311 -0.000951645 -0.00740974 0.00161543 0.000876487 0.0020889 -0.000346527 0.00771797 -0.00194592 0.012199 -0.00151334 -0.000255178 0.00967959 -0.00457126 0.00285928 0.0151525 0.0131634 -0.000809243 0.00295832 -0.00391854 -0.00734113 -0.00179112 -0.0142479 0.0238779 0.0172859 0.0177669 -0.00101851 -0.00552224 0.00117163 0.00331871
internal_weight=2.16387e+06 773169 1.3907e+06 594291 1.26736e+06 178878 1.17011e+06 178544 36893.5 1.14608e+06 1.04898e+06 971125 83857.8 557398 883355 365475 26550.6 517881 473718 447104 87360.5 359744 108405 44828 44162.8 63577.3 123342 103637 251338 217021 29276 94685.9 62260.1 311363 24028.5 246034 206403 143335 100049 43285.7 81087.1 23835.2 338924 211974 61098.2 11334.3 40204.2 18864.5 27748.9 268427 97104.7 77855.1 29849.3 48005.7 11799.3 4265.97 16479.7 7617.5 10230.9 35291.4 125219 59594.5
internal_count=727578 431373 296205 374073 261890 57300 238253 57244 17801 232330 213852 196443 28930 356272 185328 80629 5591 104699 95843 90534 17590 72944 21594 8957 8856 12637 34315 28419 51350 44190 14323 28314 12461 232529 5923 123743 104402 72806 50934 21872 41841 11784 75038 43318 20825 2415 7827 3813 8083 59788 18478 17409 6620 10789 2545 959 3314 3478 2327 7115 25228 12237
cat_boundaries=0 1 2 3 7 11 15 19 20 21 25 26 30 34 38 39 43 44 45 47
cat_threshold=1 6 43008 3490742434 16925258 810682144 1085702 2450555176 3221390656 1209149298 165124 536872712 557088 303105 533000 16789512 536870912 67182592 1537 1084112 330 1108345472 2147484832 604045328 573443 12 1093672968 2147901704 410069281 41 2105672 805667072 2257 1665 536880448 269320225 67609 550561 8 2109440 2684363008 134217792 512 18874368 705569 1082851493 164096
is_linear=0
shrinkage=0.05


Tree=66
num_leaves=63
num_cat=15
split_feature=0 10 1 20 0 12 3 10 20 4 0 4 7 17 16 17 4 16 9 20 17 12 12 9 16 16 16 9 6 17 0 17 11 17 16 9 16 17 19 16 16 16 19 16 8 11 12 16 16 16 16 9 16 16 4 17 20 17 8 7 14 6
split_gain=1162.38 1078.74 1002.54 596.595 448.358 414.689 395.054 349.456 431.642 513.539 341.545 315.693 312.249 305.621 294.983 287.659 276.392 273.499 399.799 264.13 262.976 261.549 252.297 267.482 248.88 420.983 290.438 384.098 247.391 237.358 230.775 225.478 224.698 221.012 217.691 227.297 270.27 220.293 214.925 192.264 208.607 222.172 186.655 186.419 186.395 180.944 177.307 187.447 177.272 207.648 206.679 194.127 177.507 610.219 175.628 175.514 169.569 162.397 161.459 159.748 179.247 282.891
threshold=1.5000000000000002 1.5000000000000002 1.5000000000000002 0 1.0000000180025095e-35 0.035356899231599855 118.50000000000001 3.5000000000000004 1 386.50000000000006 1.0000000180025095e-35 2.5000000000000004 7.5000000000000009 2 9.5000000000000018 3 590.50000000000011 12.500000000000002 0.2501748251748252 4 5 0.08797196622630428 0.14180489131588533 0.79718295888508661 16.500000000000004 25.500000000000004 10.500000000000002 0.34518541930046359 0.20873691268244884 6 264.50000000000006 7 0.10172669636085631 8 18.500000000000004 0.87506397134083935 51.500000000000007 9 10 49.500000000000007 48.500000000000007 47.500000000000007 11 11.500000000000002 1.050083612040134 0.015764935228533002 0.090350581025527968 47.500000000000007 44.500000000000007 39.500000000000007 51.500000000000007 0.32505144032921818 19.500000000000004 8.5000000000000018 14.500000000000002 12 13 14 2.013422818791947 8.5000000000000018 1.0000000180025095e-35 0.95091812668463616
decision_type=2 2 2 1 2 2 2 2 1 2 2 2 2 9 2 9 2 2 10 1 9 2 2 10 2 2 2 10 2 9 2 9 2 9 2 10 2 9 9 2 2 2 9 2 2 2 2 2 2 2 2 10 2 2 2 9 1 9 2 2 2 2
left_child=2 3 10 6 12 16 13 8 9 14 11 -1 -4 22 54 -8 31 18 43 -13 -21 -6 23 -2 26 28 -11 -28 -26 -19 48 38 -25 -20 37 36 -36 -10 -3 40 41 -31 -15 -16 -5 -17 -22 -48 49 51 -50 52 53 -9 -7 -27 -52 -37 -44 60 61 -12
right_child=1 5 4 44 21 7 15 30 34 24 59 19 -14 42 17 45 -18 29 33 20 46 -23 -24 32 25 55 27 -29 -30 39 -32 -33 -34 -35 35 57 -38 -39 -40 -41 -42 -43 58 -45 -46 -47 47 -49 50 -51 56 -53 -54 -55 -56 -57 -58 -59 -60 -61 -62 -63
leaf_value=-0.00081708295584693384 0.010987476055182735 -0.0040736351903029782 0.0049323276381639317 -0.004721340384108365 0.0057741386163248686 -0.011721600114040651 -0.0020348495982527143 0.0010022151229478306 0.00057067564269667494 -0.0030336252858842506 8.7997526929903402e-05 -0.00020416238232155598 0.011275255614926994 -0.0071522007624898222 -0.016191570247223834 -0.013956670622701601 -0.00033538322131480673 0.0029389514306657283 0.0041904228115759177 -0.00068114424167111222 0.0071735744440511607 0.001186194817556743 -0.0014363641950412315 0.0025933649258508074 0.02781150109549882 0.00085366169841099226 -0.043524288205947788 -0.0095690971403716383 0.0030019330802722229 -0.0012329447166040356 -0.0027719224515950474 0.0023386396150469014 -0.013536931107152792 -0.0073765484075528007 0.0011877904084499789 0.0049940476229149129 -0.01534640496139065 -0.0088058527201448911 0.0086583302190863919 0.0054498107592011666 -0.011662878064857557 0.011630918967389275 -0.0017763139002756282 -0.048844684065355776 -0.010584936845982015 -0.0058121520798270982 0.002363592175773704 0.0086373631147204262 0.0066285699131065096 -0.0031679457722055531 0.0032675439829269641 0.0029586033465939781 0.0018728068076611813 -0.022264145108319169 0.0046203913138835083 -0.0048593526315818735 -0.015437370824343889 -0.0075681024270248783 -0.034026687844363655 -0.01250280859340531 0.0052007428124660679 -0.0056342091804383564
leaf_weight=159123.23185014725 9555.9494543075562 3713.5676164627075 53353.520812988281 26468.101624250412 45440.589424610138 1694.1077511310577 62709.053306818008 9607.8064379692078 7853.5775866508484 29712.425801753998 46897.146304368973 94879.006778478622 30492.995609760284 18344.490855455399 1363.6545767784119 7712.4450812339783 58051.531897068024 71523.253034114838 6508.1553766727448 38522.074383974075 33212.405259609222 98182.212338685989 54061.437442302704 41715.260665416718 1044.8923180103302 18061.528869390488 884.63067173957825 14008.374341726303 25597.973770141602 108907.63378453255 30297.360576152802 70036.185388088226 2275.8605020046234 11267.537391424179 37822.827117919922 2925.9747292995453 2643.3581557273865 31047.153294563293 30681.917943716049 11727.266408920288 4631.8706545829773 3462.2425961494446 172590.04335641861 643.52330183982849 27782.072763442993 58894.839762210846 108461.58992648125 13373.245746135712 30806.809970378876 23205.164393901825 2986.3086621761322 105889.18704462051 16699.363904953003 3986.8767721652985 54690.406269073486 52592.262866735458 2025.935418844223 21050.579457521439 387.96905565261841 3676.5414485931396 8164.5728964805603 40038.312564134598
leaf_count=134562 2299 824 20312 9090 14824 607 10791 1694 2012 4846 22123 58889 8210 5080 302 1382 7940 15792 1467 23635 18776 32507 14812 10523 237 2835 157 2263 3927 24328 3578 14921 630 2516 9431 690 642 7761 6304 2599 1076 805 45753 146 8352 10274 64952 7812 5362 4084 483 17934 2964 719 12280 8324 381 5213 122 1002 4253 20036
internal_value=-8.84562e-06 -0.000872408 0.00154476 -0.00278347 0.00433393 0.000141256 -0.0021575 -0.000356582 -0.00106753 -0.000352605 0.000383501 0.000970795 0.00723921 -0.00115871 0.000902583 -0.00446647 0.00243053 7.5743e-05 -0.00553259 0.00195708 0.00301628 0.0026378 0.000973032 0.00340573 -0.00279767 -0.00137985 -0.00589025 -0.0115888 0.00397593 0.000629814 0.00128807 0.00396803 0.00175858 -0.00314337 -0.00396102 -0.00217839 0.000107381 -0.006915 0.00728284 -0.000653359 -0.00126519 -0.000836495 -0.00235763 -0.0266796 -0.00772286 -0.00675439 0.0039349 0.0030523 0.00191822 0.00120391 0.0050966 0.00194888 -0.00158046 -0.00582218 0.00412919 -0.00339949 -0.00431878 -0.00603601 -0.00184874 -0.0022776 -0.00188217 -0.00254741
internal_weight=2.16597e+06 1.39215e+06 773817 482498 227469 909653 428247 747170 521665 418322 546348 447572 83846.5 298931 276420 129316 162483 220035 19782.9 288448 193569 143623 107609 53547.1 141902 97296.7 44605.4 14893 26642.9 200252 225505 104432 43991.1 17775.7 103343 64442.7 40466.2 38900.7 34395.5 128729 117002 112370 191323 2007.18 54250.2 66607.3 155047 121835 195207 159388 35819.1 136183 30294 13594.7 56384.5 70653.8 5012.24 23976.6 172978 98776.6 95100 86935.5
internal_count=728445 296552 431893 119108 75853 177444 101666 147455 110256 84507 356040 308626 28522 79219 61918 22447 29989 49031 4431 174064 115175 47331 28264 13452 22589 15323 7266 2420 4164 44600 37199 22049 11153 3983 25749 15976 10073 9773 7128 28808 26209 25133 50955 448 17442 11656 91540 72764 33621 27395 6226 23311 5377 2413 12887 11159 864 5903 45875 47414 46412 42159
cat_boundaries=0 1 2 6 10 11 15 19 23 27 31 32 33 37 38 42
cat_threshold=22 6 26000 1611245601 945063947 533408 2110144 3229666560 872686800 549664 17 288358442 3221397800 1209152675 4229698 2685407624 276828928 809500801 534272 823145624 565536 537133456 532993 2106880 9043968 203491584 16385 2097672 270811168 1677787164 1024 671890 573568 16789952 537657856 335552768 532737 22 17826248 8388640 1610612744 2
is_linear=0
shrinkage=0.05


Tree=67
num_leaves=63
num_cat=24
split_feature=16 16 16 9 16 16 16 17 9 17 17 17 16 16 20 16 16 17 1 9 9 16 16 6 16 12 16 17 6 17 1 17 20 17 17 16 6 9 12 17 20 16 16 2 17 20 17 19 7 16 16 13 16 17 16 17 17 17 17 19 16 12
split_gain=668.325 2097.68 1525.34 2170.09 1126.3 1152.87 1320.38 1157.59 1107.93 1041.68 896.927 861.421 760.729 592.727 568.664 566.64 1072.49 574.863 540.997 683.37 531.866 525.074 465.964 465.905 463.27 734.584 571.508 797.942 502.397 422.142 393.369 393.243 391.717 386.835 378.146 374.073 365.085 363.978 508.917 351.999 346.422 341.358 677.867 325.544 314.219 313.299 308.864 295.853 290.911 279.422 262.977 262.173 560.828 259.338 255.332 253.248 248.033 246.906 246.119 228.608 224.901 258.98
threshold=18.500000000000004 25.500000000000004 8.5000000000000018 0.46335040002959194 44.500000000000007 48.500000000000007 49.500000000000007 0 0.51899038461538483 1 2 3 51.500000000000007 47.500000000000007 4 39.500000000000007 35.000000000000007 5 1.5000000000000002 0.071661998132586377 0.93753393051031497 11.500000000000002 20.500000000000004 2.3457376533501106 14.500000000000002 0.17374652935874699 11.500000000000002 6 1.2141990079422804 7 17.500000000000004 8 9 10 11 16.500000000000004 1.2619868637110019 0.92003717472118973 0.1334222626006499 12 13 39.500000000000007 35.000000000000007 5.5000000000000009 14 15 16 17 61.500000000000007 15.500000000000002 15.500000000000002 10.500000000000002 27.500000000000004 18 28.500000000000004 19 20 21 22 23 51.500000000000007 0.1252223146332713
decision_type=2 2 2 8 2 2 2 9 10 9 9 9 2 2 1 2 2 9 2 10 8 2 2 2 2 2 2 9 2 9 2 9 1 9 9 2 2 10 2 9 1 2 2 2 9 1 9 9 2 2 2 2 2 9 2 9 9 9 9 9 2 2
left_child=2 11 14 18 9 13 8 39 -7 31 24 23 37 46 29 16 17 54 49 21 22 -20 -13 40 25 26 56 -28 35 -1 -23 -3 47 -22 -16 -26 -21 -9 -39 -8 48 42 -33 -10 -18 -14 -6 -27 -2 -4 -30 52 -19 -17 -11 -47 -5 -31 -12 -45 61 -41
right_child=1 4 3 10 5 6 7 12 43 15 58 20 45 -15 34 53 44 51 19 36 33 30 -24 -25 28 32 27 -29 50 57 -32 41 -34 -35 -36 -37 -38 38 -40 60 -42 -43 -44 59 -46 55 -48 -49 -50 -51 -52 -53 -54 -55 -56 -57 -58 -59 -60 -61 -62 -63
leaf_value=-0.0017081975828586533 0.013790545642451055 0.010511296932459314 -0.0062139264935978317 -0.0078947064023956858 0.0090236775472247767 0.0038005686677637048 0.010239218108838252 0.0043585111375877457 -0.003531653965076756 -0.0095109717853654879 -0.0077156625754253418 0.017481920487421112 -0.025606853915569824 0.0094565417850653866 0.0016946170749361383 -0.0007384452408903192 0.010440376854662795 -0.0066374917966155189 -0.016379130722217028 -0.013644034881281505 0.0020277296112944242 -0.027268987840301396 0.004227418599551439 0.0009111718076617553 -0.0026842250692464529 -0.0043984809227099195 0.0408698010193599 0.010147004747894164 0.0024681043314543089 0.0070476183187192926 -0.056355441979105081 0.0017312693991631543 -0.0042567795603310997 -0.0041992049338440036 -0.0041372643601891189 0.0072806662041759234 0.0003876399069897832 -0.012457629191887051 0.0030096662790386995 9.4475773894494179e-06 0.004295666323710378 -0.0014919895293582833 0.019147053123949986 -0.021257202356312819 0.0015062484382492576 -0.022409808756234943 0.0019984731916124843 0.012019731166926017 0.0065853487663150318 0.029553595377199239 -0.008423641744755633 -0.0018318038196555621 0.008550775933920108 -0.0055538112107366856 -0.0033199156519214458 -0.0060807688732868502 0.0048121423585261291 0.0026300484631310173 -0.0029896826030097958 -0.011811555809129098 -0.0018646389958539768 0.0095433043522024155
leaf_weight=49843.239786148071 42286.705213308334 15342.072382450104 19533.092526435852 4918.7772345542908 17926.041599750519 13832.364428281784 28102.728285312653 28282.924951553345 7260.0156283378601 34018.892178535461 31508.122343540192 7200.267853975296 2833.524621963501 45573.737775802612 47265.433966159821 33676.381678104401 21522.84444975853 9166.0004439353943 9858.4285020828247 17807.045321464539 85653.114202022552 4200.927093744278 83726.746626138687 19449.526702165604 19312.901983976364 4178.7661509513855 2320.9014649391174 22982.962956190109 6963.0263638496399 38064.903576374054 1608.7702016830444 26637.413726091385 30206.866093873978 35174.583055019379 67457.237779855728 18379.756336688995 6267.054783821106 10071.264904260635 11266.465761423111 12066.83941411972 23592.427243947983 38848.912057638168 7069.3324997425079 10467.763442754745 18150.740846633911 2683.712749004364 122674.06565785408 7966.5438306331635 20953.653151512146 560.76202130317688 27146.164108991623 180965.4052400589 18035.718788385391 165174.22924613953 32628.200954914093 20330.704737901688 17378.214446783066 187269.37055039406 219446.16517353058 16845.660420656204 15117.863849639893 17385.313941240311
leaf_count=14447 16175 5445 9275 1296 6332 6887 9147 9821 3376 9832 13517 2094 882 16017 18696 11469 7472 2140 2647 3890 32290 1166 22532 5494 7796 1723 758 6072 1661 11398 284 9512 12421 15627 29478 7933 1335 2807 3456 3468 8416 11768 2272 2264 6690 823 42679 2626 3209 276 5949 56122 4343 57647 10009 6360 4765 57614 80549 3599 5018 6686
internal_value=-1.27106e-05 0.000702366 -0.00109223 -0.00300227 -0.000438636 0.00168163 -0.000989188 0.00135342 -0.00815838 -0.00178831 -0.00171208 0.00423244 -0.00298372 0.00450125 0.00122267 -0.00264948 -0.00132858 -0.00243801 -0.0119009 -0.0152815 0.00238847 -0.0234085 0.00527719 0.00790529 0.00119125 0.00358197 0.0078439 0.0129866 -0.00180367 0.00245555 -0.0353317 0.00324099 -0.00120821 0.000214785 -0.00173461 0.00217494 -0.0099914 0.000639047 -0.00429103 0.00585699 0.00947277 0.00170231 0.00538435 -0.012943 0.00635615 -0.00993931 0.002895 0.00637194 0.0114016 -0.00521434 -0.0062002 -0.00114379 0.00343282 -0.00473863 -0.00647916 -0.0079947 0.00200737 0.0033766 -0.00358336 -0.0154443 0.00309203 0.00563732
internal_weight=2.16444e+06 1.30199e+06 862445 472545 983957 382721 196547 148141 48405.8 601236 412709 318037 75468.6 186174 389900 513338 314488 274814 59836.1 39742.2 211755 15668.1 90927 106282 161755 89953 47600.9 25303.9 71801.8 275178 5809.7 87897.7 42352.2 120828 114723 37692.7 24074.1 49620.7 21337.7 72672.7 86832.8 72555.7 33706.7 34573.4 39673.6 25847.9 140600 12145.3 63240.4 20093.9 34109.2 208167 27201.7 198851 66647.1 23014.4 22297 225334 250954 27313.4 44570 29452.2
internal_count=727752 430180 297572 165939 324343 129622 64594 48468 16126 194721 147066 105837 24149 65028 131633 165724 96608 82446 18873 9322 72543 4097 24626 33294 53000 29661 12891 6830 23339 83459 1450 28997 16770 47917 48174 15729 5225 16084 6263 24319 27800 23552 11784 9239 14162 8065 49011 4349 19384 9551 7610 62605 6483 69116 19841 7183 6061 69012 94066 5863 15172 10154
cat_boundaries=0 4 8 12 16 17 21 24 28 32 33 37 41 45 46 50 51 55 56 60 64 67 71 75 76
cat_threshold=1090528904 546063368 1948325916 549929 319822880 1092627744 139468846 1716548 8944 2098724 1686177816 583329 2717910464 1073843725 813990441 664198 6 1073750016 536936524 3498122576 49793 0 0 67600 2432738560 1610654464 1184754 169856 268435488 1090529536 1056772 8448 10 1094200 2424967168 3355514882 16680 2184226312 10899472 1950943830 17409 1073750144 545259520 1946222596 541697 28 2106112 8781888 2392512 1576 8 2164293632 2435392256 4328908 176390 852001 2147491840 2693337153 132352 16898 2147483648 2415919616 512 256 656 512 536870912 1074790528 67585 1948290049 548929 50368768 1627496785 1578788 135174 1582497
is_linear=0
shrinkage=0.05


Tree=68
num_leaves=63
num_cat=18
split_feature=12 16 16 9 6 16 13 17 16 17 16 16 16 17 20 16 17 17 16 17 16 16 16 1 16 17 16 16 16 16 21 17 17 16 17 16 16 9 9 16 17 16 16 17 17 16 6 9 6 11 17 13 21 17 16 16 13 4 4 9 9 16
split_gain=599.606 655.23 1078.79 712.783 631.468 692.977 703.466 495.14 472.536 510.954 469.412 910.846 678.504 666.584 519.013 451.59 672.074 491.497 430.862 427.376 426.552 424.999 402.189 402.139 491.341 742.366 382.492 704.063 632.648 443.955 371.987 340.338 325.596 311.646 510.27 475.31 318.48 333.546 303.683 414.66 303.103 302.499 297.768 290.952 285.287 266.89 265.378 270.369 258.698 252.199 277.672 263.77 251.861 241.21 236.96 235.163 235.026 230.726 226.02 223.64 221.635 443.228
threshold=0.14180489131588533 48.500000000000007 46.500000000000007 0.69921755608533542 1.6596841412590482 46.500000000000007 37.500000000000007 0 49.500000000000007 1 39.500000000000007 41.500000000000007 35.000000000000007 2 3 25.500000000000004 4 5 19.500000000000004 6 12.500000000000002 28.500000000000004 51.500000000000007 38.500000000000007 21.500000000000004 7 4.5000000000000009 16.500000000000004 10.500000000000002 26.500000000000004 8 9 10 13.500000000000002 11 16.500000000000004 11.500000000000002 0.055658818669971091 0.94738594155161548 26.500000000000004 12 51.500000000000007 25.500000000000004 13 14 14.500000000000002 2.6314521242866209 0.40988697688626419 0.18761281588447656 0.10172669636085631 15 59.500000000000007 16 17 51.500000000000007 44.500000000000007 40.500000000000007 160.50000000000003 11.500000000000002 0.96971278547478978 0.45163978494623663 8.5000000000000018
decision_type=2 2 2 10 2 2 2 9 2 9 2 2 2 9 1 2 9 9 2 9 2 2 2 2 2 9 2 2 2 2 9 9 9 2 9 2 2 8 10 2 9 2 2 9 9 2 2 8 2 2 9 2 9 9 2 2 2 2 2 8 8 2
left_child=1 2 10 22 5 6 26 -7 -5 -10 12 -12 13 -1 23 16 53 -17 -18 -13 -6 43 -3 24 49 42 -2 28 -28 -29 33 -22 -14 34 36 44 -16 -38 39 -37 -4 56 -26 58 -35 -46 55 -48 57 50 51 -15 -25 -8 -33 -21 -9 -40 -19 -30 61 -36
right_child=4 3 40 8 20 7 15 41 9 -11 11 19 32 14 30 17 18 21 -20 46 31 -23 -24 52 25 -27 27 29 59 -31 -32 54 -34 35 60 38 37 -39 48 -41 -42 -43 -44 -45 45 -47 47 -49 -50 -51 -52 -53 -54 -55 -56 -57 -58 -59 -60 -61 -62 -63
leaf_value=-0.0039294883308773065 0.0017816990373412224 0.0049938536234625866 0.017811020603775932 -0.014789159189008439 -0.0071419407260725409 0.0079194352388148488 0.007692464254472009 0.0065941888046633888 -0.011601583246105725 0.00039742415197053805 -0.0069986387157007657 0.013086257000636276 0.017980177059909268 0.0077591393102536032 0.0056372478615712195 0.0030087691172023083 -0.0021297103727905609 -0.0027404062252680689 0.0049881198169564088 -0.0029247209902269577 -0.0049316309153904954 -0.0015638188163765298 -0.0078074242162980137 -0.028333191767168083 0.020989921698938672 0.0037569522234743823 -0.003309608366321843 0.0031709983112973177 -0.015103834763549349 -0.0029764515684408757 -0.0046592650099492039 0.00049262970231589041 0.0056722949144262522 -0.011263656658920899 0.0021727155462244025 0.0068377059403406815 -0.02287224654058094 0.021619605011476247 0.0031401305308396328 -0.001920398561779048 0.0066879591384966814 -0.004710720168536171 0.0087934508956670297 -0.0025922293823875389 0.0099204798393106985 -0.0058438520099994423 0.01888929128926169 0.0028917534189646541 -0.0019757612314458229 -0.0057760655623642371 0.0014722474029123676 -0.0019279555890522938 0.0011706389516064372 0.0028066926862522277 -0.011066266740923435 0.0020189618857928311 0.00042164166123478719 0.034788445346960038 -0.015536451647050122 -0.0078330255400462564 0.002084540285498641 -0.014181380559940671
leaf_weight=60360.013278961182 39968.580191850662 27749.957367420197 7080.8628816604614 14209.570208787918 53697.279511213303 38725.678204059601 31417.58261680603 24021.252946853638 14173.616099596024 23695.968126058578 52613.747898817062 6728.5328142642975 7695.3738105297089 43723.240822792053 27187.570706605911 43934.660631656647 123146.82542276382 4630.4063954353333 25696.573929548264 58735.729846477509 59064.817504882812 108736.20847320557 7876.4005072116852 715.60943794250488 12077.33952665329 31943.97172164917 57019.897053480148 40275.318115711212 20639.700897216797 108446.91941857338 37091.914725780487 88877.264912605286 17872.898786067963 15046.872869491577 10079.025008201599 34117.926903009415 454.50862860679626 5629.07990193367 1633.4715898036957 22379.086973905563 45516.003607988358 17735.316401481628 8548.6328139305115 13578.068774700165 3840.2284169197083 8917.5521264076233 3152.9456939697266 16247.148347139359 75264.959374666214 7979.3699636459351 76845.481800794601 8372.338095664978 162119.92318677902 129066.30709457397 4665.6762931346893 40738.808538913727 43073.47672867775 888.65830683708191 13552.141368865967 21698.782831907272 47637.003070831299 7033.2752766609192
leaf_count=22218 10818 8399 2171 3582 18200 15963 12237 8303 3653 6035 14001 1980 2009 13023 8245 19335 59201 3048 12345 15589 19310 48943 2404 106 3654 9602 17380 16377 5660 35584 14504 27353 5050 4524 2732 12566 155 1639 839 6951 12420 6309 2563 4896 1207 2682 940 4173 20470 3215 24925 3451 24678 57194 1274 11258 19797 247 3304 10027 15537 1931
internal_value=-2.71201e-06 0.000851729 0.00122732 -0.00328622 -0.000812809 -0.000243953 -0.000793873 0.00323569 -0.00701428 -0.00409664 0.000826475 -0.00147579 0.00138436 0.00109614 0.00156321 0.000351686 0.00151928 -0.0016066 -0.00090079 0.000837713 -0.0033092 -0.00304987 0.00216356 0.0028613 0.00442729 0.00853623 -0.00275752 -0.00348885 -0.00674768 -0.00131166 2.429e-05 -0.00196056 0.00938645 0.00069234 0.00291792 -0.000653511 0.00794931 0.0182924 0.000578554 0.00336855 0.00819037 0.00109638 0.0159279 -0.0081383 -0.00660364 -0.00109735 0.000143205 0.00549255 -0.00144785 0.00284963 0.00338346 0.00620112 0.00103914 0.00376363 -8.40009e-05 -0.000900085 0.0026316 0.0143006 -0.0122714 -0.0113778 0.0003312 -0.00454937
internal_weight=2.16564e+06 1.05397e+06 966269 87705.5 1.11167e+06 905364 781808 123556 52079.2 37869.6 913672 178217 735455 709887 649527 493759 309327 184431 148843 125603 206305 140497 35626.4 352326 189490 52569.9 288049 248081 99358.4 148722 297201 152608 25568.3 260109 98020.5 162089 33271.2 6083.59 134284 56497 52596.9 84830 20626 31760.6 27804.7 12757.8 118875 19400.1 77787.1 136920 128941 52095.6 162836 160484 93542.9 99474.5 67094.7 2522.13 18182.5 42338.5 64749.3 17112.3
internal_count=728186 295328 271255 24073 432858 366721 316349 50372 13270 9688 256664 47941 208723 201664 179446 220503 140977 79526 71546 33940 66137 60191 10803 85217 60433 15819 95846 85028 33067 51961 94229 47937 7059 79725 30239 49486 10039 1794 41073 19517 14591 34409 6217 11248 8413 3889 31960 5113 21556 44614 41399 16474 24784 69431 28627 26847 28100 1086 6352 15687 20200 4663
cat_boundaries=0 4 8 12 13 17 21 25 29 31 35 39 43 47 51 55 59 61 65
cat_threshold=3222308816 562176 872483466 541701 2952823552 2415964488 5546081 4356 1394659328 2151688566 2157057856 167942 4 1108346512 1611221032 874874904 548969 2198869056 3498327840 139469326 139526 48 536879360 1188932 4612 536872600 753672 805601312 533248 286345207 172047 3241181184 814678088 2202011 1571 18878464 8790336 138420560 768 9280 10765824 1074595994 17409 2164293720 2415923776 1360 516 536871424 537395208 805636096 16897 537929224 9060352 205521024 40 537919496 1343045633 337709057 24736 2097152 2048 1073741952 536938528 604045320 524352
is_linear=0
shrinkage=0.05


Tree=69
num_leaves=63
num_cat=14
split_feature=0 10 10 20 15 3 13 4 20 16 16 16 4 11 12 19 4 6 1 0 20 20 16 16 19 6 11 0 16 0 13 19 8 19 10 15 12 16 16 22 19 12 12 19 16 16 16 20 16 12 13 3 16 19 16 16 18 16 11 0 16 16
split_gain=1025.14 981.459 936.758 758.79 495.148 473.216 406.48 404.108 456.785 390.315 839.002 703.167 562.285 385.881 457.397 426.609 370.936 300.946 297.441 287.308 286.365 274.376 268.611 265.627 453.569 294.82 283.823 264.439 238.971 237.071 229.295 223.061 219.606 218.878 218.309 217.238 215.196 210.501 208.164 207.506 206.396 193.542 192.252 188.276 187.451 186.778 652.346 329.896 295.934 258.576 214.1 197.084 191.671 188.703 187.705 370.427 182.238 180.13 234.008 178.835 176.551 172.899
threshold=1.5000000000000002 2.5000000000000004 1.5000000000000002 0 9.5000000000000018 336.50000000000006 3.5000000000000004 4.5000000000000009 1 17.500000000000004 25.500000000000004 10.500000000000002 147.50000000000003 0.10172669636085631 0.14611528303841512 2 809.50000000000011 0.63162577261659503 4.5000000000000009 5.5000000000000009 3 4 4.5000000000000009 21.500000000000004 5 0.1001012145748988 0.033881355254423061 1.0000000180025095e-35 44.500000000000007 9.5000000000000018 55.500000000000007 6 1.0941499791216576 7 4.5000000000000009 167.50000000000003 0.14611528303841512 19.500000000000004 51.500000000000007 8 9 0.62041361413060558 0.33146442666487641 10 44.500000000000007 16.500000000000004 10.500000000000002 11 23.500000000000004 0.49010495554712563 21.500000000000004 11.500000000000002 29.500000000000004 12 40.500000000000007 43.500000000000007 13 40.500000000000007 0.04947841613211184 789.50000000000011 51.500000000000007 35.000000000000007
decision_type=2 2 2 1 2 2 2 2 1 2 2 2 2 2 2 9 2 2 2 2 1 1 2 2 9 2 2 2 2 2 2 9 2 9 2 2 2 2 2 9 9 2 2 9 2 2 2 1 2 2 2 2 2 9 2 2 9 2 2 2 2 2
left_child=2 3 6 5 19 13 20 30 -9 11 12 39 23 14 15 29 21 -17 27 -5 -1 22 -3 24 25 36 -25 -4 57 -2 -8 -15 -24 -7 59 -26 -11 -14 44 -10 -28 45 -6 -30 -23 46 51 50 -47 -49 -48 -16 53 -50 61 -56 -31 58 -12 -18 -21 -54
right_child=1 16 18 4 42 33 7 8 9 10 28 -13 37 31 41 17 34 -19 -20 60 -22 38 32 26 35 -27 40 -29 43 56 -32 -33 -34 -35 -36 -37 -38 -39 -40 -41 -42 -43 -44 -45 -46 48 47 49 52 -51 -52 -53 54 -55 55 -57 -58 -59 -60 -61 -62 -63
leaf_value=0.019341057762071075 0.00085720464271393489 0.0089154369161146239 0.0065701019703865889 -0.0054265168744094105 0.0041586797673231809 -0.00026188392407424532 0.00050767322302571469 -0.0016492877133859154 -0.0032738171501462878 0.048845590054197544 0.00054356179400621236 -0.0040024153956978847 0.052322140235550485 -0.012910375788610047 -0.0090187299416554494 -0.001933009150246351 -0.0023742852944525347 0.003847728550400695 0.010414626766523827 -0.010481695601227669 0.0043571805083049342 -0.00055048445752344639 -0.00022095020244957417 0.0082138178384792322 0.00032682525002834741 0.0087137454518522953 0.0068530075084333149 0.0011787113846284843 -0.0011371869987332058 -0.00067593439560813262 -0.0024620373704169942 -0.0010921011242169681 0.0036342081843588796 -0.0054011659930096332 0.00084326856896375837 0.019968783473085779 0.017660165308141872 0.015410533506945013 -0.012447497398997927 0.0049427435925314921 0.025534025538336044 -0.0064430579122238957 -0.0053394618262752949 0.0060869248331229097 0.0048628271214147326 0.0038796350429937676 -0.016759389019168017 -0.0093139973408263351 0.0018839022735678099 -0.021736679857933511 0.001983789058945484 0.00032864591284933109 0.00036990284034131137 -0.0056265606457092977 -0.0075351403876597403 0.00067015542401035197 -0.0050979257893819033 -0.0029721139517182322 0.010301544910609226 -0.020680322303608834 -0.027365807950169359 0.0090291172674923943
leaf_weight=4474.6360785961151 102591.25531792641 18144.972812175751 52741.96355009079 71038.366497039795 15812.98167181015 27062.897721529007 126726.1177687645 86659.327552318573 8936.9982070922852 1021.1579899787903 41236.424645900726 53236.520283460617 1022.8297185897827 10081.504067182541 6183.2665615081787 27773.831174373627 85180.573713541031 118882.6316473484 24751.628978967667 24671.787055969238 11101.968144416809 90813.984408140182 51678.866013526917 11910.043144702911 18746.155765533447 3517.5137183666229 2046.0656867027283 39988.108145475388 11571.849673032761 53230.032289028168 133441.99494075775 6622.806720495224 129522.78133130074 88485.802068710327 91368.247725963593 1520.9764349460602 1209.7070546150208 622.03411197662354 3243.2902574539185 54612.038499832153 5582.2829191684723 22255.30050444603 8033.3392744064331 40903.913048744202 19408.908921957016 30457.600507497787 1856.5185031890869 18963.399076700211 10602.300951480865 5376.982773065567 8474.4946293830872 63970.88313126564 15939.666967630386 39577.772270202637 18858.910634040833 50814.231137514114 41442.102110147476 29234.717344999313 7218.7025713920593 1354.3949098587036 1651.4913005828857 9029.7963645458221
leaf_count=1985 27022 3479 18503 22839 4383 3980 97499 46326 4195 943 18374 25755 451 2645 2326 6707 12104 25338 6535 5836 5597 19281 10602 5424 9908 1392 979 12797 5482 10096 104084 1577 23697 13429 12061 881 1120 203 672 24678 2489 5959 2430 19020 4113 8051 365 4615 2421 1305 2038 14927 3774 9526 4655 12751 8071 13988 3141 156 386 2402
internal_value=-2.53085e-05 -0.000837174 0.0014331 -0.00181821 -0.00549802 -0.00124521 0.000697312 0.000503364 0.00154106 0.00248094 0.00395895 0.000236456 0.00966973 -0.000730599 -0.00053666 0.000710551 0.000961576 0.00275278 0.00554509 -0.00708003 0.00867772 0.00199828 0.00311539 0.0086322 0.00532307 0.0177048 0.0130378 0.0042452 0.00188813 -0.000807858 -0.00101552 -0.00823348 0.00253472 -0.00419799 -0.000861287 0.00180091 0.0319505 0.0383812 3.53507e-05 0.00378747 0.0205674 -0.0019553 0.00095886 0.00449483 0.000402769 -0.00159871 -0.00326827 -0.00887885 -0.00060022 -0.0120541 -0.00138438 -0.000495333 -0.0015424 -0.00404045 -0.000217884 -0.0015509 -0.00261228 0.000127393 0.00199746 -0.00266104 -0.011542 0.0035016
internal_weight=2.16449e+06 1.39046e+06 774036 899742 121208 778534 656554 640977 380809 294150 177364 116786 47198.8 662985 646281 343920 490716 146656 117482 97361.6 15576.6 312813 199347 45553.9 26015.5 5748.38 19538.4 92730.1 130166 197263 260168 16704.3 181202 115549 177903 20267.1 2230.87 1644.86 113466 63549 7628.35 302361 23846.3 52475.8 110223 280106 104826 34671.4 175280 24340.4 10331 70154.1 144823 50180.1 94642.6 69673.1 94672.1 77689.8 48455.1 86535 26323.3 24969.5
internal_count=727768 296019 431749 209854 35874 173980 393914 386332 184749 138423 83795 54628 23790 156571 152349 77234 86165 32045 37835 29061 7582 61844 37778 23136 14244 3455 8892 31300 60005 45189 201583 4222 34299 17409 24321 10789 2063 654 24066 28873 3468 75115 6813 24502 23394 69156 25576 8323 43580 5920 2403 17253 35529 11947 23582 17406 18167 35503 21515 12260 6222 6176
cat_boundaries=0 1 2 3 4 5 6 7 8 9 10 11 12 13 14
cat_threshold=22 1 671939 6 6 303617 541824 174368 142780760 393601 541824 2 41985 33376
is_linear=0
shrinkage=0.05


Tree=70
num_leaves=63
num_cat=24
split_feature=0 3 10 16 16 9 16 17 7 12 20 15 16 16 17 16 16 9 17 16 17 1 1 17 17 10 16 17 0 21 17 9 20 17 16 0 17 17 16 17 16 9 21 16 16 17 9 16 16 9 17 17 0 17 9 17 21 19 19 12 9 9
split_gain=923.156 1062.46 837.614 427.294 563.55 992.535 489.229 472.041 368.523 436.154 394.43 404.382 385.298 345.418 406.477 370.518 883.146 600.339 417.386 396.413 370.908 339.215 338.388 333.044 304.495 273.498 266.008 352.315 264.683 257.96 251.356 249.427 248.105 246.091 237.26 221.158 216.938 214.847 208.031 294.767 221.371 262.399 206.873 282.614 205.027 202.537 214.521 193.619 303.367 193.961 188.742 184.851 182.747 180.149 179.774 178.025 177.3 170.833 167.51 166.755 164.917 164.167
threshold=1.0000000180025095e-35 15.500000000000002 1.5000000000000002 18.500000000000004 10.500000000000002 0.47477426787771621 25.500000000000004 0 279.50000000000006 0.035356899231599855 1 33.500000000000007 6.5000000000000009 45.500000000000007 2 25.500000000000004 18.500000000000004 0.46880723443223449 3 10.500000000000002 4 1.0000000180025095e-35 5.5000000000000009 5 6 5.5000000000000009 51.500000000000007 7 467.50000000000006 8 9 0.071661998132586377 10 11 28.500000000000004 2.5000000000000004 12 13 18.500000000000004 14 51.500000000000007 0.7918333333333335 15 45.500000000000007 14.500000000000002 16 0.88002123142250543 48.500000000000007 49.500000000000007 0.33358739837398382 17 18 3.5000000000000004 19 0.724678391141508 20 21 22 23 0.081672468544343471 0.91385019410824408 0.91385019410824408
decision_type=2 2 2 2 2 10 2 9 2 2 1 2 2 2 9 2 2 10 9 2 9 2 2 9 9 2 2 9 2 9 9 10 1 9 2 2 9 9 2 9 2 10 9 2 2 9 10 2 2 10 9 9 2 9 10 9 9 9 9 2 10 10
left_child=1 21 3 4 24 52 7 60 9 51 12 38 37 15 -15 16 17 19 -19 -14 34 -1 33 -7 -2 28 27 54 -10 -28 -18 -21 53 -3 36 -32 -17 -11 39 -12 41 -40 55 -44 -41 -25 -47 -16 49 -49 -31 57 -6 -9 -8 -29 -56 -4 -50 61 -5 -23
right_child=2 22 8 6 5 23 26 32 25 10 11 -13 13 14 47 20 30 18 -20 31 -22 59 -24 45 -26 -27 29 42 -30 50 35 -33 -34 -35 -36 -37 -38 -39 40 44 -42 -43 43 -45 -46 46 -48 48 58 -51 -52 -53 -54 -55 56 -57 -58 -59 -60 -61 -62 -63
leaf_value=-6.4599694827675457e-06 0.00043919737853135291 0.0092492383506850347 -0.0062589757787085525 0.00056530579785547667 -0.01771521730264013 0.00048675882744848181 0.0040322014332427837 0.0024987017565800589 -0.0023415283532932062 0.0078607036914534103 -0.010041916217433309 0.0021407753308918956 -0.0041444581996215703 0.0085331969696846623 0.0047943413447820915 -0.016004631563571819 -0.0010230096524655068 0.0039660838607262138 -0.0023198620505313788 -0.03574323215936178 0.00057284551299621148 0.011876714587097922 0.017020948186438366 -0.013587116606846035 -0.0040039742001338917 0.0011524775883199839 -0.026565467870314843 -0.0056884045782123931 -0.011386916438101784 0.0033210024002617044 0.015966269732085137 -0.013596656691750478 -0.00071065006797946684 0.0033039186945061911 -0.0027764025670489502 0.0060330626233337792 -0.0052690514870543364 0.0020191537624500207 0.0016662897024085238 3.1098659871895284e-05 -0.012059821348474331 -0.0042696103471027633 -0.0060209522151206014 0.00022757934878178307 -0.0094150807457620972 -0.013996217068056517 -0.0046683151544424893 0.011177844295166741 -0.0034434358143415906 -0.01349591136021463 -0.0090596494817601261 0.002520329120805815 -0.033773551608387242 0.0081166447070841457 0.0014085473309469376 -0.00040334762971299927 -0.0054951885187359585 0.0083296998404129817 0.0055571707281233396 0.0019052615839036436 -0.0085793193199804624 0.0040061727656148941
leaf_weight=319577.0022623539 82922.19070649147 32801.315365552902 2172.8111212253571 8523.9758431911469 4590.3896749019623 21402.615061759949 34261.381927490234 26271.260918617249 118756.50726366043 29132.009109020233 21582.866429328918 50770.328903913498 8728.5063488483429 26827.354591369629 18398.156408309937 7286.1995356082916 11386.958274126053 41919.043339014053 71325.80127453804 1925.94184923172 69013.995244264603 8678.2998940944672 7882.2067804336548 9069.3213329315186 72066.222707033157 59316.410383224487 1660.1791529655457 18913.654805660248 8677.5706853866577 4123.7266774177551 6276.3313081264496 3743.8039145469666 21782.438383102417 37157.854353189468 54597.503349542618 52248.74776673317 13358.819335222244 34279.231649637222 43551.335042476654 22437.103562355042 4692.6855812072754 32518.309658050537 68842.009708166122 24548.372309684753 7720.0524027347565 6866.5036702156067 60178.241684436798 906.73503828048706 9792.1056959629059 6510.5243308544159 12112.125867843628 91425.075338363647 2889.7811329364777 31308.613732337952 28554.920875072479 100861.11758947372 13778.813821554184 25527.318063020706 10927.308275938034 96017.727384328842 11692.935375213623 28007.438384532928
leaf_count=249120 24286 11268 493 2891 1641 6044 10073 7985 16050 6244 5481 11113 1789 5609 3981 1504 2423 8731 14980 411 14572 3817 1952 2760 21847 7443 435 5709 1034 1224 1917 779 7159 13323 11475 10651 2743 7237 10517 5755 1126 8194 20472 7856 1878 1849 16996 202 2040 1388 3492 19638 624 9014 7665 28893 4096 5269 2298 44155 3480 12682
internal_value=-8.6015e-06 0.00180456 -0.000596505 -0.00195946 -0.00354306 -0.00637133 -0.00094846 0.00209768 0.00034321 0.000820338 0.000319046 -0.00165333 0.00107438 0.000519952 0.00363297 -0.000148196 0.00125851 -0.0012156 7.12194e-06 -0.0108319 -0.00207464 0.000875925 0.00720008 -0.0050248 -0.00162702 -0.00165211 -0.00193441 -0.00156901 -0.00295755 -0.00785021 0.00577562 -0.0211245 0.00383497 0.00609335 -0.00450242 0.00709736 -0.00906883 0.00470448 -0.00310724 -0.00558242 -0.00152147 -0.000871216 -0.00261404 -0.00437802 -0.00238651 -0.00657379 -0.005623 0.000805853 -0.00180195 -0.0104785 -0.00591498 0.00360548 -0.0239226 0.00555438 0.00133947 -0.00123836 -0.000839528 0.00718333 0.0013045 0.00300087 -0.00472153 0.00586828
internal_weight=2.16508e+06 530122 1.63495e+06 667221 259985 104997 407236 99579.2 967733 780983 661858 183273 478585 415174 73362.2 341812 197555 127643 113245 14398.3 144257 452280 77841.4 97516.7 154988 186750 307656 289760 127434 17896 69912 5669.75 79362.3 69959.2 75242.5 58525.1 20645 63411.2 132502 51740 80762.3 76069.6 213165 93390.4 30157.2 76114.1 67044.7 46534.8 28136.7 7417.26 16235.9 119125 7480.17 57579.9 76595.1 119775 42333.7 27700.1 20719.4 132703 20216.9 36685.7
internal_count=727773 336317 391456 196491 76047 29914 120444 30529 194965 170438 145038 44064 100974 87493 15518 71975 41681 26690 23711 2979 30294 309774 26543 27649 46133 24527 89915 84764 17084 5151 14991 1190 24158 24591 15722 12568 4247 13481 32951 13114 19837 18711 62930 28328 7633 21605 18845 9909 5928 1590 4716 25400 2265 16999 21834 34602 11761 5762 4338 60654 6371 16499
cat_boundaries=0 4 5 9 13 17 21 25 29 31 35 36 40 44 48 52 54 57 61 65 69 73 75 76 77
cat_threshold=1093697552 2156281888 1147155904 37889 6 1090531720 537793024 876677376 25601 8720 671744 2171137 24609 1075848720 115720 805669888 54825 2148533456 8474632 1677789250 582017 1091576512 3232041992 1814299922 541352 2164286514 3230149408 139469192 664388 1073758272 3072 18882560 9224200 4202816 769 28 554698448 547373096 876910593 561704 1073741824 0 805634048 16897 1073741952 2693534216 874883072 16681 570462544 2150236480 407150930 12 2216721307 28193 1090555904 3758236736 7350017 8384 8658944 805371904 16905 823141784 557344 1610615232 532480 2147496456 1342181376 134218241 8488 1376782344 65544 539170880 17536 1661800583 197888 147602 798857
is_linear=0
shrinkage=0.05


Tree=71
num_leaves=63
num_cat=19
split_feature=5 16 16 16 9 19 16 13 10 0 11 13 3 17 21 17 16 22 17 17 3 17 6 16 16 16 16 9 6 17 17 17 17 16 16 9 16 3 9 17 6 17 16 1 17 9 9 17 6 16 16 0 17 16 11 10 13 21 9 16 17 2
split_gain=1097.25 468.55 887.697 833.018 715.883 506.046 424.582 365.561 350.814 386.262 342.003 356.987 420.114 390.974 340.992 333.962 331.751 322.944 310.282 294.972 305.038 269.697 266.475 264.108 487.081 911.698 603.171 815.58 532.888 401.972 386.91 311.947 299.498 295.701 291.759 373.391 259.396 302.183 265.604 257.483 244.103 237.834 234.642 271.269 229.136 241.472 225.846 292.503 225.775 260.882 219.395 216.65 213.963 294.389 300.69 212.37 211.257 205.538 194.036 193.939 190.621 190.58
threshold=0.76934820904286572 18.500000000000004 25.500000000000004 8.5000000000000018 0.53678263455248298 0 44.500000000000007 11.500000000000002 3.5000000000000004 156.50000000000003 0.10172669636085631 11.500000000000002 26.500000000000004 1 2 3 48.500000000000007 4 5 6 11.500000000000002 7 1.4827937087167433 46.500000000000007 25.500000000000004 17.500000000000004 10.500000000000002 0.4997273718647765 0.079951573849878957 8 9 10 11 48.500000000000007 49.500000000000007 0.33358739837398382 15.500000000000002 214.50000000000003 0.01328918322295806 12 1.1540375047837739 13 48.500000000000007 6.5000000000000009 14 0.7918333333333335 0.81128286731832999 15 1.4169713625117706 11.500000000000002 21.500000000000004 10.500000000000002 16 39.500000000000007 0.031555003291803337 1.5000000000000002 24.500000000000004 17 0.75008111615833883 19.500000000000004 18 2.5000000000000004
decision_type=2 2 2 2 8 9 2 2 2 2 2 2 2 9 9 9 2 9 9 9 2 9 2 2 2 2 2 10 2 9 9 9 9 2 2 10 2 2 10 9 2 9 2 2 9 10 10 9 2 2 2 2 9 2 2 2 2 9 8 2 9 2
left_child=1 3 5 17 36 -3 15 16 9 10 11 12 13 -2 -14 58 51 21 -6 20 -9 -1 23 24 25 26 32 -28 59 -30 -29 -26 -13 -25 35 -35 37 48 -39 -36 -18 -16 43 -24 -31 50 -45 -48 49 -5 -46 -8 -17 54 -54 -43 -34 -15 60 -27 -4 -38
right_child=8 2 6 4 18 -7 7 19 -10 -11 -12 22 14 57 41 52 40 -19 -20 -21 -22 -23 42 33 31 28 27 30 29 44 -32 -33 56 34 39 -37 61 38 -40 -41 -42 55 -44 46 45 -47 47 -49 -50 -51 -52 -53 53 -55 -56 -57 -58 -59 -60 -61 -62 -63
leaf_value=-0.0005044786064362036 0.0074593536384776511 0.0025074122710390403 0.020987774945961626 -0.0023287535409973383 0.0019927764880132183 0.0085019565866121423 0.0073227249818421884 0.0025604101459640503 0.00089637233634798851 -0.0068093103500895926 -0.0083222558082468399 -0.0042505179683167277 -0.0071866720521479299 0.0038678102291274928 0.0050915108278845149 -0.0037576800295945133 -0.018355860259706321 -0.0015725930846621626 -0.0021156055810155937 0.002308588506203366 0.010319163080544085 0.0045452051551789557 -0.0053117932522551911 0.0064879627643838478 -0.0061002204665488897 0.065019372335641076 -0.026012210060693555 0.0083247644132870158 -0.0028365784402596258 0.011931806504376009 -0.0060365426473693376 -0.001472370128448239 -0.0031939378398774679 0.011533121179499485 0.0084979375427002273 -0.0086675487366739013 0.0037410659139240758 -0.039650562566725681 -0.013534070151366021 -0.0015421036834971081 -0.0037401417838732356 -0.0036126985081686258 -0.0094120051879203782 0.0021256830069628324 0.016019078955098309 0.0015039653202589783 -0.013892116704400107 -0.0018322730251823266 0.0012067649146260957 -0.012456629706862966 0.0047645149340965857 -0.0064176975514824101 -0.00026502970149717124 -0.002442788123738182 0.0051283748708662955 0.0012265525870690122 0.0028047580465576346 -0.0033498161676806027 0.0010036617451285449 0.021023469830328274 0.0055757846276867171 0.061702158192340109
leaf_weight=34072.894810914993 35107.043434381485 70817.198604345322 2245.9284241199493 10237.516157150269 67107.561517953873 70059.611731767654 9421.5263452529907 22769.349522352219 177577.38536548615 33428.992166996002 17149.531067609787 33420.638356685638 19470.971885919571 19426.61736702919 18908.477658987045 52019.344494819641 3948.6704876422882 41256.844284534454 145763.77615880966 113643.99310731888 28556.602983236313 118106.81438374519 66070.146523237228 22137.287803649902 78116.400377511978 433.53521752357483 4887.3138067722321 5155.3781082630157 19721.47544670105 10870.030794620514 51106.550562143326 68242.62088227272 19265.849539995193 2700.5575623512268 11150.506879806519 14929.657193899155 404.47509336471558 1164.0590896606445 5937.7640361785889 14922.268830060959 10326.64990067482 43151.358901023865 15115.070967435837 33931.914177656174 6402.2860536575317 35211.544111013412 5589.1902077198029 49320.745350599289 7459.3446779251099 16781.914460420609 13379.499396324158 4123.6648511886597 82827.157360553741 83724.309972763062 37560.791867256165 47766.15633893013 61610.01326084137 20015.25666308403 30842.127526760101 594.9159517288208 18439.614073514938 217.51866126060486
leaf_count=14113 11934 32076 833 3663 29784 28385 3363 16015 28705 4508 5235 9533 3896 6691 3427 21166 1400 16946 67552 50223 6596 49345 27935 6369 21940 184 1460 1399 5895 2849 14131 19284 4862 810 3246 4066 225 197 959 4294 2387 8557 4650 7113 2103 9464 1203 10440 3115 6085 3636 653 31073 34615 13220 8734 17842 7432 14092 271 6009 76
internal_value=-1.99528e-06 0.00111632 0.00198331 -0.00012339 -0.00199988 0.00548939 0.00099634 0.0028361 -0.00113439 -0.00153565 -0.00133191 -0.00119055 0.000633148 0.00362247 -0.00109042 -0.000156526 -0.00246567 0.00235103 -0.000820443 0.0037302 0.00687598 0.00341463 -0.00176755 -0.00115869 -0.00163244 -0.000342026 -0.00241415 -0.00642222 0.0038553 0.00342513 -0.00472006 -0.00394294 -0.000269778 0.00178002 -0.000604834 -0.00557278 -0.00794884 -0.00842848 -0.0178198 0.00275454 -0.00778397 -8.91146e-06 -0.00346582 -0.00288558 0.00529971 0.00398668 -0.0010812 -0.00306292 -0.00649362 -0.00861946 0.00840763 0.00313946 -0.000895429 -0.000165803 0.00141773 -0.00107015 0.00137559 0.000205226 0.00351582 0.0396147 0.00726291 0.0240773
internal_weight=2.16612e+06 1.08984e+06 641327 448510 255074 140877 500450 192790 1.07629e+06 898710 865281 848131 203846 74548.9 129297 307659 27820.5 193437 212871 164970 51326 152180 644285 474258 408418 262059 175446 61149.2 86613.3 85584.8 56261.9 146359 114297 65840.3 43703 17630.2 42202.6 41580.6 7101.82 26072.8 14275.3 109826 170027 154912 65863.4 54993.3 88841.8 54909.9 34478.8 27019.4 19781.8 13545.2 256132 204112 120388 90917.5 80875.9 39441.9 51527.7 1028.45 20685.5 621.994
internal_count=728264 454166 262106 192060 111656 60461 201645 80637 274098 245393 240885 235650 50671 26057 24614 121008 7803 80404 97336 72834 22611 63458 184979 133638 114853 73629 49227 16990 24402 23947 15530 41224 32237 18785 12416 4876 14320 14019 1156 7540 3787 20718 51341 46691 18052 15203 18756 11643 12863 9748 5739 4016 100074 78908 44293 17291 22704 14123 20934 455 6842 301
cat_boundaries=0 1 5 7 11 12 16 20 24 28 32 36 40 44 48 52 56 60 62 66
cat_threshold=1982960 2701173632 545390856 671394128 537601 1872905216 67342 51385376 295712512 139470508 667910 924140201 1049232 270550560 1958939802 583328 16787416 2655776 541130958 713861 2415956248 1895834436 9483009 38790 1092620288 9314624 134230416 257 3221225536 2147483648 67648 16896 1610646152 524296 872781840 705673 2149617928 176960 407937705 6020 1073755776 8787008 872514048 17417 13440 537428224 806359104 549888 1048984 2147587592 805308928 524800 2148532232 2416054336 71311425 1024 8 536936460 3498121296 49281 268484639 9216 0 8448 8192 256
is_linear=0
shrinkage=0.05


Tree=72
num_leaves=63
num_cat=14
split_feature=5 16 16 16 9 17 16 17 8 16 9 17 12 6 13 17 13 6 16 17 17 16 16 0 9 16 12 9 16 16 16 16 16 9 20 9 0 17 12 16 6 11 2 16 3 6 16 0 15 16 12 12 16 3 6 17 21 17 17 17 17 5
split_gain=976.812 459.033 980.915 839.38 1032.75 531.478 530.591 466.471 457.986 431.005 430.557 414.015 368.14 400.07 426.875 366.867 345.31 343.67 332.682 330.883 320.814 340.522 524.859 306.288 441.474 424.763 279.802 476.597 430.351 521.135 657.255 629.358 353.097 340.017 264.793 256.072 253.904 250.814 257.926 348.982 385.981 245.86 240.096 240.024 288.292 232.948 232.767 231.247 237.901 228.135 357.191 225.063 224.574 223.938 221.932 199.45 197.952 197.329 196.071 193.885 193.092 206.69
threshold=1.0668083599008149 18.500000000000004 25.500000000000004 9.5000000000000018 0.53176896963024134 0 45.500000000000007 1 2.013422818791947 51.500000000000007 0.74994407158836707 2 0.11261258480139193 1.3777877250571973 22.500000000000004 3 11.500000000000002 1.3981256070594561 4.5000000000000009 4 5 39.500000000000007 35.000000000000007 1.0000000180025095e-35 0.18756898454746138 11.500000000000002 0.41970025115451642 0.74366987179487187 51.500000000000007 12.500000000000002 8.5000000000000018 21.500000000000004 44.500000000000007 0.081149677596378117 6 0.94121665059466419 3.5000000000000004 7 0.20502271042622769 14.500000000000002 0.63891706107730462 0.10172669636085631 26.500000000000004 16.500000000000004 65.500000000000014 0.21438923395445139 11.500000000000002 247.50000000000003 257.50000000000006 48.500000000000007 0.079963473055694748 0.44449480543432884 15.500000000000002 166.50000000000003 0.37487541528239204 8 9 10 11 12 13 0.51781633516716052
decision_type=2 2 2 2 8 9 2 9 2 2 8 9 2 2 2 9 2 2 2 9 9 2 2 2 10 2 2 10 2 2 2 2 2 10 1 8 2 9 2 2 2 2 2 2 2 2 2 2 2 2 2 2 2 2 2 9 9 9 9 9 9 2
left_child=1 3 5 12 17 34 7 -4 18 10 51 -6 55 14 -14 -16 49 23 59 -11 -9 22 -22 52 25 -25 27 28 29 30 -20 -31 -33 46 36 -7 -3 38 39 -13 43 47 -21 -41 -45 -46 -32 48 56 -12 -51 53 -5 -8 -18 -1 -29 -37 -24 -2 -56 -62
right_child=8 2 6 4 11 35 9 20 -10 19 16 37 13 -15 15 -17 54 -19 26 42 21 -23 58 24 -26 -27 -28 41 -30 31 33 32 -34 -35 -36 57 -38 -39 -40 40 -42 -43 -44 44 45 -47 -48 -49 -50 50 -52 -53 -54 -55 60 -57 -58 -59 -60 -61 61 -63
leaf_value=-0.0064047117318785972 0.0082601775302198529 0.012494773692676943 0.0081040215442824901 -0.0075917924367627093 0.006096211500318232 0.0056316966716312717 0.011513814961095731 -0.0026740162792534901 -0.025203513562431452 0.0097683173310875032 0.00079135951394431229 0.0056629389734552818 -0.0036381217403993991 -0.0038993699878162045 0.008911435199708535 0.001587792743963977 -0.00042010390606492471 -0.00070018690549293193 0.002543815328352985 -0.0010635460565113009 0.00058487682020226626 -0.0016674914004088472 0.016452465636970334 -0.013795554689526333 -0.0093807118763239317 -0.036898956429760335 -0.0038818449912277359 -0.0015832184403868623 -0.010011018902523287 0.013255524977124912 -0.017692827100897077 -3.6113770466575527e-06 0.0060968111086780732 -0.0064828696535567309 0.0030725478918753628 -0.0059565134742619354 0.0061202136971658999 -0.0034376596858927398 -0.0026282177119945449 -0.0020407523872980997 -0.0048770699141604543 -0.0099446533036000925 -0.010926762187016364 0.0039027469982309618 0.050113351586066612 0.016296924608350163 -0.049555967556996698 -0.0074686913464631632 0.0038208751208005168 -0.019941082077566653 -0.001030502880640194 0.00056038286430193471 0.023437137828817067 0.0046881468927149955 -0.0068480625668710608 0.0044946617934620292 -0.0050691262920140381 0.0015529283005420458 0.0059897924876295226 0.00076577695723863083 0.0074584223339531604 0.0021711176415766891
leaf_weight=4386.5660080909729 10485.433908939362 29908.643467903137 15200.009191513062 15940.127069950104 18937.160775184631 36769.971425294876 26070.878991365433 149222.15016698837 2041.8645057678223 4231.4772887229919 11556.91669178009 32943.967596054077 32367.664990901947 44769.528354167938 20547.014654636383 101757.27711248398 34969.726217269897 9378.8706238269806 18943.442827224731 14259.765060186386 123719.88232064247 128908.21017622948 6216.6451342105865 4205.0720355510712 11330.456639051437 3778.1680035591125 131463.4420902729 246974.05742764473 8728.4201581478119 13071.509683609009 4349.9767663478851 85261.686951875687 32861.370091915131 12508.392678976059 24999.993516683578 10115.415486335754 32706.668376922607 102198.70752215385 56436.378624916077 5252.4737112522125 25470.716267108917 10429.321620464325 10875.219895839691 4123.1943221092224 685.06401181221008 1983.4438092708588 659.75827145576477 19243.47198009491 17627.037756681442 4519.7749009132385 5578.4772732257843 11408.421748399734 604.31749248504639 22293.999114751816 3644.3196346759796 93550.829991817474 48767.388813495636 64269.112905025482 16120.369998216629 48573.452052354813 38643.24796295166 35432.575966596603
leaf_count=1737 2821 14758 6032 6662 7654 9905 8067 52537 590 1598 3174 10068 9119 15005 8794 44182 27085 3326 4655 7094 41361 46416 2213 961 2364 829 43690 67148 1912 3736 1296 20476 8066 2753 9465 5144 5744 43658 27502 2544 5737 3260 1896 2825 238 373 237 2431 3604 1431 1288 5024 291 3445 1148 29206 14536 27784 5955 14126 13047 7920
internal_value=-4.61335e-05 0.00069762 0.0014336 -0.000376035 -0.00227408 0.00451438 0.000509787 -0.000499083 -0.00156321 0.00249329 0.00334734 -0.00100691 0.00149578 0.000262985 0.00146779 0.00281908 0.00177661 -0.00922172 -0.00149519 -0.00315203 -0.000807551 0.000205437 0.00185848 -0.0114505 -0.0157274 -0.0247328 -0.00182122 -0.00129968 0.000812477 0.00137602 -0.00391172 0.0028456 0.00169354 -0.0108922 0.0074263 0.0022182 0.00916375 -0.00159428 -0.000109496 0.00190795 -0.00138958 -0.0023857 -0.00532923 0.00598546 0.0121921 0.0249939 -0.0218981 -0.00214866 -0.00182194 -0.0040059 -0.00949563 0.00687758 -0.00645705 0.00836766 0.00288783 0.00400623 -0.00215828 0.000531075 0.00891233 0.00209799 0.00437621 0.00492875
internal_weight=2.16428e+06 1.45229e+06 861642 590647 293268 198770 662872 439387 711990 223485 194118 248031 297379 199441 154672 122304 134345 45237 709948 29366.5 424187 274965 146057 35858.1 19313.7 7983.24 650889 519426 176385 167656 36461.6 131195 118123 17518.1 87615.3 111154 62615.3 229094 126895 70458.9 37514.9 343041 25135 12044.2 6791.7 2668.51 5009.74 332612 313368 21655.2 10098.3 59773.3 16544.4 48364.9 112690 97937.4 295741 74384.5 22337 59058.9 77720.1 74075.8
internal_count=727943 532606 309531 223075 115032 72800 236731 154514 195337 82217 71629 100599 108043 77100 62095 52976 55093 14433 194747 10588 148482 95945 49529 11107 4154 1790 177800 134110 43131 41219 8941 32278 28542 4286 29967 42833 20502 92945 49287 21785 11717 90979 8990 5980 3436 611 1533 87719 85288 5893 2719 16536 6953 11512 49200 30943 81684 32928 8168 16947 22115 20967
cat_boundaries=0 4 8 12 16 20 24 25 29 33 35 39 43 47 51
cat_threshold=2718958544 1879152136 4026829345 532616 301989920 16789248 1188364 12612 144 2115104 3296791568 565376 1074824832 1074266120 604049424 581696 1073742016 8 876675080 16385 1073777304 1073823756 4102133840 49161 28 269495912 2424377352 809803915 18217 268435600 8456 1184280 32774 51460599 169987 287311872 2122048 1054152 37888 18875392 8781824 134217984 512 1073743240 8409096 1946161282 20992 2416967680 2147508480 5243473 256
is_linear=0
shrinkage=0.05


Tree=73
num_leaves=63
num_cat=23
split_feature=5 8 10 0 12 12 5 4 20 16 16 16 4 17 16 17 19 17 12 15 20 7 0 6 16 19 20 15 5 8 17 13 19 13 19 0 19 16 15 6 17 17 16 13 7 20 16 17 12 17 17 0 13 19 16 16 6 17 17 17 16 17
split_gain=965.694 473.215 453.209 625.453 339.181 334.766 333.218 341.101 332.988 289.87 413.247 350.736 414.829 256.411 285.271 254.632 248.381 275.211 238.814 259.724 236.588 236.849 233.79 219.857 213.981 231.009 211.573 234.566 208.04 206.447 205.021 204.148 280.703 201.627 189.195 187.643 187.508 243.42 186.603 183.733 183.072 181.986 175.188 174.446 182.166 218.114 173.802 175.1 168.272 193.125 166.217 163.358 176.318 160.574 160.397 280.556 158.549 158.277 151.256 150.085 147.805 167.163
threshold=0.72751070918610206 1.9335345240959643 1.5000000000000002 11.500000000000002 0.041242877670132912 0.10034016239916689 0.14423702052568035 6.5000000000000009 0 16.500000000000004 10.500000000000002 25.500000000000004 235.50000000000003 1 21.500000000000004 2 3 4 0.62800109127244985 201.50000000000003 5 50.500000000000007 63.500000000000007 0.090974776668418314 46.500000000000007 6 7 9.5000000000000018 0.36385127874489581 3.1000000000000005 8 10.500000000000002 9 37.500000000000007 10 2.5000000000000004 11 24.500000000000004 4.5000000000000009 0.39136032841948132 12 13 35.000000000000007 1.5000000000000002 138.50000000000003 14 8.5000000000000018 15 0.098159666949116778 16 17 7.5000000000000009 4.5000000000000009 18 18.500000000000004 48.500000000000007 1.4667533593411359 19 20 21 4.5000000000000009 22
decision_type=2 2 2 2 2 2 2 2 1 2 2 2 2 9 2 9 9 9 2 2 1 2 2 2 2 9 1 2 2 2 9 2 9 2 9 2 9 2 2 2 9 9 2 2 2 1 2 9 2 9 9 2 2 9 2 2 2 9 9 9 2 9
left_child=2 4 6 5 16 15 7 31 38 10 41 12 13 23 -15 -4 17 -2 19 22 -8 48 26 -11 33 -26 34 35 -17 -3 -24 32 -1 -7 -6 -28 -21 -38 -9 -13 -5 -10 -39 44 45 -18 56 -48 53 -50 -12 -19 -53 -22 -37 -56 59 -55 -29 -35 61 -36
right_child=1 29 3 40 18 24 20 8 9 11 50 39 -14 14 -16 28 43 51 -20 36 21 -23 30 -25 25 -27 27 58 -30 -31 -32 -33 -34 46 60 54 37 42 -40 -41 -42 -43 -44 -45 -46 -47 47 -49 49 -51 -52 52 -54 57 55 -57 -58 -59 -60 -61 -62 -63
leaf_value=0.013613699161646909 0.00013872294571869859 -0.011880214094564301 0.0020224036871689427 0.0012527257658391721 -0.0030332026046441074 -0.00053027433480724688 -0.0089484875084931484 -0.0026625917283978062 0.0074022743692008612 0.030693331168055706 0.012226137217630483 0.00048269799574206457 0.042390108897054461 0.0026060432621149783 0.014630294651074741 0.011670452100377662 0.014859884743181376 -0.0018295261370742404 -0.0055972776719648053 0.0037555619162556414 -0.015377925112027799 -0.0038134049834004924 -0.0019517419903890467 0.011095777307579885 0.001195867803854731 0.011228418094669061 -0.001487757758984397 0.0032347922257325331 0.0056764100954739887 -0.051819994539450992 -0.0067947033614527991 -0.00056599581488506819 0.00069441407822778511 0.0037503198627318493 0.009334470187442925 -0.0088795012492588945 0.0020215714690558716 -0.0083270070582715777 0.0060055098925607137 0.0057238540961594073 -0.00243845991354658 -0.00056727492765486979 -0.00015862274718014759 0.0012346080555304011 -0.023143607972379257 0.001759350059019806 0.005427776232071844 0.00025693873447183986 -0.0073785182812228806 -0.00025703038824322722 -0.0045185588099469556 -0.016318109818265484 -0.0049762456660635244 -0.0036570982481417403 -0.0016464787691129986 -0.010595554760199188 -0.0014568036066039342 0.0040822229600116578 -0.0024594986184673811 0.013725123732485897 -0.00057089817928996105 0.00096018698636591161
leaf_weight=6106.6397476196289 87735.740098237991 6953.3982727527618 22386.165544271469 82095.806924819946 73407.41465473175 52891.194543838501 10176.617181777954 38142.806115150452 21364.861778974533 2113.2753865718842 1560.2625365257263 31752.836969852448 938.60178828239441 16472.689669370651 7040.4459760189056 25684.716708660126 6384.1738007068634 15647.695508241653 33869.459206819534 39278.255033016205 1232.1223413944244 55062.058436393738 50516.887759208679 4435.7146217823029 9841.7479732036591 13787.219587564468 44080.652535200119 21436.247800111771 33178.689181089401 338.46387958526611 38542.37770652771 254097.86182427406 13462.107441186905 6306.0393788814545 7794.9893193244934 24854.258447647095 35840.759716272354 13362.52160525322 7415.0016055107117 35322.205809593201 56839.370174884796 10779.318338394165 12900.98162651062 162962.92602729797 475.48023319244385 6336.9036004543304 26160.696397542953 43740.71769785881 11441.774569988251 56431.048866271973 26390.669170618057 5435.8000159263611 9271.6133766174316 7882.2309453487396 34737.989503383636 11709.555388689041 3945.2467951774597 40609.592350244522 25549.677953720093 9470.279132604599 324313.87015652657 25223.108502388
leaf_count=3659 21907 2506 5696 12384 19926 13419 2977 21514 9907 1957 751 19280 351 9524 3442 6990 1978 5772 12127 7422 316 9400 7156 1689 2586 3627 18666 5868 7808 106 5526 202157 8333 1699 2103 6324 7405 2660 4073 13088 8649 5351 2647 35754 70 2624 7071 11816 3040 14973 12760 1145 1749 2001 8539 2903 1172 10291 7382 2589 85089 6743
internal_value=-2.48656e-05 -0.001046 0.00106691 0.00242712 -0.000962716 0.00393477 0.000270994 0.000966142 0.00251516 0.00359989 0.000865645 0.00527561 0.00967373 0.00865088 0.00620425 0.0065649 0.000492948 -0.00128125 -0.00148672 -0.00130903 -0.00154408 -0.00110703 -0.00165997 0.0173968 0.00264852 0.00705523 -0.00130128 -0.00283934 0.00829062 -0.0137409 -0.00404868 -0.000187013 0.00473382 0.00191784 -0.000721414 -0.00405224 0.00105229 -0.000657938 -0.00125139 0.00324277 -0.000257457 0.00473194 -0.00431475 0.00168228 0.00721135 0.00834767 0.0033626 0.00219299 0.000160101 -0.00145876 -0.00358068 -0.00538399 -0.00916898 0.00236982 -0.00563763 -0.00390275 0.00750783 0.00282367 0.000138569 0.00974961 -0.00024642 0.00294055
internal_weight=2.16552e+06 1.11896e+06 1.04656e+06 386328 1.11167e+06 247393 660231 477395 203729 158171 60095.1 98075.8 31000.7 30062.1 23513.1 81249.6 294250 118091 817419 783550 182835 172659 682167 6548.99 166143 23629 593108 162368 58863.4 7291.86 89059.3 273667 19568.7 142514 430739 115382 101383 62104.3 45557.8 67075 138935 32144.2 26263.5 176159 13196.6 12721.1 89623 69901.4 117597 67872.8 27950.9 30355.1 14707.4 49723.9 71301.8 46447.5 19721.6 48491.8 46985.9 15776.3 357332 33018.1
internal_count=728437 282097 446340 85506 279485 64473 360834 317836 103687 78100 28769 49331 16963 16612 12966 20494 70999 30573 208486 196359 42998 40021 176225 3646 43979 6213 163543 49682 14798 2612 12682 214149 11992 37766 113861 36432 20134 12712 25587 32368 21033 15258 5307 40426 4672 4602 24347 18887 30621 18013 13511 8666 2894 12608 17766 11442 5460 12292 13250 4288 93935 8846
cat_boundaries=0 1 5 9 10 14 15 16 17 21 22 23 24 28 32 33 37 41 44 45 49 53 57 61
cat_threshold=1 2147516624 805312000 872678144 542464 2149581856 2147746624 475008880 4356 745731 2433745640 269364993 1155072 49196 1 1844913 6 536880064 537432320 810628096 549408 72410 525472 123777 553660808 2953318912 872752161 532521 1629493120 9360896 874873360 16425 20 1074791056 2693034528 677390976 264 2150662152 268645128 4270944 1537 128 524296 536938497 16384 1342214656 2692744448 6296128 5376 36734016 2158256416 606110091 1029 2109704 277225728 134226192 32 1075840128 9179136 604012544 8
is_linear=0
shrinkage=0.05


Tree=74
num_leaves=63
num_cat=12
split_feature=5 10 5 8 10 0 16 16 16 0 9 12 15 16 16 16 9 9 16 16 9 11 19 12 19 16 16 0 16 9 16 16 12 19 3 9 19 13 1 16 19 13 19 9 0 16 19 12 19 15 9 8 16 5 21 5 21 21 3 7 11 21
split_gain=885.653 466.808 498.538 407.459 341.508 381.348 300.168 412.619 305.241 296.455 273.878 273.519 247.542 231.088 635.06 549.995 792.628 270.965 330.687 296.6 347.993 223.811 213.95 213.813 211.589 247.246 621.714 359.886 252.669 247.09 547.371 321.343 231.252 214.28 210.247 208.634 206.454 205.15 204.537 202.939 202.395 190.63 190.589 174.929 211.428 196.836 172.953 171.73 169.615 167.584 167.04 165.311 163.071 159.644 149.283 148.572 146.037 145.157 144.478 144.134 142.076 141.674
threshold=0.6155905673977965 1.5000000000000002 0.21648249234456135 1.9335345240959643 3.5000000000000004 156.50000000000003 18.500000000000004 25.500000000000004 8.5000000000000018 1.0000000180025095e-35 0.76928691746210009 0.038316064337326601 92.500000000000014 18.500000000000004 25.500000000000004 10.500000000000002 0.65455979351878424 0.9791765216020184 22.500000000000004 22.500000000000004 0.062593283582089557 0.11862711980938913 0 0.10034016239916689 1 44.500000000000007 48.500000000000007 4.5000000000000009 47.500000000000007 0.88243330118932828 51.500000000000007 49.500000000000007 0.11261258480139193 2 9.5000000000000018 0.77787490287490302 3 14.500000000000002 693.50000000000011 45.500000000000007 4 8.5000000000000018 5 0.15402588066139469 1.5000000000000002 11.500000000000002 6 0.12954593110883941 7 13.500000000000002 0.021858576206402299 2.5178571428571432 48.500000000000007 2.5889504738065443 8 0.92126740610206992 9 10 236.50000000000003 125.50000000000001 0.025406779854425365 11
decision_type=2 2 2 2 2 2 2 2 2 2 10 2 2 2 2 2 10 10 2 2 10 2 9 2 9 2 2 2 2 10 2 2 2 9 2 10 9 2 2 2 9 2 9 10 2 2 9 2 9 2 10 2 2 2 9 2 9 9 2 2 2 9
left_child=1 6 23 4 5 11 8 12 -1 56 -11 21 36 15 17 34 43 19 -19 35 -21 40 -18 49 52 33 28 -28 -27 30 32 -31 -29 55 -13 -15 -8 -22 41 47 54 -6 -33 44 -17 -46 -39 -4 58 -3 -51 -5 -16 -7 -2 -26 -10 -32 -36 -49 -20 -12
right_child=3 2 39 51 38 53 7 -9 9 10 61 13 -14 14 24 16 22 18 60 20 37 -23 -24 -25 25 26 27 29 -30 31 57 42 -34 -35 48 -37 -38 46 -40 -41 -42 -43 -44 -45 45 -47 -48 59 -50 50 -52 -53 -54 -55 -56 -57 -58 -59 -60 -61 -62 -63
leaf_value=0.0010908344639089518 -0.0041725366768830411 0.0082993158021401284 0.0026637918090985716 -0.0093686297716666783 0.008648465827144956 -0.004708809631075726 0.0069368567324097742 0.00041942917668866362 0.001142085158541094 -0.016483898946207835 -0.015032853104935594 -0.0045936134581245659 0.013794557084892703 0.010718264365871944 0.0097763572701498429 -0.010645265875714101 -0.00072552808936890032 -0.003168489194299086 -0.00039335740853106645 -0.0048586764355613259 0.015945179822408031 -0.010485379101183244 -0.0055959699621319072 0.0044922998444175497 -0.0019518848787107646 0.0015384577711931363 0.00092303787222751269 -0.0019161176015324403 0.0090061279605106164 -0.01582867920675525 -0.02692539926015779 0.0021437384611522749 0.010296073358832931 -0.0012353753367093591 0.0023646317322175612 0.0021968321977410285 0.0015192970117598674 0.0073004808990306596 -0.002970742321561159 0.0050514848941383434 0.0027413030948843717 0.0012429462779942335 -0.0098153564492987535 -0.013714376858995951 -0.024946016211472622 -0.054332777838982563 -0.00093592668435851117 0.00062958223272366895 -0.002046663514849337 -0.0046990850022898944 0.023944642441085094 -0.030835565050879317 -0.0066306252872168686 -0.013499510686167768 0.00026599186839141453 -0.0057390284181823396 -0.002531089704895898 -0.0097274843788035786 -0.002973883261718034 -0.0037112924913020257 0.01268599135198987 -0.0031249913835910336
leaf_weight=111458.16515278816 22013.321069002151 20257.27587223053 75978.939842224121 6926.1804871559143 9132.5263228416443 29582.617674827576 29188.575021505356 270721.04497694969 41983.1986951828 5828.5285558700562 2803.9246451854706 30829.789356470108 6581.8824772834778 21287.304892539978 6524.5147306919098 1237.7925345897675 33533.27071595192 32472.645033836365 3337.4898042678833 14367.879639625549 3532.9474222660065 4571.2945430278778 68907.94788312912 54906.050852298737 38276.112265348434 47604.591922283173 30422.807948827744 9848.0685529708862 14863.159105539322 11125.506863117218 1501.9975082874298 6151.6159346103668 6391.6801640987396 86122.178373575211 69717.045699119568 10841.568621635437 44263.081256628036 12456.105341672897 28100.400765419006 34795.052435398102 79393.421920776367 178977.64888906479 7253.909565448761 6239.981654882431 1514.1121845245361 916.18705415725708 13042.061318635941 74122.831284999847 61780.782591342926 600.26893830299377 3334.9769740104675 1029.6074049472809 1971.4048705101013 6256.8102579116821 135446.44369125366 80084.377217531204 76095.249896764755 6821.4661161899567 15488.379582881927 25770.382189273834 5493.1968924999237 22396.899173736572
leaf_count=61950 6617 5958 14763 2434 1525 3883 15911 151506 28720 1372 651 13736 3818 6939 1532 593 8333 8731 1104 4575 737 1468 18064 17192 8596 13073 11272 1906 4124 2457 328 1265 1363 23590 17749 2422 27607 3053 3236 7050 20008 30110 1499 1679 377 231 3253 17123 14685 163 917 342 455 915 35307 23057 52031 1358 2521 3766 1698 5195
internal_value=-1.71511e-05 0.00118045 0.00283342 -0.000871312 -0.000799826 -0.00117597 0.000396933 0.00135187 -0.00088853 -0.0023681 -0.00671711 -0.000994951 0.00450589 -0.00145963 -0.000776756 -0.00256994 -0.00530852 0.00242075 -0.000835415 0.00420141 0.00150541 0.000471626 -0.00400231 0.00621801 -0.00182917 -0.00202035 -0.000417491 -0.00335 0.00331538 -0.00599789 -0.00245289 -0.00954729 0.00289072 -0.00313341 -0.000839615 0.00784295 0.00367337 0.00465514 0.00100813 0.00156259 0.000683141 0.00160252 -0.00433346 -0.0188118 -0.0274773 -0.0360422 0.00309026 0.000872314 -5.22024e-05 0.0101342 0.0195753 -0.0121503 0.00596191 -0.00624381 -0.000354775 -0.00451397 -0.0012252 -0.0128778 0.00139403 -0.0004903 0.00774327 -0.00445765
internal_weight=2.16448e+06 901086 289766 1.26339e+06 1.25543e+06 1.03922e+06 611321 350755 260566 149108 31029.4 1.00338e+06 80033.5 761960 471795 290165 112349 116831 41303.3 75527.9 43399 241424 102441 79098.6 354963 346467 141985 79517.1 62467.8 49094.2 24563.2 24531 16239.7 204483 177816 32128.9 73451.7 29031.1 216211 210667 236853 188110 13405.5 9908.07 3668.09 2430.3 25498.2 175872 146986 24192.5 3935.25 7955.79 8495.92 35839.4 157460 118360 118078 8323.46 85205.4 99893.2 8830.69 25200.8
internal_count=727893 415693 66932 312200 309424 274553 348761 198842 149919 87969 7218 269755 47336 206355 128387 77968 29277 32512 11533 20979 11618 63400 26397 24230 95875 93888 38645 21448 17197 10176 4955 5221 3269 55243 48691 9361 43518 7043 34871 42702 61932 31635 2764 2880 1201 608 6306 35652 34955 7038 1080 2776 1987 4798 41924 31653 80751 1686 20270 20889 2802 5846
cat_boundaries=0 1 2 3 4 5 6 7 8 10 12 14 16
cat_threshold=1481234 8192 1017970 102923 745923 445536 646659 937290 1234316480 2570 2575937828 260097 16416 1024 56771200 131072
is_linear=0
shrinkage=0.05


Tree=75
num_leaves=63
num_cat=17
split_feature=5 12 0 8 20 15 5 8 8 16 17 7 10 16 16 4 16 4 16 17 9 12 17 15 9 16 12 9 16 16 16 16 9 16 16 17 16 16 17 17 9 20 17 22 17 17 12 16 16 16 20 16 16 8 17 16 9 17 17 16 20 4
split_gain=764.34 450.424 432.205 551.642 553.928 480.441 380.955 351.928 321.161 305.1 256.344 280.495 253.792 236.604 766.956 471.935 391.586 546.133 384.404 362.663 356.861 487.686 297.794 270.571 237.826 237.157 235.153 400.997 366.213 422.965 633.595 425.088 335.573 275.336 248.882 479.069 441.759 343.532 456.147 284.117 231.773 270.922 222.694 221.343 206.345 205.658 197.501 195.722 195.692 544.089 531.436 200.251 199.558 194.619 193.031 189.85 188.39 185.881 183.169 179.454 295.295 260.572
threshold=1.0126760814839944 0.60030014779069329 13.500000000000002 1.1068050564108067 0 13.500000000000002 0.12579113924050636 1.21742240467749 2.2198067632850247 4.5000000000000009 1 8.5000000000000018 2.5000000000000004 16.500000000000004 10.500000000000002 56.500000000000007 26.500000000000004 444.50000000000006 19.500000000000004 2 0.65455979351878424 0.17374652935874699 3 12.500000000000002 0.22239159891598917 46.500000000000007 0.35023350347550891 0.74366987179487187 51.500000000000007 12.500000000000002 8.5000000000000018 21.500000000000004 0.081149677596378117 44.500000000000007 15.500000000000002 4 16.500000000000004 11.500000000000002 5 6 0.92860251150068396 7 8 9 10 11 0.074606948939868648 50.500000000000007 19.500000000000004 23.500000000000004 12 10.500000000000002 14.500000000000002 1.0139866979655714 13 13.500000000000002 0.99978194505015272 14 15 25.500000000000004 16 107.50000000000001
decision_type=2 2 2 2 1 2 2 2 2 2 9 2 2 2 2 2 2 2 2 9 8 2 9 2 8 2 2 10 2 2 2 2 10 2 2 9 2 2 9 9 8 1 9 9 9 9 2 2 2 2 1 2 2 2 9 2 10 9 9 2 1 2
left_child=1 2 3 13 6 12 10 -4 9 58 -5 -12 -6 14 43 45 17 19 53 -15 21 25 -23 40 55 -18 27 28 29 30 -11 -31 -32 44 35 37 -36 -29 -39 -38 -21 -42 -22 -1 -33 46 -16 -27 50 -50 57 -52 -53 -19 -26 -17 -51 -28 -2 60 -41 -61
right_child=8 -3 7 4 5 -7 -8 -9 -10 26 11 -13 -14 16 15 24 20 18 -20 23 42 22 -24 -25 54 47 48 34 -30 31 32 33 -34 -35 36 -37 39 38 -40 59 41 -43 -44 -45 -46 -47 -48 -49 49 56 51 52 -54 -55 -56 -57 -58 -59 -60 61 -62 -63
leaf_value=-0.0023287038807657994 0.0082070254883637294 -0.0022688555384651537 -0.0017998427967775546 -0.0040663398724336726 -0.0036188084523474185 0.0065880746971151401 0.0037719324786891027 0.0016414414236353954 -0.024295060766969075 0.0029665698573732428 0.0077072069562501531 0.017800407067998594 0.0027917085659736659 0.010177679068053884 0.012997726341777573 -0.024860193514960452 0.0046866128749167967 0.070627308685166909 0.0035129945941445966 0.0060367185949916583 -0.0071883244519606862 -0.00361536603356785 0.0047521638393327528 0.0061611648866046606 -0.012527555125055044 0.017483109065314684 0.0058467028226751377 -0.00073319325214573836 -0.009517840891949212 0.011476609814134807 -0.020856247798742466 -0.0021769417104833219 -0.0057208129057620145 0.0056158476495940506 -0.010409155535240664 -0.0051181849829055022 -0.0045594418275303845 0.024694374979494192 0.004359472826739888 0.0038387391683372789 -0.0049252894839704568 0.0016803261723805378 -0.00035830640945887503 0.0026332719410097918 0.0027338388863071268 -0.0029956537698763372 -0.00019321443925771468 0.0030800449054386148 0.005996261770915166 -0.0047751571540415316 -0.0060142277824797455 -0.017698850944003901 -0.0048992361634893605 0.031014170649549363 -0.0033171005932893568 -0.0065787418211523162 -0.00041836622301308639 -0.005760792052583728 0.0009294720131722957 0.00014438730297228392 -0.0049507273477634233 -0.0054165163464590929
leaf_weight=27479.276525020599 10330.134223461151 115927.05074238777 211252.55176830292 3189.9024569988251 52948.409045219421 22471.857833623886 169392.658898592 114593.68791818619 1508.1004474163055 19844.645680427551 22545.840863227844 9909.8438820838928 21793.632728815079 16223.101306200027 4145.2293360233307 3797.0716717243195 24731.088995933533 419.97811269760132 1147.7349073886871 16851.899173974991 12761.462544202805 27264.619669437408 17415.875228643417 31756.334686279297 9370.6443254947662 8247.6317451000214 10531.189480781555 37553.024751663208 7981.6340634822845 12679.303330421448 5083.5025906562805 41902.232484579086 13095.716237306595 34584.239885568619 17919.132200241089 30060.262352228165 82382.104069471359 3059.6244847774506 27260.625229120255 36771.779238700867 23116.127790927887 47195.443334817886 181972.93991947174 123254.07443571091 43677.152854204178 54885.403933048248 8990.9001548290253 3303.9371953010559 18211.006753444672 74490.143231153488 22132.652078151703 9611.6164743900299 4458.6454789638519 1191.6789002418518 14517.134310007095 2269.7441763877869 37204.932359457016 5116.5712540149689 52805.255501270294 49604.974980831146 12899.913516521454 36613.936357498169
leaf_count=13360 2707 64371 33230 950 16740 5755 39435 16834 478 4654 8158 2335 5175 7960 2208 882 7738 162 234 5912 7183 10781 6894 16116 2409 2574 2764 10053 1728 3493 1520 10048 2778 8169 4120 8094 21695 846 6674 8813 15963 25375 99187 60277 9576 34151 5944 1002 6366 22600 7350 2992 1592 231 3707 678 12828 1427 15057 15897 3649 6314
internal_value=2.63316e-05 0.000716566 0.00098477 0.00151662 0.00328665 0.000177767 0.0047604 -0.00058961 -0.00125196 -0.00120607 0.00945881 0.0107861 -0.00174959 0.000708852 -0.00050984 -0.00395374 0.00144169 0.003617 0.0256333 0.00316728 0.000353597 0.00314343 -0.000353524 0.0022098 -0.00918292 0.00744966 -0.0015085 -0.000960934 0.000949819 0.00143884 -0.0032109 0.00276976 -0.00995409 0.00185095 -0.00198371 0.000135523 -0.00286241 0.00246276 0.0064218 -0.00224282 0.00077039 -0.000491883 -0.000806318 0.0017287 0.000329441 -0.00165087 0.00396696 0.0133642 -0.00305389 -0.00201735 -0.00565073 -0.00897716 -0.0136435 0.0413743 -0.00693716 -0.0180229 -0.00332395 0.00204985 0.00212177 -0.000837973 0.00155581 -0.00221716
internal_weight=2.16571e+06 1.40633e+06 1.29041e+06 964561 302252 97213.9 205038 325846 759374 757866 35645.6 32455.7 74742 662309 248709 97976.1 413600 137902 2759.39 135143 275698 80963.2 44680.5 118920 29954.6 36282.7 694731 512974 178848 170867 38023.9 132843 18179.2 120164 334125 97933.5 236192 67873.3 30320.2 218273 87163.5 70311.6 194734 150733 85579.4 68021.5 13136.1 11551.6 181757 129906 51850.7 36202.9 14070.3 1611.66 23887.8 6066.82 111695 15647.8 63135.4 135891 49671.7 86218.9
internal_count=728193 523911 459540 409476 78548 27670 50878 50064 204282 203804 11443 10493 21915 330928 123616 49979 207312 71953 627 71326 135359 28989 17675 63366 7676 11314 186040 128121 41966 40238 8952 31286 4298 27793 86155 25667 60488 17573 7520 56368 47250 41338 106370 73637 19624 42303 8152 3576 57919 41794 16125 11934 4584 393 6116 1560 35428 4191 17764 34673 12462 22211
cat_boundaries=0 1 5 9 13 17 20 24 25 29 30 34 38 39 43 47 51 52
cat_threshold=6 2164260888 536907776 73402944 1536 2147483856 2135557 2759885312 656262 1644172952 9175144 873827456 541225 1610622544 872488 1076169169 554025 16 8 1073809424 1075875840 2416203272 1143155441 21921 1 2415954016 1610667528 1082134032 32768 150120466 3224408512 2418431552 1680147025 131105 301990416 287326216 1146162355 557313 2 2703228928 2961842248 274989824 32 536871424 0 134283264 16393 1073742216 8392712 1946161154 16896 12
is_linear=0
shrinkage=0.05


Tree=76
num_leaves=63
num_cat=8
split_feature=5 1 10 20 7 15 8 7 11 12 6 21 10 12 5 11 5 9 16 16 16 16 6 11 12 5 21 2 3 16 12 14 3 16 11 12 16 16 16 16 20 12 6 16 6 6 22 9 9 3 21 8 1 9 16 9 16 18 9 2 10 21
split_gain=765.183 794.995 632.261 364.523 445.344 405.399 348.893 331.292 292.808 349.088 320.484 317.296 283.128 256.364 235.649 222.981 225.082 209.472 270.183 283.037 232.389 373.512 255.536 208.197 202.834 216.609 200.714 200.562 191.806 190.374 174.788 173.881 170.301 234.648 170.283 169.672 177.462 688.614 393.773 316.057 302.499 331.638 273.169 219.299 214.551 204.359 189.697 164.757 162.222 232.111 160.477 158.892 181.333 158.782 158.689 326.553 290.89 156.13 161.655 152.936 179.15 151.87
threshold=0.21648249234456135 1.0000000180025095e-35 2.5000000000000004 0 114.50000000000001 9.5000000000000018 1.0323627984918311 614.50000000000011 0.10172669636085631 0.11925690497948417 0.6430186241791368 1 2.5000000000000004 0.36640236738205129 1.7518466389534442 0.030491525391963401 1.0000000180025095e-35 0.9762093426911177 14.500000000000002 11.500000000000002 21.500000000000004 25.500000000000004 2.8422617495175007 0.016254237014800315 0.025007739223392726 0.55898165717900072 2 5.5000000000000009 81.500000000000014 23.500000000000004 0.05780684861914704 1.0000000180025095e-35 136.50000000000003 15.500000000000002 0.010152542078867557 0.70073616451943865 16.500000000000004 10.500000000000002 24.500000000000004 29.500000000000004 3 0.47700046224142678 0.3244070601213459 19.500000000000004 1.7692772203641771 1.0715914520262348 4 0.95240454953041687 0.021858576206402299 78.500000000000014 5 1.2222944661176134 295.50000000000006 1.0000000180025095e-35 40.500000000000007 0.55562735131099061 44.500000000000007 6 0.081149677596378117 15.500000000000002 1.5000000000000002 7
decision_type=2 2 2 1 2 2 2 2 2 2 2 9 2 2 2 2 2 10 2 2 2 2 2 2 2 2 9 2 2 2 2 2 2 2 2 2 2 2 2 2 1 2 2 2 2 2 9 10 10 2 9 2 2 10 2 10 2 9 10 2 2 9
left_child=1 32 3 5 8 6 31 24 9 10 53 17 15 -7 30 16 -3 23 19 -19 -20 22 29 -12 -4 -26 -6 -17 -25 -22 -8 -2 -1 -34 -18 36 37 44 42 57 45 -42 -38 -44 46 -39 -11 -13 49 -14 -33 52 -28 -5 55 -41 -56 -40 -59 -49 -61 -27
right_child=2 12 7 4 26 13 14 -9 -10 35 11 47 48 -15 -16 27 34 18 20 -21 21 -23 -24 28 25 61 51 -29 -30 -31 -32 50 33 -35 -36 -37 38 40 39 54 41 -43 43 -45 -46 -47 -48 59 -50 -51 -52 -53 -54 -55 56 -57 -58 58 -60 60 -62 -63
leaf_value=4.8306005266975144e-05 -0.0029654353480848133 0.0029854899278631535 0.0053884103566163343 0.0074660850895914184 -0.010017911362360507 0.0043759599695789636 -0.0019234946629371214 -0.0021211559355831617 -0.0059879797697830923 0.0049802495110754831 -0.00061884719700134325 0.0017988881516199382 0.011094654614472533 -0.0032383295885915035 -0.01067605684992004 0.0033121609293567441 -0.015325045051652367 0.0029205814026000486 -0.003284697343246195 0.013609571263602696 0.0082994793652161822 6.2013308104784325e-05 -0.0024948348683789404 0.0096105845059741204 0.0037584855266818242 0.0031551516309879478 -0.0030315161243991617 0.0086842749832779439 0.0036528495850503455 0.023948524008587456 -0.0069796061527970747 0.0057734200645739881 -0.00089389513374620695 0.054928566467877804 -0.0011061440107491816 -0.0070623589474475045 0.012527838606983661 -0.0064891261045469696 0.0017625987715267051 -0.0048847692774880713 -0.0069272792922431634 -0.018489144629307456 -0.0035300314172387066 0.0043861522217363202 -0.0060348252253691146 0.0061533590967602914 -0.00040586870812210868 0.0014168226040116442 0.011717602744118451 -0.025238799924308653 -0.0035423667384927877 8.4091909095076292e-06 -0.010026199309469764 -0.0022063318393772961 -0.004846190011159374 0.0060151988821025536 0.001087314080094309 -0.012649389572385922 -0.004240526205893263 -0.0085327972137512701 0.001482518680033563 0.00018282116121278661
leaf_weight=341187.70395612717 73127.08406662941 121045.21504068375 31207.200020551682 4512.5414278507233 10026.348568439484 27015.900476694107 30523.317202091217 73846.282904148102 21214.245834589005 22427.292119503021 11666.050933837891 29406.500634670258 1048.8106617927551 18709.152253866196 22176.231981515884 39007.859426498413 2483.8901696205139 23477.623708486557 28823.938008308411 8411.5663509368896 4379.3616786003113 37885.4489569664 2733.3726599216461 28091.766300678253 68190.020720720291 51095.689501047134 91686.658940315247 31328.625198841095 26028.23615694046 3495.4191403388977 38849.270364522934 12445.522290706635 427.51914644241333 335.32009959220886 13796.531359672546 11308.984964370728 7647.4575133323669 7340.6126339435577 8921.3222424983978 9369.2285721302032 22892.318538427353 8507.345511674881 11856.918358802795 33366.396131038666 12246.751426458359 5660.3547163009644 60222.568191289902 11252.80107998848 15522.940308094025 755.22335886955261 7343.2924802303314 39158.166904449463 10306.724979877472 70791.997467279434 30492.703084468842 25766.37829375267 64026.060262203217 6691.382470369339 39173.883861541748 16003.33819770813 6192.4487681388855 270128.23285579681
leaf_count=258622 28863 51346 5655 1421 1574 8353 7647 8929 6107 6436 2756 7037 310 6707 6855 18152 506 6232 6725 2123 1049 9416 659 7061 13341 9618 14304 8381 4889 864 10289 5034 102 150 2777 4188 2738 2037 2407 2932 6432 2414 3271 10238 3877 1424 16578 3906 3703 138 2992 5763 1371 18874 8911 7122 18718 2197 10484 3386 1258 50450
internal_value=4.16725e-05 0.00161984 -0.00051819 -0.00118387 -0.000717353 -0.00295392 -0.00399874 0.00096761 -0.000200841 -2.57154e-05 0.00121607 0.0021161 0.00392809 0.00126045 -0.0061894 0.00341571 0.00224311 0.00321048 0.00186798 0.00574041 0.000270766 0.00238411 0.0106763 0.0054395 0.00150989 0.00119906 -0.00318513 0.00570505 0.00674542 0.0152479 -0.00475502 -0.00184026 0.000101102 0.0236837 -0.00327632 -0.00102817 -0.000846953 -0.00226361 -1.53997e-05 -0.00110587 -0.00740299 -0.0100571 0.00378868 0.00231061 0.000141082 -0.00098404 0.00105627 -0.000931097 0.0100684 -0.00412119 0.00231761 -0.00269881 -0.00373844 -0.00162663 0.000239587 0.00310857 -0.000826925 -0.00428989 -0.00546637 -0.00333144 -0.00573866 0.000655729
internal_weight=2.16506e+06 566940 1.59812e+06 1.10365e+06 873463 230190 184465 494467 722285 701070 313152 237848 224989 45725.1 91548.8 207662 137326 174993 109207 31889.2 77317.5 48493.6 10608.2 65786.1 420621 389414 151178 70336.5 54120 7874.78 69372.6 92915.9 341951 762.839 16280.4 387918 376609 139297 237312 184441 44400.6 31399.7 52870.8 45223.3 94896.6 13001 82649.9 62855.1 17327 1804.03 19788.8 141152 101993 75304.5 129654 35135.6 94518.8 54786.6 45865.3 33448.6 22195.8 321224
internal_count=728099 344187 383912 295919 219179 76740 61680 87993 196167 190060 77656 57361 85313 15060 24791 81162 54629 41774 27068 8355 18713 11988 2572 14706 79064 73409 23012 26533 11950 1913 17936 36889 258874 252 3283 112404 108216 39198 69018 52771 12307 8846 16247 13509 26891 3461 23014 15587 4151 448 8026 21438 15675 20295 37683 10054 27629 15088 12681 8550 4644 60068
cat_boundaries=0 1 3 5 6 7 9 10 12
cat_threshold=25 1113403835 164864 48645120 66560 2 72352641 272714559 33792 6145 815318788 41228
is_linear=0
shrinkage=0.05


Tree=77
num_leaves=63
num_cat=22
split_feature=0 10 10 20 13 4 20 21 7 21 20 7 8 13 17 17 17 17 17 10 0 10 10 20 4 17 16 15 0 9 17 0 2 19 21 16 16 16 4 17 17 13 4 19 17 19 8 13 11 4 19 21 16 2 16 13 16 13 16 8 9 15
split_gain=652.319 741.725 663.923 559.915 349.511 322.147 331.233 317.973 273.8 379.171 270.17 360.254 286.387 286.883 269.048 263.577 242.19 241.694 237.674 232.837 222.282 216.097 207.797 201.654 192.319 188.733 182.555 180.678 178.884 178.218 171.068 168.765 162.082 154.136 151.304 165.894 347.539 326.892 281.537 240.572 188.182 149.949 220.28 205.717 187.024 147.823 147.292 142.69 176.676 154.476 180.626 173.221 142.139 141.72 139.607 139.269 137.705 137.168 136.678 135.022 134.102 147.622
threshold=1.5000000000000002 1.5000000000000002 1.5000000000000002 0 3.5000000000000004 2.5000000000000004 1 2 47.500000000000007 3 4 288.50000000000006 1.116974915296385 5.5000000000000009 5 6 7 8 9 3.5000000000000004 11.500000000000002 5.5000000000000009 2.5000000000000004 10 123.50000000000001 11 25.500000000000004 6.5000000000000009 467.50000000000006 0.98463014912151203 12 1.0000000180025095e-35 4.5000000000000009 13 14 16.500000000000004 10.500000000000002 25.500000000000004 135.50000000000003 15 16 11.500000000000002 109.50000000000001 17 18 19 1.0758714138865528 13.500000000000002 0.11167889259370629 111.50000000000001 20 21 18.500000000000004 9.5000000000000018 44.500000000000007 5.5000000000000009 1.5000000000000002 6.5000000000000009 19.500000000000004 1.7290475571725574 0.86672920575359613 20.500000000000004
decision_type=2 2 2 1 2 2 1 9 2 9 1 2 2 2 9 9 9 9 9 2 2 2 2 1 2 9 2 2 2 10 9 2 2 9 9 2 2 2 2 9 9 2 2 9 9 9 2 2 2 2 9 9 2 2 2 2 2 2 2 2 10 2
left_child=2 3 4 8 16 -6 14 26 18 17 20 12 13 53 -7 54 -1 -10 47 25 -9 28 23 55 -17 -14 45 46 -13 -22 -11 -24 -8 -20 -16 36 -36 38 39 -37 -38 42 43 44 -35 -3 -5 48 49 50 51 -2 -41 -12 -15 -4 -27 -21 -40 -43 -25 -62
right_child=1 7 22 27 5 6 32 10 9 30 11 21 19 15 34 24 -18 -19 33 57 29 -23 31 60 -26 56 -28 -29 -30 -31 -32 -33 -34 41 35 37 40 -39 58 52 -42 59 -44 -45 -46 -47 -48 -49 -50 -51 -52 -53 -54 -55 -56 -57 -58 -59 -60 -61 61 -63
leaf_value=0.01339625223486321 0.0078751471458581215 -0.0025094685183753326 0.026130206916965684 -0.0056681302207783222 -0.0014700548476127759 -0.00069548453861885851 -0.00027501730521924356 -0.0016230619870757008 0.001165785989277166 -0.016948405599310924 0.027663518420001528 -0.0025256403890754134 -0.0041161561432997559 0.00072309031153013233 0.0044338320140921315 9.1272003533547413e-05 0.00080819501864584338 -0.0036745203048165753 -0.0063963272801618567 0.016099255680443968 -0.0058595808019265509 0.00084307569671156126 0.013393308246387972 0.0036850756027925488 -0.0033802845020833015 0.0095107651219035489 0.00054888878323154297 -0.00047113515908165271 -0.010332163229753503 -0.020276719540170692 -0.0067476243009039708 0.0049996988308757279 -0.0049122386913828748 0.0027774748884455665 0.0028760563090226292 0.017197159602796969 0.0073813715379610623 0.0012283861899068066 0.039277855259008822 -0.001552015444373503 -0.0061117633895851828 -0.0021440329323214997 -0.0094664625694153171 0.0062318473486951687 -0.0076825620216583084 0.0067066300517860918 -0.011373730566052287 -1.6957862778941305e-05 -0.012529681723360969 -0.0028442875091871608 0.013935699748800063 -0.0024139953211239676 0.0066542653378137938 0.0060369611057966488 0.0068129552038412233 0.0049434132095850722 0.0011582575791433776 0.0036668986936309791 0.0017343673487011354 -0.018158495784676685 -0.0043648273237100084 0.011952002462584857
leaf_weight=8809.2012596130371 10818.993052959442 4953.6685755252838 784.7256965637207 24675.243171215057 174917.21224117279 77585.817592382431 108525.41052389145 65018.973820924759 37983.736290454865 4971.0248236656189 826.72493124008179 106640.27174091339 17002.293032884598 58962.96613240242 82160.72309589386 67411.115986585617 6756.527482509613 80320.175123214722 17095.266515731812 2279.8437175750732 11654.762548923492 51260.85898065567 10817.312660694122 15155.472945213318 97733.496089696884 5037.7336292266846 32293.902881860733 8834.1348068714142 7879.7711701393127 2626.1098856925964 23955.176366329193 13418.504266023636 22801.656000137329 10924.92275595665 37745.298675537109 4316.962057352066 2898.1489632129669 77179.505217552185 977.67046475410461 7153.4090638160706 23306.887756109238 110283.75939035416 4309.1780896186829 18217.395740747452 7004.1946258544922 35699.400083303452 20891.069588661194 81383.640213727951 1534.4975550174713 5291.2846381664276 6192.0484042167664 6570.5214407444 20108.137891054153 8949.474134683609 11197.300846576691 60835.352984666824 238942.04497051239 81489.001013040543 322.3660352230072 1331.1111631393433 14844.551270484924 1527.9736888408661
leaf_count=4222 2802 1095 225 8235 143426 40971 67059 17650 6416 886 300 14376 3628 12420 40574 17848 3331 13870 4803 396 2274 6430 3161 5307 18991 1044 6320 2781 940 560 4209 3665 7331 2881 18231 2454 1465 37938 392 4113 11626 30474 965 4723 1876 6946 6451 22324 419 1175 1600 1711 10443 1812 2331 19781 47540 14261 105 480 5100 512
internal_value=-5.22563e-06 -0.000652562 0.00115926 -0.00223649 0.000539172 0.000359118 0.00104707 0.000189401 -0.00162927 -0.0033759 -8.72106e-05 0.000204181 0.000782984 -0.000523728 0.00188406 -0.000872429 0.00794175 -0.00212048 -0.000714039 0.00171191 -0.0028634 -0.00185512 0.00462228 0.00354914 -0.0019631 0.000975735 0.00335486 -0.00701418 -0.00306287 -0.00851198 -0.00850642 0.00874647 -0.0010801 -0.00189616 0.00266532 0.00183006 -0.000195139 0.00300698 0.00718189 0.00624254 -0.00461878 -0.00138984 0.00121794 0.0024919 -0.00131105 0.00558463 -0.0082842 0.00107486 0.00399732 0.00487608 0.00660844 0.00398839 0.00449932 0.00786845 0.00169485 0.0052128 0.00133071 0.00400544 0.0299768 -0.00233518 0.000295785 -0.00284141
internal_weight=2.1634e+06 1.39045e+06 772949 482587 655565 639999 465082 907860 428187 147230 834913 755613 589832 245081 333755 235305 15565.7 118304 280957 344751 79299.8 165781 117384 93148.1 165145 260982 72947 54400.4 114520 14280.9 28926.2 24235.8 131327 169166 256169 174008 63950.3 110058 32878.5 31578.5 26205 152071 40455.7 36146.5 17929.1 40653.1 45566.3 111791 30407.3 28872.8 23581.6 17389.5 27261.5 9776.2 70160.3 61620.1 243980 83768.8 1300.04 111615 31528 16372.5
internal_count=727675 296243 431432 119081 393681 386128 242702 177162 101614 25381 162801 142317 120571 53702 168312 51590 7553 20286 76233 66869 20484 21746 37751 30925 36839 52212 14361 17467 15316 2834 5095 6826 74390 46202 127341 86767 31322 55445 17507 17010 13091 41399 10445 9480 4757 8041 14686 30031 7707 7288 6113 4513 14556 2112 14751 20006 48584 14657 497 30954 10919 5612
cat_boundaries=0 1 2 4 6 7 11 15 19 23 27 28 32 36 37 39 43 47 48 52 53 54 56
cat_threshold=22 14 806356736 40998 1075524503 230656 1 288362538 2684363040 1211245730 5279239 3221237896 881137449 339742977 533956 2701173248 277353472 1813089040 1065 2101952 8441128 939536400 549376 9616 3758694657 477464587 533408 14 1073741824 2147493128 71344657 4352 32776 2156270080 604083968 1 606336 3701510453 231945 2147483856 116224 872419840 256 1073741824 8929288 67648 544768 8195 2415952456 268435456 8192 16384 1639296 869699 843590067 2184
is_linear=0
shrinkage=0.05


Tree=78
num_leaves=63
num_cat=32
split_feature=0 10 1 20 1 7 17 13 19 15 11 12 7 16 16 17 20 16 16 17 17 0 17 13 17 10 21 19 19 20 15 17 17 13 19 17 20 13 17 17 22 17 12 17 16 12 0 16 17 22 21 16 21 21 22 21 17 16 17 12 2 16
split_gain=573.628 684.144 670.87 568.091 325.718 322.298 338.262 319.465 407.072 317.776 298.01 287.195 275.286 273.415 443.77 359.599 342.467 292.966 282.178 315.074 275.117 261.504 216.684 212.652 208.16 204.69 201.01 187.481 184.37 177.854 176.295 174.244 173.3 172.07 257.069 253.21 163.435 239.102 161.5 161.239 160.606 160.091 157.833 152.12 148.366 146.655 148.34 145.788 165.102 145.571 201.195 145.475 142.958 140.205 135.279 135.225 135.018 134.889 133.941 133.896 133.57 132.721
threshold=1.5000000000000002 2.5000000000000004 3.5000000000000004 0 40.500000000000007 123.50000000000001 1 8.5000000000000018 2 14.500000000000002 0.095696724033327546 0.53368912191542328 739.50000000000011 17.500000000000004 26.500000000000004 3 4 8.5000000000000018 44.500000000000007 5 6 5.5000000000000009 7 8.5000000000000018 8 4.5000000000000009 9 10 11 12 92.500000000000014 13 14 12.500000000000002 15 16 17 45.500000000000007 18 19 20 21 0.092859513660058415 22 25.500000000000004 0.33645862409529415 6.5000000000000009 18.500000000000004 23 24 25 10.500000000000002 26 27 28 29 30 24.500000000000004 31 0.40011427955595419 48.500000000000007 15.500000000000002
decision_type=2 2 2 1 2 2 9 2 9 2 2 2 2 2 2 9 1 2 2 9 9 2 9 2 9 2 9 9 9 1 2 9 9 2 9 9 1 2 9 9 9 9 2 9 2 2 2 2 9 9 9 2 9 9 9 9 9 2 9 2 2 2
left_child=2 3 7 5 42 10 -7 8 26 21 11 22 23 15 16 -9 20 36 19 -16 -15 43 33 61 -10 41 -1 -12 29 -8 59 -20 44 34 35 -2 37 39 -23 -17 -19 -25 -4 -5 -27 46 -11 51 -49 50 -24 -35 -51 -36 -53 -26 -21 -32 -18 -22 -37 -3
right_child=1 12 4 9 -6 6 28 13 24 45 27 -13 -14 14 18 17 58 40 31 56 30 38 49 25 55 32 -28 -29 -30 -31 57 -33 -34 47 53 60 -38 -39 -40 -41 -42 -43 -44 -45 -46 -47 -48 48 -50 52 -52 54 -54 -55 -56 -57 -58 -59 -60 -61 -62 -63
leaf_value=0.0039543986836703734 -0.0060404454790575681 0.0099413035950866539 0.008151509538741851 -0.00094813021299957755 0.046284961517410295 -0.010300076921703444 -0.0023258746419466108 0.0047522968679135549 -0.0050904914201147251 0.0078424661129960528 -0.0096131579300524454 -0.0032857207149513592 -0.0022780961306856306 0.00098179034087222581 0.0029780081873729027 -0.0027586061242860591 0.0048629506350871075 -0.00028051523907657625 0.0089538462600697328 -0.0050527417795088025 0.0094366170632457103 -0.0069751187008538721 -0.019581872539644177 0.0020819895657787917 0.0074994838653029781 0.0083386183287807482 0.016448634440916647 -0.00025493677959602482 0.00059553151775722062 -0.0076767016046468744 0.019943961425421597 0.0014237369714993333 0.0014473942729964454 0.00062992534921600934 -0.00026175709746706089 0.00689473032965238 -0.0019945140362013169 -0.00030547957161264024 -0.015014449658774191 0.0080473832546962432 -0.0042753100113001059 -0.0004794127943666138 0.0035236241977536411 -0.0057760963906893191 0.0021109963310911614 -0.0047782964852823252 -0.0036033272002084595 0.00068160352327325136 0.0056924879365274792 -0.0038750270844982327 -0.0031031451711782676 -0.0023085993460211659 -1.5416632903336726e-05 0.0074050673090431647 -0.010746199158150272 -0.00060554127669676296 -0.0014107912056334959 0.0025359860479752406 -0.00080329263460400318 0.0033876863732858337 -0.00077501269118405622 0.0030174313416893887
leaf_weight=5135.8670694828033 11354.393772602081 10407.644500255585 28646.102116584778 24252.22284913063 483.75177907943726 14328.593767166138 75283.144776344299 25109.464514255524 8627.6345026493073 9030.9610586166382 14021.18893289566 67355.246000289917 59406.39413356781 17637.538411855698 34233.233071088791 4228.616149187088 14453.533046960831 34715.462798833847 8265.5460486412048 35321.987489700317 23464.328560113907 17001.125409603119 1994.561728477478 88659.233610868454 12334.544001579285 21325.283900976181 8719.1784739494324 8663.6663117408752 40611.653357505798 19567.72470998764 4963.6763155460358 107275.68910241127 77676.844811439514 44161.976388931274 7329.3601789474487 11478.519835472107 43360.268013000488 41063.15745472908 9941.7133634090424 18766.129510879517 91497.764307260513 195499.89674568176 51632.499047279358 49945.367340803146 17341.459159374237 6822.3073484897614 4122.3179898262024 100943.04885625839 19627.552135944366 27003.731127023697 24479.952969074249 28758.355899572372 214409.36418604851 32137.597826480865 5684.7657511234283 8829.7957561016083 91076.555476903915 1434.7058744430542 37380.954272270203 14997.120927095413 11229.220317840576 20661.325167417526
leaf_count=2456 2558 1875 8048 7685 85 2228 11350 14826 4375 2700 3666 17630 7058 11289 19765 2174 9083 21156 4815 21127 13622 3926 499 16588 5801 3593 3991 2075 6025 2991 2990 64517 12754 10758 1620 2935 26107 25210 2461 9540 55485 37858 14683 16174 2917 2038 904 24650 4587 6733 5859 6789 51038 6977 1380 4360 53021 699 23295 9416 2069 3615
internal_value=1.76784e-05 -0.000588795 0.00110928 -0.00140666 0.0054219 -0.000912158 -0.00299703 0.000606603 0.00474727 -0.00459255 -0.000416958 -0.000206996 0.000912979 0.000328231 0.00116344 -0.000932309 0.00378307 -0.00154341 7.89378e-05 -0.00127654 0.00627477 -0.00573112 0.000176604 0.00135224 0.00145143 0.0010431 0.011824 -0.00604364 -0.00222355 -0.00343051 0.00835506 0.00196339 0.00280964 0.00116873 0.00323587 5.261e-05 0.000375747 0.00198017 -0.00995018 0.00606248 -0.0031769 0.00031982 0.00517509 -0.00419897 0.00554432 0.00116994 0.00425528 0.000405657 0.00149789 -0.000833375 -0.00435225 -0.00126969 -0.000447298 0.00598159 -0.00370527 0.0041195 -0.00242888 0.0160416 0.00077738 0.00707813 0.00310073 0.00533707
internal_weight=2.16617e+06 1.39252e+06 773655 901540 80762.4 780424 149791 692893 43647 121116 630633 607948 490978 649246 390505 258741 114332 233631 276173 160632 62497.4 101140 540592 431572 29792 400503 13855 22684.9 135463 94850.9 44859.8 115541 116344 272705 73529.1 34062.1 107418 64057.9 26942.8 22994.7 126213 284159 80278.6 74197.6 38666.7 19975.6 13153.3 199176 120571 267888 26474.5 78605.1 241413 39467 34443.1 21164.3 126399 6398.38 51834.5 38461.4 22707.7 31069
internal_count=728499 296563 431936 210305 22816 174417 22594 409120 20983 35888 151823 146082 86258 388137 233639 154498 70394 139672 163245 93913 38016 30246 128452 79200 14536 73710 6447 5741 20366 14341 26727 69332 19264 64323 16159 7562 63031 36924 6387 11714 76641 54446 22731 23859 6510 5642 3604 48164 29237 64129 6358 18927 57771 8597 8169 10161 74148 3689 32378 23038 5004 5490
cat_boundaries=0 1 5 6 10 11 15 19 23 27 29 30 31 32 36 40 41 45 46 50 54 55 59 63 67 68 70 72 74 75 77 81 85
cat_threshold=22 3223323656 2416091137 73403136 4096 6874 1107296384 1075906720 2752055312 1589376 12 51395936 16986368 138425807 135428 1361064200 537141504 137372832 33409 553677188 1082689825 202408091 549728 1110451568 8921192 2156167819 50445 700580048 99584 541832 872650 20 33984 268993056 4194822 655366 540018072 2148012032 539033872 8193 729475 536871296 8388608 0 16640 22 3147840 8409440 2017558608 25632 2432733440 268608256 1179680 34048 604833417 1061576 2953336320 874781897 24640 2149615360 149344 1887477892 1025 536879104 8913152 201359488 16416 7646210 16793860 256 3836904576 80559 1596098580 98560 104867521 291984015 98304 1342210200 1074266124 4034988048 838275 3255838072 22052 3703605379 16390
is_linear=0
shrinkage=0.05


Tree=79
num_leaves=63
num_cat=21
split_feature=5 10 0 8 10 2 0 17 0 4 17 1 9 14 3 9 10 4 20 0 8 20 17 7 17 9 14 8 17 20 4 17 17 17 17 6 17 17 6 4 4 17 11 6 0 7 9 1 9 17 15 17 5 17 17 3 3 15 17 17 3 7
split_gain=644.246 404.12 355.003 354.144 307.698 262.627 243.329 229.131 204.905 200.454 204.269 199.613 188.526 186.979 296.403 229.8 182.559 204.759 216.606 186.392 181.465 179.188 171.998 165.16 265.096 179.576 168.76 221.949 221.881 200.792 178.524 173.402 162.345 158.228 141.826 136.965 158.97 136.152 135.358 133.251 132.007 131.524 131.522 130.581 128.092 127.546 197.624 145.31 125.979 125.029 124.052 122.956 118.223 117.597 116.041 114.857 110.474 106.279 106.044 105.623 100.971 100.565
threshold=0.5718253968253969 1.5000000000000002 1.0000000180025095e-35 2.5178571428571432 1.5000000000000002 12.500000000000002 252.50000000000003 0 5.5000000000000009 1.5000000000000002 1 55.500000000000007 0.021858576206402299 1.0000000180025095e-35 11.500000000000002 0.96288944437052115 4.5000000000000009 642.50000000000011 2 4.5000000000000009 1.5719738276990187 3 4 36.500000000000007 5 0.99066292369926079 1.0000000180025095e-35 1.0274600980268949 6 7 6.5000000000000009 8 9 10 11 0.57146993134254298 12 13 0.80777037576766952 70.500000000000014 49.500000000000007 14 0.091521185357123627 1.0909404172670889 1.5000000000000002 152.50000000000003 0.08941897654584223 3.5000000000000004 0.96301557239057245 15 12.500000000000002 16 0.92126740610206992 17 18 124.50000000000001 10.500000000000002 1.0000000180025095e-35 19 20 48.500000000000007 271.50000000000006
decision_type=2 2 2 2 2 2 2 9 2 2 9 2 10 2 2 10 2 2 1 2 2 1 9 2 9 10 2 2 9 1 2 9 9 9 9 2 9 9 2 2 2 9 2 2 2 2 10 2 10 9 2 9 2 9 9 2 2 2 9 9 2 2
left_child=1 8 5 4 6 55 20 61 9 -1 60 21 39 16 -15 54 17 18 35 41 23 -12 -17 26 25 -25 30 28 43 42 -2 -32 -27 -23 -21 36 -6 -19 -26 -7 -14 -20 59 -28 56 47 -47 -9 -40 -46 -43 -37 -51 -18 -16 58 -33 -53 -3 -29 -11 -4
right_child=3 2 7 -5 13 12 -8 45 -10 10 11 -13 40 14 15 22 53 37 19 34 -22 33 -24 24 38 32 27 29 -30 -31 31 44 -34 -35 -36 51 -38 -39 48 -41 -42 50 -44 -45 49 46 -48 -49 -50 52 -52 57 -54 -55 -56 -57 -58 -59 -60 -61 -62 -63
leaf_value=-0.0013876784364176271 -0.0039057731961602178 0.0064921022679350947 0.0045612865168745279 -0.030540045889191455 -0.010762328182084439 0.020316500021551789 -0.018424094230517437 -0.0036478769384780383 -0.0033116596789782224 -0.0011659851005512195 9.9492941052273069e-05 0.032424472499612847 0.0077170952405334796 0.012117918045134089 -0.0012642948057377578 0.0015243983396612572 -0.0016848758705951209 -8.2612886063311564e-05 0.0058583191365877774 -0.00084391634150757808 -0.0088154100900464834 0.00070388278323238798 -0.0051041379500969498 -0.003767784803095794 -0.0055804982935384025 -0.0076654597861801057 -0.0088467442971403298 -0.0026003612575542963 -0.00077413845001286232 -0.0088167329180423703 -0.0043465100248139725 -7.1821501927589446e-05 -0.019976088737809441 0.0033019085556464768 -0.0055202521093186546 0.004447398355503558 -0.00090681259209146451 -0.0037926366446621382 0.0016516792198380996 -0.011043765622342926 0.020096638654938357 -0.0026256368025898442 -0.0089126833782064135 0.0091420152134192734 0.0044475400294588961 -0.021304053876084864 -0.0017090645537352215 0.0020162801827341321 -0.0025512120540099738 0.00095968894969630575 0.0035397449121096335 0.0015462442225013017 -0.0021382111644173726 0.0020748722970001907 0.0059459754954211564 0.03598308656430909 0.0041162912552139717 -0.00063657674382917081 0.0017833207652869982 0.0044999724243387374 -0.0086007494598465458 -8.5093989403952762e-05
leaf_weight=104607.64289236069 56452.425361394882 25928.525002717972 67258.483102083206 992.0910758972168 4373.2456505298615 467.38446545600891 2136.2652349472046 13210.709157466888 35822.575219154358 48499.568128585815 163323.91945719719 517.45952033996582 3315.5542106628418 6956.2233004570007 7101.2105438709259 23682.697731971741 25702.470572471619 36540.199928045273 8761.5817546844482 26338.419662714005 8388.3456835746765 99030.241102457047 16664.306835889816 28731.348037242889 15458.825734615326 11894.767534732819 1071.5160419940948 8073.8845071792603 11639.370226621628 7045.5400302410126 30966.84900188446 42568.993812084198 3469.5241365432739 143625.91694498062 42229.469994544983 23416.666244745255 61410.087147474289 76545.749516248703 36174.011410236359 1222.7144513130188 6152.4662945270538 29077.547616958618 3135.8247618675232 17045.231143712997 9670.638237953186 1352.5520372390747 26072.651518344879 79212.711108922958 35156.727724552155 40511.235458374023 11339.763976097107 135068.24614286423 128422.25737166405 108855.29949593544 26064.187406539917 287.15065431594849 24987.724481344223 94973.798326253891 22230.574923276901 14875.592632770538 5040.4674170017242 14084.03940820694
leaf_count=90866 28640 9416 14467 331 1111 119 288 3800 6140 29059 94106 89 857 2380 1346 4208 3968 5322 2726 5686 2933 51608 3134 5298 2858 2142 418 2083 4636 2175 10386 18960 655 73447 9450 4902 15385 11341 6306 267 1512 9181 826 6725 2729 198 3680 17266 6260 10338 3572 27246 38096 16518 4540 95 9786 21375 8049 3806 1236 1871
internal_value=7.83979e-06 0.00106907 0.0027125 -0.000693095 -0.000670346 0.0061017 -0.00158674 0.0017084 0.00035529 0.000587937 0.00103717 0.00141953 0.0130171 -2.61087e-05 0.00225381 0.00132025 -0.000294083 -0.000697901 -0.000207161 -0.00204002 -0.00151956 0.00137997 -0.0012143 -0.0014035 -0.00294352 -0.00609994 -0.000895083 0.00148076 0.00461502 -0.00133429 -0.00134298 -0.000820917 -0.0104645 0.00224171 -0.00372494 0.000468911 -0.00156393 -0.00259421 -0.00133892 -0.00236443 0.0157628 0.000308791 0.000690064 0.00807318 -0.000377192 0.000318077 -0.00267619 0.00120663 -0.000419803 -0.00107868 -0.000895568 0.000996543 -0.00139523 0.00135673 0.00440357 0.00450871 0.00147731 0.000645031 0.0043203 0.00200282 -0.00186572 0.00375634
internal_weight=2.16523e+06 861263 260796 1.30397e+06 1.30298e+06 59604.4 537877 201191 600468 564645 460038 406498 11158.1 765101 80468.6 73512.4 684633 550075 436989 117747 535741 405980 40347 527352 130885 44095.6 396467 62887 29756.1 33130.8 333580 277128 15364.3 242656 68567.9 319242 65783.3 113086 86789.6 1690.1 9468.02 49178.9 26085.3 18116.7 246161 119849 27425.2 92423.4 71330.7 178604 40417.3 253459 168933 134558 33165.4 48446.3 67556.7 230042 48159.1 22949.5 53540 81342.5
internal_count=728214 408148 61597 320066 319735 20315 166344 41282 346551 340411 249545 219250 2755 153391 15608 13228 137783 117297 100634 30615 166056 219161 7342 163123 23519 8095 139604 20669 11779 8890 118935 90295 2797 125055 15136 70019 16496 16663 15424 386 2369 15479 6715 7143 79909 24944 3878 21066 12566 51163 12753 53523 48434 20486 5886 17560 28746 48621 17465 5889 30295 16338
cat_boundaries=0 4 8 9 10 14 18 22 23 27 31 35 39 43 47 51 55 59 63 67 71 75
cat_threshold=1628447704 805851688 1881212072 533504 1365245962 3758108780 1083339840 4462662 6 19 553657224 9183232 539001104 1064 4027614232 3489727232 69316288 4104 2703238016 9208896 672639872 17417 22 1126209536 537002308 271725952 13312 805307392 65536 2195456 4104 2148577568 268878080 136577571 1213953 46200 10510624 1678870616 25608 1075839040 2147508232 6299680 528896 12736 536874496 809608192 24576 1110475736 2426405984 1610613380 1024 1048592 3221324801 1082132506 525184 1073741960 4352 71305219 532544 16781888 8527872 402655424 256 2149580992 2416054272 539000832 32 3224377104 2426413096 1814079509 524581 3221234184 2424608256 512 17929
is_linear=0
shrinkage=0.05


Tree=80
num_leaves=63
num_cat=18
split_feature=5 10 0 19 8 10 0 16 16 9 9 17 16 17 17 4 6 16 16 6 17 17 16 9 13 17 17 16 16 16 16 17 16 17 16 9 9 16 16 6 19 16 19 16 16 13 17 13 9 19 21 16 4 17 8 16 4 16 9 21 17 6
split_gain=614.204 389.138 331.488 296.239 267.656 244.605 283.943 214.371 363.194 299.526 298.178 280.62 203.413 293.304 264.541 208.947 268.894 199.698 596.377 417.503 410.369 385.729 374.136 830.017 298.693 260.534 241.26 302.034 271.317 338.622 343.665 348.938 271.164 359.979 257.341 236.981 225.762 442.453 219.863 391.58 239.839 273.184 218.036 217.662 453.792 282.947 218.694 210.594 193.485 192.577 188.752 184.541 208.274 183.247 177.614 173.094 182.031 171.129 235.471 168.948 167.287 165.925
threshold=0.62896172330134603 2.5000000000000004 1.0000000180025095e-35 0 1.9335345240959643 3.5000000000000004 273.50000000000006 18.500000000000004 10.500000000000002 0.75008111615833883 0.99535423298980208 1 19.500000000000004 2 3 55.500000000000007 0.23086373086373088 19.500000000000004 25.500000000000004 2.4710664753706366 4 5 8.5000000000000018 0.4997273718647765 4.5000000000000009 6 7 48.500000000000007 44.500000000000007 48.500000000000007 49.500000000000007 8 40.500000000000007 9 47.500000000000007 0.49127877497211242 0.99289158539842504 22.500000000000004 15.500000000000002 0.18761281588447656 10 11.500000000000002 11 35.000000000000007 39.500000000000007 34.500000000000007 12 25.500000000000004 0.21234079929732105 13 14 15.500000000000002 51.500000000000007 15 1.1419456599165565 10.500000000000002 28.500000000000004 51.500000000000007 0.69921755608533542 16 17 0.055641554867561067
decision_type=2 2 2 9 2 2 2 2 2 8 8 9 2 9 9 2 2 2 2 2 9 9 2 10 2 9 9 2 2 2 2 9 2 9 2 10 10 2 2 2 9 2 9 2 2 2 9 2 10 9 9 2 2 9 2 2 2 2 10 9 9 2
left_child=1 3 -3 54 5 6 17 8 -5 11 51 -9 13 -11 -14 -15 -17 20 19 21 38 -19 50 55 25 48 27 -26 32 34 35 -32 33 -28 -30 -31 -23 -38 40 -40 41 -2 -41 47 46 -46 -45 -35 -20 -47 -22 52 -10 -39 -1 -24 -57 58 -33 -42 -4 -25
right_child=4 2 60 7 -6 -7 -8 9 10 12 -12 -13 14 15 -16 16 -18 18 24 -21 22 36 23 61 26 -27 28 -29 29 30 31 57 -34 43 -36 -37 37 53 39 42 59 -43 -44 44 45 49 -48 -49 -50 -51 -52 -53 -54 -55 -56 56 -58 -59 -60 -61 -62 -63
leaf_value=0.001256929702872101 0.0035184070038624228 0.011954720616542481 0.007933481145175475 0.00063692349304859052 -0.010007729877043528 0.00085924584968080035 -0.0082877958579948962 0.00016599231323876173 -0.003776970102502475 0.025301466250802485 -0.0016188953572471546 0.0058626270180868493 -0.0043678402808411693 -0.0014497557559993365 0.00028610973090106677 0.037403006673986015 0.0057610497822670123 -0.0024717260817614856 0.021461789626363317 -0.0036278513842133856 0.0023690365723004082 0.0064093384488751268 -0.010607337579650062 0.02892322275444727 0.0030752834413391873 -3.8522184108364006e-05 -0.0060352608349250767 -0.0053007150345720892 0.00030075965286367073 0.0043276804042710294 0.0073127197054290993 0.0082885397008205762 -0.0059501564293463205 0.0011610866818414394 0.0073644119623422766 -0.0097496384583477431 -0.0032577834057055384 0.016951416724323608 0.034859238822145221 0.0020483641366038424 0.0042654262357441032 0.023761231221625101 -0.0078827055927944284 0.021683736032603575 -0.008249101632931969 0.017951156186759423 0.0064278169157224703 -0.0039522460315214525 0.0056088341215610737 -0.00017028108460498436 -0.0020263863866019144 0.012322738010528668 -0.012017088051628511 0.0040728728273177672 0.0045193917910801148 -0.0095796772680012479 -0.026507101606214001 -0.0070672154118607416 -0.003696151891412881 -0.00038589693115243672 0.0020683743563447566 -0.0033787029728523776
leaf_weight=146636.08921599388 5148.4170079231262 10683.172558307648 13765.392978429794 134371.76357078552 7736.1500523090363 213938.20060586929 13188.600722789764 39075.600223064423 14826.050575494766 1675.0444359779358 83716.627952098846 48397.152066707611 36331.000764131546 8361.6204345226288 191070.07289934158 847.7696795463562 3215.8230123519897 21723.510131120682 2261.7393443584442 23925.589210033417 32711.639683246613 71620.20174407959 8753.6932437419891 397.79843068122864 48645.783462285995 30730.557239055634 41927.155088186264 13819.412504196167 50584.587330341339 3498.6757760047913 11286.207897424698 6118.4335820674896 64930.755151748657 34068.734509944916 17304.26874256134 20525.140834331512 19670.3532371521 4479.1753811836243 643.04025673866272 8223.9878056049347 26634.312564611435 2463.8236434459686 16837.090512037277 3306.4774882793427 8701.6112794876099 2082.8954064846039 8162.283739566803 49236.132485866547 12894.548663139343 4898.4762036800385 96321.054892063141 1153.6749999523163 15886.238743782043 7235.9249572753906 58306.328065633774 2346.2203259468079 4925.1552484035492 13969.290904283524 12409.24634552002 73033.061701536179 103795.0184571743 128255.51511287689
leaf_count=79684 1606 3118 2587 68221 2711 34553 1684 15902 6456 1045 51458 19335 21153 5756 103681 403 629 6235 637 7045 9048 18021 2424 174 12996 8180 10566 3591 13599 1004 3136 1656 17497 7464 4673 5473 5479 1372 252 1891 7571 701 4130 888 2137 648 2280 14362 3278 1496 26101 398 3718 2175 14619 934 1128 3762 3386 18497 19242 33713
internal_value=-1.76794e-05 0.000969128 0.00352242 0.000551399 -0.000736839 -0.00067917 -0.000998741 -2.69463e-05 -0.00113075 0.00081172 -0.00318575 0.00331856 -9.62783e-05 0.00573101 -0.00045763 0.00306806 0.01237 -0.00090418 -0.000332014 0.00242215 -0.00176239 0.00358268 -0.0028694 -0.00461527 -0.00121943 0.00260869 -0.00164223 0.00122198 -0.00214903 -0.000394898 -0.00289411 -0.000257324 -0.00324444 -0.0020915 0.0021013 -0.00769941 0.00485931 0.00132368 0.000516273 -0.003637 0.00151147 0.0100594 -0.00462612 -0.00059388 0.00329377 -0.00223393 0.0108522 -0.00186109 0.00797054 0.00526352 -0.000912047 -0.00730195 -0.00803951 0.00901585 0.00218501 -0.0153455 -0.0210473 -0.00288791 0.000261811 0.000857419 0.00275604 -0.0032786
internal_weight=2.16369e+06 912114 128244 783871 1.25157e+06 1.24384e+06 1.0299e+06 578928 249954 328974 115583 87472.8 241501 14100.3 227401 12425.2 4063.59 1.01671e+06 610017 148655 406695 124729 273711 144678 461362 45886.8 415476 62465.2 353010 135696 67807 43783.2 217315 152384 67888.9 24023.8 103006 31385.5 132984 25704.1 107280 7612.24 25061.1 110457 27151.7 15683 11468.8 83304.9 15156.3 6981.37 129033 31866 30712.3 11715.1 204942 16025.1 7271.38 32497 18527.7 99667.4 117560 128653
internal_count=727559 417405 24947 392458 310154 307443 272890 298155 130251 167904 62030 35237 132667 7833 124834 6788 1032 271206 163036 40327 108170 33282 73522 38373 122709 12095 110614 16587 94027 36689 18417 11940 57338 39841 18272 6477 27047 9026 34648 6273 28375 2307 6021 29275 7449 4281 3168 21826 3915 2144 35149 10572 10174 3547 94303 4486 2062 8804 5042 26068 21829 33887
cat_boundaries=0 1 5 9 13 17 21 25 29 33 37 38 39 42 43 45 49 51 55
cat_threshold=108554 1663042048 9371660 346393620 541195 2147483648 2415924736 339739136 1024 3489695808 1342199364 617680464 4494336 1342186208 547702817 1677789396 61571 1092648960 8781824 134231440 4353 287319936 8929600 940712256 1024 2181043202 3246407457 4203726 566082 1073750144 537280512 872480768 17409 1073782912 536936520 1946224912 21505 134160 303376 18874368 393216 134217728 541056 463220997 41088 536872728 268468224 536872961 524288 268509221 99594 1048712 2684899328 270599425 532480
is_linear=0
shrinkage=0.05


Tree=81
num_leaves=63
num_cat=24
split_feature=5 3 10 17 16 16 6 16 9 17 21 17 11 11 16 17 6 16 22 16 19 4 13 17 19 16 9 5 16 17 17 17 19 13 9 17 10 0 16 19 8 4 16 16 17 16 17 17 3 16 16 17 17 21 22 17 19 16 16 6 16 8
split_gain=494.17 561.201 450.525 397.222 319.817 348.328 387.349 318.615 557.867 285.925 273.868 242.862 229.941 227.74 287.821 217.68 215.401 288.587 212.674 207.979 205.667 202.748 256.758 296.459 233.399 218.708 244.484 213.438 208.836 206.484 196.517 192.722 182.687 180.769 275.021 181.725 179.267 186.759 178.385 176.031 175.798 170.552 168.407 355.223 352.365 232.516 205.622 192.229 161.512 157.206 209.246 170.521 167.484 169.262 152.491 151.037 148.954 148.186 363.473 333.189 146.251 261.808
threshold=0.21648249234456135 12.500000000000002 1.5000000000000002 0 19.500000000000004 25.500000000000004 2.4003089598352223 9.5000000000000018 0.55244618395303335 1 2 3 0.010395632888953966 0.033203389154126253 21.500000000000004 4 0.079951573849878957 16.500000000000004 5 15.500000000000002 6 579.50000000000011 11.500000000000002 7 8 14.500000000000002 0.90923150465371327 1.0522004510736058 44.500000000000007 9 10 11 12 10.500000000000002 0.75008111615833883 13 5.5000000000000009 467.50000000000006 14.500000000000002 14 1.0571858864027541 1.5000000000000002 18.500000000000004 26.500000000000004 15 46.500000000000007 16 17 252.50000000000003 40.500000000000007 35.000000000000007 18 19 20 21 22 23 16.500000000000004 25.500000000000004 0.20873691268244884 9.5000000000000018 1.1539158305462653
decision_type=2 2 2 9 2 2 2 2 10 9 9 9 2 2 2 9 2 2 9 2 9 2 2 9 9 2 10 2 2 9 9 9 9 2 8 9 2 2 2 9 2 2 2 2 9 2 9 9 2 2 2 9 9 9 9 9 9 2 2 2 2 2
left_child=1 33 4 -3 7 6 9 18 -9 -6 38 19 -5 -11 -15 -7 17 -13 30 -10 -18 22 23 24 -12 -25 -27 28 49 -30 -2 -22 -14 34 -1 -36 37 57 -4 -37 -34 -35 44 46 -43 47 -44 -45 -17 50 52 -51 -24 -54 -33 -28 -52 60 59 -59 -23 -62
right_child=2 3 10 12 5 15 -8 8 11 13 21 16 32 14 -16 48 20 -19 -20 -21 31 36 27 25 -26 26 55 -29 29 -31 -32 54 40 41 35 39 -38 -39 -40 -41 -42 42 43 45 -46 -47 -48 -49 -50 51 56 -53 53 -55 -56 -57 -58 58 -60 -61 61 -63
leaf_value=0.015717544962702452 -0.0047662004474107013 -0.0021081452750894209 0.0077218450898448492 -0.0009976757934344624 -0.0013916348797015417 0.0017983758712606648 -0.0041771250698984493 -0.014555570756057743 0.013086938621774919 0.0030432648827454483 -0.0038697688936120012 -0.015955851648007634 1.3625914226099443e-05 0.0014581698716394354 0.013838193395458401 -0.0015123426749574012 -0.019114350775508784 0.048668673447289312 -0.0063467822370076206 -0.0032238112266948387 -0.010382042063967496 -0.0015780156041184221 0.0051037323634938346 0.004810542049556308 0.0082732071410205107 0.0035291767891998311 -0.0010262439090064645 -0.0011633327943379504 0.0074839645155961414 0.0011465564736713181 0.00058002336211552034 -0.0024990771816058815 0.0045471258015798302 -0.0016453531187241984 0.0092171575532198728 -0.016143350589050556 0.0010699702427187984 -0.0092676257907020956 0.0017833164728579616 0.001117782688726268 0.0090186548769400753 0.0075656060282478198 0.015586518346700213 0.0037211180107964135 -0.0014681842931731617 0.003523791468791049 0.0044199212834909784 -0.0021392171908877241 -0.0060654492585313202 -0.005598110115433973 0.02233415790475211 0.0025045682086268519 -0.001208556604827658 0.0018529452706628304 -0.0088411298988898979 -0.0080368646767593529 0.0052226698571648175 0.029566747674201744 -0.0023658825534916255 0.002685852143957695 -0.013455790956225629 -0.0025665377596256751
leaf_weight=4426.9262955188751 20796.046711683273 21310.10811829567 17882.639737606049 12681.25785446167 17988.634615659714 47380.578706502914 18283.095726251602 12599.063139915466 3959.5426738262177 28727.782287836075 4578.9237990379333 285.11084580421448 10804.912615299225 6927.7608211040497 14566.521050214767 233310.6960477829 2276.4985044002533 435.82774448394775 16857.300114631653 3857.7351236343384 10469.451259613037 33726.989557743073 17484.39698433876 26648.002133131027 29027.10599732399 21670.803658485413 24886.125762224197 210119.91344738007 21868.112848520279 31187.615009307861 98837.378033399582 82503.113453626633 41681.271862506866 98787.93558883667 6669.5025260448456 1613.2155213356018 68646.32479429245 8253.024073600769 43177.576620817184 16290.465368032455 46513.7781291008 11884.025980234146 4577.6570539474487 17335.673127412796 116646.61322617531 41382.091349840164 41083.365824699402 72385.861569404602 21250.661305904388 20820.107983589172 1472.7837910652161 9429.2393443584442 115238.91884016991 74211.370353460312 10704.116029977798 11109.438606500626 9099.3131632804871 1190.2677648067474 87303.748708724976 35687.592254638672 8927.0899500846863 14461.100601196289
leaf_count=2013 6451 6937 3705 4197 5773 13307 5845 3946 1262 9153 1008 124 3506 2035 4161 72115 666 194 5023 1027 3178 5097 3834 5606 5605 4523 5120 49948 4907 7158 29454 23129 15270 86583 3686 965 9139 983 8540 9419 11874 7347 2984 10684 77691 26500 27431 46920 3338 4667 348 2113 25480 16930 3250 2388 2164 252 12994 5133 1428 2072
internal_value=3.68229e-05 0.00130652 -0.000412356 0.00414747 -0.00142405 -0.000511855 0.00228565 -0.00276834 -0.00456986 0.00401796 0.000283394 -0.00347088 0.00534084 0.00595466 0.00984828 -0.00131323 -0.00409411 0.0231248 -0.00109088 0.00503196 -0.00427992 6.04158e-05 0.000544784 0.0026478 0.00661796 0.0010644 -0.000666588 5.94145e-05 0.000913516 0.00376038 -0.000349671 -0.00395178 0.0061533 0.000434107 0.00424717 0.00218019 -0.00111929 -0.00191214 0.00352205 -0.000446493 0.00690469 0.000160443 0.000744768 0.00174614 -0.000632387 0.00042334 0.00554411 -0.0010067 -0.00189238 0.000303862 0.000773558 -0.00307339 0.00042301 -9.2687e-06 -0.00322837 -0.00319264 0.0076344 -0.00157725 -0.000607787 0.00355424 -0.00368504 -0.00672328
internal_weight=2.1662e+06 566075 1.60013e+06 132991 652017 388436 86493.8 263581 127090 68210.7 948109 114491 111681 50222.1 21494.3 301942 106674 720.939 136491 7817.28 105953 887048 628852 117920 33606 84314.4 57666.4 510932 300812 53055.7 119633 103677 99000 433083 29000.1 24573.2 258196 189550 61060.2 17903.7 88195 404083 305295 176765 128531 131104 45661 89721.5 254561 247756 217507 30249.3 206935 189450 93207.2 35995.6 10572.1 181297 124182 36877.9 57115.2 23388.2
internal_count=728580 344007 384573 41784 193431 115727 26967 77704 36776 21122 191142 32830 34847 15349 6196 88760 30541 318 40928 2289 30223 178897 141799 24250 6613 17637 12031 117549 67601 12065 35905 29557 30650 302223 16083 14070 37098 27959 12245 10384 27144 286140 199557 114519 85038 84104 30415 57604 75453 55536 48756 6780 46244 42410 26379 7508 2512 26976 18379 5385 8597 3500
cat_boundaries=0 4 8 10 14 18 19 20 24 25 29 33 36 37 40 41 45 49 53 57 61 63 64 68 69
cat_threshold=2449506344 3489825856 1079125840 167940 1092657152 8786944 1281373632 38145 805307648 41254 64 16384 1140918338 41088 1074210 3783798560 8606 537412 371304353 16384 823140744 529664 1610625368 534016 540818 2166371544 269226496 811665408 17417 2149613824 2684924672 1127017 37892 1361088512 2684363840 7353088 1589776 587244304 276956160 1275232274 16416 128 1075838976 2751532048 16384 2147516624 2415924736 2952794624 525318 2199925760 2236704 138421966 135428 538968600 8781824 472222209 41 1074823304 276840488 1140850697 663552 2554002 1152 237053905 5632 8822784 136609825 16424 8576
is_linear=0
shrinkage=0.05


Tree=82
num_leaves=63
num_cat=18
split_feature=5 12 16 9 16 16 4 17 15 17 8 0 19 8 17 20 5 20 16 16 12 9 16 16 16 16 9 16 19 16 20 16 16 16 16 9 20 17 13 16 16 13 17 16 17 4 17 0 16 16 6 19 15 16 17 16 16 16 16 17 19 19
split_gain=545.528 394.578 475.094 565.915 384.442 342.081 327.501 315.653 295.362 330.044 290.723 284.841 304.287 286.66 260.524 253.212 342.775 252.626 238.947 223.681 215.507 403.836 393.686 589.568 536.312 392.011 345.669 273.069 250.774 270.78 373.452 391.212 304.087 270.056 314.653 223.406 212.645 213.443 209.346 207.214 285.534 204.693 208.378 200.653 198.432 241.046 194.483 183.441 182.018 266.57 276.024 221.359 181.103 179.338 178.692 174.177 172.838 324.362 276.211 194.789 179.91 172.404
threshold=0.90921770001267921 0.10002854502444065 48.500000000000007 0.71446933529195744 46.500000000000007 51.500000000000007 31.500000000000004 0 9.5000000000000018 1 2.013422818791947 12.500000000000002 2 1.0982400908340217 3 4 0.093386627906976757 5 4.5000000000000009 44.500000000000007 0.41361180737510644 0.77787490287490302 12.500000000000002 8.5000000000000018 21.500000000000004 51.500000000000007 0.071661998132586377 45.500000000000007 6 25.500000000000004 7 22.500000000000004 14.500000000000002 27.500000000000004 26.500000000000004 0.295273964959268 8 9 16.500000000000004 39.500000000000007 43.500000000000007 4.5000000000000009 10 11.500000000000002 11 809.50000000000011 12 4.5000000000000009 11.500000000000002 14.500000000000002 2.3184129429892146 13 25.500000000000004 49.500000000000007 14 16.500000000000004 25.500000000000004 29.500000000000004 18.500000000000004 15 16 17
decision_type=2 2 2 10 2 2 2 9 2 9 2 2 9 2 9 1 2 1 2 2 2 10 2 2 2 2 10 2 9 2 1 2 2 2 2 10 1 9 2 2 2 2 9 2 9 2 9 2 2 2 2 9 2 2 9 2 2 2 2 9 9 9
left_child=1 2 11 -4 8 6 -6 -8 14 55 18 12 -1 19 -3 16 -15 -16 36 44 21 22 23 -20 -24 27 43 38 -23 30 31 48 -32 34 -31 -29 -2 -38 -26 -35 -41 -33 -43 -25 -14 -46 -40 -45 -30 50 54 -51 -17 -5 -50 -10 58 59 60 -58 -11 -27
right_child=10 4 3 53 5 -7 7 -9 9 56 -12 -13 13 15 17 52 -18 -19 20 -21 -22 28 24 26 25 61 -28 35 29 33 32 41 -34 39 -36 -37 37 -39 46 40 -42 42 -44 47 45 -47 -48 -49 49 51 -52 -53 -54 -55 -56 -57 57 -59 -60 -61 -62 -63
leaf_value=-0.0023796236245094133 -0.0080028342393223227 -0.0038681898577210649 0.0034263421027562872 -0.021398842319095036 0.0010248449109499921 -0.0030928932386828111 0.01158973765905567 0.0032171972657271501 0.0013482321657566389 0.016103682962008602 -0.019099935253475621 0.00044107255470508854 -0.0011979399043323736 0.015030765238338011 0.00018596296217483985 0.00044917267501251817 0.0057181433406395844 -0.002778206440841955 0.0021282008355126255 0.0075838769495519256 -0.0027244821015190903 -0.0036777323770395736 0.010509647216011149 -0.015218173652535527 0.0035078938231952374 -0.015444060341651576 -0.0051458780567579894 0.010323984104095197 -0.0022033853622679999 -0.0024792274127043456 0.0011852180740639009 -0.0059848728782255041 -0.006341173850278943 0.0027706809223130764 -0.015290381043575453 0.0024245650644542384 0.0042320935757746442 -0.0019536412441744661 -0.0029626233382020199 -0.0071611611728411712 -0.00064826824579978246 0.017526927131491295 0.0049824689267894233 -0.021382349710368998 0.0025936878424788444 0.029074809968691436 0.0018230464493688679 -0.068927674774913308 0.023950268639196415 0.0059926032729696443 0.019221268657611489 -0.0010045042558251077 0.013009380682478486 -0.0079508926259881704 0.0014447962357049373 0.0080966808192496909 -0.010026549412226251 0.00069549376760101209 0.0057108557780786327 -0.0019217735250686694 -0.00023910713962016421 -0.0024219286934233824
leaf_weight=23375.843400239944 5120.1033940315247 76918.001441955566 13323.213197946548 3024.7708969116211 44597.629328727722 20472.655305624008 20800.274030923843 24581.709046125412 16902.039975404739 1703.9659950733185 2191.3961560726166 150333.03854513168 42822.589707136154 11681.006776094437 252724.45059561729 27419.829820156097 64120.262367010117 100440.32462859154 27368.604890584946 18030.967620611191 166360.02612042427 112919.94256472588 16680.119693040848 5293.9801807403564 41859.92938876152 4660.4657120704651 18938.009423732758 14482.9142370224 34741.435429096222 10766.373675107956 23439.968621730804 1905.4121809005737 31393.757795572281 20288.08052110672 8638.1414387226105 23430.170458316803 51026.938992977142 19184.568083047867 47088.975847482681 25928.235802650452 47948.717549085617 6934.5753924846649 6379.2696056365967 478.2126452922821 112892.83616495132 864.94633173942566 38640.96711564064 353.11493921279907 973.46683073043823 15082.87464261055 4164.8136003017426 44999.56027007103 3204.4507923126221 13739.945591211319 8517.9641063213348 22015.98234295845 14207.450078010559 54412.154525518417 27948.619783163071 15525.798103570938 93259.208720684052 5605.6219568252563
leaf_count=10664 1566 36961 5484 947 28702 7714 4572 5521 6967 675 616 22844 20984 3713 91785 8083 14552 57398 6344 8118 52817 31569 4549 1522 9157 992 4042 3936 8608 2384 6553 431 8401 5182 1854 5017 13697 5362 11276 6847 12758 1643 1430 206 52858 171 8568 80 250 3211 976 10230 796 3774 2044 8833 4864 24673 12665 5430 42860 1223
internal_value=3.18005e-05 0.00069726 0.00181918 -0.0042656 5.66939e-06 0.00274053 0.0040678 0.00705808 -0.000441147 0.00094078 -0.000914766 0.00222178 0.00310117 0.00355701 -0.00123151 0.00560257 0.00715246 -0.000657109 -0.000870048 0.00231043 -0.00111871 -0.000707668 0.000895244 -0.00294557 0.00194167 0.00112853 -0.00848588 0.00171664 -0.00167681 -0.000903128 0.00031102 0.00183351 -0.00312331 -0.00281185 -0.00818275 0.00544236 0.00182435 0.00254186 0.000609515 -0.001705 -0.00293413 0.00934046 0.011534 -0.0188099 0.00170312 0.00279504 -0.00080572 -0.0416363 0.000780416 0.00218622 0.00849169 0.000752925 0.00176325 -0.0103784 0.00378205 0.00516462 0.000146598 -0.00159931 0.00134186 -0.00579871 5.59758e-05 -0.00835188
internal_weight=2.16513e+06 1.27134e+06 484834 30087.9 786510 110452 89979.6 45382 676058 245975 893787 454746 304413 281037 430083 106426 75801.3 353165 891595 174611 816264 649904 244881 52431.9 192449 175769 25063.3 165503 405023 292103 178533 123699 54833.7 113570 19404.5 37913.1 75331.6 70211.5 127590 94165 73877 15219.3 13313.8 6125.31 156580 113758 85729.9 831.328 108480 73738.7 13656.2 60082.4 30624.3 16764.7 9491.43 38918 207057 84145.4 122912 29733.2 94963.2 10266.1
internal_count=727949 492608 152988 10205 339620 46509 38795 10093 293111 106967 235341 142783 119939 109275 186144 27144 18265 149183 234725 82131 214100 161283 56912 12194 44718 40169 5850 37954 104371 72802 43777 28823 14954 29025 4238 8953 20625 19059 29001 24787 19605 3504 3073 1808 74013 53029 19844 286 25319 16711 3270 13441 8879 4721 2294 15800 91167 34967 56200 10294 43535 2215
cat_boundaries=0 4 8 9 13 14 15 16 17 18 22 26 30 34 35 39 43 44 45
cat_threshold=16786328 546045952 874512384 17441 2198864000 2149613408 610280202 8516 540672 2466252826 8467524 1087516112 1541 14 6 541089 12 8 1613759944 8785928 2086973442 16937 536872704 32776 268699648 540680 1361088512 3758621036 1488720776 12548 3778019968 271454272 874843473 147489 35336 16 0 67584 16385 536870928 524296 329744 540673 2048 1061513
is_linear=0
shrinkage=0.05


Tree=83
num_leaves=63
num_cat=12
split_feature=0 1 10 20 13 1 0 3 15 20 4 1 16 16 9 19 9 13 21 0 16 16 16 7 21 19 7 1 12 19 0 19 13 10 20 4 16 16 20 4 16 16 16 12 0 16 19 16 13 12 9 12 11 2 3 19 12 11 16 13 0 9
split_gain=454.581 712.192 541.746 562.496 347.878 306.561 284.289 454.721 274.024 270.231 266.028 330.467 323.449 435.7 632.815 296.95 274.168 266.627 251.689 250.244 245.048 285.368 225.388 212.752 212.569 212.512 204.37 239.118 200.402 197.82 187.752 183.257 167.055 166.899 162.776 206.123 162.147 158.255 159.639 155.54 155.005 160.702 256.215 178.294 148.62 148.293 145.824 145.315 145.139 138.777 154.048 138.322 136.694 135.46 297.763 134.399 172.97 141.72 129.959 127.489 127.001 126.562
threshold=2.5000000000000004 5.5000000000000009 2.5000000000000004 0 3.5000000000000004 57.500000000000007 1.0000000180025095e-35 12.500000000000002 21.500000000000004 1 119.50000000000001 7.5000000000000009 16.500000000000004 10.500000000000002 0.096930786094581903 2 0.84216632067407504 2.5000000000000004 3 4.5000000000000009 39.500000000000007 29.500000000000004 51.500000000000007 1034.5000000000002 4 5 15.500000000000002 2.5000000000000004 0.045362890900573889 6 23.500000000000004 7 8.5000000000000018 4.5000000000000009 8 379.50000000000006 11.500000000000002 25.500000000000004 9 1.5000000000000002 42.500000000000007 48.500000000000007 49.500000000000007 0.11599978150021291 1.5000000000000002 51.500000000000007 10 28.500000000000004 54.500000000000007 0.11261258480139193 0.85724374495560951 0.064281173741147848 0.04947841613211184 4.5000000000000009 6.5000000000000009 11 0.19038195149003087 0.10172669636085631 46.500000000000007 6.5000000000000009 5.5000000000000009 0.97676160613187013
decision_type=2 2 2 1 2 2 2 2 2 1 2 2 2 2 10 9 10 2 9 2 2 2 2 2 9 9 2 2 2 9 2 9 2 2 1 2 2 2 1 2 2 2 2 2 2 2 9 2 2 2 8 2 2 2 2 9 2 2 2 2 2 10
left_child=1 4 3 10 9 51 7 39 30 -1 11 17 13 -12 36 -16 22 52 -17 -13 21 29 -14 32 55 -11 27 44 -20 59 -5 -22 61 34 35 48 -15 38 -31 -6 -33 -42 -43 -44 53 -45 -9 -39 -34 50 58 -3 -2 54 -8 57 -57 -21 -41 -18 -36 -4
right_child=2 5 23 8 6 -7 26 46 -10 25 12 19 16 14 15 18 20 -19 28 24 31 -23 -24 -25 -26 -27 -28 -29 -30 37 -32 40 33 -35 60 -37 -38 47 -40 49 41 42 43 45 -46 -47 -48 -49 -50 -51 -52 -53 -54 -55 -56 56 -58 -59 -60 -61 -62 -63
leaf_value=0.016233870301335204 0.014159454765484792 0.0086156482143479526 0.0072290592575608922 -0.0060947789921014552 -0.001396237826165312 0.047700005578529207 -0.0019742053123389201 0.0071466223233899537 0.0016682442132116366 0.0099672596408729337 -0.0017385331973733009 0.0050953847317435543 0.0020013182177566675 -0.021441190115909645 0.0049386414649015171 -0.021491754683858919 -0.018786410611078455 -0.0033323333048779847 -0.0017619639443231345 0.00038712008627882926 -0.010665612006026483 0.0059981035327639244 -0.0094221978548468532 -0.0028943540208558084 -0.0021565903672390863 -0.002136446309147793 -0.0064447878009969792 0.0010933508060711702 -0.0095727687883441267 0.0031797774673186503 -0.020965379490403679 -0.0077701335398661798 0.0040809072105655883 0.0022374592582047048 0.0011510271063200409 -0.00067991179009079623 -0.053411556995752743 -0.0066407484786141398 -0.0032871975845978501 0.0053110650785925563 0.00085847618931499852 -0.015628127404871427 -0.0096266309904367107 0.0082383272747669385 -0.0048142032346306131 -0.0056516302464516112 0.0028303695184548074 0.0033786377077308426 0.00018522681070778959 0.00020227754812252209 0.0016242972963437974 0.0038856706757370903 -0.0026365142966449247 -0.0035190199401630481 0.003795415764856612 0.0052712252493282543 -1.2104183896520317e-05 -0.01190088709801561 0.0188262629988609 -0.0050249473936061634 -0.0040878346464358157 0.00096380122242651636
leaf_weight=5599.1276080608368 3443.5752158164978 21383.948923110962 18195.84384059906 67606.366186618805 101659.72567796707 425.60290622711182 69859.543279647827 29029.26547908783 11827.562686681747 6591.5756099224091 85188.717137098312 34014.321453332901 84961.965613603592 739.16903281211853 4909.2177774906158 3214.5503060817719 1944.6957387924194 76160.439302206039 12466.459318399429 61220.799511432648 9836.3524169921875 14716.768243312836 4548.0811696052551 37822.96225643158 55548.347116947174 8042.3431236743927 15886.585076332092 120534.95619559288 24065.183353424072 31497.348320007324 2190.6074709892273 14248.6760430336 54642.50416970253 127185.07318973541 16928.686300516129 127653.26841020584 860.23156118392944 14673.971915721893 13679.154246330261 11942.811977148056 24614.504854679108 4541.0828747749329 4599.9550037384033 4835.2599165439606 33109.093663215637 3187.5276756286621 60175.778772354126 4802.6117312908173 42507.975711107254 233740.40773034096 76263.914522647858 55769.459719419479 1868.0470719337463 41260.278135061264 32889.552008628845 38671.957050561905 25844.324457883835 2438.9573080539703 2089.3397271633148 12477.878604412079 36531.084943294525 14471.158579826355
leaf_count=2630 1259 5480 3132 18716 89120 73 35922 10311 3010 3158 15520 8387 15132 143 829 595 311 22719 2146 13822 1849 2677 782 4355 12544 3948 3796 39022 4484 5549 410 2686 11200 20501 4335 19887 160 2517 2518 5615 4557 811 793 856 12927 555 22163 806 9027 153511 49683 14303 685 13443 14358 8514 5977 553 1019 2337 7577 2483
internal_value=7.2249e-06 0.00084489 -0.000619817 -0.00144694 0.000425703 0.00543052 0.000267497 0.000990272 -0.00536858 0.00690312 -0.000975979 0.000139554 -0.00185296 -0.00385977 -0.00776639 -0.00665908 -0.000794294 -0.00257692 -0.00809086 0.00115599 -0.00203616 -0.000394649 0.00142078 0.000703486 0.000426641 0.00331883 -0.000919458 -0.000624535 -0.00690555 -0.00158446 -0.00656179 -0.00437371 0.0010141 0.000736955 5.11191e-05 0.000640862 -0.038659 -0.000402632 0.00122157 0.000310086 -0.00326642 -0.00173104 -0.00544448 -0.00177993 -0.00179361 0.0027197 0.00423616 -0.00417008 0.00237638 0.000845412 0.00251021 0.00519673 0.00825309 -0.00109912 -0.000127355 0.00154621 0.00315434 -8.38292e-05 0.00732463 -0.00687691 -0.00242844 0.00445373
internal_weight=2.16364e+06 926253 1.23738e+06 761445 848674 77579 828441 514901 81624.5 20233 679820 299211 380609 131444 46254.8 44655.4 249166 81472.1 39746.2 217739 159656 93792.4 89510 475939 183724 14633.9 313540 297653 36531.6 79075.7 69797 65863.4 438116 405449 278264 224804 1599.4 64653.1 45176.5 425696 56027 41778.3 17163.8 12622.7 177118 8022.79 89205 19476.6 97150.5 324036 90296.1 77153.4 5311.62 144009 102749 128176 64516.3 63659.8 14032.2 14422.6 53459.8 32667
internal_count=728188 480482 247706 165209 460626 19856 450890 331422 22136 9736 143073 74460 68613 23877 8357 8054 44736 24663 7225 49797 28822 16715 15914 82497 41410 7106 119468 115672 6630 14038 19126 12107 78142 72527 52026 40114 303 11390 8067 298948 10258 7572 3015 2204 76650 1411 32474 3323 20227 209828 56317 19783 1944 63723 50280 28866 14491 14375 6634 2648 11912 5615
cat_boundaries=0 1 2 3 5 7 8 9 10 11 12 13 14
cat_threshold=22 6 34848 21119552 131200 286275943 136480 1444560 786561 4099 22 4 244746 607395
is_linear=0
shrinkage=0.05


Tree=84
num_leaves=63
num_cat=29
split_feature=0 10 3 13 19 20 17 9 12 17 20 21 3 17 0 20 4 13 19 10 17 0 17 4 13 13 9 21 17 17 2 17 11 2 16 16 0 17 15 19 17 9 17 15 16 21 15 21 9 21 16 22 17 15 17 17 21 15 17 21 9 16
split_gain=444.227 478.5 468.871 440.919 400.486 325.246 306.519 273.672 261.056 271.79 248.155 216.237 222.153 225.77 214.994 245.124 238.493 250.043 275.786 234.345 238.022 214.498 200.844 197.881 232.404 205.827 192.668 187.688 187.075 178.006 170.652 166.851 169.172 166.096 284.022 163.787 162.668 160.049 157.115 152.149 152.131 149.362 144.78 141.281 139.284 136.347 133.472 131.139 131.005 130.228 128.702 123.526 122.196 122.18 121.793 119.797 118.423 117.679 126.356 116.797 115.576 115.066
threshold=1.5000000000000002 1.5000000000000002 16.500000000000004 9.5000000000000018 0 1 2 0.5714443011293926 0.46015339203593247 3 4 5 43.500000000000007 6 120.50000000000001 7 158.50000000000003 13.500000000000002 8 4.5000000000000009 9 1.0000000180025095e-35 10 7.5000000000000009 38.500000000000007 54.500000000000007 0.83318209316394454 11 12 13 384.50000000000006 14 0.11862711980938913 23.500000000000004 16.500000000000004 46.500000000000007 11.500000000000002 15 646.50000000000011 16 17 0.98414022267233292 18 32.500000000000007 25.500000000000004 19 21.500000000000004 20 0.71446933529195744 21 48.500000000000007 22 23 501.50000000000006 24 25 26 1.5000000000000002 27 28 0.89888208495699906 46.500000000000007
decision_type=2 2 2 2 9 1 9 8 2 9 1 9 2 9 2 1 2 2 9 2 9 2 9 2 2 2 10 9 9 9 2 9 2 2 2 2 2 9 2 9 9 10 9 2 2 9 2 9 10 9 2 9 9 2 9 9 9 2 9 9 10 2
left_child=2 5 3 4 7 11 48 -1 14 -10 -9 28 -13 -14 15 27 17 18 -17 20 -18 33 -6 25 29 -5 -11 -3 30 -25 51 -20 -33 -8 60 40 43 -26 50 -28 44 -38 -19 55 53 -22 52 -23 -4 -24 -16 -2 -7 -21 -15 -29 -12 -27 -59 -50 -35 -31
right_child=1 8 6 23 22 46 21 10 9 26 56 12 13 54 38 16 19 42 31 35 45 47 49 24 37 57 39 36 -30 61 -32 32 -34 34 -36 -37 41 -39 -40 -41 -42 -43 -44 -45 -46 -47 -48 -49 59 -51 -52 -53 -54 -55 -56 -57 -58 58 -60 -61 -62 -63
leaf_value=0.024902633116357278 -0.009176826595573985 0.0052825138107999887 0.00288533751523571 0.00049831818457101709 0.006792460733691566 -0.013907125244598513 0.0060048729006480436 0.017382375839039056 0.0031680843290541835 -0.0053260231735830013 -0.0056094076294741892 -0.00084492347490214975 -0.011979551132989819 0.0028584528786426569 -0.0017330173541889684 0.013968158308262899 0.00082483558379171625 0.0035583679987363664 -0.00095132091529140448 0.0052644981155192767 0.00058467597457681746 -0.0022992950968851278 0.0024251259794766107 0.001932403080890038 0.0056573695129024156 -0.0046545660033937295 0.00087167005362416377 0.0058836582592659411 -8.6588335192352195e-06 -0.0032098200295774568 -0.015446562889585192 0.0067713731545388511 -0.010229604331185105 -0.0041022908496652884 0.028843364899966945 0.0093643119044660578 -0.0049846156619942012 0.0015050658901894539 0.0020051356793483405 -0.00478100700043807 -0.00055327679791783945 -0.018640851850624727 0.00031382559214129498 0.0044950351442001645 0.00051367586226297327 -0.0034582740664663701 0.0024845640582709626 0.0036145767429809406 -0.01188659197981601 -0.0059965228286586146 -0.0078097014346153173 -0.0017904577333643376 -0.0054105627605050832 0.015356282400955793 -0.0053205998771525525 -0.0030513830895727242 0.0068112314878499385 0.001634459604634072 -0.0021112097945543899 -0.0017384925607619045 0.01920893877706226 0.0031006614283474176
leaf_weight=2910.1554300785065 5987.6387574672699 8664.4790277481079 13273.427418231964 154885.31192064285 10749.452451467514 4675.0121321678162 51935.296494483948 4902.0358331203461 21208.868792533875 48758.476549863815 2557.5433826446533 37360.903108596802 11871.874495983124 5518.2396862506866 89412.89084148407 8273.4965705871582 213900.55067586899 55826.470532178879 12198.609616279602 15027.026073932648 30597.670209169388 11207.271560192108 9118.7242040634155 38421.966507673264 29589.974357843399 33771.908061265945 36173.358047485352 4059.8237998485565 238122.56519174576 55018.419703245163 2488.9702525138855 29910.527168035507 1537.659765958786 1550.8191428184509 2206.268711566925 9135.5333371162415 11713.556904315948 107572.72092795372 26561.748510837555 17731.148661136627 27442.231714963913 2414.4467108249664 89505.507733821869 8799.2808430194855 12789.611821174622 65484.721479177475 4837.1876795291901 57168.38117480278 3454.7401909828186 9225.3749680519104 9653.5071291923523 100921.40770220757 44858.709274768829 3746.7870087623596 25881.072808504105 48036.790202617645 7607.3229138851166 28058.653252601624 113846.10822153091 15655.719885587692 807.91887092590332 8314.7462093830109
leaf_count=1262 1440 2132 4497 113350 5203 1645 17874 2257 4639 10994 1310 11093 2395 1086 11620 1732 37222 13829 2721 2445 5398 3305 4559 19061 13988 25965 7725 1106 55668 28005 340 6527 360 320 485 1482 2279 51203 3249 3722 4425 515 22127 2226 2072 11683 1492 16780 1063 4824 1278 24371 14308 592 5209 13120 3733 19685 84031 4810 177 3974
internal_value=7.62904e-06 -0.000526558 0.000967944 0.000346351 0.00499712 -0.00179904 0.00340493 0.0108615 0.000149237 -0.00198391 0.00815524 -0.00133632 -0.00366895 -0.00610803 0.000485978 0.000847316 0.00121506 0.00262449 0.00560283 0.000479845 -0.000103761 0.00452884 0.00136901 -3.8068e-05 0.00105824 -0.000830441 -0.00304828 -0.00168094 -0.000794999 -0.00075229 -0.00250642 0.00401273 0.00593792 0.00680884 0.0159521 0.0031347 -0.0024858 0.0024014 -0.00140965 -0.00098848 0.00217006 -0.00731959 0.00156044 -0.00136466 0.0045365 -0.00217087 -0.00544149 0.00264542 -0.000930119 -0.00181124 -0.00232523 -0.00220525 -0.00621664 0.00727928 -0.00388268 -0.00235444 0.00368344 -0.00200194 -0.00137061 -0.0035807 0.00388707 -0.00238093
internal_weight=2.1649e+06 1.39109e+06 773810 616550 47070.6 482524 157260 17977.1 908565 123872 15066.9 428153 80632.1 43271.2 784693 659065 575376 197252 51920.3 378124 309983 124876 29093.6 569480 238918 330562 102663 83688.4 347521 101755 109398 43646.8 31448.2 56500.3 4565.01 68141.2 75023.9 137163 125628 53904.5 59005.7 14128 145332 60895.9 31563.4 96082.4 54370.9 68375.7 32383.9 18344.1 99066.4 106909 49533.7 18773.8 31399.3 52096.6 10164.9 175677 141905 19110.5 2358.74 63333.2
internal_count=727988 296267 431721 382410 23148 119047 49311 8562 177220 27080 7300 101602 19783 8690 150140 133993 112615 47296 11340 65319 54303 38941 14586 359262 116231 243031 22441 21378 81819 51040 26151 9608 6887 18856 982 11016 19246 65191 16147 11447 9534 2794 35956 16452 5109 17081 17445 20085 10370 9383 12898 25811 15953 3037 6295 14226 5043 129681 103716 5873 497 31979
cat_boundaries=0 1 2 6 10 11 13 17 18 19 23 26 28 32 36 40 44 45 49 53 55 57 59 60 64 68 71 73 77 79
cat_threshold=334554 22 2449510696 3221410880 1074931536 168453 2148532352 2148045344 603981888 524296 14 479803831 165120 33352 2156003328 335623680 16425 1 301064 553661384 814515233 805385248 549992 2701165064 268830600 1276258816 947929088 163850 4046487818 805458433 2241376 168961 3758140648 805541508 536904269 573448 2147483760 2424356864 70590496 32804 2181071248 3246449696 606175898 1030 564298 537919880 2148274176 874848512 33 3758130264 276852768 207692376 561152 814821337 164864 1784324184 66560 1087824199 2176 149356640 1124077584 2149589028 2097161 8198 18883840 1074271232 2097168 1024 1074795024 2097920 1056772 679708881 65792 33557632 1093165664 2755726780 180486 12740864 3456
is_linear=0
shrinkage=0.05


Tree=85
num_leaves=63
num_cat=21
split_feature=12 0 1 1 0 13 15 17 9 13 0 3 6 1 21 0 17 17 6 0 9 19 21 1 13 17 21 3 13 17 2 17 19 2 12 6 13 21 8 17 3 17 2 6 11 3 3 8 15 0 17 12 6 15 8 0 22 17 17 17 17 21
split_gain=414.561 447.88 534.568 348.605 534.404 284.926 275.323 300.528 385.486 299.052 272.323 335.663 265.762 233.779 213.486 210.265 208.769 201.269 195.288 261.043 231.184 267.463 181.162 177.348 174.481 173.723 170.138 168.43 163.505 160.73 156.172 155.592 153.543 151.634 150.374 147.127 144.535 173.501 157.604 144.44 143.799 136.178 131.379 142.363 130.047 126.875 126.242 131.432 122.564 120.301 117.584 117.547 130.693 115.572 114.938 111.918 105.644 105.145 104.497 103.981 102.996 122.89
threshold=0.58038692382980928 2.5000000000000004 4.5000000000000009 7.5000000000000009 4.5000000000000009 2.5000000000000004 99.500000000000014 0 0.77787490287490302 53.500000000000007 1.0000000180025095e-35 14.500000000000002 1.3334016113614642 49.500000000000007 1 2.5000000000000004 2 3 0.56316259346055142 23.500000000000004 0.92599798241821596 4 5 121.50000000000001 10.500000000000002 6 7 731.50000000000011 19.500000000000004 8 80.500000000000014 9 10 14.500000000000002 0.36964591592396262 0.079951573849878957 2.5000000000000004 11 1.294134032443061 12 1.0000000180025095e-35 13 25.500000000000004 2.381197839960727 0.066007266156441827 859.50000000000011 470.50000000000006 1.21742240467749 307.50000000000006 228.50000000000003 14 0.048715368168831603 1.846519109014944 11.500000000000002 1.1530096877092115 1.0000000180025095e-35 15 16 17 18 19 20
decision_type=2 2 2 2 2 2 2 9 10 2 2 2 2 2 9 2 9 9 2 2 10 9 9 2 2 9 9 2 2 9 2 9 9 2 2 2 2 9 2 9 2 9 2 2 2 2 2 2 2 2 9 2 2 2 2 2 9 9 9 9 9 9
left_child=1 2 5 36 -5 16 7 8 -6 14 11 40 25 51 45 -2 -1 -8 28 23 27 -22 49 32 33 -12 -18 60 39 -13 56 -17 44 -14 46 -27 37 -3 42 -16 -7 -11 -38 -44 -20 -9 47 -19 -48 54 -26 -4 55 -31 -23 -53 -10 -46 -32 -57 -21 -62
right_child=15 3 13 4 6 10 17 9 30 41 12 29 24 -15 18 31 26 34 19 20 21 22 -24 -25 50 35 -28 -29 -30 53 58 -33 -34 -35 -36 -37 38 -39 -40 -41 -42 -43 43 -45 57 -47 48 -49 -50 -51 -52 52 -54 -55 -56 59 -58 -59 -60 -61 61 -63
leaf_value=0.00058325909824895837 -0.0012486857358130635 0.010553105173584449 0.0075005074809096966 0.00400483354731239 -0.0008477218813815815 -0.0016833730904786551 0.0045683293702548332 -0.006840759493332231 -0.0044674230459146895 -0.0084794417535546847 -0.0022616373984265005 -0.0019131671897402035 0.0029882143068268273 0.039584240717408438 -0.0090913565418806984 -0.0017102260933804063 0.022411721003317259 0.0013721779592703375 -0.0009059134348021145 -0.00066937877615108631 0.004223729708536527 -0.0049310693940279003 -0.0088663544014937479 0.020048071086445161 -0.0072494079832388968 0.015381457679165473 0.0069590399985190888 -0.0012861424126168839 -0.00048357936412784662 0.0042814658449479223 -0.008474706515425012 -0.0074431424838104776 0.0017821308002699829 -0.01226940146685533 -0.0027597606869796194 0.0010059247410905221 -0.0020943286068344879 -0.0035803962857092796 -0.0077813621008232933 -0.0024413039407836499 0.0011052404516998142 -0.0025452165512954085 -0.0069302916236207886 -0.031498058521182613 0.0023172268496468281 -0.031264385615516407 -0.0047432236117386619 0.0065794776682221966 0.00088711888914299371 -0.0073099147959469523 -0.0026500378655599081 0.0097230128561692115 -0.0014802786556400043 0.0095813544858273231 -0.00092743668843075849 0.0091716926147798871 -0.016421607725351072 -0.016790640704643724 -0.018886845749745741 0.002742322466925053 0.0075429544105082057 0.002032637476637691
leaf_weight=5419.551082611084 138882.04560160637 4306.3789615631104 22888.543127536774 74135.728442430496 44178.363412380219 54584 38670.556240797043 6286.2083222866058 18291.182499885559 11293.642511606216 50171.057881116867 8216.5093724727631 14231.589839458466 471.79200267791748 12777.115144968033 20258.528690099716 3108.1919460296631 39587.525416612625 15614.779810905457 25785.815512180328 14987.373374938965 22611.263597011566 11329.129477977753 1283.3996634483337 24707.079043626785 1804.2612888813019 4230.4367785453796 65708.365041255951 54759.829079627991 42010.215560674667 5220.6090965270996 28526.375443458557 227789.83683538437 1837.7954392433167 28327.387351512909 126518.56202983856 102314.2342414856 4362.6462004184723 16491.85480761528 22662.609363794327 302011.7210316658 67078.606255054474 5986.4082479476929 653.25936365127563 1001.6016209125519 580.01839113235474 12496.055869102478 17462.352575540543 42661.38245010376 10710.480728626251 31840.989888429642 8265.073616027832 11561.102423667908 13622.433366298676 86512.853222370148 7141.7592520713806 2050.6430630683899 2572.6749694347382 4576.5829272270203 52478.019818782806 12392.644515037537 55092.397569179535
leaf_count=2833 82464 1575 6164 17661 8976 54584 6557 1281 4112 2285 19101 3074 5180 81 2407 4666 1609 7616 3425 4225 2271 3780 1876 195 10346 777 2202 8535 10814 14997 851 6592 47749 436 5419 47832 30351 1611 5083 4368 189288 13573 1314 137 220 73 1781 3165 5603 1371 13208 2228 3129 4805 13739 1884 468 587 769 13879 1993 8948
internal_value=5.2362e-06 0.000218348 0.00114375 -0.000393445 -8.86134e-05 0.000638699 -0.000397539 -0.000792938 -0.00382158 -0.000484049 0.000498068 0.00127619 -0.000804772 0.00450551 -0.000132492 -0.00224063 0.0080405 0.00137452 -3.88533e-05 0.000312778 -0.00066676 -0.00210216 -0.00282512 0.00151669 -0.00335495 0.000232741 0.0135276 0.000652823 -0.00219617 0.00461487 -0.00818183 -0.00506444 0.00142031 0.0012426 0.000495305 0.00120807 -0.00279474 0.00344894 -0.00322624 -0.0048423 0.000678385 -0.00340186 -0.00253668 -0.00935183 -0.00287404 -0.00889522 0.00131713 0.00296616 -0.000388512 -0.00225322 -0.00466145 0.0043434 0.00343375 0.00557836 -0.00175705 0.00427064 -0.00568353 -0.0114775 -0.0133679 0.00351463 0.0020188 0.00304559
internal_weight=2.16539e+06 1.97772e+06 787121 1.1906e+06 1.05649e+06 684314 982353 803148 74317.4 728831 671556 420445 251111 102806 650458 187667 12758.2 179205 643592 553393 305130 146151 131164 248262 72617.5 178494 7338.63 158979 90199.6 63849.2 30139 48784.9 246979 16069.4 140535 128323 134115 8669.03 125446 35439.7 356596 78372.2 108954 6639.67 19189.1 6866.23 112207 57049.9 55157.4 119835 56548.1 102334 79446 55632.6 109124 67884.9 20341.8 3574.28 9797.19 59619.8 93270.9 67485
internal_count=728123 634401 397637 236764 196693 370272 179032 148891 15176 133715 363628 266748 96880 27365 117857 93722 6644 30141 116503 98914 46738 23037 20766 52176 29170 67710 3811 23701 17589 22876 6200 11258 51981 5616 23584 48609 40071 3186 36885 6775 243872 15858 31802 1451 4232 1354 18165 10781 7384 18890 23554 27284 21120 19802 17519 17991 4580 807 1620 15763 15166 10941
cat_boundaries=0 4 6 10 14 15 17 21 23 27 31 32 33 37 41 45 46 49 53 57 61 63
cat_threshold=3523250208 3491788360 71305922 168326 2384461824 10760 1074795544 2416341760 275775497 44 3238006928 2953060096 811598352 533376 43520 270074871 98304 287316264 553713996 1477654928 37891 306825811 2048 2415952136 2415952896 1074800048 32772 9744 2416497160 71305728 41 1597968 6341251 16785856 9043968 673447936 1536 16777216 655360 134219025 524800 18883336 10518632 808753186 50723 306233761 16777216 262144 134217736 0 16392 67111104 4096 1091571840 2147500032 268437889 541440 19922952 393217 539263024 1536 814233601 131072
is_linear=0
shrinkage=0.05


Tree=86
num_leaves=63
num_cat=32
split_feature=8 5 8 3 6 12 6 17 8 16 20 17 16 16 17 6 17 13 16 16 17 6 16 16 22 16 16 17 16 20 17 16 16 19 17 17 12 6 17 6 22 5 19 17 17 22 17 17 19 17 12 3 17 17 17 20 19 22 17 16 19 17
split_gain=418.314 362.592 366.568 337.86 313.108 239.937 228.445 220.794 211.18 197.628 218.285 205.596 201.739 477.786 463.627 390.564 321.003 281.653 251.336 528.207 418.249 363.667 263.813 246.947 242.206 221.533 213.293 329.58 512.878 210.009 203.148 194.446 387.317 188.241 186.599 186.466 176.852 176.298 176.281 174.019 172.636 170.975 169.738 169.232 162.986 161.079 158.957 148.805 147.345 145.375 144.305 135.993 177.574 133.598 133.378 132.567 131.591 130.755 129.981 129.337 126.815 121.354
threshold=2.013422818791947 0.95949851585689749 1.1985383136305372 300.50000000000006 1.4169713625117706 0.085731796198349988 0.15010729613733911 0 1.0624188311688314 4.5000000000000009 1 2 18.500000000000004 25.500000000000004 3 2.9987562189054731 4 4.5000000000000009 44.500000000000007 48.500000000000007 5 1.0691105505593335 47.500000000000007 49.500000000000007 6 27.500000000000004 15.500000000000002 7 11.500000000000002 8 9 39.500000000000007 35.000000000000007 10 11 12 0.14180489131588533 1.1888578011849904 13 0.20013089005235604 14 0.43847632780581597 15 16 17 18 19 20 21 22 0.12263608130605032 47.500000000000007 23 24 25 26 27 28 29 20.500000000000004 30 31
decision_type=2 2 2 2 2 2 2 9 2 2 1 9 2 2 9 2 9 2 2 2 9 2 2 2 9 2 2 9 2 1 9 2 2 9 9 9 2 2 9 2 9 2 9 9 9 9 9 9 9 9 2 2 9 9 9 1 9 9 9 2 9 9
left_child=1 2 3 5 41 33 -5 50 61 10 -3 -12 14 15 26 16 39 25 20 22 54 23 49 60 -22 -15 27 28 -11 -18 -27 32 43 47 -25 -35 45 -28 -23 59 -16 53 -30 -26 -17 -29 -7 -1 -41 -20 -6 -37 -53 -4 -19 -38 -42 -51 -10 -14 -21 -8
right_child=-2 9 4 6 7 46 8 -9 58 12 11 -13 13 17 40 44 29 18 19 21 24 38 -24 34 31 30 37 36 42 -31 -32 -33 -34 35 -36 51 55 -39 -40 48 56 -43 -44 -45 -46 -47 -48 -49 -50 57 -52 52 -54 -55 -56 -57 -58 -59 -60 -61 -62 -63
leaf_value=-0.012000951106753064 -0.013128467980486459 -0.0085178325913539341 0.0075341189349617177 0.015642757351395958 -0.00047565183577903073 0.0027635234800927311 -0.001415040919689311 0.00195765770984887 0.0082548901506790309 0.00023655277019105319 0.006950133214448203 0.00075905387869798339 0.025336183054753787 -0.0093053914874531487 -0.010469107423883232 -0.00078756164592487141 0.0063077960263774368 0.010729954847000392 0.0099501033452051545 -0.0099610105600452699 0.0032007318770989855 -0.0026717404180771321 0.008944533928212926 0.0098486668810114971 -0.0087561327697318961 0.0089499544588814168 0.0014945387072372669 -0.0091341539844923183 0.032067239832166146 0.00031753587234036544 0.0011725387320107635 -0.0067533548209682773 0.0066408857092693984 0.0051564763048649875 -0.00075044810996738277 0.0028036706701301669 0.0031377566802546978 -0.0071567626554874782 -0.0094258856384318024 -0.0066403502086311355 -0.0012314545035660232 0.0023163483742651338 0.012201687684132982 -0.0030995822577000688 -0.010403869716936794 0.0020474804542193015 -0.000302310118348418 -8.525451603263193e-05 0.0004702468562336723 0.013831839587894704 -0.0063274872683885741 -0.0051558015861992296 0.001243559300528084 0.0027184460137290971 0.00090701790826842692 -0.0051219853307348812 -0.0049771353704599168 -0.00020315564627419012 -0.0019855700627417652 0.0010659212100293791 -0.00059420550533668146 -0.010533481751307729
leaf_weight=2716.1769497394562 6044.5973160266876 4813.1083104610443 35227.265035152435 1762.5074379444122 27251.05208325386 45625.777851343155 5332.2762002944946 57361.538265943527 3177.3229532241821 15940.989881515503 18640.766869306564 47746.483324766159 1093.559178352356 3700.021880865097 10693.060766458511 10596.584577560425 61978.638864278793 3873.3686172962189 4421.7301459312439 5211.2724189758301 10905.176244497299 17937.416007041931 15453.863409996033 9211.9546713829041 16223.733014345169 11922.834559440613 9004.6961462497711 3464.1660976409912 1230.5529956817627 19164.82840514183 28360.51224732399 59563.955955028534 9191.8212504386902 48802.777079105377 7558.2071766853333 95101.768830776215 5968.9348158836365 17015.382398605347 20996.641605854034 9694.9959652423859 34045.372454881668 126382.90983629227 8705.4167482852936 71586.406964063644 7541.4328062534332 44046.176050424576 574604.18736314774 66748.815165519714 29215.931273460388 1723.778510093689 17173.929913759232 14015.262409687042 47716.73419380188 24426.130985021591 31376.989800691605 25989.604046344757 75488.918787002563 38237.05123758316 110969.1129322052 1101.3483753204346 11749.327939987183 11644.374604225159
leaf_count=1533 1807 1507 10059 378 5846 21719 858 12147 483 4394 5054 13338 426 908 3253 3146 15320 1120 1275 1353 3000 4522 4308 2769 3847 3057 2519 845 337 5441 7680 16454 2686 18706 2326 50028 1549 3697 5216 2786 8423 24189 2206 18336 2612 10309 284528 27404 7701 490 4299 2974 9872 7293 8239 7908 20942 10731 16654 430 3048 1931
internal_value=5.45189e-06 4.2239e-05 0.000560718 0.000119216 0.00213793 0.000468391 -0.00223338 -9.15716e-05 -0.00247378 -0.000767768 0.00175266 0.0024983 -0.00100047 -0.000437735 -0.00216263 0.00205415 0.00306999 -0.00136027 -0.00185386 -0.000160414 -0.00296071 -0.00302512 0.00331845 0.000775125 -0.00400252 0.00240164 -0.000109084 0.000892212 0.00579185 0.00489322 0.00347713 -0.00450443 -0.00312389 0.0016974 0.00507738 0.0024575 -0.000703922 -0.00416289 -0.00631742 -0.000530205 -0.00440603 0.00335776 0.0147095 -0.00414612 -0.00479236 0.00123052 -7.67354e-05 -0.000553001 -0.00130313 0.00135931 -0.00273735 0.00161735 -0.000210007 0.00556405 0.00198939 -0.00357987 -0.00381315 0.000405908 -0.0016999 0.013164 -0.00347887 -0.00767672
internal_weight=2.16447e+06 2.15843e+06 1.31604e+06 1.02822e+06 287823 895331 132886 101787 131123 842387 71200.4 66387.3 771187 519593 251593 140387 122249 379206 335223 132501 202721 72664.8 59836.4 33730.8 167471 43983.4 131366 105346 25877 81143.5 40283.3 156566 97002 275102 16770.2 205637 79468.9 26020.1 38934.1 41105.8 120227 186036 9935.97 87810.1 18138 47510.3 620230 69465 38910.9 44382.6 44425 156834 61732 59653.4 35250.4 31958.5 109534 39960.8 114146 2194.91 16960.6 16976.7
internal_count=728216 726409 500901 437068 63833 416764 20304 22292 19926 225508 19899 18392 205609 139227 66382 37862 32104 101365 89720 36038 53682 19234 16804 9496 44323 11645 33764 27548 6937 20761 10737 41323 24869 110517 5095 81580 20611 6216 9738 11343 32618 41541 2543 22183 5758 11154 306247 28937 10487 12496 10145 62874 12846 17352 9359 9457 29365 11221 17137 856 4401 2789
cat_boundaries=0 4 5 9 13 17 21 22 26 27 31 32 36 40 44 45 46 50 54 55 59 63 64 67 70 74 78 79 80 81 85 86 90
cat_threshold=3256882264 2416619584 208701793 17441 8 1074790792 8671240 872462338 20481 268444400 270861352 1677822353 581801 1092620288 2156814336 1277175233 4385 301993984 3229740321 139468840 536896 8407056 16 2162728 1073809424 581633 28 285221248 8913216 940581120 17408 573602 8832 9310208 876707856 17449 34612632 21072387 71870487 656003 2685412552 8926208 872483520 17929 416303458 133120 1075839104 536870984 1610680400 16896 3758097104 512 876708368 17416 4237842 1049728 18880677 2751463436 533504 2148544576 268440128 71442434 1024 1319298 2147483712 2415932160 1472 2434828800 2684485640 403702400 3761252048 671752 805634216 16672 301989888 1073750272 0 256 2 1448472 9578560 16777216 2684354560 335549440 524288 1705376 2147483720 276824064 71376896 1056
is_linear=0
shrinkage=0.05


Tree=87
num_leaves=63
num_cat=36
split_feature=12 0 1 10 20 6 0 17 1 19 12 11 7 14 19 6 17 21 20 17 0 17 17 17 19 0 17 17 17 17 20 14 8 17 19 11 3 5 12 2 21 0 0 19 21 21 17 19 20 17 10 20 17 2 17 21 17 21 20 17 17 6
split_gain=351.792 383.672 569.625 439.492 438.117 290.121 346.293 249.135 236.35 233.36 235.468 221.415 214.304 211.337 337.593 334.04 227.237 214.973 201.917 201.429 183.22 181.797 172.514 170.741 170.334 170.292 167.196 164.272 160.241 159.952 156.784 152.073 169.167 167.401 150.438 146.451 145.404 145.267 144.579 142.184 139.068 138.704 134.506 130.494 128.808 127.422 121.866 121.357 120.598 119.862 119.507 164.566 129.301 122.406 119.163 119.104 115.514 114.033 112.151 111.425 110.168 171.781
threshold=0.60060058481613288 2.5000000000000004 4.5000000000000009 2.5000000000000004 0 0.60011219147344819 46.500000000000007 1 63.500000000000007 2 0.19038195149003087 0.083137392804448346 614.50000000000011 1.0000000180025095e-35 3 1.7145852051512431 4 5 6 7 5.5000000000000009 8 9 10 11 1.5000000000000002 12 13 14 15 16 1.0000000180025095e-35 1.0789832209952677 17 18 0.08116148834427199 14.500000000000002 0.093386627906976757 0.016937990279592256 122.50000000000001 19 20.500000000000004 11.500000000000002 20 21 22 23 24 25 26 3.5000000000000004 27 28 23.500000000000004 29 30 31 32 33 34 35 0.39136032841948132
decision_type=2 2 2 2 1 2 2 9 2 9 2 2 2 2 9 2 9 9 1 9 2 9 9 9 9 2 9 9 9 9 1 2 2 9 9 2 2 2 2 2 9 2 2 9 9 9 9 9 1 9 2 1 9 2 9 9 9 9 1 9 9 2
left_child=1 2 13 4 5 19 9 44 50 11 22 21 30 15 26 16 -1 28 27 -3 -6 40 35 -19 -9 -2 -15 -18 -16 -22 42 32 33 -32 -20 -11 -25 -17 -13 47 -7 60 46 -28 -8 -45 -5 -33 -30 -12 51 52 -4 -54 -43 -29 -39 -35 -46 -27 61 -34
right_child=25 3 8 12 20 6 7 24 -10 10 49 38 -14 14 17 37 18 23 34 -21 29 -23 -24 36 -26 59 43 55 48 -31 31 39 41 57 -36 -37 -38 56 -40 -41 -42 54 -44 45 58 -47 -48 -49 -50 -51 -52 -53 53 -55 -56 -57 -58 -59 -60 -61 -62 -63
leaf_value=-0.0011419270225274877 -0.0011630415056339243 -0.0054294767447359525 0.0063646274812754339 0.0039464552785466196 -0.0026199307495124269 0.0053524827301893001 -0.0086650004807951927 -0.012386626091902296 0.043394128671807121 0.0044839205712335359 -0.0072368038172209645 -0.021277299325003798 -0.0016628491170139295 0.0046752257956535342 -0.0026209475111050899 -0.00083106890083587412 0.0051776720339162018 -0.0058425700836577969 -0.0004558471214715301 -0.0011825671790266009 -0.0051485649821994862 -0.0027850976354408126 0.00064224711782036401 0.008687526181714339 -0.0042815899001119274 -0.009022521446256997 -0.021109718111330542 -0.0041247219907847949 0.018757152792090122 -0.012645123817275087 0.0039364717296914041 0.021662783686992627 -0.0014834074066201093 0.0020957678237982585 0.0027065794087862095 -0.0014773800783036421 -0.0083890366675128236 -0.0013921596459146837 -0.0055409708205879484 0.0029716245420117497 -0.00022413218781967077 -0.0018164032467219737 -0.0055106071499322956 0.0012204784037124084 0.00069600539745357274 -0.010028249584285116 -0.0023719994247576757 0.00701773383960177 0.0092044887985046047 -0.00018226737140874453 0.011663914571111805 -0.00010801515586995178 0.0040774688334759444 -0.0037678497232462257 0.0016692526980619793 3.7384819738840995e-05 -0.0071377281156110115 -0.003815300416415215 -0.0051588196797381115 -0.0034172711866881722 0.0021036960518421872 0.007322689034649151
leaf_weight=128673.39055967331 99927.555242776871 49260.138611078262 53142.033131599426 13406.189379930496 45527.646964550018 14213.34755730629 4938.8557343482971 8171.2868657112122 387.27868843078613 83969.27081823349 6345.1495468616486 1975.6476078033447 73759.37557554245 6342.5795605182648 2062.2440969944 48606.262276172638 14135.255677223206 4512.2242226600647 45664.858055114746 64475.682372808456 22702.015741586685 62615.027527809143 83518.073139667511 7893.115875005722 31454.11105298996 11710.938890695572 1180.8607020378113 19326.291732549667 4864.7336494922638 10395.270215511322 13141.989211797714 2166.9527671337128 6839.5981402397156 10585.228161096573 213153.56420922279 11743.025879383087 1479.4983875751495 14039.434387683868 5584.7435877323151 13210.202215194702 52231.672676086426 29384.466805458069 14268.207652330399 5855.112270116806 49587.450165271759 4405.9854125976562 17686.113287687302 4143.1692771911621 10576.15074634552 114307.56030869484 5248.3213770389557 20189.385571241379 19353.75005531311 6689.7073888778687 147885.3301024437 154692.36840391159 23280.610482692719 35530.251798629761 9783.5554804801941 36639.158619165421 56597.248404026031 29091.434267759323
leaf_count=74387 62805 11289 14086 3235 13512 3093 748 1315 65 17473 1336 510 8920 2819 980 23924 8104 2160 25754 14878 5214 14269 17485 3671 4774 2966 547 11658 2001 2541 2518 438 1423 2186 114935 2575 421 5925 1359 1966 11546 4562 2768 2707 7362 2159 4283 862 4763 25452 1258 5661 5445 1436 22914 89379 9936 7083 1511 9388 11668 5999
internal_value=8.80949e-06 0.000181671 0.00101839 -0.00038689 -0.00115117 -0.000727271 -0.000244234 -0.00283799 0.00445573 0.000373366 0.00115366 -0.00133938 0.000810611 0.000510523 0.00367297 0.000275463 0.000709541 0.00679014 0.00124254 -0.00302256 -0.00467738 -0.000852258 0.00230323 0.00213971 -0.00595593 -0.00234171 -0.00183139 -3.89404e-06 0.0104756 -0.00750879 0.00127374 0.00163354 0.00137921 -0.0010398 0.00214862 0.00375212 0.00598494 -0.00263252 -0.00965539 0.00592133 0.000969458 0.00191052 -0.00149123 -0.00543921 -0.000915691 -0.00361515 0.000352899 0.0120951 0.0122253 -0.000553939 0.00431118 0.00392274 0.00494982 0.00206141 0.00109145 -0.000425085 -0.00497868 -0.00245831 -0.000269569 -0.00477766 0.0034797 0.00564485
internal_weight=2.16453e+06 2.01625e+06 815755 1.2005e+06 732800 654175 540439 103935 105010 436504 299883 136620 467696 710745 49172.5 661572 575646 31388 446972 113736 78624.9 129060 179230 13884.8 39625.4 148278 17784.5 188154 17503.1 33097.3 393936 348576 329056 59257.5 258818 95712.3 9372.61 85926.3 7560.39 19520.3 66445 269798 45360.5 11442 64309.9 10261.1 31092.3 6310.12 15440.9 120653 104623 99374.9 79185.5 26043.5 177270 174019 37320 46115.5 59371 48350.1 92528.3 35931
internal_count=728407 653248 414181 239067 158242 136975 110808 15710 27951 95098 64321 30777 80825 386230 22228 364002 324217 13996 249830 26167 21267 28908 37533 6252 6089 75159 8232 109141 7744 7755 71905 61619 58353 11787 140689 20048 4092 39785 1869 3266 14639 46566 10286 5413 9621 4866 7518 1300 6764 26788 27886 26628 20967 6881 27476 101037 15861 9269 8873 12354 19090 7422
cat_boundaries=0 1 5 6 7 11 13 14 18 22 26 30 31 35 39 43 47 48 52 53 55 56 58 60 64 65 66 70 71 75 79 81 85 87 88 92 96
cat_threshold=22 16786368 545784320 939634688 549673 540675 714016 287324424 1761632580 1217541376 268358 1345354535 8 19 1075844416 537813000 677690624 649 16778058 9054465 201629706 49248 553677696 1619951648 943724547 532992 1110476032 276979972 75563137 16416 525315 553648896 425984 1209141248 524288 2182087776 2097800 2215116942 33792 33555456 2147623936 272630400 33796 2099264 2149597536 1749123153 24621 1 1053704 805590272 341839617 132160 802976 294486673 256 16384 585269312 1024 9314503 34816 1054224 143360 1076994436 17409 264258 6 512 537067520 2305 1664 14 1612723600 291104 939855137 541608 17826840 8790024 201328737 768 809527768 133026 1090524368 269382400 1818297738 524548 566255972 32768 20 18907144 8798464 402727680 1536 540017368 2156396544 69273608 16384
is_linear=0
shrinkage=0.05


Tree=88
num_leaves=63
num_cat=20
split_feature=12 5 3 10 17 20 15 8 7 16 6 13 13 17 17 9 0 13 3 17 16 16 16 6 17 17 16 17 21 16 3 16 16 9 13 16 17 8 17 3 9 17 0 21 16 22 5 17 13 17 17 15 21 7 17 8 12 17 16 16 16 16
split_gain=336.849 334.874 478.503 344.048 297.097 288.475 406.253 383.318 355.101 231.674 227.05 536.082 324.596 320.341 312.516 281.905 318.445 302.567 289.048 272.416 257.15 570.328 485.13 322.529 234.64 224.42 222.869 246.681 218.779 215.287 447.783 379.917 240.838 239.743 211.803 203.184 192.179 185.996 191.5 181.003 258.153 340.217 178.028 171.087 163.063 161.515 155.409 153.137 152.211 216.308 150.422 149.85 147.634 147.228 145.693 144.058 138.258 138.178 136.097 296.439 412.567 333.591
threshold=0.60060058481613288 0.14423702052568035 13.500000000000002 3.5000000000000004 0 1 10.500000000000002 1.0023923444976079 224.50000000000003 48.500000000000007 0.56316259346055142 18.500000000000004 53.500000000000007 2 3 0.91676563737133809 10.500000000000002 18.500000000000004 114.50000000000001 4 6.5000000000000009 16.500000000000004 23.500000000000004 0.11715230855855857 5 6 46.500000000000007 7 8 15.500000000000002 110.50000000000001 12.500000000000002 19.500000000000004 0.33358739837398382 2.5000000000000004 44.500000000000007 9 1.0834726867335565 10 34.500000000000007 0.6842526990553307 11 2.5000000000000004 12 15.500000000000002 13 2.1715559802516329 14 12.500000000000002 15 16 7.5000000000000009 17 1240.0000000000002 18 1.1626941087353238 0.021640163029942653 19 39.500000000000007 22.500000000000004 15.500000000000002 25.500000000000004
decision_type=2 2 2 2 9 1 2 2 2 2 2 2 2 9 9 10 2 2 2 9 2 2 2 2 9 9 2 9 9 2 2 2 2 10 2 2 9 2 9 2 10 9 2 9 2 9 2 9 2 9 9 2 9 2 9 2 2 9 2 2 2 2
left_child=1 2 -1 5 -4 8 7 48 10 35 11 19 13 39 -14 17 34 18 24 -3 -13 -22 23 -23 -15 -10 -24 -28 44 31 -31 -6 -32 -33 -17 47 -8 38 -19 -12 -41 -42 -2 -26 50 -27 58 -9 49 -7 -18 -16 -51 56 -44 -46 -5 -47 59 60 -36 -61
right_child=42 3 4 53 29 6 36 9 25 -11 12 20 14 15 51 16 28 37 -20 -21 21 22 26 -25 43 45 27 -29 -30 30 32 33 -34 -35 46 -37 -38 -39 -40 40 41 -43 54 -45 55 57 -48 -49 -50 52 -52 -53 -54 -55 -56 -57 -58 -59 -60 61 -62 -63
leaf_value=0.0005353933061166804 -0.0012987361559086042 -0.010849660571372042 -0.0024388301449163288 0.0067831815712119095 0.0065575035655594492 -0.0052589947779089546 0.0064855461160809869 -0.0083627797722198981 -0.008075004475867599 -0.011710554640740034 0.0012213619262317508 0.0057357170520043388 0.0031528199555041683 0.016428963226132281 -0.0058997792102801101 0.0094972334785262541 0.0073706132340820314 -0.0035091740092445681 0.0029991613605422776 -0.0031816022184607408 -0.0059555101325509396 0.026560547451532454 -0.0021554462769918423 0.0055854213958064424 -0.0035786543641028214 -0.016018444564257078 -0.0052059045834145484 0.0077827431699069929 -0.0052670971143906828 0.0060874674878611985 0.034455956150414933 -0.014357895730173389 0.012070776435751258 0.00072842222090607495 0.0043383836206944059 0.002389415174017888 -0.00025916603160923917 0.0040240176289817247 0.0029678814701830317 2.4197810524859325e-05 -0.0024126504904613539 -0.015138579523237267 -0.0012027413557582336 0.0085066956807051917 -0.0040118191923130212 0.0027675587406514276 -0.0037120834430764689 -0.0036412069094075242 -0.0023045172292323591 0.0075009742399175976 0.00071352286561962488 -0.0015264234969709347 -0.00087164405413857218 -0.0021787958896644327 -0.0077057260771529485 0.00025793537742511914 0.0015419842115261652 -0.0023624839072790291 -4.9978092998841824e-05 0.016748666811741593 -0.0037816061589050799 0.0042910600812632897
leaf_weight=371902.70764827728 111841.52191019058 16875.815551519394 13254.769294023514 13314.708208560944 19068.12043762207 7506.3610537052155 15913.332295656204 26152.564900636673 16861.16869354248 12360.367461204529 26486.957653284073 18443.415865898132 33316.012139558792 8522.8875799179077 23137.927639961243 9766.5801560878754 11459.407806634903 26809.357039928436 41604.573216915131 36976.013131856918 36150.950677871704 1978.2495422363281 59335.453537225723 24778.318870306015 3433.9921562671661 1963.6106553077698 5057.9212925434113 13126.586532354355 23490.627511262894 46970.170579195023 2162.0684251785278 4275.2556340694427 2706.9838478565216 6854.4766054153442 48564.904098510742 9793.139080286026 31365.146911859512 36156.493440151215 19853.403485298157 19938.967256546021 12252.98394536972 9199.0940024852753 13688.778561115265 19812.758100509644 31099.890178203583 15485.58611869812 11403.321962594986 50185.690568447113 54826.509096622467 14754.089338541031 32640.393987178802 127605.52232122421 8186.7680423259735 25290.92603302002 23286.855799674988 54149.755194425583 228572.246311903 85885.497038841248 41179.392359256744 7627.0141746997833 23074.979881763458 18188.635155677795
leaf_count=255218 66749 4082 4462 2085 6263 3075 4514 7182 2387 3228 8346 5195 8227 1993 7813 3616 2123 7238 7104 9197 9968 763 16848 7272 855 279 1396 3883 4455 16190 501 1228 507 2138 12801 2648 9616 7839 5011 4052 2353 1881 3168 4727 5816 2140 4605 13710 21834 5624 6048 33953 3167 2855 5426 9752 38613 11965 10694 1971 5734 4631
internal_value=2.59026e-06 0.000171795 0.00134538 -0.000181507 0.00450655 -0.000521006 -0.00212099 -0.00318453 -0.000170154 -0.00530935 0.00015921 -0.00127617 0.000582834 0.0012042 -0.00122906 0.00166897 0.000802411 0.00340362 0.0057416 -0.00558734 0.0001852 -0.000543827 0.00133235 0.00713715 0.0093328 -0.00272814 -0.000671282 0.00417135 -0.000829277 0.00562835 0.00758395 0.00227298 0.0220158 -0.00506744 0.00236298 -0.00439062 0.00201242 0.00133224 -0.000753521 -0.00200596 -0.00407165 -0.00787842 -0.00229312 0.00672061 -2.28996e-05 -0.00185466 0.00189852 -0.00526042 -0.000730318 0.00210434 0.00244534 -0.00219759 0.0045141 0.00145099 -0.00530076 -0.00129974 0.00183051 -0.0015786 0.00236004 0.00337838 0.00172294 0.00797206
internal_weight=2.16793e+06 2.01911e+06 467195 1.55192e+06 95291.8 1.28474e+06 231044 183765 1.05369e+06 98491.8 933499 212723 720776 536716 184059 468838 312645 156193 73374.2 53851.8 158871 140427 104277 26756.6 31769.6 120196 77520 18184.5 152840 82037.1 51839.2 30197.9 4869.05 11129.7 159805 86131.4 47278.5 82819.3 46662.8 67878 41391 21452.1 148817 23246.8 129349 103335 150038 76338.3 85273.7 30447.2 44099.8 150743 22940.9 267178 36975.6 85249.6 241887 101371 138635 97455.5 71639.9 25815.6
internal_count=729014 653671 286507 367164 31289 323611 74598 60468 249013 26768 232242 58604 173638 123645 49993 107013 72246 34767 14679 13279 45325 40130 30162 8035 7575 16771 22127 5279 28194 26827 17198 9629 1008 3366 44052 23540 14130 20088 12249 16632 8286 4234 75343 5582 23739 14384 40436 20892 33700 11866 8171 41766 8791 43553 8594 15568 40698 14105 35831 25137 18535 6602
cat_boundaries=0 4 5 9 13 17 21 25 29 31 35 39 43 45 46 50 54 58 60 64 68
cat_threshold=2415951912 3221259328 1078998896 163844 22 3490742272 4034950720 3282464 163968 3221246096 1887525377 337643530 8384 287315392 9052168 945827072 5633 2110848 786432 939524161 512 2149581832 131080 67148096 5633 2102280 131080 136355904 520 101929399 34176 34603072 2435604736 604278595 1030 538968960 884744 262464 17953 0 813711360 3149856 32896 189923844 131084 4262912 587207688 2416444992 201662786 268 3255866696 2416197668 351273483 1284 1088 163840 738265345 16897 438356343 33800 2147493632 2416449024 67110912 40 4288 545260032 268444672 532736
is_linear=0
shrinkage=0.05


Tree=89
num_leaves=63
num_cat=26
split_feature=8 12 16 16 9 16 16 17 13 17 17 9 16 17 16 16 16 17 20 16 17 16 17 17 17 20 16 16 9 16 17 6 17 17 17 17 17 13 16 16 16 17 16 22 9 6 16 20 17 16 17 17 17 22 16 16 2 9 17 16 16 15
split_gain=353 283.432 509.766 695.676 531.907 391.356 570.124 434.559 426.654 372.08 308.707 286.685 277.75 272.764 267.454 633.895 508.865 505.647 398.6 554.497 381.708 340.156 323.711 302.138 294.305 260.28 256.72 424.565 238.7 332.8 250.356 230.335 227.031 221.697 199.964 191.638 190.594 189.161 255.212 455.366 224.41 555.251 437.42 390.132 339.437 330.128 437.063 307.844 293.118 292.318 267.486 236.841 224.783 209.259 193.278 185.481 184.157 182.683 181.983 180.429 179.993 214.725
threshold=2.5178571428571432 0.14611528303841512 48.500000000000007 46.500000000000007 0.85724374495560951 49.500000000000007 51.500000000000007 0 43.500000000000007 1 2 0.52529907368617057 49.500000000000007 3 39.500000000000007 41.500000000000007 35.000000000000007 4 5 13.500000000000002 6 16.500000000000004 7 8 9 10 50.500000000000007 49.500000000000007 0.85009363295880158 28.500000000000004 11 0.81835486848177219 12 13 14 15 16 30.500000000000004 17.500000000000004 10.500000000000002 24.500000000000004 17 20.500000000000004 18 0.87493199129488586 1.4667533593411359 10.500000000000002 19 20 48.500000000000007 21 22 23 24 12.500000000000002 43.500000000000007 9.5000000000000018 0.89557107287421245 25 8.5000000000000018 29.500000000000004 149.50000000000003
decision_type=2 2 2 2 10 2 2 9 2 9 9 10 2 9 2 2 2 9 1 2 9 2 9 9 9 1 2 2 10 2 9 2 9 9 9 9 9 2 2 2 2 9 2 9 10 2 2 1 9 2 9 9 9 9 2 2 2 8 9 2 2 2
left_child=1 2 3 14 26 10 8 -8 36 -6 11 -3 -11 -5 16 -16 17 59 22 24 -17 35 -19 -18 -20 37 27 -4 29 -23 -30 -22 -14 -10 -33 -21 -7 38 39 -12 42 -42 43 -39 48 46 52 -47 55 53 -44 -48 -45 -46 -41 -43 -9 -15 -13 -1 61 -50
right_child=-2 5 4 13 9 6 7 56 33 12 25 58 32 57 15 20 23 18 19 21 31 28 -24 -25 -26 -27 -28 -29 30 -31 -32 34 -34 -35 -36 -37 -38 40 -40 54 41 44 50 45 49 47 51 -49 60 -51 -52 -53 -54 -55 -56 -57 -58 -59 -60 -61 -62 -63
leaf_value=0.00051801276301706412 -0.017110120573475513 -0.00085293265329627855 -0.0023859866003337962 0.013661705516883491 -0.023682435844022062 0.017232857750716989 0.002097582242246287 -0.0017780940458372203 0.0067885491782888486 -0.012393133961770227 -0.0010232184714687616 -0.015302034159637705 0.0055008957962875468 0.008103980476448832 -0.0057078598856388548 0.016129884918901796 0.017308278720269365 0.0040011770110088369 0.00081368566514750682 -0.015186632648132649 -0.002521827680383728 0.0046150511066491966 0.0010900139658497436 0.0048121112013130365 0.007128877686709648 -0.0024020059387842257 -0.003218440161646836 0.010775129280600161 -0.0067275955237864216 -0.00579238222588754 -0.00077246585882603054 0.0041326579805330563 -0.0053606204125582167 -0.0021161768937015702 -0.0010067784031121587 -0.0050270929970464883 0.0076108988747898487 -0.00492998983468946 0.00018882163573843267 -0.014453790349657958 0.00735964722578161 0.004976388236554094 0.016408572120044526 0.0074678125987092244 0.0099860397698214951 0.0036566865103290444 0.012588362226114478 -0.0049534277135075246 -0.0041902902770567024 -0.0087786030524280838 0.0043570100115117817 -0.001026582695124362 0.0025164755644459017 0.00067537520833974908 -0.0056202200731710469 -0.004916714360703513 -0.014579415532736444 0.0015043939297403009 -0.0048431827256501386 -0.0044639846006514997 -0.0025358164639558613 -0.011507686687470634
leaf_weight=26792.865984201431 3005.620762348175 66139.90606713295 12141.650746822357 10701.539747476578 3078.1805005073547 8577.8940131664276 20374.664987564087 4442.7376010417938 13243.615191936493 11141.793152332306 57401.159213066101 4496.0041663646698 6053.3851525783539 20439.706918716431 52743.524373054504 3931.455347776413 6456.9790277481079 157841.58791327477 56597.957840204239 6110.3717153072357 45015.96505689621 30549.717620849609 241782.43731045723 19308.227875471115 27366.162342309952 145751.3694653511 21619.872273921967 12369.755156040192 26040.68161034584 10260.366570472717 54747.325669765472 45028.880678892136 23309.425559997559 14782.24952173233 32641.038045883179 19386.753364562988 13016.86309504509 29696.398861646652 103969.46663022041 9967.0293424129486 19507.531626224518 15301.941286325455 5150.9645662307739 37675.430519580841 6419.4943468570709 14676.146607160568 3315.4844567775726 35419.172667741776 27448.926013469696 7811.2394692897797 42998.501743078232 80346.840108394623 58610.752773523331 98164.118489265442 16353.836893796921 6861.440887928009 7642.3693532943726 21532.368292331696 54915.792699098587 56489.363330841064 54082.095237255096 15795.21832036972
leaf_count=8657 1035 34602 3382 3179 886 2480 7100 2450 5645 2945 13873 1269 1621 4457 14037 1238 1702 38349 18031 1885 15190 13197 61350 5383 8922 77466 6066 3440 7707 3775 14753 10170 6268 6626 7695 6060 4545 13447 27099 2681 7370 6434 1821 13925 2050 4244 1396 12544 11587 2451 17024 36004 23776 29828 5219 3323 1502 6979 16126 20305 29217 4019
internal_value=1.03726e-05 3.41833e-05 0.000617083 0.000950011 -0.0029891 -0.000528121 0.00279312 -0.00235905 0.00616343 -0.00694997 -0.000795839 -0.00311717 -0.00567057 0.0065382 0.000629742 -0.00110241 0.00104973 0.000800606 0.00128414 -0.00036896 0.000816054 -0.00221954 0.00223993 0.00795289 0.00287298 -0.000469327 0.000753026 0.00425598 -0.0011185 0.00199836 -0.00269299 0.000323855 -0.00312127 0.00209351 0.00197321 -0.00747025 0.0114451 -9.21875e-05 -0.00146568 -0.00352028 0.000368747 -0.000739655 0.00127376 0.000462325 -0.0014213 0.0011586 0.00215803 -0.00243121 -0.00327669 0.000551085 0.0056509 -0.000485505 0.00445496 0.00124799 -0.00896569 0.00191269 -0.00986576 0.00471728 -0.00563829 -0.00286089 -0.00445817 -0.00686322
internal_weight=2.16484e+06 2.16184e+06 1.06148e+06 971765 89714.1 1.10036e+06 82080.4 32459.8 49620.6 43582.8 1.01828e+06 125552 40504.6 52673.6 919092 179361 739731 713966 630683 231059 126617 147095 399624 25765.2 83964.1 892725 46131.3 24511.4 121598 40810.1 80788 122686 29362.8 28025.9 77669.9 25497.1 21594.8 746973 187691 83722 559282 251392 307890 259740 231884 230044 179949 50095.3 119490 112395 48149.5 83662.3 96286.2 104584 26320.9 22163.4 12085.1 41972.1 59411.8 83282.2 97326.2 43244.1
internal_count=727807 726772 297629 273021 24608 429143 30348 11052 19296 11720 398795 51997 10834 14615 258406 48330 210076 202991 174029 74330 34293 47377 99699 7085 26953 346798 12888 6822 39432 16972 22460 33055 7889 12271 17865 7945 7025 269332 48872 21773 220460 96279 124181 105336 88909 91889 75101 16788 54580 34329 18845 37400 37701 31878 7900 9757 3952 11436 17395 28962 44823 15606
cat_boundaries=0 4 8 12 16 20 21 25 29 33 37 38 42 46 50 54 58 62 66 67 68 72 76 79 83 84 88
cat_threshold=1613767296 546194440 874588177 16425 2415951872 2415952136 1057376 4096 270542856 537100740 3230809552 269952 2164306008 2415923776 2099024 33284 1375735812 2151688534 2291291016 168262 12 32 8448 1180740 4096 540033672 67747873 872480816 5775489 18874368 401728 138412352 768 2686452632 277352448 879009793 40 14 19932800 537673760 809575440 1024 16786560 8519680 874578048 1537 3224380056 8393728 876707898 541729 2971678992 2685276736 138420656 1536 3147264 8520704 71335936 8 16786176 537788416 136355840 9 2147483650 293617152 4194818 139524 548333920 2 16777280 3221241856 203423777 64 5248 2147487232 805306368 524288 1073741824 544 65536 1074792080 1074266152 606175232 16457 546596864 0 0 132160 1024
is_linear=0
shrinkage=0.05


Tree=90
num_leaves=63
num_cat=14
split_feature=8 0 1 10 20 4 16 17 1 13 7 20 8 16 16 17 16 9 16 4 16 17 15 15 5 1 17 13 13 15 16 0 2 11 17 5 11 11 17 17 2 9 13 16 8 2 15 10 15 17 16 16 4 16 17 0 2 17 6 9 17 17
split_gain=329.357 322.096 476.327 441.057 279.72 236.875 230.916 233.912 199.919 197.143 194.253 243.887 287.549 251.565 298.283 292.25 282.726 275.962 466.413 213.818 205.703 202.188 201.095 190.278 184.964 171.851 215.063 169.748 161.511 158.408 154.732 154.334 156.823 190.534 151.4 148.476 190.2 140.509 140.443 138.655 137.66 136.496 176.504 131.323 138.804 123.345 120.927 120.761 120.118 121.79 149.504 153.389 147.618 471.184 125.721 116.651 115.773 115.36 115.071 114.349 113.003 112.738
threshold=2.5178571428571432 1.5000000000000002 1.5000000000000002 1.5000000000000002 0 111.50000000000001 16.500000000000004 1 38.500000000000007 12.500000000000002 279.50000000000006 2 1.1154140202305343 6.5000000000000009 16.500000000000004 3 24.500000000000004 0.055658818669971091 11.500000000000002 216.50000000000003 1.5000000000000002 4 286.50000000000006 40.500000000000007 0.55202732974910407 5.5000000000000009 5 2.5000000000000004 17.500000000000004 691.50000000000011 50.500000000000007 1.0000000180025095e-35 12.500000000000002 0.017518523839314539 6 3.8729838709677424 0.042355932528153069 0.095696724033327546 7 8 27.500000000000004 0.79718295888508661 24.500000000000004 10.500000000000002 1.0930404314520288 3.5000000000000004 16.500000000000004 3.5000000000000004 421.50000000000006 9 47.500000000000007 27.500000000000004 177.50000000000003 15.500000000000002 10 5.5000000000000009 37.500000000000007 11 0.56076896855381653 0.58430350615946947 12 13
decision_type=2 2 2 2 1 2 2 9 2 2 2 1 2 2 2 9 2 10 2 2 2 9 2 2 2 2 9 2 2 2 2 2 2 2 9 2 2 2 9 9 2 10 2 2 2 2 2 2 2 9 2 2 2 2 9 2 2 9 2 10 9 9
left_child=1 2 48 4 5 25 7 58 31 30 11 12 13 -5 17 16 -16 18 -15 21 -14 -19 -18 39 -22 27 41 -3 -23 38 34 32 -4 -34 -8 47 -37 55 -12 -13 -41 42 -27 -9 -45 -2 60 -26 49 -1 51 52 54 -54 -51 -28 -35 -57 -7 -17 -6 -42
right_child=45 3 8 10 46 6 9 43 -10 -11 29 23 20 14 15 59 22 19 -20 -21 24 28 -24 -25 35 26 37 -29 -30 -31 -32 -33 33 56 -36 36 -38 -39 -40 40 61 -43 -44 44 -46 -47 -48 -49 -50 50 -52 -53 53 -55 -56 57 -58 -59 -60 -61 -62 -63
leaf_value=-0.0014970374613673815 -0.0026044273789070436 0.00726876164182609 0.0033415518837979505 0.004084407929492672 -0.012857341514872471 -0.0071222146721327644 -0.012504291186085113 -0.0070204250908950973 0.032396082455650455 0.00041293820686082216 -0.0062550788657895155 -0.00050776248424202629 0.011156351111038531 -0.0076493613291737615 0.0029386131996179915 0.0043500777918476542 -0.0027488401083639144 -0.0060279675449198466 -0.047750562968322099 -0.0070458165106769598 0.0047418299766284651 0.015031440101852088 -0.011404474952092672 0.0018549120362131644 0.00070933870289550071 0.012590902612036601 0.00171072272966839 -0.00271660219500234 0.0012273475118766237 0.0021159005611599158 -0.013054866290262743 0.0017122303702904818 0.0017254821340238506 0.011227764195617794 -0.0019476246369046091 0.016476774379141326 -0.013870327802867732 -0.010937021545915623 -0.0013395803971469878 -0.0015416580704970591 -0.0050112083174615948 0.0018435099975596886 0.00047617009799355548 -0.024276145297958841 -0.0082956154488914007 -0.023694929654761294 0.0017747353743892487 0.0034617660618614064 0.0060372950786080175 0.0039416118875963855 0.0030645957174409095 -0.0013787236707332091 -0.0084441645110950782 0.037992046811135605 0.00024999281997555776 -0.006176360572237913 0.029598159089396604 -0.00068534099212963278 -0.0015767404678837975 0.00044026315088253583 -0.0050074543907528152 -0.01442918328284274
leaf_weight=112884.85763573647 1061.9009923934937 4515.1350159645081 66661.689607858658 29308.834357738495 5131.7978689670563 12962.238332271576 3720.1670742034912 12441.021777629852 567.3842601776123 70064.401125431061 16216.128060340881 86934.632335424423 6206.5083317756653 3233.7653515338898 19496.038518428802 37398.074495315552 40068.023192882538 8516.7644999027252 933.87853765487671 19294.074417829514 49916.653064250946 2573.2381467819214 8059.4834773540497 47256.407100439072 198350.67592048645 7414.0531530380249 40727.275431156158 73942.429850101471 11983.0186855793 29994.109087467194 4113.4567055702209 143507.75850987434 6031.8955385684967 9454.9593830108643 38034.221372127533 3066.2052001953125 620.0249171257019 3242.6536507606506 139316.29241228104 34528.208681106567 22682.820011138916 51011.412005186081 5057.070972442627 2734.8229882717133 2702.8010091781616 1997.3333051204681 5835.9297516345978 49869.446631669998 8261.4330716133118 25718.736849308014 45328.187151193619 128428.33181214333 1146.4756879806519 1041.9837079048157 222565.03196811676 11815.691229581833 942.79532289505005 50065.468821525574 33608.822360038757 37404.851416349411 43236.830782175064 3696.7776069641113
leaf_count=75087 445 1862 24205 6357 1793 2902 674 2443 100 13808 2189 20694 1242 668 4422 7765 8913 2094 188 3600 9412 556 1773 9906 39203 1706 10613 24881 3023 3731 689 47343 1473 2406 6586 720 166 800 18446 9782 4415 12260 1258 552 491 599 1803 8626 4839 16450 29545 83135 338 466 145738 2711 188 11425 5879 8160 13774 755
internal_value=1.41252e-05 3.73284e-05 0.00085577 -0.000417778 -0.00163933 -0.00121081 -0.00258921 -0.00498853 0.00277946 -0.00125533 0.000231943 0.000603037 0.00116277 -0.000225593 -0.000894114 0.000241405 -0.00214054 -0.00436947 -0.0166445 -0.00316161 0.00214659 8.65898e-05 -0.00419853 -0.000906901 0.00196129 -0.00020744 0.00068885 -0.00214187 0.00366597 -0.00121101 -0.00380361 0.00270516 0.00442003 0.00879536 -0.00289192 0.00141029 0.01137 -0.000691149 -0.00185261 -0.00178976 -0.00361885 0.00298948 0.00767878 -0.00984889 -0.0163359 -0.0163774 -0.00502301 0.00126234 5.44856e-05 -3.7548e-05 0.000350843 2.6197e-05 0.000746565 0.0136726 0.000632576 -0.000367321 0.0128961 -0.001735 -0.00311968 0.00239471 -0.00584425 -0.00633889
internal_weight=2.1649e+06 2.16184e+06 772542 1.3893e+06 482378 428173 180382 64449.7 227166 115932 906925 721398 526300 218270 188961 142426 67623.5 46534.7 4167.64 42367.1 308030 23073 48127.5 195099 301823 247791 169334 78457.6 14556.3 185527 45867.8 226599 83091.3 16429.7 41754.4 251906 3686.23 105851 155532 147842 60907.8 63482.5 12471.1 17878.6 5437.62 3059.23 54204.6 248220 545375 537114 424229 378901 250472 2188.46 248284 102608 10397.8 61881.2 46571.1 74802.9 48368.6 26379.6
internal_count=728073 727029 431313 295716 118910 101540 34024 12267 75715 21757 176806 152440 106888 47519 41162 31033 15108 10129 856 9273 59369 5673 10686 45552 58127 67516 40773 26743 3579 24366 7949 75615 28272 4067 7260 48715 886 25549 20635 35646 14952 15224 2964 3486 1043 1044 17370 47829 355598 350759 275672 246127 162992 804 162188 24749 2594 14136 8781 15925 15567 5170
cat_boundaries=0 1 5 6 10 14 18 21 25 29 33 37 41 45 49
cat_threshold=22 553661120 3229879040 939884608 16928 6 538968336 704544 806718880 21033 18875784 2424349184 939819008 525344 285214080 1611472904 942708747 701224 16810056 393216 3072 2098184 2304 6293840 1792 1091610192 276848736 1613857436 25635 289419545 1610653784 1217537034 297858 33587328 2163844 2752059408 5382144 1074790400 2424361728 132672 1 1124077584 2418024452 3145737 8198 538968360 393472 138414080 8
is_linear=0
shrinkage=0.05


Tree=91
num_leaves=63
num_cat=16
split_feature=19 12 16 16 9 5 16 16 19 13 13 19 16 16 16 9 6 9 6 4 0 19 6 16 16 16 6 9 16 16 19 21 16 9 19 16 19 18 9 18 11 20 8 16 16 9 9 16 19 21 5 9 19 9 13 21 20 5 9 16 11 13
split_gain=325.107 346.94 445.622 688.009 433.856 366.569 365.755 491.83 342.363 331.878 274.343 227.181 224.861 449.627 381.154 389.408 271.383 243.156 235.803 253.184 221.709 218.919 213.026 278.758 308.35 451.648 229.216 227.567 551.51 499.156 278.168 262.574 263.041 241.226 210.27 204.888 223.027 200.998 191.071 189.069 243.143 188.138 193.426 242.54 264.967 258.97 185.179 180.729 179.364 177.601 177.055 176.542 172.226 176.526 169.812 169.312 168.661 165.73 164.491 163.192 165.724 158.955
threshold=0 0.14611528303841512 48.500000000000007 46.500000000000007 0.85724374495560951 0.59266162714438586 49.500000000000007 51.500000000000007 1 42.500000000000007 12.500000000000002 2 16.500000000000004 10.500000000000002 23.500000000000004 0.80704574942178608 1.6596841412590482 0.86599622666936205 0.5937901670951159 37.500000000000007 5.5000000000000009 3 0.63891706107730462 24.500000000000004 16.500000000000004 20.500000000000004 0.1001012145748988 0.99106144135506569 15.500000000000002 22.500000000000004 4 5 10.500000000000002 0.030457637600494747 6 49.500000000000007 7 8 0.91214802668777584 9 0.025406779643769067 10 1.0713713369963374 16.500000000000004 9.5000000000000018 0.28586125808348034 0.78439824205544295 39.500000000000007 11 12 0.36024448886185229 0.79718295888508661 13 0.58430350615946947 37.500000000000007 14 15 1.3209278172061627 0.84632253711201089 14.500000000000002 0.048203318210438779 4.5000000000000009
decision_type=9 2 2 2 10 2 2 2 9 2 2 9 2 2 2 8 2 8 2 2 2 9 2 2 2 2 2 10 2 2 9 9 2 8 9 2 9 9 10 9 2 1 2 2 2 8 8 2 9 9 2 10 9 8 2 9 1 2 8 2 2 2
left_child=10 2 3 5 20 41 11 9 -9 52 37 58 13 16 15 -14 21 50 19 -17 -4 56 23 24 -7 26 -26 33 31 30 -30 32 -29 61 -34 57 -37 -1 -28 -16 -41 42 43 44 -2 -46 -5 48 -44 -35 -15 -27 -8 -54 -19 -39 -13 -6 -3 60 -36 -24
right_child=1 6 4 46 35 22 7 8 -10 -11 -12 12 14 17 39 18 -18 54 -20 -21 -22 -23 27 -25 25 51 38 28 29 -31 -32 -33 34 49 59 36 -38 55 -40 40 -42 -43 47 -45 45 -47 -48 -49 -50 -51 -52 -53 53 -55 -56 -57 -58 -59 -60 -61 -62 -63
leaf_value=-0.017838392287026477 0.0030874585077645495 -0.00120849384771515 0.0058313863293106959 0.010293749255360378 -0.020551286721013605 -0.0030648395731175445 0.0015388479398709342 -0.0091065301349943801 0.0018176288021448219 0.0024522292491618923 -0.0011095294969671573 0.0028342101577689635 0.0081597074749357439 -0.005331867781223334 0.0020190771015845522 -0.00024089351993432145 -0.0052184605673809038 -0.0068003593275598635 -0.0041007888578403475 0.0089735909261789079 -0.0017029974308459244 -0.0020514152175743145 0.0037614918221520986 -0.005329639229775981 0.043818867442542181 0.0062498408015452351 0.020983328985941227 0.0010982988271767305 0.0031261170699856894 0.00065403564438039363 -0.0065065092844549368 -0.0050681513183333162 0.028324497382985654 0.0059714957498403637 0.012778855382224603 -0.010338709619376722 -0.0011292228609921168 0.002607406779708752 0.0061046934320488008 -0.0027368813171620588 0.00044349226428852897 0.00081162844329140673 0.014428769400471289 0.0042391686315609179 -0.014980952895654057 -0.001705822030567256 0.004170765352202851 0.00034956251987823626 0.0055502485908144666 0.0015301915497748398 -0.013464951521430674 -0.005198721248068347 0.027093790619048659 0.011258551871001001 -0.001597574493956517 -0.0073540272661784395 -0.0021463003065906191 -0.0076902655064344768 0.0012828324631597567 0.0010659128985853908 0.0020932428317812506 -0.0038527866748000379
leaf_weight=3626.1411447525024 16394.561588764191 102252.81073307991 14379.0931391716 21592.175320148468 3898.6226406097412 34509.904090881348 3915.457293510437 11149.004999160767 20066.485460996628 27504.954699993134 73043.103600025177 65501.221911668777 22908.095537900925 14130.268519878387 38943.201066732407 22013.813576936722 31713.825864076614 25110.811634540558 19006.879717588425 11270.856959342957 30416.064882993698 81367.311746358871 8751.9820039272308 38586.487133264542 518.87287282943726 4923.5125467777252 2887.5964140892029 32754.274402141571 8468.7743968963623 63584.071109056473 65001.96693444252 8970.0767688751221 1180.8773341178894 24862.881360769272 12136.067907571793 9952.272754907608 19352.746875286102 5391.5444247722626 8534.7332339286804 185019.21880269051 89005.58011841774 115631.37872862816 6351.2870438098907 41815.517703533173 5305.299572467804 11942.094097614288 28847.22212600708 14986.495774030685 54711.399402141571 237241.59187817574 12714.316204547882 10648.190166473389 2017.253208398819 13792.920816898346 41772.970935583115 20392.478116512299 22946.876714706421 7009.801497220993 188198.1259739399 8327.2749717235565 5176.5302016735077 31596.803956270218
leaf_count=1377 7955 29181 6904 4877 1130 9254 1433 3627 6869 11972 34901 23029 7978 5660 16871 19232 10907 9894 5896 3896 5325 31194 2692 9780 203 1201 795 8995 1651 16579 14155 2693 367 4706 3167 2747 5043 1497 2219 75680 31921 52812 1280 21374 1684 6603 8880 3243 11524 43115 3450 2776 650 4202 22252 6267 11242 1724 69117 1975 1352 7992
internal_value=-2.07429e-06 0.000134423 0.000795776 0.00111375 -0.00266881 0.000786719 -0.000501115 0.00278327 -0.00208657 0.00600181 -0.00275107 -0.000765676 -0.00126351 -0.00230342 -0.000472535 0.00272378 -0.000972769 -0.00516448 0.000342276 0.00287949 0.00071559 -0.00017984 0.000109037 -0.00199296 8.29602e-05 0.00403127 0.0113464 0.000525296 -0.000758177 -0.00258954 -0.00539662 0.00290359 0.0041041 0.00139777 0.00777623 -0.00643875 -0.00426101 -0.00682876 0.00986756 -0.00124055 -0.00170381 0.00233078 0.00348991 0.00169658 -0.00146377 -0.00578989 0.00679205 0.0052697 0.00647722 0.0019518 -0.00918427 -0.00157871 0.0109509 0.0132722 -0.00355098 -0.00527083 0.00154197 -0.0122882 0.00040575 0.00681508 0.00958412 -0.00220114
internal_weight=2.16602e+06 2.06357e+06 1.01125e+06 926240 85008.6 875801 1.05232e+06 78446.1 31215.5 47230.6 102453 973876 683425 295258 388168 75199.6 201529 93728.4 52291.6 33284.7 44795.2 169815 608662 100609 62022.8 27512.9 11941.2 508053 205600 137055 73470.7 68545.1 59575 302453 26820.8 40213.4 29305 29410.2 11422.3 312968 274025 267138 151507 75457.5 33642 17247.4 50439.4 76049.2 61062.7 262104 26844.6 15571.7 19725.6 15810.2 66883.8 25784 88448.1 10908.4 290451 25639.9 17312.6 40348.8
internal_count=728967 684925 278772 255899 22873 242142 406153 28753 10496 18257 44042 377400 279102 117628 161474 37002 76372 41256 29024 23128 12229 65465 135667 26228 16448 7194 3217 109439 50934 32385 15806 18549 15856 58505 6861 10644 7790 9141 3014 124472 107601 106475 53663 37616 16242 8287 13757 16047 12804 47821 9110 3977 6285 4852 32146 7764 34271 2854 98298 6494 4519 10684
cat_boundaries=0 1 2 3 4 5 7 8 9 10 11 12 13 15 16 18 19
cat_threshold=540672 1323665 47114 197952 35328 601465135 32770 1050624 1061403 22529 131073 28 137224 1879050504 33802 1194017 59048581 133632 14
is_linear=0
shrinkage=0.05


Tree=92
num_leaves=63
num_cat=21
split_feature=0 1 20 1 0 8 4 16 16 16 13 6 17 20 15 17 13 17 16 17 17 15 0 17 4 17 1 3 13 13 0 20 12 7 13 17 1 7 12 19 7 21 19 1 6 12 0 7 21 21 6 17 16 16 17 19 16 19 13 20 16 16
split_gain=321.622 543.399 319.533 279.098 457.187 259.304 238.22 240.06 678.475 256.913 231.622 230.993 222.867 222.238 220.523 293.526 215.684 212.555 212.201 210.338 207.879 204.249 228.933 188.792 188.636 182.638 174.671 164.658 159.852 157.93 140.521 137.63 134.135 132.085 127.648 133.194 126.039 148.104 125.844 125.127 123.463 123.173 132.109 122.892 122.199 118.696 118.063 138.712 117.749 115.469 114.686 114.232 113.849 316.502 244.919 159.868 112.093 123.991 111.025 143.693 140.124 207.202
threshold=2.5000000000000004 4.5000000000000009 0 7.5000000000000009 5.5000000000000009 1.1074573260214724 123.50000000000001 16.500000000000004 10.500000000000002 51.500000000000007 3.5000000000000004 2.0626841846758355 1 2 6.5000000000000009 3 61.500000000000007 4 1.5000000000000002 5 6 273.50000000000006 42.500000000000007 7 13.500000000000002 8 57.500000000000007 1152.5000000000002 2.5000000000000004 52.500000000000007 865.00000000000011 9 0.41970025115451642 20.500000000000004 56.500000000000007 10 11.500000000000002 28.500000000000004 0.048715368168831603 11 3.5000000000000004 12 13 184.50000000000003 2.381197839960727 0.39804354792385183 1.0000000180025095e-35 18.500000000000004 14 15 1.846519109014944 16 11.500000000000002 15.500000000000002 17 18 50.500000000000007 19 10.500000000000002 20 9.5000000000000018 16.500000000000004
decision_type=2 2 1 2 2 2 2 2 2 2 2 2 9 1 2 9 2 9 2 9 9 2 2 9 2 9 2 2 2 2 2 1 2 2 2 9 2 2 2 9 2 9 9 2 2 2 2 2 9 9 2 9 2 2 9 9 2 9 2 1 2 2
left_child=1 10 32 28 36 6 12 8 48 20 13 14 49 -1 16 -16 17 39 25 -15 -9 22 43 -10 -17 -7 38 52 -4 30 41 -27 51 40 35 -13 37 -5 -3 -12 -30 -24 -43 -20 -35 -26 -19 -48 -8 -6 -40 -2 -23 54 -54 -55 -53 -58 -41 -60 -61 -62
right_child=2 26 3 4 5 18 7 9 23 -11 11 34 -14 19 15 24 -18 46 21 -21 -22 27 29 -25 45 31 -28 -29 33 -31 -32 -33 -34 44 -36 -37 -38 -39 50 58 -42 42 -44 -45 -46 -47 47 -49 -50 -51 -52 56 53 55 -56 -57 57 -59 59 60 61 -63
leaf_value=0.014474926882503276 9.563016986693816e-05 0.0071196249143432328 0.0051912046091775023 0.0025820710498945208 -0.008520937443660238 0.020042204937682606 0.0019928798124145713 -0.00346199107219713 -0.0076442121973452209 -0.012432012947630907 -0.0015096257162079876 -0.0040586600486473279 0.003005540260437427 -0.0054072187728049755 0.005388621630697546 -0.00040132249479383629 -0.0028480646274242744 0.00032234416792224259 0.00046102500527751378 0.0071478864468352173 0.00073883039028105053 -0.00044778599320690715 -0.0084663603610844688 -0.017707438252980785 0.0049127696734916973 -0.014469315856638713 0.035077401098636662 -0.00046750601402253115 -0.011087042031187822 -0.005338257998175059 -0.011181471465564342 0.005766429552174426 -0.0094789869748691958 -0.0068779975710223295 -0.0042736956479042243 0.0012854740491545589 0.0049264794636184554 -0.0039045225947340334 0.0037447166638284301 0.0092374395578324001 -0.0021435530130478639 0.0033036006654252673 -0.0011408173769010437 0.013747209896702389 -0.02741363666496411 0.00093761107622173311 -0.0014553779592399564 -0.012660700826500225 -0.003488514839340897 -0.001003183599326075 -0.0012392430165957743 -0.0034007518205124774 0.045885143004745423 0.0081439138844202185 0.012763862116176868 0.0010924295944260193 -0.035848211365908808 -0.0087485328793384734 -0.0017495779369345922 0.0084834011545461656 -0.0041785179554736313 0.0040437995216329077
leaf_weight=5209.1970460414886 24392.998799800873 23152.092980384827 6188.7123925685883 54777.97646856308 5778.2992305755615 2115.5904343128204 13773.094258546829 48801.053838729858 8670.9870939254761 5051.1133692264557 18403.609111309052 17763.781279325485 44119.732303857803 5356.0327882766724 43418.552706956863 118680.99790596962 65986.6104824543 187988.47134160995 315685.55968594551 8809.2581248283386 74238.094223022461 10722.064437389374 5234.5324130058289 10218.567569971085 35271.093477487564 917.0714967250824 448.20540332794189 31803.509124279022 4020.7949976921082 24634.61877822876 3387.9362001419067 8956.8609433174133 8207.3488223552704 9638.8890256881714 41652.607204914093 33878.507747888565 47458.95733332634 10483.019062995911 75376.35661149025 6662.58549284935 95324.07516503334 18564.899820804596 167417.66404628754 1749.1026329994202 782.47949886322021 40161.045616388321 105878.75862503052 2834.8876218795776 33894.738026380539 43471.015260457993 13629.105317592621 54328.172711610794 635.00067901611328 12624.32704949379 4413.1416246891022 22122.217627048492 477.73451042175293 3330.3926713466644 15727.093183517456 11877.183158636093 9542.5731375217438 38865.262044906616
leaf_count=2491 6150 6213 2266 13957 1322 376 2420 8878 1583 882 10249 7893 9921 2674 24259 83191 45592 121114 61644 4285 13137 1803 774 1840 13308 161 76 3895 1595 3692 374 1544 2251 2176 21206 15016 10364 2211 20005 3039 28068 2609 24170 254 165 15697 40546 650 6120 9843 3702 13951 109 2080 755 3679 119 823 9539 5587 4458 19537
internal_value=4.64328e-07 0.000705008 -0.000526672 -0.000300824 -3.94279e-05 -0.000408048 -0.00165118 -0.0026471 -0.00508301 -0.00138134 0.000254639 0.000122932 0.00042504 0.00565598 0.000433871 0.00167276 -0.000200665 0.00023851 0.000159388 0.00240017 -0.000927579 3.17702e-05 -0.000323948 -0.0131021 0.000841267 0.00674746 0.00396046 0.0023508 -0.00262663 -0.00156656 -0.00108908 0.00387296 -0.00338285 -0.00306745 -0.00221438 -0.000553367 0.0029659 0.00154007 0.00383579 0.0022186 -0.00250563 -0.000910211 -0.000697004 0.000534277 -0.00842238 0.00279638 -0.000436119 -0.00174769 -0.00190503 -0.00188693 0.00298153 -0.00277691 0.00412507 0.00535714 0.0170546 0.00365724 -0.00398148 -0.0122738 0.00304861 0.00250643 0.00361644 0.00242289
internal_weight=2.16499e+06 926574 1.23841e+06 1.14768e+06 1.03172e+06 919001 288017 194648 66557.4 128090 813968 794594 93369 19374.5 701299 237532 463767 397780 630984 14165.3 123039 618995 536674 18889.6 194113 11989.5 112606 82320.3 115955 219240 194605 9873.93 90736.6 109766 93294.9 51642.3 112720 65261 112158 101078 99344.9 191217 185983 317435 10421.4 75432.1 296702 108714 47667.8 49249.3 89005.5 82529.3 50516.8 39794.7 5048.14 34746.5 58136.3 3808.13 82674.7 76012.1 60285 48407.8
internal_count=728288 480327 247961 224667 190397 163865 55946 34860 11963 22897 450331 440881 21086 9450 396766 136455 260311 214719 107919 6959 22015 105838 93517 3423 112196 2081 29996 12321 34270 31619 27927 1705 23294 32004 44115 22909 26532 16168 29920 52409 29663 27553 26779 61898 2341 29005 162310 41196 8540 11165 23707 21043 8426 6623 864 5759 14893 942 42160 39121 29582 23995
cat_boundaries=0 1 5 6 10 14 18 22 26 30 31 35 36 38 39 41 43 47 50 51 52 53
cat_threshold=1 3778064512 2416465408 67372832 53409 6 34635920 3248521056 608239774 1412 537953488 290652817 2685157959 1712256 1076892952 2416337184 81788937 16648 537953680 393472 806689616 152097 536884040 8654848 606089216 16896 128 8519680 536936448 16385 8 2181043400 816349288 2961184974 50209 1722528 316687360 66560 43520 26820869 98560 1614448640 65832 1052176 135488 1056788 17409 8192 0 65536 303745 513 1
is_linear=0
shrinkage=0.05


Tree=93
num_leaves=63
num_cat=26
split_feature=19 17 16 16 17 16 16 17 16 21 17 17 17 16 16 17 16 16 9 16 20 16 17 0 9 16 9 19 0 4 9 13 17 17 17 20 13 18 0 17 9 16 17 16 16 16 19 0 4 16 9 13 13 21 21 16 17 17 17 13 13 17
split_gain=292.714 363.871 259.466 594.682 650.023 448.024 434.833 475.072 607.808 369.706 360.522 351.064 328.317 286.195 250.392 221.901 231.214 473.361 880.505 467.796 397.108 308.708 332.496 303.283 376.996 356.996 280.211 270.929 263.9 533.615 215.855 206.615 192.066 185.692 185.534 182.12 181.501 191.568 175.198 188.275 185.145 418.685 172.54 166.93 445.42 266.063 207.551 198.882 157.888 156.613 150.106 190.135 143.372 139.076 138.511 137.579 137.353 134.863 134.173 132.273 198.324 131.77
threshold=0 1 44.500000000000007 39.500000000000007 2 35.000000000000007 48.500000000000007 3 49.500000000000007 4 5 6 7 47.500000000000007 26.500000000000004 8 16.500000000000004 9.5000000000000018 0.42431633407243169 26.500000000000004 9 14.500000000000002 10 2.5000000000000004 0.055658818669971091 11.500000000000002 0.95008896797153042 11 6.5000000000000009 689.50000000000011 0.51899038461538483 10.500000000000002 12 13 14 15 5.5000000000000009 16 4.5000000000000009 17 0.93111357165453978 51.500000000000007 18 28.500000000000004 26.500000000000004 18.500000000000004 19 4.5000000000000009 250.50000000000003 27.500000000000004 0.14310689310689315 5.5000000000000009 3.5000000000000004 20 21 19.500000000000004 22 23 24 53.500000000000007 51.500000000000007 25
decision_type=9 9 2 2 9 2 2 9 2 9 9 9 9 2 2 9 2 2 8 2 1 2 9 2 10 2 10 9 2 2 10 2 9 9 9 1 2 9 2 9 10 2 9 2 2 2 9 2 2 2 10 2 2 9 9 2 9 9 9 2 2 9
left_child=1 53 3 5 -5 9 10 8 30 14 -4 35 -7 50 58 -13 17 -17 23 20 28 22 -20 36 25 -25 -22 -24 29 48 -8 -3 -10 -6 -26 43 37 -19 39 -9 41 -40 -21 44 45 46 -11 -47 -18 -46 51 -12 -30 -1 -37 -50 -16 -53 -2 60 -55 -42
right_child=2 31 6 4 33 12 7 38 32 11 13 15 -14 -15 56 16 19 18 21 42 26 -23 27 24 34 -27 -28 -29 52 -31 -32 -33 -34 -35 -36 54 -38 -39 40 -41 61 -43 -44 -45 49 47 -48 -49 55 -51 -52 57 -54 59 -56 -57 -58 -59 -60 -61 -62 -63
leaf_value=-0.0025697335361602532 0.0045573531619017308 -0.012478290432152685 0.013670099837518275 0.0086193990027291431 -0.00014598757814801244 0.0105522607627054 0.0036968782606991296 -0.0060254356014684783 0.0024324154207040777 0.0030526822356834356 0.023169470482068126 -0.0036806640012226111 0.0014216222002358366 0.0068809406184842034 -0.0053256342318785434 0.00019516978736854005 0.0048701171916784337 -0.0048229586257672145 -0.0064580686154819605 0.0011116779484379314 0.002145067330953022 -0.0054447753465871242 0.010073699996955433 -0.018785081411879241 -0.00094026110888585093 -0.048771746787909832 -0.0045372805689747253 0.00029554036554650247 -0.0082593446058473741 0.06462230576258976 -0.008207027637190006 -0.0038343194879259137 0.0080893845627275623 -0.0040522705855370973 -0.017138041658858207 -0.0067597870910560617 -0.0081770873140456866 0.047919924854394849 0.0015141443338682861 0.0016161592235013963 -0.0076330924461683845 -0.012548053636213566 -0.0032247610618136874 0.0061244695099792607 -0.011120172804077517 0.0092743078021238524 -0.0015809782805255739 0.0029968732050793703 0.028264713463122173 -0.0013677678293473161 0.0025886456847219672 0.0073591946430593778 0.0018518014521218288 0.0002675410629713562 0.00010875074050601202 0.0034125024025916349 0.00055745415850946085 -0.0045216735164509084 0.0018054546562714666 -0.0020798717854244998 0.0092649068842490506 -0.020110009003621029
leaf_weight=78894.508945226669 69064.28993844986 9346.930504322052 8253.963746547699 12256.399463653564 38175.028332233429 18237.256705760956 5132.0526177883148 11417.663608551025 34006.357948064804 52467.080388784409 719.69570326805115 59657.173448801041 21407.317736387253 34637.485749006271 14602.109820127487 207990.67348504066 63660.273378372192 402.44618368148804 16694.054993391037 31399.929327726364 29608.156312465668 38609.092036247253 7941.5961899757385 2836.5202524662018 2927.4569330215454 1527.7433445453644 33366.097711801529 64886.043984413147 3683.6171662807465 380.7487325668335 14756.78116440773 26548.012902736664 26885.951816558838 149999.00143647194 4485.6076817512512 7961.5301551818848 15052.887351751328 291.01689267158508 17323.146492004395 27341.623749732971 11617.723258733749 7621.1759240627289 85095.795035362244 23652.941440105438 8111.0289437770844 19844.643488645554 44787.256622076035 34646.422585010529 1371.2645092010498 8358.8868923187256 86245.322546243668 2743.0731997489929 72300.284753322601 156899.4461607933 92516.027551412582 937.73223352432251 30899.729341983795 18060.23210811615 123617.78886198997 62898.849277257919 6372.4972472190857 2595.758599281311
leaf_count=31950 21142 2933 2997 4368 12639 6088 2712 5254 11290 16377 247 25421 7851 12110 4121 66700 29080 159 6311 9868 14087 13708 2850 625 557 306 10246 20992 725 91 3928 12350 8621 51518 859 3298 5937 108 3258 12667 2263 1441 25329 6287 2017 8894 14856 6263 384 2060 23479 1361 12602 48790 33212 223 8778 12506 39958 27962 2594 565
internal_value=2.20328e-05 -0.00132271 0.000273265 3.93066e-06 -0.00253313 0.000390544 0.00159288 -0.000233592 0.002453 0.00022786 0.0035168 -0.000180004 0.00562507 0.00292704 0.0020043 -0.00075613 -0.000501542 -0.00136541 -0.0034507 0.000474636 0.00191063 -0.00170773 -9.59603e-05 -0.0115644 -0.0176331 -0.0292909 -0.00139528 0.00136317 0.00337316 0.00567734 -0.00513535 -0.00608377 0.00493197 -0.00325985 -0.0107668 0.00128835 -0.00702457 0.0179687 -0.00301886 -0.000636127 -0.00537803 -0.00278257 -0.00205611 0.00219142 0.00163849 0.00248614 0.000918961 0.00528313 0.00533616 -0.00617097 0.00165645 -0.0020789 0.00136152 -0.00076231 -0.000436171 0.0181776 -0.00133163 -0.00295345 0.00279218 -0.000131737 0.000618762 -0.00993248
internal_weight=2.16603e+06 340960 1.82507e+06 1.51571e+06 200430 1.31528e+06 309358 158698 80781.1 1.27564e+06 150660 1.03745e+06 39644.6 142406 238184 745106 685449 363645 155654 321804 205308 128131 89521.7 27523.7 11777.3 4364.26 62974.3 72827.6 142334 66350 19888.8 35894.9 60892.3 188174 7413.06 292346 15746.4 693.463 77917.1 38759.3 39157.8 24944.3 116496 191868 168215 151745 97254.3 54491.1 65969.3 16469.9 107768 21523 75983.9 305065 100478 2309 45501.8 20803.3 192682 226171 163272 14213.5
internal_count=728173 126579 601594 496895 68525 428370 104699 51999 26551 414431 52700 340432 13939 49703 73999 247168 221747 119112 52412 102635 67438 43861 30153 8551 2347 931 24333 23842 43105 29778 6640 15283 19911 64157 1416 93264 6204 267 25448 17921 7527 4699 35197 56754 50467 46390 31233 15157 29687 4077 37593 14114 13327 111296 36510 607 12899 13867 61100 79346 51384 2828
cat_boundaries=0 1 5 9 13 15 19 23 27 31 32 36 37 41 45 49 50 51 55 59 60 62 64 68 72 76 79
cat_threshold=541056 589301320 2156273664 1208336398 16416 301989920 3774947585 1057796 4864 1073751936 546049024 1948326036 550445 1342177557 40995 2147516416 285282816 1088 172038 542195892 1144375313 1679884307 1581120 14080 545400064 139764080 800 270534658 557851078 1586628 301062 28 2181042440 2147615232 268468768 131584 1051680 1792 787456 2099328 556 2148543488 8920128 4195280 24582 8200 268439552 4194304 17409 12 33 2466254880 3508547848 1057888 164224 2147488072 2156008960 262688 131328 108641 628933920 9354 67221576 3460 3223322768 277217344 1074075904 17921 192 2149588993 4194816 256 17834888 536926760 805374096 581761 538972232 8 134512896
is_linear=0
shrinkage=0.05


end of trees

feature_importances:
week_of_year=1337
product_type_name=808
online_share_w4=381
units_w1=340
trend_1_4=325
discount=314
garment_group_name=276
index_group_name=272
weeks_since_launch=243
units_w12=209
n_active_articles_w4=180
trend_4_12=168
units_w8=165
units_w2=135
repeat_rate_w4=121
buyers_w4=112
units_w4=106
colour_group_name=105
ly_units_h=99
avg_price_w4=69
is_new=32
graphical_appearance_name=21
product_group_name=10

parameters:
[boosting: gbdt]
[objective: regression]
[metric: l2]
[tree_learner: serial]
[device_type: cpu]
[data_sample_strategy: bagging]
[data: ]
[valid: ]
[num_iterations: 94]
[learning_rate: 0.05]
[num_leaves: 63]
[num_threads: 0]
[seed: 42]
[deterministic: 1]
[force_col_wise: 0]
[force_row_wise: 1]
[histogram_pool_size: -1]
[max_depth: -1]
[min_data_in_leaf: 100]
[min_sum_hessian_in_leaf: 0.001]
[bagging_fraction: 0.8]
[pos_bagging_fraction: 1]
[neg_bagging_fraction: 1]
[bagging_freq: 1]
[bagging_seed: 400]
[bagging_by_query: 0]
[feature_fraction: 0.8]
[feature_fraction_bynode: 1]
[feature_fraction_seed: 30056]
[extra_trees: 0]
[extra_seed: 12879]
[early_stopping_round: 0]
[early_stopping_min_delta: 0]
[first_metric_only: 0]
[max_delta_step: 0]
[lambda_l1: 0]
[lambda_l2: 1]
[linear_lambda: 0]
[min_gain_to_split: 0]
[drop_rate: 0.1]
[max_drop: 50]
[skip_drop: 0.5]
[xgboost_dart_mode: 0]
[uniform_drop: 0]
[drop_seed: 17869]
[top_rate: 0.2]
[other_rate: 0.1]
[min_data_per_group: 100]
[max_cat_threshold: 32]
[cat_l2: 10]
[cat_smooth: 20]
[max_cat_to_onehot: 4]
[top_k: 20]
[monotone_constraints: ]
[monotone_constraints_method: basic]
[monotone_penalty: 0]
[feature_contri: ]
[forcedsplits_filename: ]
[refit_decay_rate: 0.9]
[cegb_tradeoff: 1]
[cegb_penalty_split: 0]
[cegb_penalty_feature_lazy: ]
[cegb_penalty_feature_coupled: ]
[path_smooth: 0]
[interaction_constraints: ]
[verbosity: -1]
[saved_feature_importance_type: 0]
[use_quantized_grad: 0]
[num_grad_quant_bins: 4]
[quant_train_renew_leaf: 0]
[stochastic_rounding: 1]
[linear_tree: 0]
[max_bin: 255]
[max_bin_by_feature: ]
[min_data_in_bin: 3]
[bin_construct_sample_cnt: 200000]
[data_random_seed: 175]
[is_enable_sparse: 1]
[enable_bundle: 1]
[use_missing: 1]
[zero_as_missing: 0]
[feature_pre_filter: 1]
[pre_partition: 0]
[two_round: 0]
[header: 0]
[label_column: ]
[weight_column: ]
[group_column: ]
[ignore_column: ]
[categorical_feature: 17,18,19,20,21,22]
[forcedbins_filename: ]
[precise_float_parser: 0]
[parser_config_file: ]
[objective_seed: 16083]
[num_class: 1]
[is_unbalance: 0]
[scale_pos_weight: 1]
[sigmoid: 1]
[boost_from_average: 1]
[reg_sqrt: 0]
[alpha: 0.9]
[fair_c: 1]
[poisson_max_delta_step: 0.7]
[tweedie_variance_power: 1.5]
[lambdarank_truncation_level: 30]
[lambdarank_norm: 1]
[label_gain: ]
[lambdarank_position_bias_regularization: 0]
[eval_at: ]
[multi_error_top_k: 1]
[auc_mu_weights: ]
[num_machines: 1]
[local_listen_port: 12400]
[time_out: 120]
[machine_list_filename: ]
[machines: ]
[gpu_platform_id: -1]
[gpu_device_id: -1]
[gpu_device_id_list: ]
[gpu_use_dp: 0]
[num_gpu: 1]

end of parameters

pandas_categorical:[["Accessories set", "Alice band", "Backpack", "Bag", "Ballerinas", "Beanie", "Belt", "Bikini top", "Blazer", "Blouse", "Bodysuit", "Bootie", "Boots", "Bra", "Bra extender", "Bracelet", "Braces", "Bucket hat", "Bumbag", "Cap", "Cap/peaked", "Cardigan", "Chem. cosmetics", "Clothing mist", "Coat", "Costumes", "Cross-body bag", "Cushion", "Dog Wear", "Dress", "Dungarees", "Earring", "Earrings", "Felt hat", "Fine cosmetics", "Flat shoe", "Flat shoes", "Flip flop", "Garment Set", "Giftbox", "Gloves", "Hair clip", "Hair string", "Hair ties", "Hair/alice band", "Hat/beanie", "Hat/brim", "Heeled sandals", "Heels", "Hoodie", "Jacket", "Jumpsuit/Playsuit", "Keychain", "Kids Underwear top", "Leg warmers", "Leggings/Tights", "Long John", "Marker pen", "Mobile case", "Moccasins", "Necklace", "Night gown", "Nipple covers", "Other accessories", "Other shoe", "Outdoor Waistcoat", "Outdoor overall", "Outdoor trousers", "Polo shirt", "Pumps", "Pyjama bottom", "Pyjama jumpsuit/playsuit", "Pyjama set", "Ring", "Robe", "Sandals", "Sarong", "Scarf", "Sewing kit", "Shirt", "Shorts", "Side table", "Skirt", "Sleeping sack", "Slippers", "Sneakers", "Socks", "Soft Toys", "Stain remover spray", "Straw hat", "Sunglasses", "Sweater", "Swimsuit", "Swimwear bottom", "Swimwear set", "Swimwear top", "T-shirt", "Tailored Waistcoat", "Tie", "Top", "Towel", "Trousers", "Umbrella", "Underdress", "Underwear Tights", "Underwear body", "Underwear bottom", "Underwear corset", "Underwear set", "Unknown", "Vest top", "Wallet", "Washing bag", "Watch", "Waterbottle", "Wedge", "Weekend/Gym bag", "Wood balls", "Zipper head"], ["Accessories", "Bags", "Cosmetic", "Furniture", "Garment Full body", "Garment Lower body", "Garment Upper body", "Garment and Shoe care", "Interior textile", "Items", "Nightwear", "Shoes", "Socks & Tights", "Stationery", "Swimwear", "Underwear", "Underwear/nightwear", "Unknown"], ["Accessories", "Blouses", "Dressed", "Dresses Ladies", "Dresses/Skirts girls", "Jersey Basic", "Jersey Fancy", "Knitwear", "Outdoor", "Shirts", "Shoes", "Shorts", "Skirts", "Socks and Tights", "Special Offers", "Swimwear", "Trousers", "Trousers Denim", "Under-, Nightwear", "Unknown", "Woven/Jersey/Knitted mix Baby"], ["Baby/Children", "Divided", "Ladieswear", "Menswear", "Sport"], ["Beige", "Black", "Blue", "Bronze/Copper", "Dark Beige", "Dark Blue", "Dark Green", "Dark Grey", "Dark Orange", "Dark Pink", "Dark Purple", "Dark Red", "Dark Turquoise", "Dark Yellow", "Gold", "Green", "Greenish Khaki", "Grey", "Greyish Beige", "Light Beige", "Light Blue", "Light Green", "Light Grey", "Light Orange", "Light Pink", "Light Purple", "Light Red", "Light Turquoise", "Light Yellow", "Off White", "Orange", "Other", "Other Blue", "Other Green", "Other Orange", "Other Pink", "Other Purple", "Other Red", "Other Turquoise", "Other Yellow", "Pink", "Purple", "Red", "Silver", "Transparent", "Turquoise", "Unknown", "White", "Yellow", "Yellowish Brown"], ["All over pattern", "Application/3D", "Argyle", "Chambray", "Check", "Colour blocking", "Contrast", "Denim", "Dot", "Embroidery", "Front print", "Glittering/Metallic", "Hologram", "Jacquard", "Lace", "Melange", "Mesh", "Metallic", "Mixed solid/pattern", "Neps", "Other pattern", "Other structure", "Placement print", "Sequin", "Slub", "Solid", "Stripe", "Transparent", "Treatment", "Unknown"]]
