tree
version=v4
num_class=1
num_tree_per_iteration=1
label_index=0
max_feature_idx=22
objective=binary sigmoid:1
feature_names=units_w1 units_w2 units_w4 units_w8 units_w12 trend_1_4 trend_4_12 buyers_w4 repeat_rate_w4 online_share_w4 n_active_articles_w4 avg_price_w4 discount weeks_since_launch is_new ly_units_h week_of_year product_type_name product_group_name garment_group_name index_group_name colour_group_name graphical_appearance_name
feature_infos=[0:4790] [0:9542] [0:15149] [0:28826] [1:39900] [0:4] [0:3] [0:10457] [0:8] [0:1] [0:44] [0.00015254237223416567:0.50677967071533203] [0:0.98999799984879677] [1:100] [0:1] [0:10428] [1:52] -1:29:102:92:9:97:51:100:83:81:80:111:13:31:107:56:86:50:3:94:52:12:21:8:7:87:39:46:64:73:61:10:78:93:45:91:76:24:6:105:47:41:42:65:20:30:74:4:106:43:85:36:48:69:95:15:72:62:116:70:71:68:99:66:77:25:38:75:112:54:98:109:110:67:114:5:49:28:63:104:11:57:35:82:88:96:32:44:115:40:37:84:108:103:1:117:55:22:119:2:60:59:34:0:16:79:19:53:14:89:118:27:90:113:23:101 -1:6:5:4:0:11:15:14:12:10:17:2:3:7:1:16:9:8 -1:6:0:1:16:7:3:18:10:8:5:19:15:17:20:12:13:14:9:11:4 -1:2:0:1:3:4 -1:1:5:0:47:2:24:19:14:20:17:29:7:16:11:6:42:22:4:40:23:49:8:9:15:48:27:35:28:30:43:21:13:25:12:18:39:45:3:10:26:41:32:34:31:33:44:37:46:36 -1:25:0:7:15:26:4:14:10:22:5:21:9:1:11:13:23:18:8:17:28:6:20:3:16:27:24:19:29:2
tree_sizes=4333 4740 5782 6018 6421 5975 6436 6813 6853 5595 6816 6407 6851 6852 6849 6851 6837 6890 6887 6887 6849 6874 6834 6841 6858 6839 6881 6893 6884 6843 6877 6862 6914 6912 6831 6944 6900 6886 6880 6908 6865 6860 6864 6862 6907 6908 6913 6933 6890 6870 6931 6885 6934 6872 6980 6839 6965 6954 6911 6914 6882 6934 6914 6918 6964 6932 6978 6924 6938 6932 6978 6952 6947 6918 6931 6934 6890 6973 7002 6954 6927 6977 6977 6968 6916 6972 6952 6923 6935 6974 6972 6944 6926 6942 6940 6945 6973 6946 6996 6929 7012 6985 6940 6993 6958 6936 6947 6993 6954 6978 7011 7042 6943 6941 6961 7014 7008 6948 6943 6977 6982 6993 6980 6976 6949 7035 7079 7015 6998 7007 6941 7031 6960 7016 7022

Tree=0
num_leaves=40
num_cat=0
split_feature=2 10 2 5 12 2 5 2 9 12 12 9 4 7 5 12 13 12 9 10 4 10 5 8 13 10 2 2 12 9 4 10 5 13 9 15 8 11 11
split_gain=137286 5156.09 3451.9 826.304 443.45 105.436 96.6778 89.2529 55.8626 54.0116 52.9992 40.997 25.9513 15.5653 50.8644 21.4239 13.0346 10.5149 8.27438 8.06902 7.60139 7.5951 5.86499 5.24748 4.86108 32.7226 7.41928 6.36548 5.04335 4.32488 3.4401 2.61943 2.51342 2.40333 1.63567 1.52476 0.661731 0.458855 0.360014
threshold=2395.5000000000005 4.5000000000000009 1193.5000000000002 1.0527428507844665 0.12500000737557468 758.50000000000011 1.060304208961832 1596.5000000000002 0.97562722761898113 0.17054074499048924 0.084078333583032808 0.40021037868162695 2448.5000000000005 245.50000000000003 1.6523618052684983 0.035319885133315694 69.500000000000014 0.045536294381250182 0.67506345177664995 2.5000000000000004 731.50000000000011 6.5000000000000009 1.3132820744761047 1.161326979472141 2.5000000000000004 2.5000000000000004 26.500000000000004 226.50000000000003 0.0085671581817798898 0.99818669033997509 3791.5000000000005 2.5000000000000004 0.88141870684243584 36.500000000000007 0.43755998080614206 1312.5000000000002 1.2727700333532885 0.016177966026589278 0.016932202627261483
decision_type=2 2 2 2 2 2 2 2 10 2 2 10 2 2 2 2 2 2 10 2 2 2 2 2 2 2 2 2 2 8 2 2 2 2 10 2 2 2 2
left_child=2 32 5 7 29 13 30 17 9 11 12 -9 19 24 22 20 -13 18 -4 -8 -16 -17 35 31 25 27 -27 -1 -28 -5 -7 -24 -2 -33 -32 -15 -37 -14 -6
right_child=1 -3 3 4 38 6 10 8 -10 -11 -12 16 37 14 15 21 -18 -19 -20 -21 -22 -23 23 -25 -26 26 28 -29 -30 -31 34 33 -34 -35 -36 36 -38 -39 -40
leaf_value=-6.9226389162377213 -6.8390971020456162 5.4345929932318917 -6.6485321214150357 -4.5780610173754059 -6.8371924618867084 -6.9151645927821379 -6.8440716338862186 -6.8833206738018964 -6.8877376470696907 -6.8858996352651891 -6.8962357907680545 -5.9312518180490956 -6.8376971560219264 -6.9250905380914931 -6.5451268728113847 -6.9077971404893095 -6.8394202100210855 -6.9015542145337454 -6.8908293148516346 -6.2729885664058731 -6.8841624265731136 -6.748688361227571 -6.8892073171125476 -6.9052490178604504 -6.9275663076561802 -6.8884542080913551 -6.6041086410327532 -6.7947107084811904 -6.8838853954542643 -6.750162064717486 -6.7923597835338665 -6.7315668872533996 -6.1163210571366138 -6.8858996352651891 -6.8904005886793884 -6.8917925582075821 -6.8371924618867084 -6.887770782116478 -6.8855706864164921
leaf_weight=17.960990587249405 0.12647136719897289 1.3377174693159757 0.25294273439794712 0.97886781767010655 0.10282224975526322 2.9252930055372413 0.19330582953989484 0.12235847720876314 0.24574517691507936 0.19124938454478979 0.57991748861968506 0.55524014867842197 0.10899158474057913 16.716841365210723 0.56757881864905302 1.4878379539586601 0.13058425718918443 0.89866646286100149 0.34959564916789532 0.6796550708822906 0.14395114965736866 0.11618914222344745 0.29304341180249949 1.2081614346243439 714.84084474854171 0.26836607186123629 0.23546295193955302 0.12647136719897289 0.13675359217450023 0.12544314470142137 0.10693513974547375 0.27350718434900045 0.10899158474057913 0.19124938454478979 0.33417231170460582 0.38558343658223648 0.10282224975526333 0.24677339941263199 0.18199538206681609
leaf_count=17468 123 1301 246 952 100 2845 188 119 239 186 564 540 106 16258 552 1447 127 874 340 661 140 113 285 1175 695220 261 229 123 133 122 104 266 106 186 325 375 100 240 177
internal_value=-6.87661 4.6531 -6.91537 -5.62326 -4.89787 -6.92404 -6.71738 -6.42075 -6.21525 -6.12766 -6.50064 -6.04302 -6.38947 -6.92567 -6.88344 -6.70169 -5.97879 -6.78796 -6.70948 -6.31389 -6.57732 -6.85109 -6.91304 -6.84361 -6.92689 -6.90003 -6.68407 -6.91743 -6.63638 -4.64686 -6.89355 -6.78566 -6.15893 -6.7572 -6.82379 -6.92242 -6.8607 -6.85412 -6.85004
internal_weight=765.939 1.57318 764.366 4.13551 1.38913 760.231 5.17504 2.74638 1.24518 0.999432 1.80864 0.808183 1.22873 755.056 21.4868 2.31556 0.685824 1.5012 0.602538 0.872961 0.71153 1.60403 19.1712 1.96596 733.569 18.728 0.640583 18.0875 0.372217 1.10431 3.3664 0.7578 0.235463 0.464757 0.441107 17.2052 0.488406 0.355765 0.284818
internal_count=744916 1530 743386 4022 1351 739364 5033 2671 1211 972 1759 786 1195 734331 20897 2252 667 1460 586 849 692 1560 18645 1912 713434 18214 623 17591 362 1074 3274 737 229 452 429 16733 475 346 277
is_linear=0
shrinkage=1


Tree=1
num_leaves=43
num_cat=0
split_feature=2 10 1 0 0 10 12 13 10 9 11 12 0 12 12 11 11 5 10 0 13 10 10 13 13 0 6 11 5 12 7 12 0 10 2 5 13 12 13 12 5 7
split_gain=68476.8 7997.21 5734.65 1462.8 195.889 108.668 93.1166 84.5285 67.5356 42.4855 27.9407 36.9745 25.2647 24.5628 13.9893 12.2458 14.5896 12.0849 11.1022 6.44329 4.2952 8.21569 5.7064 5.70885 4.29124 3.95745 2.91479 2.78492 3.26426 2.47975 2.46585 2.28097 2.03154 1.61107 1.26057 1.11689 1.00121 0.831154 0.753809 0.735739 0.510214 0.320368
threshold=2395.5000000000005 4.5000000000000009 2717.5000000000005 252.50000000000003 620.50000000000011 6.5000000000000009 0.086511057402937977 77.500000000000014 14.500000000000002 0.24008281573498966 0.048492937832192821 0.10207031664349965 181.50000000000003 0.046616209398076432 0.013151387499121871 0.015767172713370334 0.040434615120965883 0.82719607367565029 6.5000000000000009 86.500000000000014 4.5000000000000009 2.5000000000000004 4.5000000000000009 56.500000000000007 35.500000000000007 220.50000000000003 1.2632787942290646 0.023711863982801642 1.1853268182140078 0.10820247281256935 1338.5000000000002 0.034244899543090908 151.50000000000003 9.5000000000000018 1047.5000000000002 2.2571224277383304 67.500000000000014 0.12500000737557468 3.5000000000000004 0.18761767487314604 1.2308989492800626 465.50000000000006
decision_type=2 2 2 2 2 2 2 2 2 10 2 2 2 2 2 2 2 2 2 2 2 2 2 2 2 2 2 2 2 2 2 2 2 2 2 2 2 2 2 2 2 2
left_child=3 -2 -3 12 5 13 -6 9 -4 -7 11 -11 19 15 25 -5 17 -17 -16 38 21 -21 -22 24 34 -14 29 28 30 -20 -15 -9 33 -26 -24 -29 -30 -13 -1 -39 -18 -37
right_child=1 2 8 4 6 7 -8 31 -10 10 -12 37 14 27 18 16 40 -19 26 20 22 -23 23 -25 32 -27 -28 35 36 -31 -32 -33 -34 -35 -36 41 -38 39 -40 -41 -42 -43
leaf_value=-0.03690236726105136 0.60080426990708324 -6.1469832529683499 -0.99075494585394619 -0.014993170724282093 0.83760483572456712 -0.01105585787234779 0.07018797670578629 0.069040382496022776 -0.085055638513850756 0.67113499222565975 0.026480355366500855 -0.0084314803194709964 0.226664271389759 0.13470760142794394 -0.037681747705728713 -0.011184469906272275 0.028961496394495814 0.28832177972164102 0.15757400703818059 -0.027795055836325851 -0.045073490168451275 0.13338240336756485 -0.025762413648785256 -0.032576132753444537 0.14859220088451641 -0.0064990846124506965 -0.010429700847496266 -0.029789073664657068 -0.023933608575331868 -0.007279794794734451 -0.0092622983321885739 -0.021883396299232714 -0.007569399689668856 -0.0052491018491743358 0.040547630602062262 -0.006829715942245889 0.034691546967978278 0.084021500153254158 -0.049901631310437927 -0.0058647671529963377 -0.015344434547702146 0.040891380156470904
leaf_weight=25.625817796448246 0.38285132870077987 4.5025190091691911 0.44116900954395522 0.42433424491901117 2.6600761000299822 0.28159488085657391 0.66183991299476463 0.25921478029340483 0.48009568685665727 2.8119619832141334 0.30616437655407924 0.20124972343910474 0.26501462736632575 0.35307732434012029 3.045074480469339 0.28734430717304382 0.26532772881910194 3.1351183565566316 0.44514509313739825 1.248892833944409 9.0572165159974229 0.36316181242000301 1.0607320676790544 1.8642901499988509 0.51050392747856665 0.14918142522219568 0.26318475080188364 1.4555197652662171 0.90931804222054757 0.17018695385195315 0.22639959293883294 0.76889869198203087 0.17818520776927471 0.11716565047390759 0.10431602108292271 0.15802064002491523 0.18003718636464328 0.11915337212849408 677.80397168709897 0.13272646570112556 0.43878540373407304 0.10015273618046194
leaf_count=26033 240 1041 102 156 362 128 203 76 111 760 105 68 235 221 2855 158 91 1168 414 1242 9120 336 1069 1877 514 123 241 770 517 162 119 308 179 118 92 158 75 92 692685 129 171 94
internal_value=-0.0833426 -5.07546 -5.50729 -0.0372749 0.419444 0.289943 0.736326 0.459831 -0.808705 0.547312 0.584126 0.617947 -0.0480443 0.145648 0.0623598 0.210967 0.232595 0.266333 0.0108861 -0.0487971 -0.0145734 0.0456781 -0.0248529 0.022346 0.0677756 0.197473 0.109674 0.0296818 0.0622561 0.135699 0.108207 0.0237793 0.116104 0.134293 -0.00383919 -0.0132918 -0.002278 0.053169 -0.0494811 0.0698068 0.00854898 0.0294696
internal_weight=744.215 5.80664 5.42378 738.408 16.1363 12.8144 3.32192 4.88096 0.921265 3.85285 3.57126 3.26509 722.272 7.93344 4.33779 4.55091 4.12658 3.42246 3.92359 717.934 14.5045 1.61205 12.8924 3.83519 1.9709 0.414196 0.878517 3.38253 1.66883 0.615332 0.579477 1.02811 0.805855 0.62767 1.16505 1.71369 1.08936 0.45313 703.43 0.25188 0.704113 0.258173
internal_count=744718 1494 1254 743224 5929 5364 565 1666 213 1282 1154 1049 737295 3698 4030 1744 1588 1326 3672 733265 14547 1578 12969 3849 1972 358 817 1954 932 576 340 384 811 632 1161 1022 592 289 718718 221 262 252
is_linear=0
shrinkage=0.05


Tree=2
num_leaves=53
num_cat=0
split_feature=0 2 16 0 0 10 16 10 16 16 8 12 0 16 12 13 8 12 8 8 0 5 2 12 13 7 6 13 13 6 13 10 12 1 13 10 16 13 10 8 13 8 12 12 16 2 13 13 8 6 5 8
split_gain=468.334 692.405 298.118 128.509 78.7852 77.035 66.959 34.5112 30.4168 30.4037 25.0602 33.8836 18.637 22.5304 17.2794 15.4801 14.8002 12.9458 10.6079 8.90597 8.63572 11.5766 6.98169 5.75884 5.18648 5.0562 4.68157 5.3818 5.29501 6.49867 4.24147 4.49068 5.88603 3.87299 3.83269 4.45696 2.72208 2.68528 2.59032 2.28217 1.91016 1.63291 1.56626 1.91737 1.55131 1.38516 1.19625 2.53068 1.1734 1.05825 0.987445 0.77206
threshold=181.50000000000003 2395.5000000000005 13.500000000000002 620.50000000000011 318.50000000000006 14.500000000000002 29.500000000000004 3.5000000000000004 12.500000000000002 28.500000000000004 1.1739448258326981 0.046616209398076432 309.50000000000006 20.500000000000004 0.064492346086301902 39.500000000000007 1.2826319709524254 0.0050056277306836936 1.1920978293190607 1.3638105189829328 86.500000000000014 3.5593869731800769 1707.5000000000002 0.10207031664349965 21.500000000000004 1089.5000000000002 0.83341806473479085 16.500000000000004 8.5000000000000018 1.4072518026088783 67.500000000000014 5.5000000000000009 0.033355570668606234 501.50000000000006 4.5000000000000009 2.5000000000000004 42.500000000000007 1.5000000000000002 1.5000000000000002 1.1818984902023775 5.5000000000000009 1.3283205186190263 0.066128879253653086 0.10010004227533488 22.500000000000004 1360.5000000000002 52.500000000000007 56.500000000000007 1.2727700333532885 0.61857332364224227 1.5003234152652007 1.1964675608234561
decision_type=2 2 2 2 2 2 2 2 2 2 2 2 2 2 2 2 2 2 2 2 2 2 2 2 2 2 2 2 2 2 2 2 2 2 2 2 2 2 2 2 2 2 2 2 2 2 2 2 2 2 2 2
left_child=20 2 4 36 23 8 12 17 -5 15 11 -9 -4 14 16 -10 -14 -8 -12 -7 37 33 25 30 -11 -20 -15 28 -28 -30 31 40 -33 34 35 -22 44 -1 -23 -37 -2 49 -13 -44 -3 -19 -43 -48 -35 50 -36 -29
right_child=1 3 6 5 -6 19 7 10 9 24 18 42 13 26 -16 -17 -18 45 22 -21 21 38 -24 -25 -26 -27 27 51 29 -31 -32 32 -34 48 41 39 -38 -39 -40 -41 -42 46 43 -45 -46 -47 47 -49 -50 -51 -52 -53
leaf_value=-0.018396117096374873 0.072137922329375867 -0.044311068589375523 -0.037050594417688452 0.058902346343239535 0.61821236163503723 0.056487303085185708 0.1918996855061218 0.57985579467293924 -0.068501751214739823 0.04389211027400565 -0.015947289104394333 -0.011019793926913247 0.011329149497691725 0.11082568018538282 -0.018850576574736436 -0.010680087683212443 0.3040452795732449 -0.029479416260325349 0.12966195605491895 0.11064777955683534 -0.024907139521897673 -0.0078726684532722992 0.27298198572854793 -0.0139504053178754 0.0094699034542422046 -0.00053583247193372103 -0.023820793227624058 0.010228348074249709 -0.018528568619669172 0.14820522268469741 -0.0090354624501733406 -0.0065889233259402409 0.28446870310806766 -0.0090060844066666215 -0.020239939992982722 0.1278682880427596 -0.030912693198030042 -0.049668909005302332 0.15602041523678367 -0.0095726214395115746 -0.017738899612379014 -0.023369315232878135 0.11412703808771779 -0.0094658497610857692 -0.066095912718569919 0.02749947186722701 0.082876979874622614 -0.019790786947786375 0.085932027576026457 -0.047049304332416629 0.041041702635401286 -0.036987607962044165
leaf_weight=8.4797107317135652 0.22798178863013407 26.365050815860741 2.8473382787196924 21.707020943285897 5.1299005905166268 17.977553855627775 0.23972263862378751 0.90419515466783174 17.690337926032953 17.977394988178276 0.4594243480823933 0.27822817681590095 0.62414043670287256 0.55181498988531519 0.59587197378277768 31.623492268961854 1.3980905211647039 1.4265522893401796 1.7790098048280927 20.777906947769225 0.99062955676344688 0.18666651030071157 1.9368555303663013 0.38643947569653381 27.595231120474637 1.0079472818179054 0.88686607865383882 0.65378896892070804 0.57671370008029021 0.76307308406103402 0.2200851782108656 0.15142688457854092 0.19587150996085256 0.2193942184676424 0.67898273858008806 0.12438342347741127 16.855317806010135 660.94184288894758 0.21341474214568734 0.23643154103774577 0.54864386160625145 0.87593248649500199 0.21795461751753464 0.23227032204158604 31.907978983945213 0.92646336654433969 0.12881364376517013 0.65408933575963601 0.10344411688856781 10.282545884372665 0.098344135913066566 2.6922084938851185
leaf_count=8918 165 162 2490 111 800 101 99 220 156 136 127 84 155 89 246 190 286 1109 871 191 1006 196 299 389 143 202 184 174 106 176 151 94 131 213 695 101 102 709644 202 199 441 909 79 167 199 180 126 686 94 10020 100 487
internal_value=-0.026827 0.0304481 0.261332 0.00153173 0.528339 0.0274653 0.154047 0.247338 0.00690945 -0.00547513 0.301322 0.462428 0.064684 0.0982196 0.198293 -0.0323717 0.247343 0.0610525 0.183996 0.0875771 -0.048465 -0.00991525 0.202831 0.133073 0.0236996 0.0948666 0.0336118 0.0102676 0.0579969 0.0991895 0.163263 0.185371 0.246865 -0.021865 -0.0278966 0.0350237 -0.0517496 -0.0493008 0.128546 0.0969545 0.0343983 -0.036648 0.0655217 0.087805 -0.0571534 -0.00553431 0.00638538 0.0341112 0.0633783 -0.0430967 0.00624275 -0.0275312
internal_weight=942.551 258.336 27.8589 230.477 6.86035 155.349 20.9985 9.40862 116.593 94.8865 6.81589 1.63265 11.5899 8.74257 2.6181 49.3138 2.02223 2.59274 5.18324 38.7555 684.215 14.7931 4.72381 1.73045 45.5726 2.78696 6.12447 5.57265 2.22665 1.33979 1.34401 1.12392 0.347298 14.393 14.0702 1.35144 75.1283 669.422 0.400081 0.360815 0.776626 12.7187 0.728453 0.450225 58.273 2.35302 1.65884 0.782903 0.322838 11.0599 0.777327 3.346
internal_count=744601 11492 10001 1491 2171 1028 7830 3437 736 625 2049 550 4393 1903 687 346 441 1388 1499 292 733109 14547 1372 1371 279 1073 1216 1127 466 282 982 831 225 14149 13842 1306 463 718562 398 300 606 12536 330 246 361 1289 1721 812 307 10815 795 661
is_linear=0
shrinkage=0.05


Tree=3
num_leaves=55
num_cat=1
split_feature=0 2 0 16 10 10 6 6 11 10 12 7 12 8 0 16 9 17 13 15 11 11 12 11 11 12 6 0 15 13 10 8 8 6 0 11 13 11 8 0 0 8 6 6 3 16 9 13 11 6 16 12 3 6
split_gain=445.525 484.116 126.514 96.2009 76.9463 70.6499 48.0315 41.2361 36.5075 30.5584 29.8335 28.5769 25.5213 22.2932 22.7426 20.0632 14.4411 11.1916 13.2202 15.7758 10.8862 9.91624 9.34307 12.5643 9.53478 9.25137 5.56023 4.87199 7.32191 5.99206 7.37301 4.66145 8.40021 6.15017 4.2736 3.55267 2.7539 2.5887 3.15204 2.08604 1.66019 1.40963 1.07233 0.924268 0.950697 0.687549 0.666023 0.663816 0.649012 0.549683 0.523185 0.45102 0.440573 0.0367174
threshold=181.50000000000003 2395.5000000000005 620.50000000000011 4.5000000000000009 14.500000000000002 8.5000000000000018 2.4707866952448998 1.3475866815796269 0.016504590038172239 3.5000000000000004 0.10207031664349965 1507.5000000000002 0.09116799422498241 1.3685792637907397 265.50000000000006 13.500000000000002 0.95243482008187896 0 20.500000000000004 2241.5000000000005 0.016033897791914217 0.008391957507496153 0.026680003361569841 0.024922082076218693 0.04162711929529906 0.022723834561654891 1.3096114492801805 86.500000000000014 1312.5000000000002 4.5000000000000009 2.5000000000000004 1.2891757708801308 1.3283205186190263 1.5267591937765206 562.00000000000011 0.016504590038172239 59.500000000000007 0.038793499442747299 1.2258342602892105 539.50000000000011 525.50000000000011 1.3077524038461541 0.80775494863442765 0.61857332364224227 807.50000000000011 22.500000000000004 0.99976076555023929 1.5000000000000002 0.016177966026589278 0.74495285710404058 18.500000000000004 0.22595019077800557 2810.0000000000005 1.0147309207451427
decision_type=2 2 2 2 2 2 2 2 2 2 2 2 2 2 2 2 10 9 2 2 2 2 2 2 2 2 2 2 2 2 2 2 2 2 2 2 2 2 2 2 2 2 2 2 2 2 10 2 2 2 2 2 2 2
left_child=27 3 39 10 12 6 8 11 13 22 -2 21 15 14 -5 -4 -11 -17 -19 -20 -6 -7 23 -8 -25 26 45 47 29 30 -29 42 33 -33 -15 -23 -30 38 -37 53 -28 -40 49 44 -31 -10 -24 -1 -16 -27 -48 -12 -45 -3
right_child=1 2 4 5 20 7 9 -9 25 16 51 -13 -14 34 48 17 -18 18 19 -21 -22 35 46 24 -26 31 40 28 36 43 -32 32 -34 -35 -36 37 -38 -39 41 -41 -42 -43 -44 52 -46 -47 50 -49 -50 -51 -52 -53 -54 -55
leaf_value=-0.028584851400823924 0.53092081812187775 -0.044152423306300391 0.060358142543564634 -0.020421073842193948 0.044361228571590312 0.16580700804149962 -0.019789903467684833 0.45061378237042549 0.020292350906974985 0.40386654000567779 0.037381657624805768 0.32090483944634873 -0.040187478322753878 -0.030272419936214098 0.2945917878647038 -0.021694418986521521 0.043268840314673485 0.05487294599564424 -0.023727707063676103 0.036950004001820198 0.10292833943079881 -0.030668449932004349 -0.025451043342193322 0.2572292432214478 -0.011850775091800929 -0.014526843513683531 -0.024737628514160379 -0.027334197245201659 0.13057430257819325 0.0398679973032963 0.12379230067409107 0.14171554979057097 -0.033356550543120922 -0.01861867290977778 0.075583329954507658 -0.015533255044039069 -0.011171816532922922 -0.018519306763965859 0.1343807423222832 -0.036313103778050762 0.044674525682956386 0.013001850120505049 -0.042532874304438549 -0.045729293844773172 -0.020084473927485719 0.16755899669005214 -0.011656451825990795 -0.049726786695630444 0.077187756607738106 0.032974373895167983 0.038901671336281522 -0.010553860461606505 -0.0032459447438643097 -0.061320716145697653
leaf_weight=8.3209914776962233 1.9221461959532455 15.208004973013884 20.539705887669697 0.68891290773172942 14.257518098689614 0.84798361011780699 0.64482173969736256 2.3900779947871342 0.4173598035704339 1.6401031567947941 0.14401202503358934 1.1535967685049398 22.629249403253198 1.4821537051466296 2.1866081139887688 18.32418676931411 0.60433390625985328 16.319291416322812 23.562268113833852 18.003604296594858 27.781081498600543 1.5148257500841285 1.0145442475331945 0.6266214573988691 0.30671266472199932 0.40475618606433084 0.95602255896665134 1.2033557482063741 0.1075475930701949 0.11268003407167171 0.43832897057291109 0.82187918276758887 1.9145692459424024 0.58216721238568425 0.58626501506660122 0.44000310235423945 0.28737213212298229 0.57328945893095795 0.3547258026083 26.726966104586609 0.57567189843393862 0.58085696113994345 5.344771254924126 10.592656998196613 0.67028406559256837 0.37813122355146334 0.30334084603236977 628.8435010186513 0.9582576363463885 0.20411164493998513 0.12475471280049533 0.26710352534428239 0.81260590860620219 34.656349723343737
leaf_count=8913 322 77 108 614 103 98 242 365 93 253 73 136 149 455 518 102 201 139 130 111 200 331 459 260 130 220 319 1240 109 113 338 208 473 184 41 136 303 155 110 150 26 160 2436 11504 695 148 241 709498 131 82 115 225 141 243
internal_value=-0.0264506 0.0273581 0.002152 0.203974 0.0272342 0.169034 0.115545 0.293506 0.0682534 0.236757 0.474256 0.165729 0.00651332 0.159394 0.218341 0.0177359 0.350035 0.00561546 0.0155293 0.00280452 0.0845574 0.0716123 0.0864676 0.14366 0.208411 0.0129079 0.0846616 -0.0488415 -0.0182026 -0.0274693 0.044603 -0.0115897 0.0304521 0.0951441 0.0145855 0.0165722 0.0933638 0.0512395 0.0758698 -0.0503787 0.00869182 0.104673 -0.0360334 -0.0398229 0.00606493 0.144629 -0.00929721 -0.0494959 0.262952 0.0119949 0.0200004 0.0208291 -0.0432081 -0.0570556
internal_weight=922.353 270.964 238.008 32.9555 161.417 30.6222 22.7669 7.85536 17.5016 5.26523 2.33326 5.46528 119.378 5.9022 3.83378 96.7491 2.24444 76.2094 57.8852 41.5659 42.0386 4.31168 3.0208 1.57816 0.933334 11.5994 2.32719 651.389 14.2248 13.8299 1.64168 9.27225 3.31862 1.40405 2.06842 3.4637 0.39492 1.94888 1.37559 76.5913 1.53169 0.935583 5.95364 12.1882 0.782964 0.795491 1.44264 637.164 3.14487 0.608868 0.428096 0.411116 11.4053 49.8644
internal_count=744326 11472 1512 9960 1042 9340 7849 1491 5948 1901 620 1126 739 1759 1263 590 454 482 380 241 303 990 1447 632 390 4189 586 732854 14443 14031 1578 3603 865 392 496 892 412 561 406 470 345 270 2738 12453 808 241 815 718411 649 302 356 298 11645 320
cat_boundaries=0 4
cat_threshold=0 0 131072 18
is_linear=0
shrinkage=0.05


Tree=4
num_leaves=59
num_cat=1
split_feature=0 2 0 15 10 5 11 10 15 11 11 19 6 2 4 10 6 11 0 0 4 10 6 15 13 6 11 11 6 5 13 6 6 11 10 6 5 0 5 5 13 15 5 6 1 15 0 6 6 2 2 13 16 13 13 15 11 2
split_gain=460.939 429.936 99.6369 94.5986 65.6157 65.553 38.5115 37.6029 56.0187 31.0914 33.0309 28.1218 19.8777 18.329 15.8619 10.9478 8.29449 15.6146 9.41158 7.78875 8.96327 16.003 7.63855 5.99338 4.96312 24.4307 3.92395 3.74948 3.49122 4.30236 3.4663 5.5707 4.66742 3.26498 3.14898 2.99804 3.41538 4.09987 2.84401 2.60477 1.81393 2.01573 1.68199 1.62003 1.4888 1.53989 1.46179 1.02564 0.989351 0.802044 2.70419 0.703218 0.427317 0.425193 0.423409 0.409063 0.34525 0.292678
threshold=181.50000000000003 2395.5000000000005 620.50000000000011 1745.5000000000002 10.500000000000002 2.4008547008547012 0.03323023111914241 5.5000000000000009 370.50000000000006 0.012843146526283411 0.039390087150529315 0 2.0005154639175262 3190.0000000000005 6213.5000000000009 15.500000000000002 1.2751132930513598 0.016593219805508857 265.50000000000006 86.500000000000014 515.50000000000011 2.5000000000000004 1.4660875600583234 1455.0000000000002 73.500000000000014 1.0312973963599597 0.041038559470325718 0.040237288083881148 2.4003089598352223 1.3549261299064606 11.500000000000002 2.8053751803751807 2.2904315605928516 0.040237288083881148 7.5000000000000009 1.6878795546558707 1.3132820744761047 151.50000000000003 1.1936328322918428 1.953843422687733 41.500000000000007 114.50000000000001 0.69185789563148059 1.9124494609164422 501.50000000000006 1312.5000000000002 451.50000000000006 0.61857332364224227 0.59389754616186041 1360.5000000000002 1193.5000000000002 1.5000000000000002 28.500000000000004 37.500000000000007 36.500000000000007 1640.5000000000002 0.047150114418972024 1596.5000000000002
decision_type=2 2 2 2 2 2 2 2 2 2 2 9 2 2 2 2 2 2 2 2 2 2 2 2 2 2 2 2 2 2 2 2 2 2 2 2 2 2 2 2 2 2 2 2 2 2 2 2 2 2 2 2 2 2 2 2 2 2
left_child=19 3 34 5 11 7 12 16 9 57 49 22 54 -6 -13 -15 27 18 -18 51 21 -21 -4 33 25 -5 30 -2 29 -20 31 32 38 46 42 -23 -37 -38 43 -33 -32 -42 -3 -19 45 47 -10 48 -22 50 -11 -1 -17 -46 -7 -47 -12 -9
right_child=1 2 4 24 13 6 -8 8 23 10 56 14 -14 15 -16 52 17 26 28 20 44 35 -24 -25 -26 -27 -28 -29 -30 -31 40 39 -34 -35 -36 36 37 -39 -40 -41 41 -43 -44 -45 53 55 -48 -49 -50 -51 -52 -53 -54 -55 -56 -57 -58 -59
leaf_value=-0.028179540904917696 -0.037839895039416122 -0.070539450689006675 0.0087868699528361304 0.10469325362799993 0.017507931688748462 -0.0098304631884005792 -0.016926255304687769 0.017325150142570436 -0.035135016110513055 0.17103624008340645 -0.016207900326730303 -0.0037256672336884117 0.47359116320461325 0.043730545791455008 -0.065297975871113467 0.073478717200922194 -0.016445444637748115 0.086900179178040604 0.27368075356531113 -0.034284403802662455 -0.020297389705611221 -0.0081898458105637371 0.056872535658323058 0.10669177982036221 0.15587492903584488 0.48333286754396609 -0.030427822752464598 0.058987054356856222 0.035055166966031663 0.039568089511591013 -0.03106852465806937 -0.031538833068215082 0.14638842007803626 0.065812397563038041 -0.035532544485754811 -0.0078153374753259404 0.20339934557678158 -0.0077303124876724263 -0.025531500869303288 0.05169627146010633 0.07441056330922613 -0.018107994007364486 -0.038530898039201934 -0.011504911628846039 -0.0090114707224017015 0.038096398937856074 0.01384940345635099 -0.046527279300852507 0.040999243545094183 0.35623113222368008 0.026743783982730945 -0.049791875470511227 0.10600305856713699 0.040897313327482497 0.037758654958517532 -0.0094045697576697063 0.018149800988724912 0.071473442625801881
leaf_weight=8.1487217060639505 2.9823981371009753 17.132953038788404 19.782393700676039 1.2485225528944277 23.236650854349136 0.24329624709207487 0.50894396769581352 1.20707629946992 2.2773842004826284 0.8091264634276738 0.46817988477414463 18.560696759959683 1.5762451548944227 25.731283259112388 23.349277836969122 18.417453453876078 0.4891417099279346 0.4591167937032864 0.6978413464385087 2.1752163966884832 0.6822465310688085 0.19567423901753489 13.748623012565075 1.2201313115074297 2.1433304703095928 2.64545981871197 1.5032220589928327 0.37472635618178163 0.75132272817427281 0.66812614933587611 1.5905648840125652 1.6088905468350279 1.2832551136962136 0.720919067156501 41.786383181810379 0.18505023320903979 0.77567042503505945 0.18258812197018415 1.0045930931228211 0.47038970846915606 0.20481455349363376 0.55756161158205941 11.590340209426357 0.2946791147114709 0.21953737427247766 0.13504424918210212 2.0784800417604856 8.9224131563096289 0.098857479984872043 4.3987231709761545 0.93413412902737036 598.29144009813899 14.119029959198086 0.10008293209830299 0.13937212032033131 0.23138019681209698 0.46100664266850799 1.449262556445319
leaf_count=8982 1441 148 112 159 103 169 354 238 902 456 105 140 581 164 145 148 424 159 173 2401 714 222 118 152 335 199 572 188 116 134 630 350 289 135 196 196 712 150 220 132 94 253 97 117 210 138 132 9387 103 440 112 709380 101 99 113 234 99 100
internal_value=-0.0250822 0.0297804 0.00305003 0.179938 0.0252069 0.13925 0.353344 0.111667 0.163176 0.233079 0.283362 -0.0083912 0.422752 0.0560302 -0.0314276 0.0708379 0.0496506 0.068428 0.157378 -0.0486987 -0.0108013 0.0496465 0.0229369 0.0380451 0.353451 0.408129 0.0294164 -0.0159744 0.189929 0.224293 0.0436233 0.0635029 0.0977236 0.00670453 -0.0459311 0.142359 0.159924 0.179766 0.0220136 -0.00203544 -0.00567812 0.0348658 -0.0593543 0.0638058 -0.0338112 -0.0378589 -0.0135395 -0.0421129 0.00612379 0.319847 0.131651 -0.0495483 0.0903325 0.0257654 0.022275 0.0231703 0.00141037 0.0583357
internal_weight=887.269 266.925 227.455 39.4702 156.945 33.4329 2.46786 30.9651 16.0244 9.72751 7.07117 75.441 1.95891 81.5044 41.91 58.2678 14.9406 11.5835 2.60643 620.344 13.9038 3.5142 33.531 6.29691 6.03731 3.89398 8.97709 3.35712 2.11729 1.36597 7.47387 5.12092 3.04164 5.07678 70.5097 1.33898 1.14331 0.958259 1.75839 2.07928 2.35294 0.762376 28.7233 0.753796 10.3896 10.0699 4.35586 9.70352 0.781104 6.14198 1.74326 606.44 32.5365 0.31962 0.382668 0.366424 0.929187 2.65634
internal_count=744473 11545 1472 10073 1031 9380 1217 8163 2871 1550 1212 515 863 516 285 413 5292 3663 847 732928 14566 3681 230 1321 693 358 2816 1629 423 307 2244 1267 785 1169 441 1280 1058 862 496 482 977 347 245 276 10885 10576 1034 10204 817 1008 568 718362 249 309 282 372 204 338
cat_boundaries=0 1
cat_threshold=73920
is_linear=0
shrinkage=0.05


Tree=5
num_leaves=55
num_cat=0
split_feature=0 2 0 10 10 12 5 9 10 12 2 16 0 9 16 16 13 11 7 0 10 8 15 13 5 13 13 10 12 2 16 5 9 13 5 5 5 12 12 13 16 0 13 11 11 13 13 0 0 13 8 16 0 0
split_gain=448.618 320.443 98.3701 71.5409 61.8571 54.3804 39.4892 28.4384 27.0504 24.1516 19.3795 18.2722 17.5416 16.6539 13.9354 20.6225 13.3816 13.1318 10.8488 10.6067 10.2221 8.79315 8.76599 8.52527 7.38116 7.44597 4.75192 40.4595 11.2295 8.02726 4.70508 4.65922 4.30973 3.89734 3.5846 3.31337 6.78262 4.73876 3.61759 2.87506 2.17222 1.89313 1.4426 1.35583 1.12227 0.873977 1.41459 0.852274 1.44585 0.787027 0.737662 0.715683 0.262557 1.19794
threshold=149.50000000000003 2395.5000000000005 620.50000000000011 8.5000000000000018 10.500000000000002 0.022723834561654891 2.4008547008547012 0.38473507819980857 5.5000000000000009 0.078411853232571008 1822.0000000000002 6.5000000000000009 827.50000000000011 0.86673293571901933 41.500000000000007 21.500000000000004 32.500000000000007 0.016177966026589278 969.50000000000011 539.50000000000011 12.500000000000002 1.136392081010354 1455.0000000000002 17.500000000000004 0.86967844202898559 26.500000000000004 3.5000000000000004 2.5000000000000004 0.01944874238406941 26.500000000000004 42.500000000000007 1.1686070123189389 0.68434861018293225 52.500000000000007 3.7902592301649647 1.2904315605928511 1.1549594808767683 0.041295148686813006 0.058016828948212924 36.500000000000007 13.500000000000002 539.50000000000011 71.500000000000014 0.016033897791914217 0.041038559470325718 59.500000000000007 76.500000000000014 116.50000000000001 117.50000000000001 42.500000000000007 1.1905492258252997 11.500000000000002 126.50000000000001 125.50000000000001
decision_type=2 2 2 2 2 2 2 10 2 2 2 2 2 10 2 2 2 2 2 2 2 2 2 2 2 2 2 2 2 2 2 2 10 2 2 2 2 2 2 2 2 2 2 2 2 2 2 2 2 2 2 2 2 2
left_child=26 3 30 5 9 6 21 16 17 14 22 -10 -6 19 15 -4 -5 18 43 24 -14 -2 33 44 25 -13 27 -1 29 -29 41 -22 -20 -9 -8 36 49 -38 -39 -25 -26 -3 -24 -7 -23 -35 -47 -28 -49 -19 -18 -51 53 -50
right_child=1 2 4 7 12 8 34 10 11 -11 -12 13 20 -15 -16 -17 50 35 32 -21 31 23 42 39 40 -27 47 28 -30 -31 -32 -33 -34 45 -36 -37 37 38 -40 -41 -42 -43 -44 -45 -46 46 -48 48 52 51 -52 -53 -54 -55
leaf_value=-0.04336460399059533 -0.022143138588945659 -0.058110906772518504 0.029358770265795676 0.16737674963485213 0.021362554992300314 -0.029697201784525257 0.39709489383259983 0.11867830648861161 0.23433688269627476 -0.058625543845287953 0.34629869623468307 0.18047602166683008 0.033769114893236619 -0.035772324028181951 0.046925323024385256 -0.037175268337246291 0.015698502277551343 -0.037317199315480672 0.011796524228800634 0.17804987508144024 0.098061202229740463 0.16774653583224308 0.267060058761588 -0.025960768651786356 0.0368048342770377 -0.016937403780269807 -0.049870794579152569 -0.0086480243090586734 -0.014712720472559294 0.28438703595246001 -0.018344612102535938 0.053906947884115944 0.18636046830019837 -0.018367697418154933 0.053892159057404715 -0.043155273524686316 -0.01890072491942376 0.15144536609485396 -0.01100422328006454 0.06355781512245201 -0.034102565292983181 -0.035500335682199013 0.07876977320733837 0.037107769544119047 0.019823901965596261 0.05371479476981067 -0.017143046644129665 0.036438810020021153 -0.025645086412029196 0.03647368110009757 -0.031393999520513166 -0.016802001694734437 -0.035610013769597507 0.038624949103827626
leaf_weight=21.46979418996489 0.76654012396465798 35.891128058428876 20.859671861049719 0.60214257269399185 27.013973103137687 1.4468850104021869 1.4556849212967788 1.6517701037228092 1.6216589788091349 16.325034447363578 5.3994714122964069 0.30140929319895837 15.494943755678831 2.3457350248936564 15.89597651013173 23.966872364631854 0.51102524047018993 2.8388493270031163 0.61087907769251593 2.0508918475243263 26.505336879752576 4.4851501128869131 1.6646185325807894 1.0191533560864625 0.71663296979386393 0.50862712081288919 561.54366138676414 0.20891044719610252 0.41633003519382328 0.49516728741582483 16.28997469402384 13.671667539980261 0.89947096281684935 0.56051178026245896 0.44300782948266704 5.8108303177286871 0.58705434232251696 0.48610362596809864 0.28044185868930072 0.75357035006163631 2.0513973302440718 21.883465424878523 1.3157471540034746 0.14766240108292539 0.42892036365810771 0.9172499109408816 0.51412664953386411 0.15680417802650426 1.0510384186054582 0.15547408099519078 1.522301096585579 0.50267941103084013 2.4668034000205807 0.12828382715815667
leaf_count=25582 276 243 137 58 120 1047 336 282 211 122 284 138 91 565 88 168 151 1683 150 106 192 979 133 165 126 246 699267 239 442 404 99 96 166 124 183 2831 147 120 202 160 612 124 209 91 194 241 205 175 1202 94 225 390 2786 143
internal_value=-0.0239593 0.0279197 0.00366714 0.145061 0.0257219 0.0988052 0.195253 0.235387 0.0537676 -0.00652445 0.266689 0.113843 0.0554882 0.0659596 0.00820563 -0.00624915 0.0585061 0.00701633 0.083537 0.107355 0.071378 0.114554 0.164886 0.131066 0.036793 0.115645 -0.0487748 -0.0246068 0.185772 0.243388 -0.0436068 0.0847102 0.148581 0.0781867 0.363235 -0.0205211 0.00933545 0.0768936 0.119427 0.0212911 -0.0108492 -0.0502964 0.224609 -0.0115929 0.16037 0.0161654 0.0316808 -0.0496954 -0.0188051 -0.0280984 -0.018285 0.0101899 -0.0285124 -0.00413851
internal_weight=869.109 281.172 233.798 47.3737 159.733 32.7147 9.35203 14.659 23.3627 77.0476 12.0235 9.59635 82.6859 7.97469 60.7225 44.8265 2.63547 13.7663 3.1049 5.62896 55.6719 7.45333 6.62402 6.68679 3.57807 0.810036 587.937 22.5902 1.12041 0.704078 74.0646 40.177 1.51035 3.64366 1.89869 10.6614 4.8506 1.3536 0.766545 1.77272 2.76803 57.7746 2.98037 1.59455 4.91407 1.99189 1.43138 565.347 3.80293 3.497 2.03333 0.658153 3.64613 1.17932
internal_count=744850 14610 1480 13130 1014 11218 2293 1912 8925 515 1478 2004 499 1793 393 305 434 6921 1454 1228 379 1774 1194 1498 1122 384 730240 26667 1085 643 466 288 316 852 519 5467 2636 469 322 325 738 367 342 1138 1173 570 446 703573 4306 2167 376 484 4131 1345
is_linear=0
shrinkage=0.05


Tree=6
num_leaves=59
num_cat=1
split_feature=0 2 0 5 2 19 12 16 13 16 16 0 12 5 11 8 11 8 6 12 13 2 0 12 13 0 13 12 12 0 12 16 13 8 3 0 13 12 0 13 13 2 7 13 7 0 11 12 8 8 7 12 6 6 11 0 2 1
split_gain=411.637 299.325 83.2619 64.3068 44.3269 42.3906 27.3864 23.51 17.7314 18.6348 16.3308 14.9739 14.1758 13.7542 13.5181 12.2539 10.4367 9.00429 8.99073 8.74977 7.77823 7.72928 7.09968 6.62936 7.90241 5.49633 6.99818 5.36701 6.20173 4.49302 3.96439 2.80107 2.35686 2.22901 2.09775 1.83489 1.82707 1.71969 1.5792 1.501 3.38825 1.30155 2.09683 1.29336 1.23969 1.15514 1.08938 1.01228 0.995255 1.95602 0.874179 0.810375 0.769033 1.05095 0.608747 0.607305 0.464042 0.203345
threshold=181.50000000000003 2395.5000000000005 620.50000000000011 1.8004149377593364 2173.5000000000005 0 0.12750576444423475 14.500000000000002 44.500000000000007 28.500000000000004 46.500000000000007 937.50000000000011 0.039357368758373208 1.2308989492800626 0.04162711929529906 1.1481783086017616 0.015523336818935633 1.2891757708801308 1.5267591937765206 0.055639799779182382 59.500000000000007 1503.5000000000002 252.50000000000003 0.059239465091469663 35.500000000000007 86.500000000000014 4.5000000000000009 0.076476069227078017 0.12094173089300632 102.50000000000001 0.041295148686813006 24.500000000000004 9.5000000000000018 1.3283205186190263 1259.5000000000002 318.50000000000006 1.5000000000000002 0.026680003361569841 602.50000000000011 35.500000000000007 56.500000000000007 322.50000000000006 371.50000000000006 13.500000000000002 371.50000000000006 444.50000000000006 0.012525423499755562 0.039357368758373208 1.2291843520090551 1.2040272107900558 813.50000000000011 0.041295148686813006 2.8053751803751807 2.3402402636659718 0.016593219805508857 525.50000000000011 939.50000000000011 289.50000000000006
decision_type=2 2 2 2 2 9 2 2 2 2 2 2 2 2 2 2 2 2 2 2 2 2 2 2 2 2 2 2 2 2 2 2 2 2 2 2 2 2 2 2 2 2 2 2 2 2 2 2 2 2 2 2 2 2 2 2 2 2
left_child=25 3 30 4 7 8 14 18 9 -4 12 -10 15 -13 16 -9 -5 -7 23 -6 31 34 -12 24 43 36 29 -25 -29 37 -3 33 35 54 52 50 -1 -27 -34 -28 41 -41 51 -2 -31 -24 -8 57 49 -33 -14 -43 53 -20 -17 -32 -16 -44
right_child=1 2 5 6 19 17 46 10 11 -11 22 13 32 -15 56 20 -18 -19 21 -21 -22 -23 45 27 -26 26 39 28 -30 44 55 48 38 -35 -36 -37 -38 -39 -40 40 -42 42 47 -45 -46 -47 -48 -49 -50 -51 -52 -53 -54 -55 -56 -57 -58 -59
leaf_value=-0.021028675174081253 0.088706203365005037 -0.024382962013663419 -0.030868936764581315 0.055124123303307494 0.27667896296451083 0.002772791279269245 0.039527187297609317 0.17277574037381591 0.028565448142990741 0.041478906510564267 -0.015390337033256762 0.092689374444243189 -0.0068637496980909988 0.027057994129400187 -0.012688761320792719 0.020887020356621464 0.31871369097307961 -0.038842131716810752 -0.0098067693779629612 0.075799433838753871 0.10808600851543389 0.10455862231057378 0.20555241261922452 -0.02444230133442251 0.21339338400012797 0.13545174834072837 -0.044090172957153652 0.12633053524429114 -0.019912044722456348 -0.026738698233020275 -0.058889146296939671 -0.026777323349319884 -0.043601117409804276 0.080057060617102868 -0.033499346470343618 -0.018332285492342261 -0.049761958884722624 -0.0065011302843570795 0.0077392683744367738 -0.015844679981106054 -0.036737887838871622 -0.0047701773134043012 -0.0042276475433981279 0.012370626009731392 0.038166447408960913 0.048999508737766456 -0.023009605853277586 -0.024799042477612235 -0.037213832982311949 0.04783277960352969 0.084809204498546842 0.10233415308930792 -0.010800606131601465 0.073971739387185584 -0.023192891432784329 -0.040179664690684125 0.032208510417585309 0.041957155617401987
leaf_weight=7.6179827024461693 0.79345224099233602 21.13569433928933 15.214597445446996 0.89282947988248995 3.404847085766959 24.17384066269733 0.11687535553937856 1.0137101380969449 37.052393419668078 18.808418724802323 0.443540974054485 27.973864135565236 0.15888761618407254 12.500561281805856 0.33926462550880376 0.40508241904899456 6.5590442628017627 26.806762983324006 0.24333498335909043 1.7421831075334919 1.2025219894130712 2.1786910930532031 0.9543554777628741 0.86907070031156797 4.8330654424498789 0.34792520629707624 6.6738921218202432 1.7982746966299603 0.65067338966764499 1.1459839387680402 28.268862368538976 1.0965053169056771 6.2784973329398781 0.53170626965584222 1.8446678579784928 0.56634198722895235 542.0373284862726 0.14927194331539795 1.5449170811916699 0.46327440196182568 2.7613085513585247 0.1053609636146573 0.09227219206513837 1.360886846669018 0.13413466501515348 1.0026004326646214 0.85042443271959201 0.8093415517359972 2.6632710401318036 0.52814632171066467 0.1126226086053066 0.31280901009449735 0.27405749342869967 0.20927179435966536 0.83407442423049361 19.304684294038452 0.21320521761663258 0.087420772819314152
leaf_count=8979 126 150 131 160 171 130 84 260 168 120 342 228 145 112 241 89 1170 153 159 148 190 96 292 71 358 316 7804 130 344 983 201 221 2572 89 250 107 709688 152 82 514 3297 120 105 166 132 80 743 672 466 92 93 351 115 74 221 104 19 100
internal_value=-0.0240214 0.0254871 0.00159101 0.137061 0.104808 0.0210889 0.254438 0.0797426 0.0363848 0.00916838 0.0400121 0.0526935 0.0187378 0.0735602 0.281597 0.0621076 0.297391 -0.0162998 0.125101 0.232077 0.0276141 0.0522717 0.14046 0.151077 0.179412 -0.0486348 -0.0151593 0.0636762 0.0929673 0.0579741 -0.0441719 -0.00140722 -0.0248376 0.0394947 -0.0089032 0.0313908 -0.0494026 0.116957 -0.0337347 -0.0304332 -0.00642031 0.0355428 0.0520146 0.0596943 -0.00618166 0.169042 0.000797745 -0.00194195 -0.0225736 0.00646055 0.0679557 0.0910134 0.0367751 0.0531863 -0.00589039 -0.0522806 0.0142237 0.034761
internal_weight=842.489 279.751 231.24 48.5109 39.5393 162.53 8.97164 34.3922 111.55 34.023 19.3368 77.5268 16.9363 40.4744 8.00434 8.27502 7.45187 50.9806 15.0554 5.14703 7.26131 4.75002 2.4005 10.3054 6.9874 562.738 13.083 3.31802 2.44895 1.77732 68.7092 6.05879 8.66127 1.77086 2.57133 0.837852 549.655 0.497197 7.82341 11.3057 4.63179 1.87048 1.4072 2.15434 1.28012 1.95696 0.9673 0.989035 4.28792 1.62465 0.27151 0.41817 0.726664 0.452607 1.23916 47.5735 0.55247 0.179693
internal_count=744676 11463 1497 9966 7549 1042 2417 7230 759 251 5341 508 4627 340 1590 1628 1330 283 1889 319 1368 694 714 1195 650 733213 14546 545 474 1583 455 1178 2999 399 598 345 718667 468 2654 12963 5159 1862 1348 292 1115 372 827 877 779 313 238 471 348 233 310 305 260 205
cat_boundaries=0 1
cat_threshold=106658
is_linear=0
shrinkage=0.05


Tree=7
num_leaves=63
num_cat=0
split_feature=0 2 10 0 0 16 16 9 0 11 9 12 9 8 12 9 10 8 6 9 8 10 11 16 9 6 11 6 11 6 12 15 8 0 10 12 6 8 9 11 11 16 6 16 2 9 12 4 4 8 9 2 8 16 8 9 2 7 2 0 15 0
split_gain=376.764 167.951 72.8499 50.3177 31.1346 26.4659 45.8388 24.4531 19.8657 18.5569 17.4782 15.2991 14.8961 13.9487 11.9473 11.2477 20.8142 13.6318 10.4052 15.6518 10.2262 9.3319 8.35775 6.65868 4.68984 9.93622 4.5148 4.71962 4.40232 4.32913 4.24908 4.04613 3.91709 3.88707 3.88624 3.5652 3.54106 3.48852 3.14241 2.7403 2.71329 2.57856 2.44618 2.27068 2.20401 2.08566 1.89291 1.7419 2.23444 1.69226 1.59369 1.46038 1.39742 1.33641 1.28912 1.2485 1.22771 1.21035 1.04194 0.946108 1.54897 1.59887
threshold=100.50000000000001 2395.5000000000005 14.500000000000002 215.50000000000003 666.00000000000011 14.500000000000002 42.500000000000007 0.73916228698837405 790.00000000000011 0.040434615120965883 0.26939799331103681 0.046616209398076432 0.57900856793145661 1.4137369426036168 0.066717995674846056 0.45186734852006821 7.5000000000000009 1.2024666632865186 1.6878795546558707 0.99138990087265955 1.1875421727395414 3.5000000000000004 0.015767172713370334 37.000000000000007 0.98810534400517436 1.0910220682383072 0.021572158911594138 1.4168204182041824 0.01428813529200852 1.3096114492801805 0.040184133973233678 1.0000000180025095e-35 1.3158630499828325 470.50000000000006 8.5000000000000018 0.10207031664349965 1.5006251736593501 1.3810839252828206 0.96302510564255539 0.02922308950668626 0.033033897867426283 6.5000000000000009 0.80775494863442765 15.500000000000002 1422.5000000000002 0.59557189542483668 0.078411853232571008 3390.0000000000005 2448.5000000000005 1.4375188593844299 0.63163009564728156 442.50000000000006 1.2451296647691337 13.500000000000002 1.3891920592312914 0.70595420578654922 226.50000000000003 288.50000000000006 1503.5000000000002 86.500000000000014 1103.5000000000002 87.500000000000014
decision_type=2 2 2 2 2 2 2 10 2 2 8 2 10 2 2 10 2 2 2 10 2 2 2 2 10 2 2 2 2 2 2 2 2 2 2 2 2 2 10 2 2 2 2 2 2 10 2 2 2 2 10 2 2 2 2 10 2 2 2 2 2 2
left_child=59 3 4 10 34 15 11 12 -4 14 22 18 -6 36 21 17 20 -5 26 23 -17 -8 -2 44 25 -22 27 37 -16 -18 -14 35 41 -27 52 -24 -9 58 -34 55 -28 51 -13 -44 -20 47 49 48 -45 53 -23 57 -3 -40 -10 -30 -55 -12 -7 -1 61 -61
right_child=1 2 8 5 7 6 9 13 54 -11 32 42 30 -15 28 16 29 -19 19 -21 24 50 31 -25 -26 33 40 -29 39 -31 -32 -33 38 -35 -36 -37 -38 -39 46 -41 -42 -43 43 45 -46 -47 -48 -49 -50 -51 -52 -53 -54 56 -56 -57 -58 -59 -60 60 -62 -63
leaf_value=-0.049273096441014977 -0.016782523624915714 -0.031105022475211408 0.0071862566017689552 0.13770475956767175 -0.0027529204162116171 0.1381673173457979 0.048178079781674543 -0.059533201724655621 0.055335848503522016 -0.0049906064628922773 -0.01066874647696231 0.050428613719015115 0.06514275525459598 0.015601093129740888 -0.020506778581526913 -0.026459259676915276 0.15087493905893798 -0.034543747126507367 0.23848241713705379 -0.012870812388481957 0.1680811630030673 0.32651178325372926 0.23560057770476034 0.032307616979687946 0.19414667998066182 -0.018563714814563644 -0.037551307583429505 -0.024398451893479993 0.016929308484987526 0.30013413200131867 0.027319032123675022 -0.007222473102402021 -0.024568805839047771 0.060498727709028713 -0.023727950625274639 -0.0054583195033802538 -0.02300237765499126 0.00026378470631465713 -0.0059565116627973529 0.006956951466488762 0.041058535762335535 -0.044471203682628857 0.036964578141985151 -0.019382574091954693 0.075637114763126095 -0.042925016968555739 -0.012446502372746741 -0.026504935633178045 0.070110094942595111 -0.0088628597106816358 0.107123004052812 -0.018992097799937432 -0.055458422213138785 -0.0047267767298999567 0.086125828857318024 0.15641142459802998 0.13476813258867745 0.077097317102725438 0.026951234514789698 0.031767845862227716 0.041802781953484296 -0.038333609340774344
leaf_weight=523.03543364285724 0.50451243628048981 13.678610704606397 16.089887125650421 1.1109927686047769 28.356663810554892 0.85608949838206772 1.0197461929637919 15.399561167228969 15.314357006456701 1.1923323391238225 0.27039566019084105 0.49106316454708476 15.418355733738279 14.402745008235796 0.67607616964960504 1.0695468215271846 5.8566493513062579 1.8469868469983337 1.4185292696347462 1.6575602403027003 1.0494645858416332 2.1714529782766481 0.40040678560035303 1.394467416394036 1.2478078331332652 2.119415046821814 2.6504945945926015 0.90137756761396293 0.48681621236028128 3.2325928782811388 18.262698941631243 0.16864378418540582 0.96381633059354621 2.540239718859084 31.216649651527405 0.12242996215354651 14.55173207214102 0.96156409068498749 0.13499453820986651 0.74417496973183006 0.64142631145659823 7.9645395236439072 0.70847206219332104 0.61585471878061093 1.7477036019554359 5.3513542722212151 0.33101802493911237 1.0674055870040318 0.65887864411342889 0.21506589715136215 1.5276440746965816 0.61128562618978322 28.013924120226875 0.10419521183939651 19.578600325621665 0.45126094063743949 0.35292529518483207 0.18012079218169674 0.91896394535433501 0.22285253391601134 0.08924596884753544 2.9151898745913059
leaf_count=718405 576 111 75 152 152 208 176 91 85 291 227 200 92 104 186 253 330 123 233 349 110 203 352 149 216 432 405 117 120 104 114 188 979 82 151 150 118 114 122 177 146 8724 121 282 99 1678 370 205 150 194 165 641 216 81 166 157 364 203 64 267 98 3275
internal_value=-0.0238292 0.021567 0.00168219 0.0934171 -0.0133603 0.11518 0.0810857 0.00392221 0.0538241 0.175045 0.0024806 0.0397666 0.0240326 -0.0241157 0.202239 0.16037 0.175938 0.0485976 0.0721202 0.114676 0.0977562 0.245433 0.132113 0.15501 0.117778 0.074637 0.024289 0.0565538 0.068465 0.228446 0.0460129 0.186446 -0.0211956 0.0276116 -0.0382913 0.212636 -0.0431014 0.0826113 0.0305502 0.0985361 -0.0162366 -0.0350911 -0.0105224 -0.0190695 0.188325 -0.027888 0.0668861 0.00903262 0.0373603 0.0883046 0.277987 0.0227126 -0.0483842 0.106997 0.0745304 0.130111 0.121549 0.0533814 0.11105 -0.0490961 -0.0155425 -0.0268813
internal_weight=819.255 292.993 230.284 62.7088 179.301 50.3844 30.3107 106.392 50.9828 8.2695 12.3243 22.0412 62.0377 44.354 7.07717 20.0737 17.1157 2.95798 13.1482 6.21826 8.02647 4.71884 1.19599 4.5607 6.95693 5.70912 6.92992 3.638 2.35833 9.08924 33.6811 0.691481 11.1284 4.65965 72.9092 0.522837 29.9513 2.73662 2.10202 1.68225 3.29192 9.02634 8.89303 8.40197 3.16623 7.69349 1.1382 2.34214 1.27473 0.807181 3.6991 1.0618 41.6925 0.592115 34.893 0.938077 0.457121 0.450516 1.77505 526.263 3.22729 3.13804
internal_count=744488 22443 1475 20968 1149 7797 5995 671 326 1475 13171 4520 358 313 1184 1802 1527 275 1884 830 1093 544 1266 481 840 624 1054 503 640 434 206 690 11905 514 478 502 209 386 2110 454 551 9795 2636 2436 332 2315 1131 637 432 761 368 1071 327 567 251 277 445 430 272 722045 3640 3542
is_linear=0
shrinkage=0.05


Tree=8
num_leaves=63
num_cat=1
split_feature=1 2 10 10 5 5 16 1 16 12 12 16 19 7 8 9 12 12 9 9 2 8 11 12 5 10 9 1 5 10 6 10 5 9 10 1 5 5 5 11 16 5 2 9 6 11 12 8 2 12 8 2 10 5 16 10 9 7 3 8 9 1
split_gain=392.574 136.749 56.8979 34.8569 38.6444 30.7805 27.1427 24.724 24.2293 24.1251 23.3043 24.5717 21.3649 18.7111 17.2026 17.1558 15.1856 14.6233 12.5106 11.518 10.7706 9.86274 8.90948 8.47917 7.17734 4.71796 4.51274 3.94474 17.8405 7.47305 5.29686 7.77947 3.73787 3.56226 3.55408 3.3886 5.31074 6.75495 3.37811 3.26084 3.2386 2.87208 2.67828 2.53836 3.60104 3.34642 2.38481 2.28694 1.93786 1.61882 1.47525 1.25694 1.05273 1.08943 1.00575 0.844648 0.748479 0.700882 0.677826 0.981417 0.580447 0.504461
threshold=226.50000000000003 2395.5000000000005 14.500000000000002 3.5000000000000004 1.8507917035825441 0.72743726861373925 13.500000000000002 1630.0000000000002 45.500000000000007 0.0085671581817798898 0.086511057402937977 12.500000000000002 0 837.50000000000011 1.3891920592312914 0.94744964262508125 0.054527256148654675 0.046616209398076432 0.59557189542483668 0.99033037244818456 1707.5000000000002 1.3077524038461541 0.021572158911594138 0.033355570668606234 1.1375455692047205 5.5000000000000009 0.31709514392441224 86.500000000000014 3.5593869731800769 2.5000000000000004 2.9978292329956591 2.5000000000000004 1.272809692573972 0.48865711534630457 7.5000000000000009 664.50000000000011 1.2002155172413795 1.1065248226950357 2.1036721898790867 0.024164245596953803 15.500000000000002 1.1202409638554218 778.50000000000011 0.77784748361912748 1.2860424414788889 0.023962818609816673 0.01944874238406941 1.1792011104895688 601.50000000000011 0.026680003361569841 1.3750584658559404 640.50000000000011 8.5000000000000018 1.5688098495212042 27.500000000000004 14.500000000000002 0.6800243309002435 1003.5000000000001 410.50000000000006 1.1250931445603578 0.49983860555196907 1047.5000000000002
decision_type=2 2 2 2 2 2 2 2 2 2 2 2 9 2 2 10 2 2 8 10 2 2 2 2 2 2 8 2 2 2 2 2 2 10 2 2 2 2 2 2 2 2 2 10 2 2 2 2 2 2 2 2 2 2 2 2 10 2 2 2 8 2
left_child=27 3 5 9 6 39 13 -4 17 14 11 -7 -13 32 47 46 33 18 21 43 26 22 54 -14 60 -21 -10 -1 30 -30 52 -32 -5 -15 -25 58 37 -37 49 -3 -19 -24 48 -20 -45 -46 -6 -2 -34 -33 -9 -28 -29 -54 -8 -42 -38 -49 59 -11 -18 -17
right_child=1 2 7 4 15 10 8 50 20 35 -12 12 23 16 -16 61 24 40 19 25 -22 -23 41 34 -26 -27 51 28 29 -31 31 38 42 -35 -36 36 56 -39 -40 -41 55 -43 -44 44 45 -47 -48 57 -50 -51 -52 -53 53 -55 -56 -57 -58 -59 -60 -61 -62 -63
leaf_value=-0.04951637220802934 0.068418324520493554 -0.054840244233763637 -0.00028347867390014417 -0.032708202598480202 0.342046371049058 0.058971870894143068 0.040455511284540141 0.054009602821562287 0.10704988436668988 0.036632652406564388 -0.036195143271041112 0.030942049672615879 0.0053599970696490886 0.082869328749886839 0.2672419472818377 0.064161884907214695 0.012919572615741007 0.042193293146668462 -0.040106835875058561 0.17254182280725208 0.21385078200165877 -0.022950974121266635 0.068147684363772887 -0.051696758044191743 0.095150390255269945 -0.011877596023497791 0.03381496971027758 -0.047402888732819094 -0.014526013667021843 0.20258638145921021 -0.031405618380502508 0.16440651540321774 -0.0086377552062868301 0.19832252342794973 -0.016918156225570517 -0.022975256617637219 0.011622798828979958 0.12989510127699605 -0.011032420617454084 -0.026012282894122992 -0.043977054441592098 -0.024640339042835021 -0.016184803897079689 -0.031694658636280418 -0.021576885620902791 0.080518613818417073 0.14337269286978638 -0.026368207291221954 0.12277406451451639 -0.0045938419297123926 0.083728720027268375 -0.029921679178581812 -0.021284140429307648 0.042902910624369746 0.21710195876399699 0.0046804489063804362 -0.035254920916334517 0.020416223167933713 -0.042920310292984529 -0.022392729025172725 -0.029163383796777194 0.0061838776566258899
leaf_weight=481.36885741306469 0.68067238072399039 25.103108597686514 17.015282228589058 1.834622346155814 1.6568632681155566 23.720797584857792 0.64855609444203377 17.2009932405781 0.2720505850738838 0.15412434341851433 26.664881056756712 27.256283811642788 20.486801858642139 3.0337093570851748 0.41564234968973313 1.1608403955469837 0.56670922465855134 0.60962160787312214 3.3789642970077702 0.34713534731417883 1.8252076217322608 0.81561290513491247 0.68511170492274664 15.837316737626681 3.0093567278818227 0.30456025892635807 0.19298505352344375 18.002779189089789 0.40872832294553418 0.18754558666842058 1.6853999922750511 0.16595212876563881 0.20844550291076291 8.8954400847433117 15.590457758866249 0.83046001277398296 0.60970700212055851 0.66255471907788888 0.28235610068077222 21.010282220318913 6.5115541804698296 0.89635586558142677 0.46255953161744401 1.6340391326812098 0.70629439683398221 1.2829468856798483 3.093326662958134 1.1015405436628496 0.15717656747438014 0.10105051280697808 20.672561093466356 1.4367590832407584 0.7402545950608318 0.076352898613549769 1.4131392671843057 0.80679110949859012 2.2092471531941555 0.39513979281764466 5.9907156811677851 0.80764672573423013 1.2915584067814052 0.73697942111175496
leaf_count=694568 185 179 77 1297 76 121 131 94 134 129 175 176 140 128 58 273 111 145 492 177 130 141 207 123 73 92 224 25258 395 75 2245 144 175 358 88 310 70 55 162 139 3089 101 63 418 95 196 445 368 62 111 175 603 1024 90 193 210 330 16 6071 604 202 38
internal_value=-0.0217466 0.0240711 0.00601479 0.0882894 0.107471 -0.00792302 0.0864305 0.0499659 0.0474681 0.0166653 0.00462849 0.0154547 0.00184334 0.129373 0.129802 0.215092 0.147873 0.0222379 0.0550507 0.012114 0.14973 0.113034 0.141865 -0.0164659 0.0570765 0.131345 0.0357026 -0.0485468 -0.0257559 0.137894 -0.0364331 0.0272502 0.00416249 0.177642 -0.0354978 -0.017838 0.0149605 0.0697559 0.111326 -0.0425365 -0.0284459 0.0263841 0.0590542 -0.0140096 0.0137388 0.0491774 0.260103 0.0277144 0.0963905 0.147302 0.0719678 -0.0123857 -0.0449887 0.00503072 0.192897 -0.0386951 -0.0247273 -0.0107865 -0.0375031 0.000917789 -0.0162995 0.0515508
internal_weight=797.311 294.291 230.559 63.7327 49.8753 175.67 43.2273 54.8888 23.7677 13.8575 129.557 102.892 79.1709 19.4596 2.593 6.64801 16.7968 20.0407 12.1127 7.65394 3.727 4.45878 3.64316 51.9146 4.86762 0.651696 1.90179 503.019 21.6504 0.596274 21.0541 2.23476 2.6628 11.9291 31.4278 11.2645 4.31197 1.49301 0.549359 46.1134 7.92797 1.58147 0.828182 7.00224 3.62328 1.98924 4.75019 2.17735 0.365622 0.267003 37.8736 1.62974 18.8194 0.816607 2.0617 7.31835 2.81895 1.49668 6.95249 0.961771 1.85827 1.89782
internal_count=743834 19762 1487 18275 10079 1141 9247 346 6778 8196 823 648 527 2469 627 832 872 5687 2243 1470 1091 773 632 351 386 269 961 724072 29504 470 29034 2662 1597 486 211 7569 765 365 417 318 3444 308 300 1201 709 291 521 569 237 255 269 827 26372 1114 324 3299 400 384 6804 733 313 311
cat_boundaries=0 1
cat_threshold=73856
is_linear=0
shrinkage=0.05


Tree=9
num_leaves=51
num_cat=1
split_feature=1 1 2 1 10 17 1 12 9 16 9 1 15 10 9 1 13 6 6 12 6 12 9 13 10 12 1 6 3 9 13 6 16 6 1 12 9 7 2 13 16 4 13 3 1 3 13 10 12 9
split_gain=358.987 367.766 108.938 78.4907 43.4939 40.972 23.8707 22.6743 19.4027 13.3163 12.4643 11.391 10.454 9.38504 12.8249 10.8966 22.3321 11.1717 19.7722 8.21715 7.71239 6.53551 8.83888 5.99001 37.0191 11.3306 7.32318 5.72689 6.79994 4.79768 8.9085 18.6563 4.57961 3.43592 3.16201 3.07776 3.68252 2.71874 2.69449 2.50738 2.46954 1.62551 1.01404 0.833954 0.793314 0.499866 0.484719 2.21158 0.470759 0.381246
threshold=2717.5000000000005 226.50000000000003 2395.5000000000005 1630.0000000000002 12.500000000000002 0 414.50000000000006 0.069943534608871996 0.73916228698837405 45.500000000000007 0.79549678945589741 1333.5000000000002 1455.0000000000002 3.5000000000000004 0.97371079213184497 708.50000000000011 70.500000000000014 1.7049770020049535 0.70594324686396315 0.013151387499121871 2.2904315605928516 0.014446521867155173 0.82360045467462351 4.5000000000000009 2.5000000000000004 0.026680003361569841 26.500000000000004 1.2500816459830177 4107.5000000000009 0.63163009564728156 56.500000000000007 1.9289010989010993 18.500000000000004 2.3741263728426762 323.50000000000006 0.078411853232571008 0.5263592148688554 439.50000000000006 1822.0000000000002 14.500000000000002 20.500000000000004 415.50000000000006 25.500000000000004 2221.0000000000005 902.50000000000011 364.50000000000006 1.5000000000000002 1.5000000000000002 0.10496776995564779 0.55324549087374464
decision_type=2 2 2 2 2 9 2 2 10 2 8 2 2 2 10 2 2 2 2 2 2 2 10 2 2 2 2 2 2 10 2 2 2 2 2 2 10 2 2 2 2 2 2 2 2 2 2 2 2 10
left_child=1 23 5 9 8 6 12 13 -5 11 27 40 19 14 44 16 17 18 -15 34 -16 22 -7 24 46 26 -26 28 43 -17 31 42 -13 -19 -3 -29 48 -14 41 -40 -4 45 -31 49 -8 -23 47 -1 -37 -9
right_child=-2 2 3 4 -6 21 7 10 -10 -11 -12 32 37 15 20 29 -18 33 -20 -21 -22 38 -24 -25 25 -27 -28 35 -30 30 -32 -33 -34 -35 -36 36 -38 -39 39 -41 -42 -43 -44 -45 -46 -47 -48 -49 -50 -51
leaf_value=-0.035242193483179876 -0.63062544226824757 0.11199451043098135 -0.030205312536963815 0.032782200950773721 0.07283220783203187 0.1087967711825235 -0.030381101005572633 0.030208450002275702 -0.021637982096633802 0.016887025607213259 -0.037419030415654961 0.0073525651270629783 0.17086829141295831 -0.012679859555670317 -0.016449659384088371 0.15723820317210388 -0.019576236692020979 -0.01774790695218156 0.35417862324138699 -0.041426921688518456 0.17505199866346352 -0.011147361213801228 -0.031679505765570277 -0.049703538774653694 -0.010044515057183668 -0.017907162893910557 0.24126738260665356 0.0093042340106165473 0.093355997207253891 -0.035353823427855043 0.14272052109742819 0.1186826436596603 -0.024894843942903061 0.10196973440802924 -0.014812213729932839 0.030656650904971695 0.17284330711629248 -0.0072197087516646429 0.05169597625756997 -0.02750539024613026 -0.054940855163288706 -0.046690964003365733 0.0056098161708707404 -0.034682147118489964 0.011029946361685028 0.038933054380164839 -0.047213915701214915 0.028387437405202998 -0.0135166370362571 -0.011534811778310953
leaf_weight=5.7613006645697231 1.4281245210440818 0.54252024466404591 21.903684270218946 36.764282669988461 45.483184099197388 1.1877305358648329 1.5081296789576293 0.24568980635376458 28.012575507746078 17.035639746696688 2.6536368280067117 19.077728029573336 0.13180865696631361 0.33693795755971567 0.48041854763869185 12.203972718270963 0.63037647469900537 0.5442256507812997 2.3347081151441671 4.7933020758791827 1.2128331945277748 0.28610524913528834 1.5978350747609509 454.38615935575217 0.2511585893225845 0.55721119849476952 0.88798464648425579 0.65129818359855596 1.0695586488000115 2.1561132158967649 5.3382686480181283 4.1956535279168747 23.915726626757532 0.64123073616065085 0.41709869168698788 0.23583052604226429 1.4494937857380135 0.16846781119238585 0.94813271169550661 1.1460850085713898 31.383169474313036 10.773789709492119 2.4478685770882294 1.953884460206609 1.4160478890407828 0.12426902470178902 16.741175480012316 0.91310881526442234 0.36808075057342649 0.26416915230220184
leaf_count=7681 225 283 134 189 187 255 519 129 178 103 821 99 92 129 165 393 231 180 639 5266 287 234 373 689605 340 719 624 40 109 146 205 152 145 111 151 40 235 147 95 133 203 5839 115 322 87 96 24783 1191 208 72
internal_value=-0.0234671 -0.0215233 0.022872 0.0060409 0.0359131 0.0785679 0.091588 0.121884 0.00927716 -0.0230856 0.0439996 -0.0302592 0.0137128 0.139677 0.0558009 0.150092 0.23183 0.268489 0.317059 -0.0130662 0.134784 -0.0119308 0.0411352 -0.0483683 -0.0232288 0.153933 0.207065 0.0790196 0.0251047 0.128198 0.0943985 0.0535117 -0.0107437 0.0640366 0.0774454 0.123664 0.14501 0.142242 -0.0335201 0.0134708 -0.0455169 -0.0427026 -0.0164595 -0.0229228 -0.0126271 0.02087 -0.0418423 -0.0239725 0.012092 0.0152653
internal_weight=770.958 769.53 290.032 223.576 110.26 66.4556 50.3916 44.3384 64.7769 113.316 8.89164 96.2803 6.0532 35.4468 4.61743 30.8294 4.48748 3.8571 2.67165 5.75292 1.69325 16.0639 2.78557 479.498 25.1119 1.69635 1.13914 6.23801 3.5333 26.3419 14.1379 8.79964 42.9935 1.18546 0.959619 2.7047 2.05341 0.300276 13.2784 2.09422 53.2869 11.1842 4.60398 2.46374 2.92418 0.410374 23.4156 6.67441 0.603911 0.509859
internal_count=744705 744480 19537 1238 554 18299 11274 5335 367 684 1976 581 5939 3359 1058 2301 1290 1059 768 5700 452 7025 628 724943 35338 1683 964 1155 632 1011 618 413 244 291 434 523 483 239 6397 228 337 6169 261 523 606 330 33655 8872 248 201
cat_boundaries=0 4
cat_threshold=896 17039360 1350779008 32850
is_linear=0
shrinkage=0.05


Tree=10
num_leaves=63
num_cat=1
split_feature=1 1 5 8 12 5 15 16 17 5 7 8 16 16 5 9 9 13 15 13 5 9 9 8 12 3 12 6 8 6 13 16 13 7 13 7 3 6 12 13 6 15 1 1 9 8 16 8 13 8 8 13 13 1 6 7 1 16 5 13 16 8
split_gain=318.039 234.461 84.4059 47.6475 39.0285 39.1699 26.0016 25.9513 30.7606 22.0769 14.7839 20.1293 13.3123 10.4533 10.8829 9.55041 12.5956 10.4382 16.4981 10.3155 11.2856 8.96985 14.5599 12.852 8.80884 8.80201 8.40432 8.38476 7.58136 7.14195 6.90838 6.59742 6.08652 7.34736 7.19315 6.08388 6.86808 6.03503 6.60741 6.03462 5.57612 5.52498 5.16573 5.15137 4.81389 4.42034 4.34664 4.27578 5.34049 4.00008 4.46452 3.94531 3.88511 7.80974 3.53282 3.46812 9.63982 10.2875 4.44966 3.23413 3.1599 3.05592
threshold=176.50000000000003 2717.5000000000005 0.81029204930917531 1.4243514279485505 0.12500000737557468 2.0528058556988502 3332.5000000000005 14.500000000000002 0 1.427160072205689 2592.0000000000005 1.2632043890645344 43.500000000000007 45.500000000000007 1.7147096227214924 0.48865711534630457 0.30780095610604091 7.5000000000000009 1153.5000000000002 46.500000000000007 1.1936328322918428 0.63163009564728156 0.48098168738026453 1.3214602892666838 0.050040100745352596 3518.5000000000005 0.042318307653190008 1.2230883468858216 1.7513440860215057 1.8004739336492894 23.500000000000004 49.500000000000007 46.500000000000007 3376.0000000000005 61.500000000000007 1945.5000000000002 659.50000000000011 0.93758852691218142 0.013151387499121871 20.500000000000004 0.7895323811387206 264.50000000000006 394.50000000000006 967.50000000000011 0.93941527955612469 1.1964675608234561 30.500000000000004 1.3033798526451943 60.500000000000007 1.3182500682500684 1.300116482236459 29.500000000000004 3.5000000000000004 72.500000000000014 1.9502186588921286 1636.0000000000002 628.50000000000011 17.500000000000004 0.75010373443983414 8.5000000000000018 42.500000000000007 1.48392682586231
decision_type=2 2 2 2 2 2 2 2 9 2 2 2 2 2 2 8 10 2 2 2 2 10 10 2 2 2 2 2 2 2 2 2 2 2 2 2 2 2 2 2 2 2 2 2 8 2 2 2 2 2 2 2 2 2 2 2 2 2 2 2 2 2
left_child=52 2 6 -3 5 7 12 9 10 21 11 15 55 14 28 16 -9 60 -19 20 -18 22 24 26 39 43 -23 -25 29 49 59 -6 33 -14 -34 36 42 40 46 -4 -10 -33 -7 -24 -29 -42 -39 48 -28 50 -13 -31 53 -1 -38 56 -2 -58 -57 -11 -17 -40
right_child=1 3 4 -5 31 35 -8 8 37 30 -12 13 32 -15 -16 17 19 18 -20 -21 -22 23 25 27 -26 -27 47 44 -30 51 -32 41 34 -35 -36 -37 54 38 61 -41 45 -43 -44 -45 -46 -47 -48 -49 -50 -51 -52 -53 -54 -55 -56 58 57 -59 -60 -61 -62 -63
leaf_value=-0.035681544283427645 -0.041465428282814493 -0.5026547287282066 0.050349061968619414 -0.06207566360054298 -0.040069943258772139 0.091234127293615491 0.048519195660469444 0.010690650924630809 -0.024861251402665149 0.080859043272725084 0.069901494803676537 -0.026968269457620309 -0.041809624930786847 0.070312975225372512 0.071779221158333864 0.16399250254388811 0.31108756496322454 -0.026500767451252724 0.11365623312666265 0.029447236418991704 0.044232908883188989 -0.04459143903095051 -0.02016326335275552 0.0051807778747406733 0.070837022333485475 0.12947318560717361 -0.0017150845139371788 0.10527068405155844 0.056217752603248732 -0.018527719559257066 0.17238025679602381 -0.023510593915316836 0.069078507313195869 0.071052615860804524 -0.028855619509335247 -0.0015208643666894486 0.052525120474929438 -0.014693348388095093 -0.036981305476527525 -0.042976809100662205 -0.022750967951805534 0.068041838161582227 -0.023926655095289569 0.082789196704067536 0.025820274902741764 0.09374898410349447 0.090763160618233724 -0.023465650068647367 0.11484613485950064 -0.044149077766696243 0.05801499292083441 0.070952082455869023 -0.049686540843676436 0.054643773250482502 0.20215655498883375 -0.050552719757290192 0.14889565824053794 -0.028731854759548339 -0.016120598533177131 -0.011405488017182192 0.0088753354606516052 0.010982331568192108
leaf_weight=16.420191920246001 4.4005743851885191 1.5315913102822372 1.6301148505881444 1.2312698041787369 15.821122483641377 2.182236207416278 11.555054639524313 1.8146496149129205 2.0845564892515531 1.9617009654757551 35.153307213098742 3.0356689662439882 5.7422012627357599 4.4215895019588052 3.0959805446909732 0.84397104737581752 0.78743387910071794 6.8117595218936895 1.8848486324422991 1.2553381968173196 1.0099517568596637 6.3551384459715354 2.1460847595008086 5.230920258385594 4.995660483604297 10.243530835956333 1.6622214516974056 6.8724998867255609 2.3832734636380328 1.5480723565560759 5.3802590884733945 2.6258598120184606 5.4440781357698143 0.87723760399967421 1.9925489633460527 0.69216345273889679 1.3670311727328224 1.4274080598843313 25.50170354789589 4.2327106517623179 0.64710816479055244 2.2030168820056133 0.9038156866445205 1.1241552382707594 3.5941767186741354 2.1820671044406481 1.0321219432516953 1.41265856125392 1.3054829825414342 17.942932577047031 1.5184092218987641 1.9330970898154189 434.07230084232287 1.8656276036053885 4.6419061033520848 43.144459723087493 0.75563182844780374 1.0228457003831861 13.474374796263872 1.0724601616966536 0.54598137020366266 3.3428904213360502
leaf_count=24097 5188 97 159 134 4140 965 97 277 524 277 158 204 1003 195 104 198 145 826 71 120 102 741 395 196 233 71 217 143 58 161 199 280 275 5 182 7 194 220 3454 199 202 113 213 8 167 215 156 33 87 626 97 76 692689 2152 244 426 157 305 102 99 94 148
internal_value=-0.022196 0.0174105 0.0222537 -0.374987 0.039324 0.046365 -0.0186352 0.0405911 0.0270562 0.0676082 0.0405509 0.02712 -0.0292255 0.00616262 -0.00474273 0.0738652 0.12637 0.0394155 0.0124645 0.175528 0.230556 0.0531929 0.0749011 0.0311764 0.0280182 0.108046 -0.0105987 0.05867 -0.0152562 -0.023654 0.139751 -0.0250036 0.0139671 -0.0194904 0.0425283 0.139711 0.149545 -0.0126952 -0.0242569 -0.0134728 0.0311405 0.0227648 0.0599054 0.0263268 0.0826191 0.0681197 0.0430044 0.0378404 0.065582 -0.0340061 0.00671047 0.0359057 -0.0487081 -0.0241105 0.180466 -0.0389607 -0.0028766 0.0731645 -0.0427804 0.0535038 0.13227 -0.0312409
internal_weight=755.391 303.033 300.27 2.76286 211.861 191.211 88.409 181.424 122.204 59.2198 85.9863 50.833 76.854 35.879 31.4574 14.9539 4.86737 10.0866 8.69661 3.05272 1.79739 50.8054 24.3723 26.4331 10.8585 13.5138 10.7355 15.6976 28.3615 25.9782 8.41442 20.65 14.0561 6.61944 7.43663 9.78715 9.09499 36.2179 31.3041 5.86283 4.91373 4.82888 3.08605 3.27024 10.4667 2.82918 2.45953 4.38036 2.9677 22.497 4.55408 3.48117 452.358 18.2858 6.00894 62.7979 6.17905 1.77848 56.6188 3.03416 1.38995 28.8446
internal_count=744720 25782 25551 231 17811 13278 7740 11655 8431 3224 3512 3354 7643 1521 1326 1833 644 1189 897 367 247 2649 1065 1584 591 474 1078 506 1222 1164 575 4533 1465 1008 457 1623 1616 4919 3978 358 941 393 1178 403 310 417 376 337 304 927 301 237 718938 26249 438 6178 5650 462 528 376 292 3602
cat_boundaries=0 4
cat_threshold=512 17039360 1350582400 66
is_linear=0
shrinkage=0.05


Tree=11
num_leaves=59
num_cat=3
split_feature=0 2 0 10 2 5 10 12 17 8 9 0 19 6 3 5 9 13 5 6 4 22 8 16 10 9 16 5 10 2 5 16 8 9 6 5 5 13 9 9 5 16 12 12 12 0 5 5 12 12 8 8 13 4 2 4 2 16
split_gain=314.773 93.8484 65.5157 39.0235 24.7807 25.945 18.4182 29.4346 18.0903 17.2291 24.7927 16.0323 15.5546 23.7577 11.4305 12.2965 11.2625 9.15033 8.56566 8.18691 9.36306 6.87851 6.8363 6.19171 5.88772 5.8268 4.83943 5.84082 3.77549 3.77058 3.6921 3.19057 2.91113 3.9654 2.63271 2.57669 2.51761 2.27453 2.04106 6.52122 1.90539 2.89388 1.74303 1.7208 1.67571 2.60416 1.6692 1.62872 1.61068 1.08119 1.02152 1.48098 0.853121 0.634926 1.57795 0.864967 0.347809 0.0851409
threshold=86.500000000000014 2395.5000000000005 620.50000000000011 14.500000000000002 2173.5000000000005 1.4287326668816513 5.5000000000000009 0.01944874238406941 0 1.161326979472141 0.49983860555196907 149.50000000000003 1 1.5006251736593501 2380.0000000000005 1.0323452484742808 0.63163009564728156 54.500000000000007 2.4008547008547012 0.73588032940685921 4301.0000000000009 2 1.3332101047443008 14.500000000000002 1.5000000000000002 0.65386992488352202 8.5000000000000018 1.6848237097598366 7.5000000000000009 1596.5000000000002 1.2904315605928511 13.500000000000002 1.3283205186190263 0.99747792789354517 2.7005674653215643 2.1036721898790867 1.5389468575588452 1.5000000000000002 0.98810534400517436 0.99138990087265955 1.3326935380678184 19.500000000000004 0.060407705093395055 0.04892322274395728 0.078411853232571008 373.50000000000006 1.818720538720539 0.71657999594786259 0.022723834561654891 0.060407705093395055 1.2105846656552692 1.1702231144962334 59.500000000000007 1053.5000000000002 654.50000000000011 376.50000000000006 281.50000000000006 22.500000000000004
decision_type=2 2 2 2 2 2 2 2 9 2 10 2 9 2 2 2 8 2 2 2 2 9 2 2 2 10 2 2 2 2 2 2 2 10 2 2 2 2 10 10 2 2 2 2 2 2 2 2 2 2 2 2 2 2 2 2 2 2
left_child=37 4 28 12 5 8 7 18 9 10 11 -2 13 21 38 19 -6 -13 31 -16 43 -4 -5 -17 56 -14 -8 36 47 32 -10 46 48 -34 -35 -29 -28 -1 44 -40 41 -32 -22 -21 -11 -46 -7 -3 -9 -45 51 -33 -42 54 55 -26 -20 -24
right_child=1 2 3 22 16 6 26 29 30 14 -12 17 25 -15 15 23 -18 -19 24 20 42 -23 57 -25 53 -27 27 35 -30 -31 40 50 33 34 -36 -37 -38 -39 39 -41 52 -43 -44 49 45 -47 -48 -49 -50 -51 -52 -53 -54 -55 -56 -57 -58 -59
leaf_value=-0.016346632902202032 -0.018416235212040201 -0.067206748089859381 -0.018732690152443183 0.026425238131559149 0.20196679391034553 0.11307440187319212 0.19017631216893091 0.024830877645696952 -0.043167161306053387 -0.041428166758321956 -0.029372054201605758 0.26907567466912824 -0.0027058293423515597 0.055932486438663831 -0.019569625017517196 0.048395918458409654 0.07128848651490638 0.014782068184296924 -0.012467996562502243 -0.02233461097250224 0.21558955565385723 0.012746969285217707 0.079376879488437815 -0.027567018662509282 0.10480817936675053 -0.03940602556936889 0.058980563830336299 0.15062243884983859 -0.0300671144280042 0.046066150616835617 0.092581789187180297 -0.018914028331549194 -0.02659877496126203 0.11828721846015045 -0.012250926903463581 0.033440825716805116 -0.012604344264506216 -0.049676635844632777 0.11300336363417336 -0.029987126031984297 -0.02956446392702099 -0.018256285779564362 0.038564826322369822 0.073610382535905058 -0.02567444873152664 0.066353497799144082 0.0074631253631518889 -0.034754038242427635 -0.043448481322709266 -0.01014818670657832 -0.026454375090887002 0.054891197969902175 0.021851811308371265 0.038354135764853893 0.2722207294412059 0.012025750497492084 0.024940557313612669 0.055443602562298994
leaf_weight=6.4217673279927103 0.58239545091055633 16.082738237804737 22.938927267678082 16.239543063566089 3.6486261248937781 0.52515020174906302 3.6071547960164008 0.33423331705853154 11.439767207542898 4.3716089618974392 1.3802313910564405 2.1074810758000244 19.195634116884321 24.702817036770284 0.6330108005204228 7.1863128914847021 5.3354466545279147 0.53609648527344678 0.33130434516351703 0.79617369489278667 1.6287758172838951 25.287224303232506 14.607321862131359 3.2070226789219305 1.2582830230821862 24.246074551716447 2.1026380214607348 2.9381740047829226 38.443930760025978 1.5660744668566611 0.39351192809408475 0.58931736281374492 1.0942204018356276 0.18819655693368975 0.32174663583282381 1.327588443062268 1.5435711088939568 423.68026664236095 0.22513253934448574 1.4614118692697955 1.343068446323741 0.54859617492184043 0.68915898428531353 0.21134846843779087 1.0526069212937725 0.26817530812695611 0.69699832040350884 10.221629797364583 6.0905378929455765 0.25344760797452182 1.0488169931923037 0.41641756746685132 0.37070256535662327 0.61962160689290602 0.70333659602329124 0.60664783895481367 0.33261200343258679 16.945352189708501
leaf_count=9030 796 160 120 80 117 145 109 148 6438 2304 1011 424 94 187 243 127 220 137 275 227 228 139 102 207 416 172 197 351 196 95 104 185 406 123 149 205 191 709646 163 1225 469 188 164 50 1175 25 131 93 4539 159 231 70 133 13 35 84 65 127
internal_value=-0.0216633 0.0169971 0.000784002 0.0175844 0.0640182 0.0523582 0.08847 0.0501579 0.0257698 0.0412288 0.135528 0.196336 0.00183107 0.0150652 0.0343718 0.0587277 0.139273 0.235717 0.120201 0.122076 0.145932 -0.00351877 0.0551189 0.0245941 0.164567 -0.0192774 0.135642 0.0922298 -0.0414313 -0.0083135 -0.0189502 0.0417632 -0.0228477 0.0263625 0.082358 0.12743 0.0324857 -0.0492181 -0.0150919 0.0240582 0.0168012 0.0518726 0.190443 0.0160687 -0.028553 0.0135507 0.0833069 -0.0563306 -0.0370305 0.0521899 -0.00213181 0.0237761 -0.0144888 0.186684 0.201692 0.0893591 0.00999893 0.0686216
internal_weight=736.926 306.824 228.911 164.163 77.9128 68.9287 28.2426 16.7235 40.686 26.5904 4.6062 3.22597 116.371 72.929 21.9842 14.6053 8.98407 2.64358 7.12851 4.21192 3.5789 48.2262 47.7922 10.3933 3.85181 43.4417 11.5191 7.91197 64.7483 9.59501 14.0956 3.2767 8.02893 1.60416 0.509943 4.26576 3.64621 430.102 7.37894 1.68654 2.65588 0.942108 2.31793 1.26097 5.69239 1.32078 1.22215 26.3044 6.42477 0.464796 2.05455 1.00573 1.71377 3.18789 2.56827 1.86493 0.663916 31.5527
internal_count=744643 25967 1470 1021 24497 24160 8163 7110 15997 8665 2368 1357 712 446 6297 1405 337 561 1650 1071 828 259 309 334 888 266 1053 944 449 5460 7332 762 5365 678 272 556 388 718676 4892 1388 894 292 392 436 3504 1200 276 253 4687 209 486 255 602 548 535 500 340 229
cat_boundaries=0 4 5 6
cat_threshold=9088 262144 268582912 32834 237760 33554560
is_linear=0
shrinkage=0.05


Tree=12
num_leaves=63
num_cat=2
split_feature=0 1 2 0 0 0 8 5 5 15 9 8 9 12 9 17 8 5 9 4 8 8 9 12 4 4 8 11 19 9 11 2 15 0 7 12 15 9 11 15 8 2 8 8 8 5 0 12 5 12 0 5 11 0 12 2 9 0 5 11 12 12
split_gain=301.795 210.08 70.9567 69.3183 27.5877 20.9835 17.5494 16.8159 16.1329 16.0229 22.7775 18.9449 13.445 10.5985 8.77965 8.01622 7.67809 6.67501 9.45297 6.11781 7.62453 8.27246 12.045 7.47573 6.77224 6.59966 6.54119 6.18037 5.96482 5.52897 5.40777 5.18113 5.10285 4.99597 4.98701 3.94635 3.74462 3.5813 3.2418 3.1701 2.90131 2.80235 2.59335 2.30012 1.99178 1.89737 1.87527 1.78504 1.69221 1.63286 1.16069 0.990633 0.859491 0.866489 0.847063 0.813288 0.449255 0.38083 0.35301 0.225296 0.209094 1.54611
threshold=86.500000000000014 2717.5000000000005 2395.5000000000005 827.50000000000011 215.50000000000003 602.50000000000011 1.3576555592527455 2.45247311827957 1.2416046878521525 1881.5000000000002 0.55563197310102408 1.1980981373199111 0.94744964262508125 0.093805102889685257 0.26939799331103681 0 1.3158630499828325 1.0667096635493929 0.58982977806507231 3390.0000000000005 1.5239134955292162 1.444626593806922 0.59557189542483668 0.054527256148654675 4301.0000000000009 5041.5000000000009 1.312549840510367 0.022864407006030287 1 0.047394429469901175 0.024279270225919164 3190.0000000000005 4.5000000000000009 877.00000000000011 77.500000000000014 0.10207031664349965 1065.5000000000002 0.63163009564728156 0.015376588737126442 1312.5000000000002 1.3846868744638263 654.50000000000011 1.294134032443061 1.4167412045319023 1.3249548736462096 0.34817046922083517 87.500000000000014 0.10010004227533488 1.818720538720539 0.064492346086301902 379.50000000000006 1.1202409638554218 0.047830508244023101 721.50000000000011 0.047741083324146623 1360.5000000000002 0.47391890584564783 497.50000000000006 0.91508091551503756 0.032276553101837642 0.26128530637089503 0.2721326564094082
decision_type=2 2 2 2 2 2 2 2 2 2 10 2 10 2 8 9 2 2 10 2 2 2 10 2 2 2 2 2 9 10 2 2 2 2 2 2 2 10 2 2 2 2 2 2 2 2 2 2 2 2 2 2 2 2 2 2 10 2 2 2 2 2
left_child=-1 2 4 5 14 40 -3 9 16 11 -11 13 41 17 29 19 -5 18 -6 20 21 22 56 24 -21 -26 27 -24 -7 -2 -29 -30 35 38 -16 -31 48 -27 50 45 42 -9 57 -12 -41 -36 59 -25 51 -14 -17 -19 53 -40 -10 -32 -13 -4 -20 -47 -48 -62
right_child=1 6 3 8 7 28 -8 12 54 10 43 15 49 -15 34 33 -18 36 58 23 -22 -23 26 47 25 37 -28 30 31 32 55 -33 -34 -35 39 -37 -38 -39 52 44 -42 -43 -44 -45 -46 46 60 -49 -50 -51 -52 -53 -54 -55 -56 -57 -58 -59 -60 -61 61 -63
leaf_value=-0.049054087749118458 -0.019513956205791081 -0.41502370211587414 -0.040650196787058772 0.030031615474582884 0.21011636759588184 -0.015115940152081966 -0.12325911176186782 0.053878340541505504 0.018980363765593977 0.0098327034949465351 0.18751675795088205 0.036756649069729384 0.057205960745991616 -0.026665794596417033 0.088414069664378037 0.06461869151822508 0.068088416695294404 0.022315823741575251 -0.01400454334783479 -0.02004261642988325 -0.026370527134485944 0.18037152684410351 -0.014759200020670963 -0.03990829736462622 0.11486959158756593 0.056638297258382986 -0.037228535438760708 0.15991197679207592 0.03035862001737253 0.19252683566340412 -0.01808532609453228 -0.003387667446647518 -0.013247946616803508 0.062038184116570944 0.039366923840810995 -0.0082983283437470592 -0.0051826635827805492 -0.020202159351007429 -0.046640468406256602 -0.01509710580619656 -0.017722576584905902 0.24886274493381461 -0.062310587643949568 0.076064820205030109 0.085884999567571119 -0.0045345908642430762 -0.041108521992130602 0.019429394804736367 0.023046042821601387 -0.016862988494086815 -0.012777040471908222 0.10756097413553692 0.0059806615518367481 0.002929766678678824 0.0032500754587024882 0.032859584238135633 0.18142021712162787 -0.024088189893644456 0.022286618871314594 0.04304375518565251 0.042513983376354703 -0.029923842649511541
leaf_weight=409.503099227848 0.63808134110877013 1.6823760351398953 15.290471504558811 24.125225255033001 2.4340507278684522 22.928449081256986 2.1654785873834044 0.91965208959300015 15.956054748035966 3.6438201261335035 5.1117838848731481 0.71391599701019159 1.7857085319119508 1.127405619365162 0.083609986410011383 0.30672633158974072 37.68012161529623 1.0109628388890977 0.3834018496563657 2.1647103504510579 1.0267038999008935 1.5747877675457855 1.6453591877361762 3.0510731405811375 3.4222799705457874 2.1600693395012058 2.4122871162835509 0.63805917155696068 22.567685963702388 0.44270324049284659 0.55512912699487038 21.633451184723526 0.36001937836408615 0.74380961450515393 0.1188660810585106 0.19881948921829462 1.1285512936883604 2.1705373259610496 8.1409444641321844 0.43154931743629354 14.44838016561698 1.9707867327379061 15.697178447968325 2.7945645450381562 0.10381910984870046 0.099646455899345621 10.169981931860091 1.1295324557577258 1.6451502870768306 0.50285051332321007 0.33259061723947525 5.1799056480522268 0.76929253322305235 0.84950005239807147 18.298413798911497 0.77358701266348362 0.70199346309527755 13.126147439586928 0.3769200649112463 0.074712424306198955 0.080884423572569086 1.4878423025365917
leaf_count=718722 642 65 128 110 317 119 170 224 87 195 198 108 285 682 53 143 165 67 126 181 192 123 230 204 150 88 433 50 133 339 205 106 443 20 112 284 48 148 1399 412 89 98 114 103 91 136 11928 173 190 294 63 527 184 43 115 52 97 85 90 89 115 2161
internal_value=-0.0210535 0.0165554 0.0217387 0.00710226 0.0619249 -0.0172918 -0.310121 0.075507 0.0388706 0.0659239 0.117955 0.0514204 0.158078 0.100491 -0.00101575 0.0306816 0.0539479 0.113412 0.174725 0.0383596 0.0823024 0.0960761 0.0589782 0.0290889 0.0512462 0.0711668 0.0179405 0.0548675 0.00184864 0.0825224 0.0984569 0.0115724 0.1248 -0.0106013 -0.0170948 0.163148 0.0762222 0.0215603 -0.0300837 -0.0242617 -0.0388952 0.21662 -0.0452832 0.161087 0.0476689 -0.0308745 -0.0345697 -0.0232204 0.0872059 0.0407524 0.0411222 0.0986797 -0.0381364 -0.0421322 0.0109079 0.0129489 0.153886 -0.0340788 0.00642665 0.0351453 -0.0382829 -0.0110923
internal_weight=714.691 305.188 301.341 221.752 79.5889 125.692 3.84785 65.2984 96.0598 60.1194 11.5502 48.5692 5.179 13.2863 14.2905 35.2829 61.8053 12.1589 3.19437 24.14 10.0418 9.01512 7.44033 14.0982 9.9176 7.75289 6.02442 3.61213 67.1296 1.63962 1.96678 44.2011 1.00154 11.1429 12.6509 0.641523 8.96457 4.33061 10.3991 12.5673 58.5622 2.89044 44.1138 7.90635 0.535368 12.0319 11.9131 4.18061 7.83602 2.28856 0.639317 6.19087 9.75974 8.99044 34.2545 1.32872 1.41591 28.4166 0.760322 0.174359 11.7387 1.56873
internal_count=744743 26021 25786 1251 24535 774 235 7730 477 6829 496 6333 901 2047 16805 4286 275 1365 533 2434 1490 1298 1175 944 567 386 970 537 358 1708 307 239 1066 1852 15097 623 832 236 1832 15044 416 322 327 301 503 14541 14429 377 784 579 206 594 1626 1442 202 257 205 213 216 225 14204 2276
cat_boundaries=0 4 5
cat_threshold=2097280 262144 8585216 34898 393282
is_linear=0
shrinkage=0.05


Tree=13
num_leaves=63
num_cat=2
split_feature=1 1 5 19 16 15 17 5 4 12 6 12 16 11 11 4 6 1 16 11 16 15 8 11 1 12 11 15 15 12 11 9 1 4 15 6 4 8 6 4 1 6 9 6 1 9 16 9 5 5 6 12 1 12 1 12 10 15 16 12 10 5
split_gain=286.359 155.603 59.1317 31.8218 33.0426 23.9829 23.6518 21.9736 20.0515 16.8297 16.0325 12.0704 11.7069 13.3189 11.6848 15.9882 15.0616 10.7225 10.552 9.76151 8.98283 8.9027 8.61522 8.30087 7.67651 11.5422 7.82351 6.99006 7.73741 7.34391 7.33817 6.89107 6.27018 14.519 6.10775 5.47649 5.23151 6.84861 6.17511 5.00795 4.77391 4.61299 4.57245 4.27145 4.05924 3.96275 3.84267 3.72159 3.53213 3.50439 3.32822 4.37748 3.27128 2.98188 2.96062 15.3484 6.46376 3.56894 2.93487 4.89056 2.90389 2.88172
threshold=176.50000000000003 2717.5000000000005 0.81029204930917531 0 15.500000000000002 3332.5000000000005 1 1.5003234152652007 5041.5000000000009 0.10820247281256935 1.1075649906494498 0.013151387499121871 42.500000000000007 0.032569105437188169 0.016177966026589278 6213.5000000000009 1.0234834558823531 2132.5000000000005 30.500000000000004 0.024279270225919164 43.500000000000007 1253.5000000000002 1.4243514279485505 0.015660012194421143 1865.5000000000002 0.14848921936597273 0.04162711929529906 176.50000000000003 1745.5000000000002 0.011701610565146849 0.032428340662519144 0.65386992488352202 936.50000000000011 370.50000000000006 4342.0000000000009 1.4072518026088783 2855.0000000000005 1.3249548736462096 2.7699657030867226 6213.5000000000009 1047.5000000000002 1.1539718999396422 0.68434861018293225 1.7144334465947706 1237.0000000000002 0.5192554874431482 20.500000000000004 0.51191545601916399 1.060304208961832 0.9796705567472892 1.6669143140168401 0.041295148686813006 1865.5000000000002 0.029728935226302603 86.500000000000014 0.0068743857170204268 2.5000000000000004 541.50000000000011 2.5000000000000004 0.047741083324146623 21.500000000000004 1.8507917035825441
decision_type=2 2 2 9 2 2 9 2 2 2 2 2 2 2 2 2 2 2 2 2 2 2 2 2 2 2 2 2 2 2 2 8 2 2 2 2 2 2 2 2 2 2 10 2 2 10 2 10 2 2 2 2 2 2 2 2 2 2 2 2 2 2
left_child=54 2 5 12 7 20 8 9 18 14 19 35 36 40 15 41 31 48 43 47 44 -3 34 -9 25 26 42 29 -29 -18 -31 -16 33 -25 50 -12 37 -4 -39 -22 53 45 49 -6 58 -5 -24 -8 -10 -20 -13 -52 -38 -14 -1 56 -56 -57 59 -2 -11 -59
right_child=1 21 3 4 6 -7 10 23 17 60 11 22 13 -15 16 -17 27 -19 24 -21 39 -23 46 32 -26 -27 -28 28 -30 30 -32 -33 -34 -35 -36 -37 52 38 -40 -41 -42 -43 -44 -45 -46 -47 -48 -49 -50 -51 51 -53 -54 -55 55 57 -58 61 -60 -61 -62 -63
leaf_value=-0.04910042167060337 0.077310389763501436 -0.30468675307844006 -0.026317431478838263 -0.024712783904515194 -0.033571970097361549 0.047736765767867118 0.013857691459817419 0.025418745138588234 0.027213303442189682 -0.051505004837850116 -0.021752692678242914 -0.064011617284582809 0.065034922851841787 -0.044112444535620153 0.12042101896311096 0.034838260446030798 -0.040804901768487181 0.063574203137755844 0.011799273247988594 -0.043704520569420133 -0.04333006560800285 -0.0997593367202044 0.050392385784876786 -0.015294841104848848 0.012005137082434855 -0.028054043349315706 -0.0022020839034784718 -0.045523407852973985 0.029044221910798404 0.078441943159400201 -0.024133133424102657 0.029309229009972244 0.093737848372552612 0.2590251372167231 0.045382516868187159 0.080344638315105993 -0.046569120039626766 0.096550548651959001 -0.02664311883162342 0.023626021055824273 0.11257822852285504 0.15868475862943415 0.20861843194156049 0.054562267693461813 -0.019067535003367872 0.081472149668058602 -0.021714022675399083 0.068269079609318412 -0.0071337796826098938 0.11544391757257061 0.013000243829944712 -0.048597391128660801 0.0026979528852741808 -0.029979074806215141 -0.01562117525560283 -0.04624502507197014 0.17345304739732209 -0.020314383424737455 -0.049622829143845471 -0.037123163826940975 0.034774638103526878 0.090394680771271552
leaf_weight=376.69071881356649 0.52712396992137911 2.5100937839597455 5.0641217985539715 0.84548242489109027 1.782367233885455 12.576316915452479 5.2692744068335768 1.7712747916812057 17.944716427067764 3.3359462376683946 1.4253660641843442 14.475655244430536 0.30203672003699367 2.3380469925468788 7.1616216953261729 6.7692252949345848 1.3118095886311518 16.712448337813839 1.1809858489432317 2.439981276926118 2.5732229851419079 2.313605573028326 3.3290794586064285 0.43778040487086434 1.9397847540676583 0.82272402493981722 0.91272941546049047 5.1174493391881679 7.0754736297531053 9.2162227706285176 1.6188775735208754 3.8671614566701473 4.8949401084100828 2.3781381560256705 1.0797899887547817 3.0237321283784695 18.223957350768618 1.9498605358530769 1.0124801417696287 12.234825647785328 3.1587859848514199 7.4112750330823474 3.1169410171569316 1.7862074847798792 31.000406069040764 1.228871813858859 2.4572885086527094 9.9285122232395207 11.806948738987556 6.9458395874826238 4.3533571383450163 5.9286297902581282 3.9571434110403052 1.2813407820067366 0.45384570519672607 12.217910775798369 0.34223263373132795 0.68366500682896081 28.482684856979176 1.4357519749319179 0.50031643803231407 0.068397907423786819
leaf_count=694731 58 88 3342 111 884 96 395 122 163 781 26 1216 61 455 155 40 131 71 166 440 1364 138 95 215 12 396 309 203 73 474 305 155 62 503 22 387 653 424 120 138 34 258 404 492 206 117 160 621 124 506 506 1108 19 427 603 21527 138 1220 5666 280 3 99
internal_value=-0.0196897 0.0157903 0.0205412 0.034351 0.0415985 -0.0137993 0.0277746 0.072362 0.0446429 0.0583713 -0.00103741 -0.0202236 -0.00979635 0.0417346 0.065879 0.100922 0.0474417 0.0326613 0.0944428 0.0366253 -0.0244348 -0.240404 -0.0312739 0.140816 0.111932 0.124939 0.136639 0.0236744 -0.00333067 0.0489731 0.062372 0.0935659 0.161363 0.223546 -0.0433482 0.0496462 -0.0259639 0.00793221 0.0583473 0.00998594 0.0843714 0.140261 0.147169 0.0128294 -0.032757 0.0442317 0.0210836 0.0514241 0.0137939 0.103325 -0.0488298 -0.0236765 -0.0380426 0.00630391 -0.0482392 -0.0229435 0.116979 -0.0392905 -0.0456463 0.00932868 -0.0353889 0.0356008
internal_weight=705.003 314.546 309.722 220.892 183.604 88.8303 118.662 64.9419 64.9517 55.4597 53.7107 36.0729 37.2878 7.08021 51.6235 16.2549 35.3686 46.4641 18.4876 17.6378 76.254 4.8237 31.6238 9.48213 14.919 12.9792 12.1565 24.3398 12.1929 12.1469 10.8351 11.0288 7.71086 2.81592 25.8374 4.4491 30.2076 8.02646 2.96234 14.808 4.74216 9.48563 11.2438 3.56857 61.446 2.07435 5.78637 15.1978 29.7517 8.12683 24.7576 10.282 22.1811 1.58338 390.457 13.7661 0.796078 12.97 30.4456 1.96288 3.83626 0.752063
internal_count=744098 25780 25554 17746 12211 7808 8503 3708 3527 2806 4976 3520 5535 977 2022 526 1496 358 3169 1456 7712 226 3107 902 1793 1781 1385 1186 276 910 779 310 780 718 2852 413 4558 3886 544 1502 522 486 1076 1376 6210 228 255 1016 287 672 2830 1614 672 488 718318 23587 741 22846 6004 338 784 1319
cat_boundaries=0 1 5
cat_threshold=399112 512 17039360 1350582272 64
is_linear=0
shrinkage=0.05


Tree=14
num_leaves=63
num_cat=1
split_feature=0 1 2 0 16 10 10 0 12 6 21 15 2 12 4 6 15 11 12 6 12 12 10 7 11 10 6 6 0 16 16 16 16 11 0 10 7 6 15 10 16 12 6 6 6 12 16 11 1 0 4 16 16 16 16 4 3 6 16 10 6 6
split_gain=302.234 80.1654 62.7902 64.9809 24.1594 21.9719 20.0909 14.4314 13.2248 13.1632 13.546 11.7493 10.0749 8.43871 7.25005 7.08312 6.46616 6.05481 5.4576 7.12362 6.29024 13.3524 10.8415 9.49278 7.98802 9.75199 5.72392 5.47217 5.21451 5.06947 11.6211 4.5542 6.03632 5.13166 4.47548 3.9763 4.38763 4.01069 3.80406 3.65668 2.92977 2.67608 2.5753 2.56626 4.45289 2.51963 2.14689 1.81942 1.78439 1.78083 1.76797 1.68621 1.45737 1.24753 2.44286 1.15378 3.83645 1.11163 1.00416 0.667377 0.580431 1.00424
threshold=86.500000000000014 2717.5000000000005 2395.5000000000005 583.50000000000011 2.5000000000000004 3.5000000000000004 14.500000000000002 572.50000000000011 0.046616209398076432 1.8004739336492894 0 1103.5000000000002 2173.5000000000005 0.036403463649642705 309.50000000000006 1.1539718999396422 574.50000000000011 0.032710533887625508 0.016914251930777616 1.0385132804415318 0.031734106841437799 0.041295148686813006 4.5000000000000009 763.50000000000011 0.020830239126798777 12.500000000000002 1.4168204182041824 2.3741263728426762 373.50000000000006 15.500000000000002 40.500000000000007 21.500000000000004 10.500000000000002 0.021864407433149147 385.50000000000006 4.5000000000000009 1338.5000000000002 0.95245629897528639 1455.0000000000002 1.5000000000000002 42.500000000000007 0.10207031664349965 1.1075649906494498 2.6156139431267205 2.9481725515404755 0.064492346086301902 4.5000000000000009 0.031892655324190861 936.50000000000011 437.50000000000006 6213.5000000000009 40.500000000000007 19.500000000000004 45.500000000000007 30.500000000000004 3390.0000000000005 2380.0000000000005 1.0800763358778629 6.5000000000000009 4.5000000000000009 2.2904315605928516 2.3402402636659718
decision_type=2 2 2 2 2 2 2 2 2 2 9 2 2 2 2 2 2 2 2 2 2 2 2 2 2 2 2 2 2 2 2 2 2 2 2 2 2 2 2 2 2 2 2 2 2 2 2 2 2 2 2 2 2 2 2 2 2 2 2 2 2 2
left_child=-1 2 4 40 8 14 9 12 -2 10 11 15 18 -9 17 -5 -3 39 19 -7 50 22 -22 -24 38 31 -21 -28 -25 -15 -31 32 46 -33 -29 -34 37 -37 59 -6 52 -10 -40 48 51 -41 -26 -46 60 -44 55 -45 -4 54 -49 56 58 -27 -20 -23 -16 -62
right_child=1 16 3 6 5 7 -8 13 41 -11 -12 -13 -14 29 43 -17 -18 -19 20 26 21 24 23 28 25 57 27 34 -30 30 -32 33 35 -35 -36 36 -38 -39 42 45 -42 -43 49 44 47 -47 -48 53 -50 -51 -52 -53 -54 -55 -56 -57 -58 -59 -60 -61 61 -63
leaf_value=-0.049219450006111255 0.25506654723724131 -0.20431891423917969 -0.034847292900604912 0.023909703115487738 -0.012792917901018015 -0.02560430522277576 0.04990965362268715 0.12266151407595567 0.075661297487318646 0.04393960620272469 -0.01834283487353593 0.047690856393608427 0.13265703469200776 0.089695421268844111 -0.043503565126248193 -0.014043693303346969 -0.061781872119980534 -0.023630687410475137 0.016339436555314939 0.17385425534712792 -0.025709828393116425 0.00054075568674981931 -0.019864289000307719 0.22564665704192849 0.040043949528027208 0.16627237735136829 -0.028093675494251055 -0.0013044203665901141 0.066076911671707678 -0.025306530374427417 0.089398417389036602 0.078611230812998187 -0.014286605754940028 -0.039993108066977576 0.12581575615733673 -0.0089978123452463653 -0.012337572085523857 0.18238235131587149 -0.026446857618829346 0.14821553602959273 -0.019594781800770938 -0.01862313921023357 0.078653879750679306 0.078815202042274476 -0.037547694525007974 -0.0078471503413629316 -0.032971856287172245 -0.020044212593296327 0.015956490122945029 -0.0024517145307024826 0.034933410311841127 -0.012589785426865792 -0.059038603807189255 -0.021844703879416352 0.072885019319497799 -0.040017226516482804 0.059461654970166436 0.030545274913268416 -0.037759830099860031 -0.043407140568300584 0.034893511840477551 -0.023925038819600827
leaf_weight=371.02701391739538 1.4436504312907339 2.8967979834706048 18.667804478434846 21.94180153706111 0.34287513192976193 0.94796613370999594 45.177218541502953 12.424568341230044 1.6192543085780928 24.018965400406159 36.210418645991012 21.340049013495445 1.9907067050808098 5.5830653395969403 6.4530034720664826 25.526427037082613 2.5396389216184616 0.89324835262959812 0.49459324381314518 0.9988858364522456 1.027920660679231 0.97264310496393758 0.65463606576668087 1.1685457851854155 0.62621998199028794 0.60243710817303486 1.1981459698872643 1.0386020598816688 2.3227759351721033 4.4899856740958057 2.8070331103517674 0.16612844442715902 0.39863925403915335 3.7271698939148337 0.96200706809759129 0.21833136270288356 0.31116889492841437 0.7162772172014229 0.93436911638127673 1.016737147583626 13.775190335116347 0.58967500430298958 0.92756318993633591 1.301448429818264 2.7603521740529686 0.18592400645138685 1.6940490916022097 0.66066891473019473 1.2444230869296005 0.95268379524350166 0.74804537929594506 0.33177152212010685 19.976452965871431 0.65718647406902153 0.60923289356287569 3.119955517235212 0.80478835775284085 0.78148011618759483 2.7451879156869836 5.30745955434395 0.17622216115705647 0.90062813513213769
leaf_count=718084 218 73 129 102 354 150 185 163 118 182 180 92 178 72 7133 148 148 905 122 126 444 800 489 201 110 123 195 192 100 213 86 159 407 2193 32 186 46 357 165 475 93 562 170 564 645 220 439 306 139 31 64 195 167 96 184 300 59 98 1034 2277 118 629
internal_value=-0.0186424 0.0171745 0.0207188 0.00688012 0.0570864 0.0500067 0.0215704 0.0634307 0.170199 0.0113411 0.00354132 0.015555 0.042362 0.0927045 0.000327494 0.0036313 -0.157677 0.0662116 0.0340464 0.0781171 0.0246429 0.0372283 0.101051 0.131368 0.0149254 0.0454665 0.10196 0.0434505 0.157834 0.0570516 0.024275 0.0163476 0.0487826 -0.0199014 0.0813809 0.100551 0.127297 0.156133 -0.0175396 0.107021 -0.0414326 0.052532 0.0250785 -0.0137694 0.00973017 0.13148 -0.00714024 -0.0164206 -0.0299612 0.0509758 -0.0127332 0.0625175 -0.0485263 0.0163307 0.037007 -0.0213791 -0.00191912 0.134592 -0.027595 -0.0374613 -0.0385308 -0.00213308
internal_weight=688.148 317.121 311.685 226.634 85.0503 81.3978 174.215 63.864 3.65258 129.038 105.019 68.8083 38.5594 25.3047 17.5337 47.4682 5.43644 2.43878 36.5687 5.14561 31.4231 23.5105 5.17388 4.14596 18.3366 9.2419 4.19764 3.19876 3.49132 12.8801 7.29702 7.85798 3.96469 3.8933 2.00061 1.64442 1.24578 0.934609 9.09472 1.54554 52.4194 2.20893 2.81462 15.0949 6.32066 1.20266 2.32027 4.68744 8.77428 1.88025 7.91257 1.63322 38.6443 1.92709 1.2699 7.16453 4.04457 1.38392 3.23978 6.2801 7.52985 1.07685
internal_count=744225 26141 25920 1278 24642 23744 889 11781 898 704 522 342 11247 534 11963 250 221 1954 11069 695 10374 8795 1234 790 7561 4118 545 419 301 371 299 3897 1545 2352 224 996 589 543 3443 1049 389 680 366 10009 1990 695 549 1231 8019 201 1579 759 296 586 490 1515 1215 221 1156 3077 7880 747
cat_boundaries=0 1
cat_threshold=1179651
is_linear=0
shrinkage=0.05


Tree=15
num_leaves=63
num_cat=1
split_feature=0 2 0 10 5 10 12 16 16 8 16 13 16 16 11 8 11 12 5 13 5 13 12 12 8 10 11 9 5 8 19 11 0 16 13 12 6 12 6 8 2 9 12 8 15 0 12 10 6 5 12 10 13 6 7 8 7 6 6 0 16 12
split_gain=266.025 61.0559 45.4734 30.0922 14.9729 17.1241 13.1035 12.4141 12.0293 14.4401 11.0543 11.4218 9.66621 9.24777 9.11471 13.459 9.01278 8.09883 10.4744 17.1337 9.62685 8.23726 7.91935 7.40322 7.22529 6.63967 6.15952 6.01469 5.92651 5.76861 5.67914 5.36247 4.92413 4.86655 4.72073 4.60172 4.27175 4.20414 6.43298 4.01382 3.43219 3.4239 3.26638 3.05746 2.83615 2.49625 2.99252 2.04867 1.93584 1.8628 1.60985 1.49044 1.40339 1.38564 1.37562 1.25956 0.967408 0.954703 0.871672 0.852334 0.555525 0.468973
threshold=86.500000000000014 2395.5000000000005 620.50000000000011 14.500000000000002 1.7397942250248923 4.5000000000000009 0.084078333583032808 12.500000000000002 21.500000000000004 1.212158167036216 28.500000000000004 24.500000000000004 46.500000000000007 21.500000000000004 0.028071125902767696 1.2501231527093599 0.049446328775957234 0.062968437532223157 1.0323452484742808 41.500000000000007 1.2177279102384293 67.500000000000014 0.09116799422498241 0.041295148686813006 1.2727700333532885 1.5000000000000002 0.016254236979875717 0.97677116494900995 1.0795160490285725 1.3249548736462096 0 0.016504590038172239 562.00000000000011 9.5000000000000018 9.5000000000000018 0.031734106841437799 1.4406878202601499 0.021609900607523717 1.3096114492801805 1.3033798526451943 2173.5000000000005 0.62413727450140433 0.080160713258880315 1.4243514279485505 586.50000000000011 525.50000000000011 0.061735449636469882 10.500000000000002 2.6156139431267205 1.1202409638554218 0.014446521867155173 13.500000000000002 1.5000000000000002 2.7005674653215643 1636.0000000000002 1.2433030375508254 215.50000000000003 2.9978292329956591 1.6000299132515707 222.50000000000003 23.500000000000004 0.028608894579665926
decision_type=2 2 2 2 2 2 2 2 2 2 2 2 2 2 2 2 2 2 2 2 2 2 2 2 2 2 2 10 2 2 9 2 2 2 2 2 2 2 2 2 2 10 2 2 2 2 2 2 2 2 2 2 2 2 2 2 2 2 2 2 2 2
left_child=52 4 45 6 5 30 7 -4 17 23 13 -12 60 -9 15 33 22 18 19 34 44 -21 25 35 28 -16 -5 -17 -19 -14 31 36 54 -6 -7 50 -2 38 -33 41 -32 -22 -30 56 49 46 -3 -31 -39 -20 -10 -26 -1 -50 -25 -38 -29 -24 -27 -40 61 -11
right_child=1 2 3 26 14 8 -8 10 9 12 11 -13 29 -15 16 27 -18 24 20 21 39 -23 57 32 51 58 -28 43 42 47 40 37 -34 -35 -36 -37 55 48 59 -41 -42 -43 -44 -45 -46 -47 -48 -49 53 -51 -52 -53 -54 -55 -56 -57 -58 -59 -60 -61 -62 -63
leaf_value=-0.018813650696453348 -0.014968769781912167 -0.027817770087507621 0.042775777489722701 0.023589649334869948 0.056294779081380357 0.083265904692379669 -0.031210467139995687 0.0070174581516333351 0.064099817830343728 0.017736695977954062 0.046416940878154456 -0.0078996323867928913 -0.024799125749982075 -0.042038932433177092 0.0058823266393264809 0.11826907612747124 -0.020946152370647994 -0.022917072622690035 0.0033297849857132191 0.25393602279363869 0.070162544723388995 0.043395379772206116 -0.02230059951017609 -0.03614855851197455 -0.039507487263031771 0.035830699265323292 0.063066547021382618 0.022812921419625088 0.005251067217776198 0.010548255902577762 -0.045852826971834376 0.13853525240165365 0.068955909995874087 -0.040556986601841642 -0.030420156928381556 0.15918091532665057 0.15118803900413944 -0.037353492752391713 0.025053063060130467 0.12117926692302805 0.036526092621867283 -0.013460336138600097 0.13922373488795037 0.069370303883633327 -0.0061245391736822665 -0.02320273115448334 -0.06037587206353065 0.13637522779898981 0.055389531104165238 0.073609689629267658 -0.0066612535781621664 0.015698315064039573 -0.049451455529858988 -0.017721599040854571 0.028633710066722592 0.015690598994389633 -0.031378788342603832 0.035977714948789312 0.17763572723861176 -0.026975610775711048 -0.045730536492678955 -0.021059711010010477
leaf_weight=5.4077308069099663 0.42261823220178474 16.944676188111771 20.561434521339834 17.820050809998065 0.84091715805698353 0.49188828899060055 24.09627455601003 17.505202437983826 0.71513898426201494 0.46552151307696277 17.866104789311066 19.36720884218812 0.8672093639033841 19.645886071783025 0.76267243275651342 4.6967028602375649 0.71429600409464988 0.82522113260347341 1.5941880397149382 1.9381405962049032 2.0474355792975971 1.1284899840247815 0.79228617210173968 2.4264979926520032 2.6870417529717092 0.70534325420157973 27.621285466477275 0.37221977196168188 0.68634557380573813 0.63358751556370385 9.6114013462211005 0.32322442287113506 1.4045382502372374 3.64701399957994 1.4636816776474004 1.5865593344788065 0.73291114781750344 2.7824629742535767 0.33198575407732267 5.3057090461370535 0.68736201728461388 1.5878771813586352 1.0787975734565405 0.66653245931956906 4.8853409611037932 26.647271263689618 16.814783882116899 0.59848265803884715 0.40037829452194262 1.7220172887900842 1.196389148943126 1.1704627058934418 348.01260693959193 0.53304710326483473 0.26688137312885363 0.47494231240125373 1.5759466044837607 0.15636508975876495 5.6717070533777587 1.0657795779989099 7.4413962727994658 0.70677248726133257
leaf_count=8954 309 136 98 112 141 55 158 116 47 62 107 99 214 138 335 417 634 513 120 188 84 323 722 1442 600 212 191 220 58 167 7619 121 35 1673 352 164 302 2055 321 188 51 159 213 120 157 177 138 58 48 117 234 94 709541 273 45 108 292 54 816 105 1727 185
internal_value=-0.019449 0.0143564 0.000657534 0.0142902 0.0502174 0.0373093 0.000964516 0.00937038 0.052729 0.0195867 -0.000308527 0.0186961 -0.0176779 -0.019346 0.0869051 0.0511738 0.124694 0.0725588 0.0865024 0.147412 0.0615163 0.206182 0.138445 0.0680851 0.0194487 0.154379 0.0484268 0.0890134 0.0714257 0.060956 -0.0049558 0.0184815 0.0153435 -0.0154584 0.0166729 0.112724 0.100303 0.0108854 0.0591542 0.0948699 -0.0199509 0.0386127 0.107869 0.0182815 0.0187968 -0.0360914 -0.0453046 0.105384 -0.0192731 0.0484233 0.0327352 -0.0229733 -0.0490371 0.0260668 -0.0237147 0.129147 -0.0167988 0.000838692 0.168934 -0.00932341 -0.0411892 -0.0045807
internal_weight=663.2 309.78 224.89 164.483 84.8897 64.2877 119.042 94.9458 46.9216 18.309 74.3844 37.2333 10.713 37.1511 20.602 11.7993 8.80267 28.6126 22.1648 5.0222 17.1426 3.06663 8.08837 7.59601 6.44787 7.13972 45.4413 7.3114 2.59036 2.09928 17.3661 7.06735 4.09792 4.48793 1.95557 3.49809 1.63047 5.43688 1.72099 8.94102 10.2988 3.63531 1.76514 2.6147 8.20155 60.4067 33.7595 1.23207 3.71589 3.31621 1.91153 3.8575 353.42 0.933425 2.69338 1.20785 1.94817 0.948651 6.37705 1.39777 8.61369 1.17229
internal_count=744514 26019 1470 1019 24549 18913 716 558 7601 4380 460 206 2413 254 5636 2863 2773 3221 1743 918 825 511 2139 1967 1478 1363 303 1049 784 439 11312 3642 1522 1814 407 445 719 2923 547 431 7670 243 271 632 394 451 274 225 2376 237 281 694 718495 321 1487 410 512 776 1028 426 1974 247
cat_boundaries=0 1
cat_threshold=67776
is_linear=0
shrinkage=0.05


Tree=16
num_leaves=63
num_cat=2
split_feature=0 2 0 17 5 0 19 6 0 2 16 5 8 9 8 16 11 8 0 6 6 0 3 2 0 7 4 11 0 8 15 2 9 16 5 8 16 5 0 6 8 2 1 1 1 9 6 9 14 0 5 0 0 5 0 1 11 5 7 8 4 8
split_gain=281.425 57.5812 55.63 20.387 15.6611 20.0047 13.4065 13.685 11.2656 14.0032 10.1317 10.1219 13.4068 11.2882 12.2454 10.0073 10.8002 9.18489 8.11021 7.86439 8.36214 7.21223 6.10028 5.93028 5.74677 5.19389 5.06507 5.03267 4.96698 5.65219 4.61812 3.81952 3.35816 3.19068 4.91922 2.82463 3.9006 5.61705 2.56527 2.21771 1.97704 1.96172 1.95753 2.17133 1.83385 1.66248 1.63825 1.54893 1.37064 3.05377 4.63455 1.99369 1.99767 1.70125 2.3086 1.50882 1.353 1.2511 1.22647 1.07325 0.986428 0.958031
threshold=86.500000000000014 2395.5000000000005 620.50000000000011 0 1.7397942250248923 234.50000000000003 1 1.8004739336492894 394.50000000000006 2173.5000000000005 14.500000000000002 1.0667096635493929 1.2204386959359652 0.62413727450140433 1.399901768172888 30.500000000000004 0.03323023111914241 1.4994845360824745 572.50000000000011 2.6284084202242775 0.70594324686396315 877.00000000000011 2588.5000000000005 1010.0000000000001 790.00000000000011 1338.5000000000002 2643.5000000000005 0.016254236979875717 827.50000000000011 1.1875421727395414 541.50000000000011 800.50000000000011 0.38473507819980857 8.5000000000000018 1.3132820744761047 1.2416990020188716 21.500000000000004 1.250119846596357 539.50000000000011 0.40917991929741282 1.1754676426164752 758.50000000000011 581.50000000000011 533.50000000000011 1451.5000000000002 0.080145985401459868 2.1432996990617812 0.73345498783454999 1.0000000180025095e-35 7.5000000000000009 3.9921875000000004 27.500000000000004 10.500000000000002 0.58352713178294591 11.500000000000002 49.500000000000007 0.018874646458755605 0.65133897110641314 353.50000000000006 1.4640029617816257 2855.0000000000005 1.1212372898419412
decision_type=2 2 2 9 2 2 9 2 2 2 2 2 2 10 2 2 2 2 2 2 2 2 2 2 2 2 2 2 2 2 2 2 10 2 2 2 2 2 2 2 2 2 2 2 2 10 2 10 2 2 2 2 2 2 2 2 2 2 2 2 2 2
left_child=48 3 38 4 5 33 -4 11 17 26 27 12 -8 -13 -15 24 22 19 45 20 -7 -14 44 31 30 42 46 -6 29 58 -12 41 -28 34 -2 -34 37 -37 -3 -35 -36 -22 43 -25 -17 -5 -10 -48 -1 -50 53 52 -52 54 55 -51 -11 -27 61 -47 -18 -29
right_child=1 2 6 18 10 8 7 -9 9 56 15 13 21 14 -16 16 60 -19 -20 -21 23 -23 -24 25 -26 57 32 28 -30 -31 -32 -33 35 39 40 36 -38 -39 -40 -41 -42 -43 -44 -45 -46 59 47 -49 49 50 51 -53 -54 -55 -56 -57 -58 -59 -60 -61 -62 -63
leaf_value=-0.049860806836337521 -0.026574958913748684 -0.045972554797869498 -0.014267439686399314 0.025258136746798939 0.041694726858346298 -0.019376065792393347 -0.0074967098603543648 0.059319701117624829 -0.03857186807039923 0.11906086086778889 -0.039151526655095088 0.027582047549047868 0.02342065275258496 -0.04595598722265775 0.014270233076160597 0.16966058210385579 -0.027618362146050415 -0.0092525157755767133 0.042429703494632931 -0.020151252409405067 -0.010094788924013054 0.061576261826954082 0.0030891168497976951 0.079844119466978294 0.070725177302348327 0.071528594680954335 -0.0072941902104551454 0.077429588178473771 0.024572879039744235 0.24063993093151531 0.055054414403959744 -0.025358691190926975 0.075427005143395176 0.040484839292611513 0.12576240582317419 0.0042658895921125588 -0.015382616562785887 0.079417089730836998 -0.02295536919903806 -0.043196042737123755 -0.0085185764415164136 0.11059287388818272 0.20178443046708155 -0.01648620365248208 0.029648093924410514 -0.046659804720717714 0.032924779309102849 -0.018660699272686886 -0.047498726760914267 -0.010389105874891162 -0.012013226757690778 -0.016168477428570444 0.094693834263826424 -0.034276487183102201 -0.023578496155554133 0.093034297842257474 0.054051523988757837 4.2707911369673681e-05 -0.015335829257500645 0.0083438729317695075 0.028935423016765129 -0.0084717598254540807
leaf_weight=306.81134045711951 1.1309873738209706 36.797232241136953 24.305305464891717 0.32834617258049448 1.4453860965441006 0.61443268071161306 17.603091810364276 22.630089148005936 2.2855449328781132 4.8032033001654764 3.3785911908489634 22.842645173659548 27.466849757358432 16.736911080777645 15.404118376551194 3.9104226079653017 1.1272690265323033 1.3993361575994629 3.1291652251966289 0.66050993016688231 0.25173940067179312 25.035952911013737 0.78053471003659058 0.53828692575916626 2.5670125855831429 0.6338313497835768 3.2753016942297135 0.17644118529278863 0.7091865635011344 2.4016368926968426 0.88276628480525676 1.0158786106039768 5.037467472197025 0.10507735388819117 0.1377750890678725 4.8569125562207756 3.1890527129289685 4.3667678677011281 23.140786602394655 6.2955260456074029 0.20488058449700475 0.24155698128743097 4.3143455113167875 0.48449173715198413 0.75414984486997116 10.490170121775005 1.8751069155987354 2.025317729334347 18.803533635626085 0.26212418897193568 0.3160021414805676 0.47737874987069506 0.72763447122997604 8.5261417501897068 0.89158293753280304 0.048689606366679072 4.4062563847983256 0.98059541499242187 0.39048223831923679 0.66081776691135097 0.25773392291739572 0.20301962160738185
leaf_count=658493 1337 309 138 373 109 180 78 185 122 83 1478 115 131 106 111 844 520 244 131 203 153 173 18 202 86 125 117 90 8 411 177 415 181 125 102 155 209 70 147 8084 192 63 637 151 6 6286 61 141 38279 561 537 716 1222 17406 1866 93 128 159 50 164 17 124
internal_value=-0.0168413 0.016663 0.00349097 0.0506779 0.0571053 0.0496283 0.0179457 0.0227368 0.061751 0.0459469 0.103823 0.0175038 0.0299616 0.0013683 -0.0175319 0.071819 0.110887 0.105007 -0.0122428 0.120762 0.132 0.042426 0.138184 0.143879 0.0235686 0.161937 0.0258833 0.161568 0.188525 0.210507 -0.0128815 0.0293129 0.0373277 -0.021884 0.0308026 0.0456444 0.0288352 0.0441326 -0.0376086 -0.0365374 0.0989274 0.0834873 0.184737 0.048621 0.156254 -0.0391623 -0.0123187 0.00779682 -0.0486915 -0.0355332 -0.013288 0.0491468 0.0723156 -0.0267205 0.0180944 0.064427 0.096298 0.0447327 0.0336595 -0.0429818 -0.00937467 0.0586459
internal_weight=657.551 320.686 231.963 88.7233 74.1148 55.1302 172.025 147.72 47.2559 36.1209 18.9846 125.09 70.1059 54.9837 32.141 13.6585 6.83011 11.135 14.6085 9.73567 9.07516 52.5028 5.44511 8.46073 6.82837 6.95155 26.9115 5.32615 3.88077 3.17158 4.26136 1.50917 20.7255 7.87425 1.47364 17.4502 12.4127 9.22368 59.938 6.4006 0.342656 0.493296 5.33712 1.02278 4.66457 11.4793 6.18597 3.90042 336.864 30.0531 11.2496 1.52102 1.04364 9.72854 1.2024 0.310814 9.20946 1.61443 0.769943 11.151 1.385 0.379461
internal_count=745197 26024 1493 24531 17577 13639 1037 899 3799 1267 3938 714 382 332 217 3146 1405 2532 6954 2288 2085 304 868 1905 1741 1274 1056 792 683 675 1655 631 732 9840 1631 615 434 225 456 8209 294 216 990 353 850 6823 324 202 719173 60680 22401 2475 1759 19926 2520 654 211 284 264 6450 537 214
cat_boundaries=0 4 5
cat_threshold=536871808 17039360 1350779008 32850 395272
is_linear=0
shrinkage=0.05


Tree=17
num_leaves=63
num_cat=1
split_feature=0 1 17 4 0 16 1 7 16 9 7 16 8 12 12 0 16 3 8 16 8 11 0 7 11 15 11 8 11 13 13 11 1 15 1 0 8 13 9 8 11 12 9 11 1 12 4 12 9 8 4 11 16 7 11 11 13 8 11 11 15 11
split_gain=242.911 89.1373 33.3643 40.9937 18.9008 17.8319 18.5649 16.499 19.811 14.3418 13.1845 12.2264 11.9524 10.6782 9.51045 8.47476 7.79026 11.6052 8.12849 7.0986 6.88777 6.28015 5.9021 9.83747 7.45957 6.36647 5.11104 4.69546 4.09518 3.89855 4.7383 3.61607 3.50946 3.45376 3.1679 7.14635 3.83133 2.92768 2.7135 4.5781 5.46195 5.23944 2.32948 2.16688 2.15068 5.99879 1.92618 1.8684 2.63573 1.86423 1.43377 1.43356 1.20251 2.90351 1.90548 4.80955 1.56789 1.29297 1.16036 1.51028 0.974238 0.885726
threshold=86.500000000000014 2717.5000000000005 0 3390.0000000000005 827.50000000000011 8.5000000000000018 581.50000000000011 1636.0000000000002 45.500000000000007 0.99301048253144075 2592.0000000000005 19.500000000000004 1.2054158809972766 0.075013251755086566 0.044460196184112184 645.50000000000011 6.5000000000000009 2070.5000000000005 1.3283205186190263 51.500000000000007 1.312549840510367 0.015660012194421143 326.50000000000006 969.50000000000011 0.013135593477636577 574.50000000000011 0.041296610725112266 1.3332101047443008 0.047150114418972024 10.500000000000002 43.500000000000007 0.032276553101837642 1155.0000000000002 1377.0000000000002 436.50000000000006 218.50000000000003 1.2054158809972766 1.5000000000000002 0.6078658841726946 1.2088017346638038 0.022018644430985057 0.3097551086222613 0.91683135704874841 0.028071125902767696 1006.5000000000001 0.064492346086301902 679.50000000000011 0.01944874238406941 0.70595420578654922 1.050083612040134 582.50000000000011 0.023962818609816673 49.500000000000007 1945.5000000000002 0.031338982439289502 0.031892655324190861 16.500000000000004 1.1293239421298817 0.041038559470325718 0.040237288083881148 2241.5000000000005 0.024389799695758937
decision_type=2 2 9 2 2 2 2 2 2 10 2 2 2 2 2 2 2 2 2 2 2 2 2 2 2 2 2 2 2 2 2 2 2 2 2 2 2 2 10 2 2 2 10 2 2 2 2 2 10 2 2 2 2 2 2 2 2 2 2 2 2 2
left_child=37 2 3 5 7 21 19 13 11 44 33 15 -13 22 16 -9 17 -4 34 26 -12 -2 23 -5 -24 -26 49 -3 50 32 -31 -23 46 -6 35 -18 -37 -1 39 -16 41 -41 -21 -15 45 -8 -20 48 -36 -7 -28 -14 54 56 57 -56 -54 -40 59 -33 -49 -27
right_child=1 27 14 4 10 6 9 8 -10 -11 20 12 51 43 38 -17 18 -19 29 42 -22 31 24 -25 25 61 28 -29 -30 30 -32 58 -34 -35 47 36 -38 -39 52 40 -42 -43 -44 -45 -46 -47 -48 60 -50 -51 -52 -53 53 -55 55 -57 -58 -59 -60 -61 -62 -63
leaf_value=-0.0097419780051145235 0.0016369480587416947 -0.20765381810924388 -0.031321845034852629 -0.019928064306159343 -0.0076151151430890185 0.030312753980527657 0.13087904308104467 -0.016001182839918183 0.041322979599526181 -0.026838165443748063 0.029416156146829544 0.014262120016192321 -0.054605679571938737 -0.043283642581520509 -0.046806760377851447 0.03032841444485981 -0.033506775148973468 0.12356928535454399 0.046876586562025147 -0.0094330491413697811 0.065969297693366846 0.16124077607794352 0.08701579141591631 0.17176280143235045 0.05607261395245744 -0.031071701947689209 0.12900041615775182 -0.078365227541530511 -0.020294774948775414 -0.035485150570043332 0.043785457568979891 -0.00060943262069585726 0.10496404496192663 0.023753489720855281 -0.038516837484780429 0.13589509252956 -0.013884543020786856 -0.049706402706941578 0.0046581814340987803 -0.047379359787480368 0.083000707761332837 0.049159161092349184 0.13111702029058422 0.016136317127290085 0.060008154842683958 0.010320727365387132 -0.027008880547388578 -0.054355284871884693 0.028658431916798923 -0.044140528752070696 -0.0059906749068268138 -0.030225470054368445 0.082957238208560519 -0.037568467547820339 0.041792659559188705 -0.04542909663247189 -0.01254770971951169 -0.059384708404289936 -0.013797268002920091 0.085789748313473801 -0.007443772330111717 0.0031113824366441898
leaf_weight=5.2061130551737724 0.86292486672755231 3.0247514972579657 1.4998847887909534 0.6577945271856217 16.508696737117134 0.24163702322402958 7.1156693495577255 19.991288226272445 17.983398090815172 2.4557974916533558 28.58631362603046 10.373705063189844 20.759020812634844 2.9472155932453452 3.9235228748002537 17.689976717345417 2.0207088255847405 1.9292731902096418 0.54305402399040614 0.2320868444512606 27.833233739482239 6.4625421105301921 5.0843021268956354 1.4685475647565907 4.3929811278358084 3.194000305258669 0.11717267986387003 3.2321970607736148 0.6818563811830245 3.0163527081604116 2.5544944707653485 0.75827248336281605 1.4316081244032828 16.878243349958211 1.9173578006448218 0.34416669321944926 0.37951927009271458 315.66257055426831 0.68065713063698297 2.7655074928770773 1.1515484683040993 1.2819908162346108 0.10392562218476087 1.8285233206697737 7.907482689653988 1.389152623072732 1.0862746990751473 8.1902807670994644 1.9478856521309351 7.2805265469069127 0.13583426969125867 15.510173896676859 0.12807022695778769 1.2935055077541617 1.4912389391101886 3.58023055823287 0.33049469272373244 15.661283730965804 0.36810499243438233 0.43930921913124621 1.6559701195219521 3.1550925993360579
leaf_count=8980 457 59 399 379 124 93 488 182 127 342 129 110 202 552 1625 83 2372 36 167 256 118 825 106 262 181 97 79 171 833 141 78 197 18 78 107 100 115 710256 410 301 117 91 60 205 160 272 125 577 175 6304 152 133 158 10 185 1913 222 2458 181 79 18 103
internal_value=-0.0184541 0.0124712 0.0164478 0.0239382 0.0163748 0.0731481 0.0501387 0.00373404 -0.00493263 0.0769376 0.0337395 -0.015166 -0.0320086 0.0413091 -0.0157348 0.00597064 0.00281531 0.0640454 -0.00768823 -0.0093505 0.0482836 0.132426 0.0583246 0.125056 0.0424597 0.0157563 -0.0237592 -0.160868 0.053326 0.0295201 0.00199583 0.144746 0.0667867 0.0084724 -0.0277785 0.0166375 0.0948616 -0.0490903 -0.0364375 -0.0116671 0.0181243 -0.0131207 0.0996406 -0.0216783 0.0931152 0.114345 0.00607956 -0.0371952 -0.0057316 -0.0384726 0.109585 -0.0452705 -0.0453057 -0.00337076 -0.0484334 -0.0171227 0.0527141 -0.0566025 0.0403519 0.0557005 -0.0478793 -0.0159729
internal_weight=639.325 318.457 312.2 251.395 214.843 36.5523 27.6611 125.036 102.308 18.8681 89.8065 84.3242 46.6429 22.7285 60.8049 37.6813 28.5168 3.42916 25.0877 8.79304 56.4195 8.89115 17.9527 2.12634 15.8264 10.7421 8.45703 6.25695 0.934863 8.63178 5.57085 8.02823 3.06094 33.3869 16.4559 2.74439 0.723686 320.869 32.2881 9.12257 5.19905 4.0475 0.336012 4.77574 16.4123 8.50482 1.62933 13.7115 3.86524 7.52216 0.253007 36.2692 23.1655 1.75207 21.4134 5.07147 0.458565 16.3419 1.56569 1.19758 9.84625 6.34909
internal_count=745333 26097 25867 13949 3171 10778 9039 2722 837 1262 449 710 445 1885 11918 265 4428 435 3993 7777 247 1739 1128 641 487 381 7461 230 1064 529 219 1282 310 202 3464 2587 215 719236 7490 2134 509 392 316 757 920 760 292 877 282 6397 231 335 5356 390 4966 2098 380 2868 457 276 595 200
cat_boundaries=0 4
cat_threshold=640 17039360 1350582400 32850
is_linear=0
shrinkage=0.05


Tree=18
num_leaves=63
num_cat=2
split_feature=0 2 0 17 12 17 11 16 16 5 9 11 0 0 8 16 16 6 9 12 0 8 8 5 5 12 7 11 8 7 5 7 5 5 6 7 12 6 9 6 6 12 0 14 0 12 8 12 9 11 16 0 8 7 6 5 6 6 9 8 6 8
split_gain=236.428 44.6743 43.8122 17.6156 15.5519 13.1424 14.6561 11.7867 21.6225 10.7299 10.6753 10.5474 10.9753 7.95069 7.18086 6.99167 6.12546 5.62431 5.60384 4.75069 4.28456 4.09544 5.50614 5.00832 13.7621 10.6419 7.95199 4.62741 7.32177 5.73517 4.07711 5.29373 4.28935 4.07195 3.71023 4.54266 3.50387 3.47455 3.32168 3.06373 2.83429 2.6656 2.54404 2.1548 4.25676 9.31819 2.12309 1.70671 1.60238 1.4464 1.41212 1.28315 1.19835 1.18633 1.01153 0.937185 0.935057 0.825273 0.657576 3.01728 0.654997 0.631975
threshold=86.500000000000014 2395.5000000000005 602.50000000000011 0 0.14848921936597273 1 0.032859209103860032 20.500000000000004 45.500000000000007 1.6257059803216629 0.94744964262508125 0.028621013153604765 827.50000000000011 183.50000000000003 1.4243514279485505 27.500000000000004 21.500000000000004 0.73588032940685921 0.62413727450140433 0.066717995674846056 572.50000000000011 1.1154387865655473 1.1650963094128037 1.0435436417129782 1.1111665281241343 0.059239465091469663 969.50000000000011 0.016341029540346667 1.294134032443061 371.50000000000006 1.1853268182140078 1041.5000000000002 0.82124241432276601 1.0134539969834091 2.1432996990617812 969.50000000000011 0.026680003361569841 1.0465522612452764 0.79072596616307378 1.3846583136336841 0.92326094957673921 0.084078333583032808 539.50000000000011 1.0000000180025095e-35 7.5000000000000009 0.0068743857170204268 1.1087337909992374 0.032752393707455314 0.080145985401459868 0.031338982439289502 50.500000000000007 58.500000000000007 1.1515356542420145 239.50000000000003 0.89829930005206238 1.7546633381873658 1.0678545493873897 1.3005622413847566 0.77784748361912748 1.2024666632865186 1.2500816459830177 1.1579550020088392
decision_type=2 2 2 9 2 9 2 2 2 2 8 2 2 2 2 2 2 2 10 2 2 2 2 2 2 2 2 2 2 2 2 2 2 2 2 2 2 2 10 2 2 2 2 2 2 2 2 2 8 2 2 2 2 2 2 2 2 2 10 2 2 2
left_child=43 3 42 4 7 -4 11 17 9 30 15 12 16 -10 18 38 -7 46 -14 49 48 -19 47 25 60 26 54 28 -26 53 31 -9 -33 -34 37 -36 -30 -31 -11 -38 -13 -21 56 -1 -45 51 -2 -23 -5 -15 -50 -46 -49 -29 -24 -43 -3 -42 -32 -60 -25 -17
right_child=1 2 5 20 -6 6 -8 8 13 10 -12 40 14 19 -16 61 -18 21 -20 41 -22 22 23 24 27 -27 -28 29 36 34 58 32 33 -35 35 -37 39 -39 -40 -41 57 55 -44 44 45 -47 -48 52 50 -51 -52 -53 -54 -55 -56 -57 -58 -59 59 -61 -62 -63
leaf_value=-0.049841597381630527 0.043905513958780222 -0.02993529730233864 -0.021465725265624749 0.024640014506156983 -0.039227680226735374 0.013314674074211686 -0.023885593668647037 -0.037287688322112697 -0.02266681121540905 -0.032058071602109939 -0.03488957874517002 0.059629313368474206 0.034129686656950008 0.17436528140039392 0.053587876172376814 0.034842067360893805 -0.024871559040017858 0.17427488373521899 -0.0042545741540694505 -0.022608112114614883 0.024537669064854745 -0.029166577124219446 0.040521517513411161 -0.035395370722714807 -0.02452942471463751 -0.021742107845757138 0.18033745804887483 0.033988833912833645 0.10692155544728343 0.11497412851063277 -0.044178289431147932 -0.028988988969469172 0.10193271134948585 0.013610585257950523 0.19283371381894901 0.065037187636544688 -0.0091843598239145247 0.038087716034590165 0.051084597247125219 0.058284356971290169 0.021845778391254449 0.082139927647044406 -0.019329567895337574 -0.047278080610090707 0.071815840558831751 -0.033283032346265999 -0.031745396560346188 0.052423020555954603 -0.046340336298766265 0.064934797335130925 0.016029224944503942 -0.010737463513739123 -0.015915349946033979 -0.023353832248731804 -0.021017157563644577 0.0061632834731272538 -0.051328898787498627 0.040835142045143151 0.052995459610312351 -0.035015107271804867 0.0028939429504870238 0.12366841073875001
leaf_weight=277.65296562810545 0.50358087365748261 13.706181386311071 17.040217236673925 0.3393032589228796 3.6158436103432896 19.830227258615196 17.485955114243552 2.8704990114492883 0.82682007690891435 1.5116652483120536 2.1335331577283805 16.613477237056941 17.782651825807989 2.6806409751879983 17.576891651086044 1.2750219490844754 20.282551721407799 0.77966124331578512 18.860129273962229 0.76389208086766336 2.8005064413882783 1.240115439431974 0.10456953151151438 1.8429438711027644 2.2314540195220642 0.75484160377527576 3.4930165570985992 0.78402738022850715 2.8974413956166227 2.4120357492356543 5.4092546810861668 1.3491964334098154 1.6231183797935953 3.3356176830129698 2.463264536781935 2.8255998924723826 2.2439791422220878 5.5836748934234492 1.3469577009964266 3.7060861359059345 16.696312859188769 0.87567689124261938 16.419480009557446 17.225452375336321 2.2830673914868371 7.9622046650329139 1.433330910222139 0.82467251367052063 9.8867092676227895 2.3550139099243097 0.51138292410178188 0.27322302557877254 0.41971685236785561 0.86254855891456828 0.71396313511650078 0.74121237464714795 24.714077860000543 15.182771895546464 0.43326625594636459 2.1267795489402488 1.6087635408621279 3.4373334740521386
leaf_count=658243 60 84 113 381 4258 93 96 2740 1080 226 657 85 97 146 148 195 117 359 126 91 131 270 98 110 200 472 253 519 80 102 788 393 251 130 262 68 110 301 71 151 93 162 108 38325 4002 17921 381 206 6146 188 350 443 120 421 738 93 240 108 137 464 169 202
internal_value=-0.0168931 0.0128367 0.00110419 0.0421239 0.0477482 0.0132004 0.0172564 0.0587103 0.0359742 0.0127588 0.0521342 0.0236243 0.0136372 0.102036 0.0281068 0.0778673 -0.00612906 0.0774183 0.014785 0.11698 -0.0144271 0.0815733 0.0750873 0.0801208 0.067813 0.128716 0.154191 0.0799251 0.048179 0.098978 -0.0111699 0.0111971 0.0353439 0.0547754 0.109187 0.145756 0.0671457 0.0714844 0.0102042 0.0351791 0.042384 0.0369504 -0.0375507 -0.0483894 -0.0326277 -0.00661408 -0.00382428 0.0022164 -0.0381062 0.142426 -0.0421358 0.0624541 0.0325521 0.00647605 0.00480398 0.0629754 -0.0446499 0.0318566 -0.0353069 -0.00941783 -0.0209083 0.109941
internal_weight=629.566 324.169 232.191 91.9785 78.4406 177.351 160.311 74.8248 35.0955 26.8522 9.70451 142.825 94.3325 8.24326 54.2197 7.57098 40.1128 39.7293 36.6428 7.41644 13.5379 37.7924 37.0127 34.5282 29.4618 5.06639 4.31155 26.0101 11.079 14.9312 17.1477 9.17843 6.30793 4.95874 13.2846 5.28886 8.84751 7.99571 2.85862 5.95007 48.4926 2.38078 54.8397 305.397 27.7439 10.5185 1.93691 2.4845 10.7374 5.03565 10.3981 2.55629 1.24439 1.64658 0.818533 1.61689 38.4203 31.8791 7.9693 2.56005 3.45171 4.71236
internal_count=745172 26238 1508 24730 17722 1076 963 13464 8014 6254 1351 867 581 1760 371 694 210 5450 223 680 7008 5009 4650 4054 2493 1561 1089 2214 541 1673 4903 3514 774 381 733 330 341 403 297 261 286 346 432 718934 60691 22366 441 596 6877 334 6496 4445 326 940 836 255 324 201 1389 601 279 397
cat_boundaries=0 4 8
cat_threshold=536871808 17039360 1350779008 32850 536870912 0 131072 16
is_linear=0
shrinkage=0.05


Tree=19
num_leaves=63
num_cat=2
split_feature=0 2 0 10 17 17 9 10 12 3 8 5 11 5 9 12 11 13 0 3 10 5 0 13 0 6 6 10 5 4 12 0 12 7 4 8 12 13 0 8 12 6 11 10 9 8 8 10 8 5 2 5 0 13 5 13 13 8 3 0 8 11
split_gain=217.445 44.8467 39.5243 25.8246 22.8461 16.426 12.5482 11.7501 13.3488 11.5102 11.4235 13.8047 11.1796 9.93022 9.6352 8.3542 6.77244 5.81142 5.65423 7.32852 7.77364 5.0641 4.95992 4.67329 8.81138 4.31868 3.62974 4.89104 5.36621 4.98834 4.91371 3.86944 3.66641 3.64923 3.39903 3.26307 4.10477 4.25234 3.22566 3.66744 4.25549 3.13422 2.98949 2.73755 2.63202 1.93403 1.8777 1.80198 1.7124 1.70602 1.67319 1.62738 1.62227 1.49358 1.40608 1.33995 1.59544 1.18273 1.01249 0.960842 0.871571 0.57865
threshold=86.500000000000014 2395.5000000000005 602.50000000000011 14.500000000000002 0 1 0.76196503918022918 10.500000000000002 0.0085671581817798898 2810.0000000000005 1.5000475194829883 1.0435436417129782 0.032186440285295256 1.1065248226950357 0.57900856793145661 0.062968437532223157 0.015767172713370334 65.500000000000014 309.50000000000006 3518.5000000000005 6.5000000000000009 1.8004149377593364 406.50000000000006 1.5000000000000002 10.500000000000002 1.1163781712473575 1.2500816459830177 6.5000000000000009 1.1936328322918428 2043.5000000000002 0.041295148686813006 690.50000000000011 0.034244899543090908 837.50000000000011 479.50000000000006 1.2024666632865186 0.025607531421540711 60.500000000000007 552.50000000000011 1.0855439065578387 0.0030011090632081077 2.6156139431267205 0.032569105437188169 1.5000000000000002 0.81823556813702669 1.3846868744638263 1.1930102154119477 21.500000000000004 1.0769693603628625 1.2647379170824713 171.50000000000003 3.5022123893805315 1061.0000000000002 60.500000000000007 1.5194938440492478 35.500000000000007 54.500000000000007 1.2891757708801308 729.50000000000011 12.500000000000002 1.3624192886201623 0.02342260198213704
decision_type=2 2 2 2 9 9 10 2 2 2 2 2 2 2 10 2 2 2 2 2 2 2 2 2 2 2 2 2 2 2 2 2 2 2 2 2 2 2 2 2 2 2 2 2 10 2 2 2 2 2 2 2 2 2 2 2 2 2 2 2 2 2
left_child=23 5 45 4 12 7 -6 8 14 13 11 -9 15 -10 -2 -4 -5 -13 19 20 -11 -16 53 24 -1 -12 54 28 33 -29 31 32 34 -28 42 -24 -37 61 39 48 -41 -34 -30 59 -23 57 -44 -42 -7 -19 -32 58 -52 -20 -15 -56 -57 -3 -46 -26 -18 -38
right_child=1 2 3 16 6 38 -8 10 9 18 25 17 -14 26 21 -17 60 49 22 -21 -22 44 35 -25 43 -27 27 29 30 -31 50 -33 41 -35 -36 36 37 -39 -40 40 47 -43 46 -45 51 -47 -48 -49 -50 -51 52 -53 -54 -55 55 56 -58 -59 -60 -61 -62 -63
leaf_value=-0.039565966685797566 0.17925897475760966 -0.03491378357415293 0.051102607486846509 0.014269905629109063 -0.0036014394046896426 -0.013375559948174385 -0.048726104811018821 0.17570619654487132 -0.038377715388017354 0.22966162749187213 -0.03694456220064421 0.095812845414504952 -0.0081277599856044835 -0.035799728679975044 -0.027385742333593695 0.0068251590660169739 0.041141659751212409 -0.0047662484986851382 -0.033157999785324639 0.0037852615749787142 -0.011727461084632322 -0.0047535643626749405 0.091884548272896896 -0.0493228627124567 0.03831442891527842 0.049597550054874623 -0.015437889865198172 0.12283334863666324 -0.020735155302118113 0.011870033602105246 0.034491862886657308 0.076558364540154383 0.096313067063463806 0.11425478658291371 -0.034226437029654701 0.075141945346839836 -0.00022153367237976582 0.051255689324961252 0.013330459487613286 0.051886444167083205 -0.047099973765728727 -0.017712083476661821 0.10916771418035892 0.12082920133247688 0.13120901512894975 -0.019718671504437024 -0.0098398183283658139 0.025843736926997207 0.084145667375314648 0.045158823035777923 -0.042878879680239262 0.017084207416702978 0.027084032354892935 0.024757407315278965 -0.020009115293061867 0.077733142352043358 -0.013989097744802651 -0.05746218600384078 0.031771764101932602 -0.021063937035802959 0.066033963856268904 -0.035505933396541373
leaf_weight=3.7823150153271845 1.7953679282218207 24.029273027845193 27.354292693518801 16.279226082842797 32.924340445140842 0.36425515444716694 28.244042049453128 4.2194423133623848 7.1840540230332435 0.60757883687620295 1.9968765369849273 6.4352451579761674 22.98119963449426 2.2791899768053585 1.131824752257671 17.621570616727695 15.837740298360588 2.8505592401779722 1.8447437797440209 0.84586457430850714 0.30362721078563482 0.84689893189351995 3.9938808971201061 285.84064555302029 0.13226693059550576 1.7915143937570972 0.44205244336626748 1.7610390428744715 0.70059245853917473 1.9750615765224209 0.18344562477432091 1.9304812140762804 0.6852613636292515 1.1057712546898981 4.1638272334530484 2.7948384630144556 1.8736825798405337 2.2693223982350901 6.636498389649204 0.46802526788087462 10.625114533700977 0.52609761350322515 0.25527620757929981 0.46332959766732529 1.1893367203301757 12.619187003176192 0.24416973927873187 0.29944106389302838 0.11800477767246775 2.7183539632242173 4.9534264647227246 1.1701327853370456 0.27446853526635084 0.92800196999451134 0.65988933335756861 0.17394935945048928 0.36809097116929479 14.704669272890895 1.2478422193089498 0.7271301134605892 15.182402626611291 2.1142458969261497
leaf_count=7097 147 204 169 99 192 469 197 468 6453 251 136 158 121 1336 277 101 76 121 226 251 114 51 101 709750 195 123 376 269 300 65 249 23 159 70 618 75 89 83 184 156 6259 140 115 584 210 84 178 38 123 86 2597 243 14 77 544 131 243 128 29 1123 125 120
internal_value=-0.0172451 0.0111161 -0.00088695 0.0103815 -0.00127542 0.0401041 -0.0214377 0.0471117 0.0400741 0.029053 0.085988 0.103291 0.0174925 0.00948307 0.0989915 0.0342805 0.0415718 0.0662831 0.060007 0.130899 0.185177 0.0498923 0.0448179 -0.0484789 -0.000884837 0.00579192 0.0256224 0.0339232 0.0188778 0.0790654 0.00620013 0.0286593 0.00634623 0.0856936 -0.0137037 0.0569824 0.0339742 0.0077661 -0.00881573 -0.0281139 -0.0353267 0.0611761 0.0406953 0.0791376 0.0709496 -0.0390587 0.0832262 -0.043101 0.0511567 0.0227684 -0.0280658 0.0858969 -0.0354467 -0.0123501 -0.0175158 0.0176679 0.0467669 -0.0447046 0.104353 0.00376574 0.0550066 -0.022296
internal_weight=612.07 321.125 227.778 176.425 129.125 93.3467 61.1684 74.8353 54.8233 47.4419 20.012 16.2236 67.9571 29.8661 7.3814 44.9759 47.2994 12.0042 17.5758 1.75707 0.911206 5.58604 15.8187 290.946 5.10504 3.78839 22.6821 19.201 15.4649 3.7361 13.917 8.50571 6.57522 1.54782 5.36387 13.046 9.05209 6.25725 18.5113 11.8748 11.3926 1.21136 1.20004 1.32273 4.45421 51.3531 0.499446 10.9246 0.48226 5.56891 5.41134 3.60731 5.22789 2.77275 3.48112 1.20193 0.54204 38.7339 2.43718 0.859397 31.0201 3.98793
internal_count=744790 26041 1496 1080 780 24545 389 17316 16224 15267 1092 833 391 13880 957 270 300 365 1387 616 365 810 771 718749 8999 259 7427 5173 4839 334 4393 1533 1510 446 1211 468 367 292 7229 7045 6453 299 593 1902 533 416 293 6297 592 207 2860 482 2611 303 2254 918 374 332 239 1318 201 209
cat_boundaries=0 4 8
cat_threshold=0 16777216 1350565888 64 536880000 17039360 1350713472 32834
is_linear=0
shrinkage=0.05


Tree=20
num_leaves=63
num_cat=1
split_feature=0 2 0 15 10 12 16 22 9 16 13 16 3 11 11 11 6 8 16 16 13 8 7 10 2 12 13 15 8 15 4 8 9 9 8 6 11 8 13 15 13 12 3 9 13 9 12 6 6 13 10 12 12 11 9 3 13 8 0 8 0 0
split_gain=220.367 54.2287 28.9036 15.7989 9.94514 15.5352 9.43416 8.83655 8.22564 8.95734 7.90335 15.4425 7.92282 9.89505 7.31893 6.9119 6.29817 6.18371 6.1707 5.81987 8.69917 5.31665 5.27558 5.25255 5.07599 4.98563 6.61436 4.36066 8.6285 5.09633 3.85163 4.49171 3.69753 3.44845 3.38944 7.00673 5.65847 7.46273 5.72291 3.91412 3.57411 4.76992 5.21532 3.43421 3.09606 3.04682 2.99233 2.92396 4.55521 2.63974 14.0924 2.89401 2.63249 2.44715 2.34813 2.10228 2.3799 2.07584 2.38659 1.97518 1.75594 1.60706
threshold=86.500000000000014 2395.5000000000005 750.50000000000011 2500.5000000000005 4.5000000000000009 0.022723834561654891 45.500000000000007 0 0.55324549087374464 7.5000000000000009 70.500000000000014 30.500000000000004 1358.5000000000002 0.01428813529200852 0.016177966026589278 0.012939026289157244 1.4072518026088783 1.3891920592312914 21.500000000000004 22.500000000000004 21.500000000000004 1.0789925845541692 1945.5000000000002 8.5000000000000018 1422.5000000000002 0.069943534608871996 16.500000000000004 1312.5000000000002 1.2272975658221561 1.0000000180025095e-35 2855.0000000000005 1.4286197237515699 0.99138990087265955 0.85735481136074621 1.3158630499828325 0.97305078591067085 0.032710533887625508 1.1781099218013422 55.500000000000007 1745.5000000000002 47.500000000000007 0.031734106841437799 3117.0000000000005 0.6078658841726946 38.500000000000007 0.99976076555023929 0.036403463649642705 2.6284084202242775 2.5001530924678508 4.5000000000000009 2.5000000000000004 0.025000001765398575 0.086511057402937977 0.032710533887625508 0.68434861018293225 2810.0000000000005 11.500000000000002 1.2291843520090551 261.50000000000006 1.2826319709524254 1061.0000000000002 620.50000000000011
decision_type=2 2 2 2 2 2 2 9 8 2 2 2 2 2 2 2 2 2 2 2 2 2 2 2 2 2 2 2 2 2 2 2 10 10 2 2 2 2 2 2 2 2 2 10 2 10 2 2 2 2 2 2 2 2 10 2 2 2 2 2 2 2
left_child=49 4 6 7 5 8 19 -4 21 33 12 15 13 -6 16 46 -7 -5 -9 23 -21 -2 25 -3 -23 34 -27 28 29 -15 31 53 54 -10 36 43 37 55 -38 -37 41 61 -43 -36 -20 60 -12 48 -47 50 -1 -52 59 -11 -18 56 -14 58 -55 -28 -16 -39
right_child=1 2 3 17 10 14 -8 18 9 30 11 -13 22 27 45 -17 32 -19 44 20 -22 24 -24 -25 -26 26 52 -29 -30 -31 -32 -33 -34 -35 35 39 38 40 -40 -41 -42 42 -44 -45 -46 47 -48 -49 -50 -51 51 -53 -54 57 -56 -57 -58 -59 -60 -61 -62 -63
leaf_value=-0.040398325702424943 -0.014909390069944651 -0.033822898361283271 0.020507942425122237 0.015763384350706389 -0.022333071739343496 -0.029741904362059431 0.012042639395156063 0.010090895804745988 0.023637542386108181 -0.043914114946832367 0.097991052779214827 0.1239804179449743 0.055203795405206084 0.15485922402795152 -0.042867590022715639 -0.036650335753702225 0.0088316232426580883 0.055678136580336796 -0.039940074714766453 -0.0073820574933558432 -0.056469284197411089 0.17574538460752398 0.12165575210701383 0.002000684872694608 0.0083283568055504253 0.093109426273726786 0.046417879416425341 0.21271126242872015 -0.011678865875066379 -0.013478078963885748 0.071657125225511695 0.061542377856917387 -0.016863390854885949 0.12468759558998768 -0.033989467204590861 0.058229927592852573 0.022160017917095334 -0.036899833262039314 0.14771841889564361 0.12796525747940393 -0.034758384876733155 0.095498848935803793 -0.013793843122376229 0.044009794970013782 -0.0092086400866435696 -0.018920568817905326 -0.0047954703488620985 -0.025534964941369989 0.12654413001135612 -0.049828470411610593 0.12913345780725335 -0.011056832648898635 -0.032068508626499626 -0.017642481613621207 0.12873755066454853 0.097713495839592324 -0.025522403031157666 -0.025931489907169744 0.080723811813322166 -0.015859702881886522 0.028832997409795526 0.016725577110463474
leaf_weight=14.587646840693193 0.41467406842275645 17.462099115480669 27.836984223977197 17.522046149708331 0.78318630461580951 1.4265902056649822 17.167328720082878 20.040548756107455 2.0432684562110821 4.8570454838918504 0.65616860828595047 1.5188902137742832 0.80976430873852467 1.4221810894086959 11.103552913118614 7.2124677840329241 0.69360595091711763 24.158557578921318 15.721888073632725 13.560664831893517 28.139610440004617 1.6452442470763347 2.2289892822736865 22.719617143273354 0.67115719721186895 1.0141171271388865 1.8912744034605569 1.2484592098626306 1.583133832667954 0.36777736051590171 0.6318417519214562 0.77421992406016205 0.50256274195271533 1.7965217854361979 1.6525033192010625 8.786650121532146 2.2840056698478288 2.4031780188379326 1.1919222178403286 4.5600241997744879 3.8553390516608488 1.8770205605251251 1.399175756901968 2.0724198312673252 17.621149207931012 0.6078547859797262 1.0824727964063638 1.0340763521089682 0.13248483260395005 261.34693932544906 0.67454071517568159 0.28376443186425604 4.0503003381309099 0.54281808249652408 1.2055352953029794 2.2343508795020171 0.98996970095322467 1.0273619219369718 0.52079439652152359 1.5842887438775504 0.2452840987825774 1.6031611002981661
leaf_count=33007 131 143 170 97 621 1286 109 122 194 1224 16 203 16 582 8176 1650 523 192 109 139 174 499 24 114 37 127 140 101 918 397 121 96 460 246 97 353 223 243 71 39 250 171 61 161 92 951 327 794 93 683638 840 660 1174 470 393 84 243 460 59 112 7 17
internal_value=-0.0160924 0.0124209 -0.00111683 0.0150296 0.0439816 0.0203676 -0.0211014 0.00206075 0.0559017 0.0327815 0.0555397 0.0142639 0.0634404 0.119434 -0.0122894 -0.0149417 0.0417089 0.0396609 -0.00973899 -0.0281119 -0.0410531 0.122677 0.0545527 -0.0140107 0.144376 0.04856 0.0124527 0.143157 0.0746598 0.127838 0.00127094 -0.0120433 0.0804168 0.0869102 0.0566184 0.0733983 0.0383031 0.0220143 0.0885986 0.0893145 -0.000753244 0.019272 0.0565124 0.00953653 -0.0244401 -0.0298796 0.0556127 0.0219678 0.0648654 -0.0485799 -0.0258474 0.103173 -0.00806192 -0.0269544 0.103097 0.0725369 0.0175435 0.0139026 0.0463 0.0208288 -0.0391085 -0.0163867
internal_weight=593.083 316.19 221.95 122.901 94.2397 31.8765 99.0493 81.2206 14.9249 12.1939 62.3632 10.47 51.8932 5.40474 16.9515 8.95111 3.82829 41.6806 53.3836 81.882 41.7003 2.73108 46.4885 40.1817 2.3164 44.2595 8.53998 4.62155 3.37309 1.78996 8.35408 7.72224 2.4017 3.83979 35.7195 17.0716 18.6479 15.172 3.47593 13.3467 11.1379 7.28254 3.2762 3.72492 33.343 13.1233 1.73864 1.77442 0.74034 276.893 15.546 0.958305 7.52586 6.94802 1.89914 4.03408 1.79973 2.09097 1.06361 3.47556 11.3488 4.00634
internal_count=744247 26102 1461 782 24641 16220 679 493 3537 2870 8421 2196 6225 2619 12683 1993 2662 289 323 570 313 667 3606 257 536 3582 1553 1998 1897 979 2430 2309 1376 440 2029 650 1379 1085 294 392 742 492 232 258 201 10021 343 1838 1044 718145 34507 1500 1426 2213 916 343 259 989 529 252 8183 260
cat_boundaries=0 1
cat_threshold=32769
is_linear=0
shrinkage=0.05


Tree=21
num_leaves=63
num_cat=1
split_feature=0 1 17 2 2 0 15 9 0 5 12 5 9 15 16 16 7 10 5 3 9 8 0 16 1 8 1 16 1 12 5 9 1 0 15 5 10 1 12 1 12 1 10 16 1 1 14 10 12 0 12 0 12 0 9 16 3 1 9 7 0 8
split_gain=198.869 94.7342 25.3012 29.618 27.1441 15.2245 12.894 10.9784 10.692 10.648 9.42734 9.35256 9.29972 16.7822 9.20806 6.5427 5.6599 5.11116 8.65296 5.3258 4.7372 5.02808 4.71623 4.51337 5.98749 4.3358 5.42843 5.52492 5.35367 8.44971 4.00298 6.20201 3.59325 3.18352 2.65942 2.5863 3.16033 2.38838 2.18943 2.12722 2.09239 2.06067 3.91878 1.90122 1.89163 1.85405 1.84912 13.8028 2.90598 2.20723 2.65387 1.74218 1.70085 1.57788 1.50753 1.97954 1.4951 1.42169 2.02334 1.3929 1.15875 1.11492
threshold=86.500000000000014 2717.5000000000005 0 2395.5000000000005 2741.5000000000005 991.00000000000011 1745.5000000000002 0.50012382367508679 181.50000000000003 2.4008547008547012 0.044460196184112184 0.72743726861373925 0.54564838146927708 315.50000000000006 28.500000000000004 4.5000000000000009 347.50000000000006 6.5000000000000009 1.1853268182140078 3117.0000000000005 0.26939799331103681 1.3283205186190263 222.50000000000003 20.500000000000004 1630.0000000000002 1.3054142760504099 646.50000000000011 33.000000000000007 902.50000000000011 0.031734106841437799 1.3848076923076926 0.57156514613493592 1451.5000000000002 562.00000000000011 1881.5000000000002 1.8507917035825441 5.5000000000000009 1006.5000000000001 0.01822012458626027 612.50000000000011 0.035319885133315694 708.50000000000011 10.500000000000002 8.5000000000000018 201.50000000000003 284.50000000000006 1.0000000180025095e-35 3.5000000000000004 0.025000001765398575 52.500000000000007 0.0050056277306836936 36.500000000000007 0.025607531421540711 497.50000000000006 1.0000000180025095e-35 3.5000000000000004 2588.5000000000005 646.50000000000011 0.48098168738026453 272.50000000000006 58.500000000000007 1.3182500682500684
decision_type=2 2 9 2 2 2 2 10 2 2 2 2 10 2 2 2 2 2 2 2 10 2 2 2 2 2 2 2 2 2 2 10 2 2 2 2 2 2 2 2 2 2 2 2 2 2 2 2 2 2 2 2 2 2 10 2 2 2 10 2 2 2
left_child=46 2 3 6 33 11 8 -8 43 12 20 -6 13 17 -13 53 45 18 19 39 22 30 -4 38 -25 26 -17 28 29 -28 57 -32 -33 -5 -7 54 -37 -9 -23 -10 -15 42 61 44 59 -11 -1 49 51 -48 60 -49 -43 -14 -12 -56 -29 58 -22 -2 -51 -27
right_child=1 -3 10 4 5 34 7 37 9 16 35 14 15 40 -16 25 -18 -19 -20 -21 21 23 -24 24 -26 41 27 56 -30 -31 31 32 -34 -35 -36 36 -38 -39 -40 -41 -42 52 -44 -45 -46 -47 47 48 -50 50 -52 -53 -54 -55 55 -57 -58 -59 -60 -61 -62 -63
leaf_value=-0.049809982034097859 -0.010956919191768623 -0.16015836459493044 0.13122862670236535 -0.043014036601235039 -0.014404376926261979 0.030440053838917198 0.0064749855262850242 0.13819007821585208 0.014060828286003855 0.048059020809368608 0.0080755349362061253 0.0033815513549542032 0.019529017491317933 0.026930168270953504 0.04223488884193994 -0.035429975909644577 0.12339827374559216 0.12136831162038503 -0.033863593798740953 -0.018067913715675274 0.047038878378982567 0.0054968777147746395 -0.018010895661682035 -0.044528494724375298 0.053007309424699646 0.026547258943038818 -0.0047555019725950892 0.015358296540637648 0.02144359102934933 0.15406295378835977 0.067797074875573612 -0.041139484390001639 0.039339300207756944 -0.013534414356368284 0.055843552745380422 -0.032922380670060224 0.046207198266404237 0.071481664167066528 0.07979306525168206 0.15801984190841284 -0.040254166252194697 0.0032347277446792312 0.082508138966651268 -0.040576348374555864 -0.022178364893730693 -0.02557124515881766 -0.043735333834982307 0.16889274537063434 -0.0092593491134869265 0.088669100029762471 -0.025831566280924964 -0.0047389198849988809 -0.039608360052905599 0.095652066498830707 0.011046649962408124 -0.046084770515464168 -0.034023186944031912 -0.044793030845974205 -0.027902852186818535 0.084124753609430808 -0.0085334189265047593 -0.032248426495386652
leaf_weight=239.23341592066572 0.27943530280026496 6.9557576606021021 0.37856245427974755 14.497013200772924 29.038396209129132 27.857791631482542 3.6139944557799053 5.2922907114552782 0.55528771533863464 0.52351179122342628 1.219865321443655 36.981660080840811 1.7331925823818921 0.85840364417526815 25.181763483502436 2.3625033801072304 4.693455936096143 6.4659741332288831 1.8469667649187611 0.55215293634682883 0.50560070274514668 1.5603688276023584 0.51722275017527863 3.0054794385505375 1.6039919392205773 0.28631540795322497 1.1355496906326137 2.4957919877197128 5.1493498490308411 1.668900393618969 2.0592273679212658 3.8617235304263886 1.0478520933538673 26.048486333340406 22.93341451883316 1.6551192137703759 1.421372434357181 7.9692157726967707 2.759244708577171 0.6774298019008711 2.7983934242511168 3.2329982260707748 0.4891552758635952 4.2729204598581418 0.7948242632264737 1.0014199884608386 22.866958748840268 0.14208457403583352 0.22716607307665981 0.081685543205820887 1.0678526782430706 0.10457733680959791 6.076648898597341 1.8714194509666411 1.2438308525015624 24.59264939892455 1.7975943218334576 7.7783290720544755 1.2485909052484201 0.11821968745789491 0.2055955087125767 1.7517598740232641
leaf_count=658205 216 222 204 129 192 137 181 403 205 133 134 192 196 69 123 1301 259 266 288 91 208 111 44 298 10 80 78 137 163 189 152 1167 7 152 97 1504 134 89 163 78 347 93 67 6048 900 155 56629 235 583 123 2583 135 360 19 393 5143 106 241 1545 143 341 633
internal_value=-0.0163133 0.0102928 0.0146012 0.0208458 0.0108087 0.0210954 0.048513 0.0861818 0.0357344 0.0429665 -0.0145589 0.00869328 0.0327576 0.0654549 0.0195401 0.0161658 0.100383 0.0962907 0.0350796 0.0929636 0.00476171 -0.000887653 0.0810115 0.0275663 -0.00718916 0.00633718 0.023848 0.0370942 0.0595152 0.105409 -0.0169798 0.0110379 -0.0202126 -0.0248565 0.0427671 -0.0357258 0.0060032 0.105926 0.0590336 0.128514 -0.0220869 -0.0154497 0.0193567 -0.0268678 0.0183559 0.00872882 -0.0483199 -0.0325082 0.119615 -0.0401085 0.0136758 0.150526 -0.0258595 0.0712403 -0.0405155 -0.0430252 -0.00783878 -0.0365656 0.00293359 0.0572754 0.0665156 -0.0179692
internal_weight=582.248 318.318 311.363 254.904 182.539 141.993 72.3651 16.8755 55.4896 50.0242 56.459 91.2018 43.8058 13.7546 62.1634 30.0512 6.21839 10.0978 3.63184 1.78487 26.3262 25.4304 0.895785 8.92908 4.60947 26.4466 14.6097 12.2472 7.9538 2.80445 16.5013 6.9688 4.90958 40.5455 50.7912 30.1328 3.07649 13.2615 4.31961 1.23272 3.6568 11.8369 2.52723 5.4654 1.19248 1.52493 263.929 24.6959 0.473828 24.2221 1.35513 0.246662 9.30965 3.60461 27.0563 25.8365 4.29339 9.53252 1.75419 0.397655 0.287281 2.03808
internal_count=744829 25995 25773 14315 1022 741 13293 673 12620 5313 11458 507 4766 1344 315 3422 547 928 662 374 4150 3902 248 582 308 3207 1974 673 430 267 3320 1326 1174 281 234 7308 1638 492 274 283 416 1233 780 7307 1259 288 718834 60629 953 59676 3047 370 453 215 5670 5536 243 1994 1753 359 464 713
cat_boundaries=0 4
cat_threshold=896 17039360 1350566016 32850
is_linear=0
shrinkage=0.05


Tree=22
num_leaves=63
num_cat=1
split_feature=0 1 12 5 10 22 16 13 8 8 15 13 16 0 16 8 8 4 0 8 16 12 12 13 6 6 1 6 8 16 8 8 8 8 7 1 0 5 16 16 10 1 12 8 6 6 10 16 8 16 0 13 16 16 0 13 13 12 16 5 13 0
split_gain=187.833 59.2774 20.5759 17.89 17.2326 20.0712 15.6903 13.0825 10.1133 9.75065 7.93466 7.80651 7.79826 7.02206 8.24369 6.65363 6.32832 8.37628 6.76161 6.41706 7.57225 6.12772 5.68468 7.31868 8.21437 6.47432 6.40109 5.4051 5.05239 4.8453 4.76252 4.91801 4.62516 4.12951 4.91374 3.93822 3.63246 3.44773 3.20508 9.53179 6.7491 5.14116 3.19777 3.1475 3.10482 2.7242 2.63416 3.35868 2.37073 2.30478 2.26779 2.22167 2.20285 2.14508 6.41417 3.41795 6.08135 2.06441 2.00932 1.87381 1.70004 6.84957
threshold=86.500000000000014 2717.5000000000005 0.13502654714336623 2.2228132387706858 11.500000000000002 0 14.500000000000002 66.500000000000014 1.1212372898419412 1.2757115919906619 3332.5000000000005 43.500000000000007 47.500000000000007 620.50000000000011 45.500000000000007 1.2433030375508254 1.2891757708801308 5041.5000000000009 305.50000000000006 1.1818984902023775 23.500000000000004 0.043377477378121261 0.068135804629251243 23.500000000000004 1.3005622413847566 0.81833183318331848 1091.5000000000002 1.3572538400071033 1.1228221938930372 1.5000000000000002 1.2162506017467851 1.1930102154119477 1.259295641417449 1.2993413926079989 1784.0000000000002 495.50000000000006 1061.0000000000002 0.51201750547045966 43.500000000000007 17.500000000000004 2.5000000000000004 810.50000000000011 0.20790077657975989 1.1754676426164752 1.0147309207451427 0.80775494863442765 3.5000000000000004 17.500000000000004 1.1867642985736049 13.500000000000002 1337.0000000000002 17.500000000000004 8.5000000000000018 8.5000000000000018 437.50000000000006 31.500000000000004 10.500000000000002 0.0030011090632081077 33.000000000000007 1.2002155172413795 1.5000000000000002 26.500000000000004
decision_type=2 2 2 2 2 9 2 2 2 2 2 2 2 2 2 2 2 2 2 2 2 2 2 2 2 2 2 2 2 2 2 2 2 2 2 2 2 2 2 2 2 2 2 2 2 2 2 2 2 2 2 2 2 2 2 2 2 2 2 2 2 2
left_child=60 2 3 4 5 8 7 9 51 35 16 -3 29 14 33 -14 17 18 57 28 -21 -15 23 26 25 -25 48 -9 -20 -4 31 -24 -19 34 44 43 37 -18 39 40 -5 -41 -17 52 -6 -39 47 -47 58 -35 -31 -2 -7 54 -11 56 -55 -8 -10 -22 61 -1
right_child=1 11 12 38 13 6 10 27 22 53 -12 -13 15 21 -16 42 36 32 19 20 59 -23 30 24 -26 -27 -28 -29 -30 50 -32 -33 -34 49 -36 -37 -38 45 -40 41 -42 -43 -44 -45 -46 46 -48 -49 -50 -51 -52 -53 -54 55 -56 -57 -58 -59 -60 -61 -62 -63
leaf_value=-0.040347603622846007 0.14180809562259419 -0.17146001146064305 0.038508556107790332 -0.006972073113732909 0.087578833358074815 0.10812884740868148 0.0397131283369105 -0.045646425445027915 0.063113754457393395 -0.032874874071901435 0.025290251848428015 -0.054370965149907746 -0.047310165770076948 0.02080393120654974 0.062087558197402554 -0.00024223370794652398 0.020351275317574684 -0.04563974238974082 0.044857560960136302 -0.020972992446915611 0.10980139863828386 0.051060545282681682 -0.018407408086605133 0.032909683028050106 0.041580993760015644 -0.044184023683576129 0.066717209570209754 0.035032349521566628 -0.039824713196288324 -0.05136864537826983 -0.042412719752241153 0.074633118257791495 0.0094441548228233127 -0.0052149790979105892 -0.020136967029778158 -0.02546723276796339 -0.0018561012546001081 0.00021537212409697342 0.12315195381535329 -0.037476354127005056 0.11521968714124942 0.043759034228152215 0.063079238826066378 -0.020178519627639332 0.0058705845601395171 0.076021972108321012 -0.051632010134861517 -0.028295778523715832 -0.025461322351382189 -0.049445169060604983 0.01803067410873356 0.0091835834688839563 -0.011146231108878619 0.076215560339479627 0.063142779274824215 0.11139623769301088 -0.034831880243409427 -0.041171503517023644 -0.009845505346310816 0.038834842921185317 -0.049411428034636495 0.080781540690007023
leaf_weight=4.1689689828490364 1.5012560992909123 3.4093948413938042 1.0249071370053631 1.2772782063402681 1.7227828671748344 0.57896286054165702 0.11380226595793175 6.9431245457963069 1.1022217500431026 1.7625025682500544 8.4873993758810666 4.1650951947085559 2.5603420646511932 31.89111091569066 4.2352432829211457 3.5702560818754137 1.6018134867481411 13.051032686315013 1.8645756786572736 1.9223962605756222 2.8986558944452554 40.265606894157827 2.4803161770978459 3.2194120525091439 9.766943725087911 7.1671914045000449 16.868934416852426 1.9860412527341393 3.634770642966032 19.371880699822217 4.3837411020649597 1.5830888689379206 4.8154893163591614 6.4281490368302894 3.8317913536448032 5.3372047995508183 6.8673269341234109 3.089504254894563 2.0910664319526395 2.8737076232791878 4.6216362076229416 2.9253192223841324 3.4937907332205214 0.67283887040684931 2.2997522899531759 0.1892044528212854 32.241030410514213 1.2601326321018858 2.6962235336541198 4.8878480944549665 0.77573964057955791 0.52873613240080874 0.28621816998929717 1.847426454361994 4.7376303672790527 4.3146529080695473 1.3869293953757731 4.4418353294604458 1.2917096209421286 3.5069693296391051 246.54790432090522 0.5290754074230789
leaf_count=8340 354 51 236 483 140 360 42 389 286 399 69 177 764 139 111 144 121 298 73 167 117 187 267 154 275 291 147 105 227 5194 361 92 68 131 33 259 42 288 331 977 314 52 279 656 161 125 1533 674 880 259 8 226 324 138 40 155 151 5345 214 156 709433 736
internal_value=-0.0165575 0.00884077 0.0123609 0.0166159 0.0136047 0.00410846 -0.00757006 0.0227093 0.0267809 0.0437244 -0.0185867 -0.120925 -0.0258693 0.0305194 0.00638019 0.0107223 -0.0234073 -0.00752884 0.0157828 0.0327592 0.0580845 0.0381552 0.0258778 0.0332587 0.0106696 -0.0194966 0.0526228 -0.0259808 -0.00862864 -0.0422361 -0.0105448 0.0254217 -0.0310796 -0.00839507 0.0181303 -0.00492069 -0.0356898 -0.0415426 0.0702625 0.0518542 0.0915863 0.0039117 0.0350144 0.048321 0.0513346 -0.0447055 -0.0487123 0.0108003 0.00262807 -0.0267833 -0.0479703 0.121696 0.0838497 0.066275 0.0361958 0.0849115 0.0316168 -0.0323664 0.032445 0.0814388 -0.0488283 -0.0149234
internal_weight=571.398 320.152 312.577 281.781 267.992 172.429 119.839 29.8535 52.5898 20.9244 89.9859 7.57449 30.7969 95.5623 23.4056 9.62439 81.4985 36.2495 18.383 13.8274 8.32802 72.1567 50.5598 42.1126 20.1535 10.3866 21.9591 8.92917 5.49935 21.1725 8.44715 4.06341 17.8665 19.1703 7.85433 6.87522 45.249 38.3817 13.789 11.6979 5.89891 5.79903 7.06405 1.53802 4.02254 36.7799 33.6904 1.44934 5.09015 11.316 20.1476 2.02999 0.865181 14.0491 6.50013 7.54901 3.23436 4.55564 2.39393 6.40563 251.246 4.69804
internal_count=744548 26039 25811 19186 17029 15868 12321 2976 3547 2482 9345 228 6625 1161 835 1187 9276 6493 6127 740 440 326 2967 2247 720 445 1527 494 300 5438 720 359 366 724 334 1599 2783 2741 2157 1826 797 1029 423 1340 301 2620 2332 799 1380 390 5202 580 684 883 439 444 289 5387 500 273 718509 9076
cat_boundaries=0 1
cat_threshold=34321
is_linear=0
shrinkage=0.05


Tree=23
num_leaves=63
num_cat=4
split_feature=0 1 12 16 17 17 4 2 10 22 13 16 10 16 21 4 0 8 12 7 16 13 10 16 9 16 8 0 8 9 0 4 0 2 2 0 13 8 8 12 16 16 13 0 9 12 8 1 16 0 10 8 8 7 8 9 8 8 2 3 13 16
split_gain=187.958 57.4973 24.7693 21.9644 27.5399 20.997 15.9206 19.6487 18.39 11.9347 10.392 10.1616 10.0363 8.88453 11.2066 8.45143 8.44143 7.90231 7.01297 6.12232 5.59521 5.43797 14.1625 4.76443 4.63068 4.3119 13.7978 5.11186 4.73036 4.20887 5.24539 4.14001 3.98865 3.87089 3.78409 3.4134 3.70212 3.23388 3.20694 3.20688 6.17813 4.38133 4.50174 4.12229 3.49039 4.16667 3.14769 3.03633 2.70507 2.70129 2.67303 7.08783 7.39858 4.01422 2.59118 2.94865 2.37345 2.3564 2.28393 4.51044 2.65403 2.60158
threshold=86.500000000000014 2717.5000000000005 0.13502654714336623 15.500000000000002 0 1 3791.5000000000005 4316.5000000000009 14.500000000000002 2 70.500000000000014 30.500000000000004 11.500000000000002 9.5000000000000018 3 8373.5000000000018 1337.0000000000002 1.4243514279485505 0.025000001765398575 3376.0000000000005 43.500000000000007 3.5000000000000004 2.5000000000000004 3.5000000000000004 0.79549678945589741 11.500000000000002 1.2891757708801308 690.50000000000011 1.4994845360824745 1.0000000180025095e-35 10.500000000000002 1258.5000000000002 790.00000000000011 3190.0000000000005 2395.5000000000005 666.00000000000011 43.500000000000007 1.136392081010354 1.7513440860215057 0.050858379379780556 47.500000000000007 19.500000000000004 8.5000000000000018 991.00000000000011 0.82360045467462351 0.010170830126307264 1.3332101047443008 26.500000000000004 1.5000000000000002 1526.0000000000002 6.5000000000000009 1.2088017346638038 1.2967320036285555 2592.0000000000005 1.1726039400531789 0.65386992488352202 1.2800384985563042 1.1667323869610937 800.50000000000011 2070.5000000000005 37.500000000000007 7.5000000000000009
decision_type=2 2 2 2 9 9 2 2 2 9 2 2 2 2 9 2 2 2 2 2 2 2 2 2 8 2 2 2 2 10 2 2 2 2 2 2 2 2 2 2 2 2 2 2 10 2 2 2 2 2 2 2 2 2 2 10 2 2 2 2 2 2
left_child=21 2 3 5 6 13 11 8 9 20 15 32 -11 14 -2 25 38 33 37 48 -8 22 29 34 31 27 -27 28 58 30 -1 -20 -5 -12 -16 36 -28 -13 39 40 41 42 -6 -41 45 56 -3 -24 -4 -50 51 -47 -53 -52 -33 -56 -43 -42 61 60 -60 -7
right_child=1 46 19 4 16 10 7 -9 -10 12 17 18 -14 -15 23 -17 -18 -19 24 -21 -22 -23 47 -25 -26 26 35 -29 -30 -31 -32 54 -34 -35 -36 -37 -38 -39 -40 43 57 44 -44 -45 -46 50 -48 -49 49 -51 53 52 -54 -55 55 -57 -58 -59 59 -61 -62 -63
leaf_value=-0.026708123956705899 0.037005137601893077 -0.14899103157748139 0.020606140540409362 -0.027845833286086304 -0.034290036786821805 0.10881709460071909 0.00027062741728247226 0.059470147016471665 0.068915208951201304 -0.04324465922250912 -0.038427087530491927 0.030256510657080089 0.014915543165823594 -0.051181016484145275 0.047268754681575112 0.025765487649517579 0.042567965417960485 0.048838680547959271 -0.022964298849564104 0.025541053158482232 0.04877097628786118 -0.049580445498579324 -0.009605628336030762 -0.051145709179151455 -0.027269782575128416 -0.018420464143847397 0.053668794715242329 0.094104904235448233 -0.020945633601422119 -0.044836892652092189 0.10406929829022296 0.031957371885589912 0.061949697090131831 0.026337215591854552 -0.031197337988774734 0.070018740304433322 0.18736464136746067 0.14703028747951999 0.030383903434164007 -0.043073784918465398 0.10180337839029692 -0.0094164252359624223 0.052946831182728929 0.016700671546712273 -0.044332973570544998 -0.046239259036058258 -0.062151806136517773 0.14821619876617809 -0.042390708328195283 0.028422351149509268 -0.043319454949170166 0.075335347015558843 -0.02626310082781376 -0.0023240838617213178 0.024388783634866851 0.13570596890697867 0.071883646948676203 -0.00088014073160197276 -0.036268156162571584 0.053581255180174363 0.032791278045208441 0.0044299720772831459
leaf_weight=1.1456776669656363 5.3883405376400333 3.6493433754076232 1.4178699055337407 3.3148674941621747 1.4137424004438788 2.4075337741233045 11.445536488201475 19.795820564031601 8.337084739119744 25.783581902767764 5.2707316701416875 1.3616442827333219 9.6764811714529042 7.7203916466096407 2.1875891816453139 11.957150649745016 5.1995778435375533 9.4304293870227394 0.81259068974759152 4.0221771699143565 11.402480362332424 228.3647817709425 0.23761544495937492 8.279288494581122 1.142470301740105 1.6894695523951657 1.7952864893886706 8.8771108207292837 1.9389823629171576 8.648821526381651 0.29806937903049391 3.7155874805175699 0.73480173479765643 2.7828709036111832 2.0261522233486176 4.8540239196736366 3.4019213152350858 4.2659609677793924 2.4047090393723911 20.352625352068575 0.57895726253627688 1.1663809229794417 3.3485473149630707 2.7950482345186165 11.248674616625065 3.2156135912809969 4.6550206560932565 0.51332466281019151 25.521833061560759 0.75403987686149676 13.358249288139634 3.4345402399776503 2.3358660760568455 10.426828771829603 1.4334338315820789 1.7516404583584515 1.2102028355002401 0.83839107386302203 2.1891756711702324 12.178952821181154 1.4962110202177425 0.82988443050999183
leaf_count=2886 130 54 240 1997 247 792 149 85 49 542 328 165 101 748 207 62 30 137 501 22 130 692560 434 659 653 592 236 47 111 21353 654 363 15 12 11 31 81 421 136 3541 75 175 176 22 1912 997 176 521 6306 7 413 350 168 48 166 110 36 200 222 237 63 594
internal_value=-0.0143923 0.0103656 0.013923 0.018601 0.00856795 0.0378502 0.0241941 0.0170337 0.00373589 -0.00658852 0.0481879 0.0673957 -0.0215024 -0.0070542 0.00996339 0.065698 -0.0125515 0.019913 0.0858421 -0.0273974 0.01797 -0.0479352 -0.012026 -0.0178066 0.0490487 0.0762871 0.104793 0.062073 0.0449022 -0.0319891 0.031829 0.0621852 -0.00251118 -0.015611 0.0107918 0.125296 0.157294 0.127604 -0.0182976 -0.0202194 -0.0129713 -0.0163746 0.025593 -0.0354634 -0.0211314 -0.0126849 -0.112225 0.121313 -0.0357082 -0.0393911 -0.0176781 0.00516127 0.0364036 -0.0261669 0.0738495 0.103406 0.0410112 0.0658263 0.0522958 0.0398672 -0.00721639 0.0894187
internal_weight=564.232 325.024 316.719 285.003 188.302 96.7015 104.974 86.441 66.6452 58.3081 71.0997 18.533 35.4601 25.6018 17.8814 53.6157 83.328 17.484 14.4833 31.7159 22.848 239.208 10.8435 12.493 8.85572 41.6586 11.7407 29.9179 21.0407 10.0926 1.44375 7.71325 4.04967 8.0536 4.21374 10.0512 5.19721 5.62761 78.1284 75.7237 52.576 51.1586 4.76229 23.1477 46.3964 35.1477 8.30436 0.75094 27.6937 26.2759 32.7711 8.98602 5.77041 23.7851 6.90066 3.18507 2.37658 1.41735 19.1018 15.8643 3.68539 3.23742
internal_count=744486 26078 25848 19273 13973 5300 5447 1056 971 922 3545 4391 643 1755 1007 3068 8526 477 2379 6575 279 718408 25848 877 1793 3006 940 2066 2019 24893 3540 1140 2012 340 218 348 317 586 8496 8360 4797 4522 423 3563 4099 2187 230 955 6553 6313 1976 1515 518 461 639 276 211 275 1908 522 285 1386
cat_boundaries=0 4 8 9 11
cat_threshold=8704 17039360 1350582400 64 8704 0 277413888 2048 33361 538443776 33024
is_linear=0
shrinkage=0.05


Tree=24
num_leaves=63
num_cat=1
split_feature=0 1 5 12 16 11 21 6 5 10 8 1 13 9 6 11 6 7 11 16 13 0 10 11 15 13 8 16 0 13 11 11 13 11 11 8 8 7 16 12 16 11 5 16 6 15 5 12 7 11 1 6 10 13 10 7 4 6 6 10 12 8
split_gain=189.004 61.7914 28.5529 14.5433 14.9325 17.7931 19.6993 14.296 12.2858 10.4306 9.00722 11.027 7.75665 14.7611 17.6157 10.69 13.2303 8.08185 7.79584 6.80532 6.51045 6.49902 6.27852 6.12119 5.9366 7.75415 5.21083 4.94227 6.18416 6.11717 6.09804 8.17925 4.35698 4.29526 4.29525 5.96394 5.18502 4.24512 4.64174 5.03759 4.20161 3.9506 3.92989 4.74717 3.92498 3.90987 3.63223 3.57364 3.28881 3.25766 3.87411 3.19905 3.6813 3.17514 12.9336 3.18504 3.14652 2.88893 2.72391 5.66017 2.56528 2.53143
threshold=86.500000000000014 2717.5000000000005 0.74082004917122701 0.13190443947647104 14.500000000000002 0.045580980005777545 0 0.89829930005206238 3.4137390915193557 15.500000000000002 1.3624192886201623 1630.0000000000002 14.500000000000002 0.64294755877034371 2.8053751803751807 0.016033897791914217 0.9001573976915006 663.50000000000011 0.032428340662519144 45.500000000000007 74.500000000000014 750.50000000000011 6.5000000000000009 0.012364406720735134 1745.5000000000002 55.500000000000007 1.4243514279485505 2.5000000000000004 937.50000000000011 43.500000000000007 0.024164245596953803 0.0097207241818647507 56.500000000000007 0.024279270225919164 0.020830239126798777 1.2330725186951119 1.1714700996677745 1636.0000000000002 18.500000000000004 0.045536294381250182 50.500000000000007 0.016087950954144087 1.3848076923076926 39.500000000000007 1.4825096952549903 2031.0000000000002 1.1202409638554218 0.054527256148654675 1507.5000000000002 0.013372881233226509 1333.5000000000002 1.0234834558823531 12.500000000000002 4.5000000000000009 2.5000000000000004 23.500000000000004 2295.5000000000005 0.73588032940685921 1.3640099626400999 10.500000000000002 0.034244899543090908 1.2291843520090551
decision_type=2 2 2 2 2 2 9 2 2 2 2 2 2 10 2 2 2 2 2 2 2 2 2 2 2 2 2 2 2 2 2 2 2 2 2 2 2 2 2 2 2 2 2 2 2 2 2 2 2 2 2 2 2 2 2 2 2 2 2 2 2 2
left_child=53 2 19 4 20 6 7 41 9 10 12 -12 13 18 17 23 33 -15 42 21 24 37 -19 -14 25 27 -22 -4 29 30 31 -29 -25 -17 -21 36 -36 38 39 -2 58 -6 56 -44 -3 -9 48 60 -33 50 -5 52 -27 54 -1 -56 -8 -51 -18 -60 -35 -16
right_child=1 44 3 49 5 -7 8 45 -10 -11 11 -13 15 14 61 16 40 22 -20 34 26 -23 -24 32 -26 51 -28 28 -30 -31 -32 46 -34 47 35 -37 -38 -39 -40 -41 -42 -43 43 -45 -46 -47 -48 -49 -50 57 -52 -53 -54 -55 55 -57 -58 -59 59 -61 -62 -63
leaf_value=-0.038776051070332905 0.104568812208871 -0.13673412521184744 0.094064630485160783 -0.035353677886773009 0.10561997283576739 -0.044725806484359219 0.020975068741336349 -0.056305161835463184 0.11891310284936699 0.059767852381961972 -0.037691689628540748 0.023560590770763373 -0.025293759739342114 -0.021027829997815078 0.03331131936116264 -0.021716383680388581 -0.043073709137264368 0.15029287954984544 0.063899733150810628 -0.031782090544699167 -0.02965046855364032 0.015541163666796913 0.038193349221602002 0.01965999970810323 0.068197205558766183 0.060596352934002284 0.040598156816801755 -0.041868786841905523 0.075032888511303242 0.077862853533227985 -0.0092205857860167603 -0.031510999006000552 0.087923794382821344 0.043909269702885834 0.05356141984680797 0.08308250704986582 -0.037146747711633302 -0.040556469591831915 -0.033527917214506209 -0.023334693703146423 0.040166792290609078 -0.0072750555636701582 -0.033534203540717018 0.058641088153730141 -0.053620199254459468 -0.010080435205156352 0.082322202943808057 0.084975859654512875 0.043898831254737258 0.024941822293914902 0.045034666046134632 -0.024164252132563662 -0.022333724258686585 -0.049783726835878152 -0.012414396449652754 0.12619421478881751 -0.048480702407436731 -0.040306912936478027 -0.026376242917184867 0.04769845688831037 -0.017614779884008107 -0.030458740506185439
leaf_weight=12.34285432868637 0.90976743111968905 5.2379034738987666 4.1707501919008783 1.5874282328004508 1.4073514209885645 10.297342910955193 1.5544508758757745 13.007950862316649 2.7823623478470827 18.78543496778002 12.58549171627965 15.030017387121914 1.6503819078498043 0.7228271616040719 1.7948352232342575 1.6330230791063503 10.807636546174768 6.9456987504381669 3.9754016803053664 2.344224493368527 5.0053258598782104 7.0757097641471765 2.4887926470837556 4.3345826708537043 23.544201409677044 2.2279677484475529 3.7114484740304761 1.8104732045612824 7.7764043314382425 3.650517070258501 12.849486914958105 1.4451855524966939 6.9020995175524149 3.4173252684704476 1.6030939792108254 2.745041136367945 2.9922310897090938 32.543780580046587 1.8488908882718531 0.78635932947508991 1.7743931498844165 0.96382172728772264 1.4784967904270159 2.5355226827377919 4.5264216766590835 7.554413874691817 5.2276869303896092 4.3444913777639158 2.8102217126870528 1.2690744361607347 2.7163050755625591 6.1349298718268983 1.5890127744060007 214.61754062763066 0.32993429756606818 0.70242051483364776 5.3389856179710478 12.004030572279587 9.1787866366212238 2.4739768980361978 2.0441721168754157 2.5189094732340891
leaf_count=32941 361 140 213 1269 134 2026 321 918 424 198 974 74 219 969 484 367 1116 408 176 197 218 32 25 297 203 220 52 119 38 172 1837 317 341 179 165 162 132 415 1907 655 88 165 152 144 85 58 429 196 22 408 21 369 33 684429 596 870 124 3705 882 33 139 449
internal_value=-0.0135285 0.0111069 0.0151161 0.0219217 0.0251154 0.0160739 0.0205154 -0.0187123 0.0270347 0.0262032 0.0197234 -0.00469618 0.0283283 0.0482811 0.082549 0.0155364 0.00101918 0.115727 0.0118619 -0.0181326 0.0423967 -0.0265464 0.127216 0.0527557 0.0471968 0.0360979 0.00136006 0.0457656 0.037685 0.0249925 0.0142194 0.0394694 0.0653495 0.0431957 0.018343 0.0362423 -0.00158579 -0.0349948 0.0137515 0.0586092 -0.0198113 0.0711852 -0.0108777 0.024773 -0.106766 -0.0405777 0.0575108 0.055015 0.0171659 -0.0210838 0.0143083 -0.00316196 0.0286031 -0.0482692 -0.022195 0.097584 -0.0321455 -0.0327579 -0.0260598 -0.00812272 0.0217193 -0.00265009
internal_weight=550.466 322.473 312.709 259.859 242.283 160.329 150.032 22.9335 127.098 124.316 105.53 27.6155 77.9148 29.3539 14.4711 48.5609 35.6738 10.1573 14.8829 52.8491 81.9536 43.1645 9.43449 12.8871 73.2368 49.6926 8.71677 39.7407 35.57 27.7936 24.1431 11.2936 11.2367 11.439 9.68459 7.34037 4.59533 36.0888 3.54502 1.69613 24.2348 2.37117 10.9075 4.01402 9.76433 20.5624 9.48309 9.80599 4.25541 17.5768 4.30373 9.95191 3.81698 227.993 13.3752 1.03235 6.89344 13.2731 22.4604 11.6528 5.4615 4.31374
internal_count=744812 25976 25751 21725 16322 12080 10054 1275 8779 8355 8157 1048 7109 3252 2335 3857 3000 1402 917 4026 4242 3370 433 857 3972 3769 270 3147 2934 2896 2724 887 638 881 656 459 297 3338 2923 1016 2119 299 741 296 225 976 768 514 339 5403 1290 622 253 718836 34407 1466 445 4113 2031 915 318 933
cat_boundaries=0 2
cat_threshold=537076096 33792
is_linear=0
shrinkage=0.05


Tree=25
num_leaves=63
num_cat=3
split_feature=0 1 5 22 21 16 17 7 5 15 16 13 9 13 9 8 9 9 13 16 3 16 13 9 7 15 1 7 15 13 13 4 16 4 9 8 13 8 8 5 5 16 7 5 13 5 13 11 16 13 13 1 7 11 8 15 15 7 11 11 11 9
split_gain=189.765 38.1289 20.5309 18.8163 13.1978 12.7251 19.997 15.739 11.9012 11.2913 10.5364 10.4711 10.2666 9.44951 12.8978 9.3391 8.86322 8.65677 8.45686 10.9434 8.08938 7.87813 5.76736 11.9968 12.4823 5.63241 5.47059 5.45665 5.34838 4.59043 7.03291 4.55387 3.8282 5.67474 3.56856 3.54779 5.27495 3.5012 8.28471 9.77921 3.48667 3.30704 3.69916 3.17821 3.14544 3.1089 4.39061 3.01892 11.553 3.01034 5.49429 3.51273 3.95796 2.85692 2.84762 2.6167 3.2271 2.60103 3.0675 2.62447 5.01145 2.55451
threshold=86.500000000000014 2717.5000000000005 0.72743726861373925 0 1 20.500000000000004 2 2592.0000000000005 1.1431749563006517 2241.5000000000005 10.500000000000002 70.500000000000014 0.99066871771057075 12.500000000000002 0.54564838146927708 1.3332101047443008 0.30024630541871927 0.78720302710749968 28.500000000000004 37.000000000000007 4966.0000000000009 9.5000000000000018 3.5000000000000004 0.038606441997184736 10.500000000000002 1745.5000000000002 1865.5000000000002 1784.0000000000002 1745.5000000000002 69.500000000000014 33.500000000000007 6213.5000000000009 13.500000000000002 1928.5000000000002 0.75724789915966395 1.3158630499828325 47.500000000000007 1.2891757708801308 1.2088017346638038 1.0911648126838001 1.4912824251260559 30.500000000000004 1945.5000000000002 0.60013831258644545 6.5000000000000009 1.2002155172413795 46.500000000000007 0.030261877100124509 39.500000000000007 23.500000000000004 16.500000000000004 838.50000000000011 483.50000000000006 0.016593219805508857 1.4375188593844299 1377.0000000000002 1.5000000000000002 2226.0000000000005 0.04000000006312298 0.032569105437188169 0.021572158911594138 0.15421099290780146
decision_type=2 2 2 9 9 2 9 2 2 2 2 2 10 2 10 2 10 10 2 2 2 2 2 8 2 2 2 2 2 2 2 2 2 2 10 2 2 2 2 2 2 2 2 2 2 2 2 2 2 2 2 2 2 2 2 2 2 2 2 2 2 10
left_child=22 2 9 13 5 8 17 37 10 27 26 16 29 14 -4 -3 -10 20 19 40 57 55 23 24 -1 32 -5 35 -14 30 -12 45 33 34 -18 -2 -37 38 -8 53 -15 -6 -43 -29 -36 46 -23 48 -16 50 51 52 -34 -40 -13 56 -20 58 59 60 -7 -47
right_child=1 15 3 4 41 6 7 -9 11 -11 12 54 28 18 47 -17 25 -19 21 -21 -22 31 -24 -25 -26 -27 -28 43 -30 -31 -32 -33 49 -35 44 36 -38 -39 39 -41 -42 42 -44 -45 -46 61 -48 -49 -50 -51 -52 -53 -54 -55 -56 -57 -58 -59 -60 -61 -62 -63
leaf_value=-0.02529679226320521 -0.022042588910022681 -0.12437125188330825 0.0056321827413943855 -0.024256707423279483 -0.047934418973405842 0.1026798270601038 -0.044182085946128234 0.022673616222369266 0.16147945144219281 0.027880120454005189 0.016559843442066586 -0.039822122046727353 -0.032045266721060721 -0.05165532061216991 0.069312115379938782 -0.02385683728076271 -0.036086271446530087 -0.022661539732909214 0.06281231425104758 0.04609521742232113 0.0199486345974908 0.041880419093257515 -0.04953408834616773 -0.034546938744548353 0.18044778070215323 0.093379217186940866 0.039752934788544136 -0.016699612754482777 0.040557134184379333 0.013470917692899036 0.12810910684067919 0.041979777840523418 -0.024125364875558507 0.069636964211426594 0.059673669775749665 0.084664010123150044 -0.028334788837167391 -0.039707438731188316 0.11783154915803207 -0.017231763113893357 0.025413066741993624 0.02066496823394233 -0.049025411224818329 -0.04948832717985116 -0.024911761735259833 -0.035567690306996365 -0.0494611733310771 0.067104714016628875 0.25798442665708554 -0.022606885610277697 0.10420981811799977 -0.038720614650518126 0.084218602365528722 0.0097809060877342407 0.02128008978816965 0.089214713503994986 -0.014077728678002535 0.028038007443863873 0.0020106786238584403 0.15163666519869728 0.013085999533567034 0.039285209837874521
leaf_weight=1.0232273226720252 2.5279041491739909 4.7605856845038925 4.4310513879463533 17.641031452920291 12.123327893379612 3.1696375529281831 7.344949677877592 19.499351231381297 1.2972188832354721 11.511227076553039 2.4597428723936918 2.854448600934119 5.1692599194648192 6.2421928205003478 3.7809493875247409 4.8412013134220615 2.0047627499443577 3.511734215397154 2.0731060171674467 6.2246023340849206 9.9562616653274727 0.9834155971184354 206.99159160009003 8.6936005742463749 0.51869286881992582 6.079015272029209 3.1268898425623766 15.350354449066801 3.3108713867841288 2.9202393015148118 3.880269191286061 24.399822095816489 0.91872838445124061 11.741758589429081 2.354091483575758 1.873370814137161 0.99572864608489897 30.144027799688047 1.5547961867996494 4.8083645483711734 1.191061136923963 4.5649450457422054 1.9001136913429943 16.613070699910168 0.96317565566278052 0.60749281445168879 3.5670910005865153 6.6850335213530343 0.76818827859824512 3.5047239255218301 0.80953199128271069 1.9948845858452839 0.8441157671622932 1.0618912785430437 2.8766399806190748 10.383019835397134 1.9133943401684517 2.9467555144801727 0.85756616812432263 2.271589295763988 3.0285106004448608 4.4899085182114504
leaf_count=2707 2713 54 300 1425 1681 470 2679 90 116 127 278 280 594 625 487 171 416 1260 104 362 52 115 693084 22212 990 53 15 195 28 156 160 158 561 184 306 389 284 1827 197 889 212 774 11 155 600 60 537 825 98 313 113 92 145 433 80 98 179 17 236 120 615 620
internal_value=-0.0117278 0.0126505 0.0157717 0.0212884 0.0103168 0.0150834 0.00316189 -0.012192 0.0308062 -0.0137736 0.0107404 0.0502226 0.0380168 0.0405445 0.0800369 -0.0807226 0.06093 0.0328686 0.0358953 0.000996285 0.0563877 0.0455205 -0.0477241 -0.00997022 0.0876753 0.0518685 -0.0132357 -0.0269999 -0.00241125 0.0716658 0.0929835 0.0308707 0.0386405 0.0514904 0.00677221 0.0170327 0.0482599 -0.0301484 -0.00935846 0.0262449 -0.0377572 -0.0221789 -0.00364094 -0.0347259 0.0350325 0.00147165 -0.0257323 0.106525 0.141922 0.00879502 0.032624 -0.00145972 0.0394589 0.0888113 -0.0105476 0.0759651 0.0304853 0.0822161 0.0949602 0.103165 0.0668026 0.0259943
internal_weight=538.936 321.709 312.107 263.236 185.495 166.907 90.1554 64.4134 76.7514 48.8717 38.5083 38.2431 17.7404 77.7403 15.6652 9.60179 32.512 25.7421 62.0751 13.6579 22.2303 48.4173 217.227 10.2355 1.54192 31.2148 20.7679 37.3604 8.48013 9.26025 6.34001 34.0477 25.1358 17.0638 5.32203 5.397 2.8691 44.914 14.77 7.42505 7.43325 18.5884 6.46506 31.9634 3.31727 9.64791 4.55051 11.2342 4.54914 8.07198 4.56726 3.75773 1.76284 2.61669 5.73109 14.3695 3.9865 12.2741 9.3273 8.46974 6.19815 5.0974
internal_count=745127 26134 25909 22046 17266 14800 8885 6115 5915 3863 2656 3259 1216 4780 1710 225 2899 2770 3070 1199 1510 1871 718993 25909 3697 2783 1440 3736 622 594 438 1490 2730 1506 1322 3386 673 6025 4198 1519 837 2466 785 350 906 1332 652 1410 585 1224 911 798 706 630 360 381 283 1458 1441 1205 1085 680
cat_boundaries=0 1 3 6
cat_threshold=33281 6490151 33024 536879360 17041408 276824064
is_linear=0
shrinkage=0.05


Tree=26
num_leaves=63
num_cat=2
split_feature=0 1 2 0 17 16 16 16 2 16 5 19 5 16 5 9 12 0 0 10 12 1 0 7 4 16 12 7 7 2 5 1 16 0 14 10 9 0 12 16 4 7 4 12 4 4 9 2 12 15 16 10 0 9 9 12 15 2 16 0 4 4
split_gain=172.487 44.1439 33.4506 26.729 12.7975 11.6997 10.7637 9.31488 8.98454 11.3991 8.09001 7.01363 7.06392 5.97046 7.5321 9.40585 7.2725 5.67565 5.17749 4.77584 8.78925 4.91661 4.52622 4.48934 4.42735 3.53013 5.75252 7.06171 5.7048 4.82393 4.17555 3.52267 5.17651 3.33179 3.22761 12.9507 8.2329 10.0784 3.37027 3.18018 4.83867 4.01513 3.03785 2.99152 2.61879 2.60644 2.56347 8.38183 2.45592 2.22582 2.21958 2.01247 1.90434 1.78502 3.16071 1.53155 1.43566 1.15765 0.968247 0.938037 0.834669 4.77425
threshold=86.500000000000014 2717.5000000000005 2395.5000000000005 827.50000000000011 0 45.500000000000007 6.5000000000000009 46.500000000000007 4316.5000000000009 21.500000000000004 1.778156350558395 1 0.80029651593773177 21.500000000000004 1.1283343021378289 0.62413727450140433 0.055639799779182382 151.50000000000003 293.50000000000006 8.5000000000000018 0.026680003361569841 1333.5000000000002 218.50000000000003 867.50000000000011 2643.5000000000005 17.500000000000004 0.058016828948212924 1507.5000000000002 663.50000000000011 2173.5000000000005 1.1111665281241343 750.50000000000011 12.500000000000002 750.50000000000011 1.0000000180025095e-35 3.5000000000000004 0.038606441997184736 10.500000000000002 0.01944874238406941 11.500000000000002 6213.5000000000009 1207.5000000000002 1527.5000000000002 0.040184133973233678 1587.0000000000002 479.50000000000006 0.63163009564728156 476.50000000000006 0.025000001765398575 541.50000000000011 19.500000000000004 4.5000000000000009 36.500000000000007 0.92599113197704763 0.93336856941508117 0.0050056277306836936 1.5000000000000002 143.50000000000003 7.5000000000000009 552.50000000000011 2643.5000000000005 2448.5000000000005
decision_type=2 2 2 2 9 2 2 2 2 2 2 9 2 2 2 8 2 2 2 2 2 2 2 2 2 2 2 2 2 2 2 2 2 2 2 2 8 2 2 2 2 2 2 2 2 2 8 2 2 2 2 2 2 10 8 2 2 2 2 2 2 2
left_child=34 2 4 5 7 11 23 10 9 -5 13 12 59 25 15 16 22 -9 -19 20 42 49 -15 -6 -20 29 27 28 -27 30 39 32 44 60 -1 36 37 -36 -39 40 55 51 46 -11 45 -32 -12 57 52 -22 -13 -41 -37 -17 -55 -2 -24 -48 -33 -4 61 -16
right_child=1 -3 3 8 6 -7 -8 17 -10 43 19 50 -14 14 33 53 -18 18 24 -21 21 -23 56 -25 -26 26 -28 -29 -30 -31 31 58 -34 -35 35 48 -38 38 -40 41 -42 -43 -44 -45 -46 -47 47 -49 -50 -51 -52 -53 -54 54 -56 -57 -58 -59 -60 -61 -62 -63
leaf_value=-0.049747749783322907 0.023217315852773975 -0.087005042697162888 -0.030838916356193416 0.038458988134942168 -0.025304076156226808 0.022190909391448837 -0.043635502401916992 -0.020505709800667866 0.043366538399391322 0.0095969427361773298 0.13180293297615431 -0.026194812970399158 0.01541937322376552 -0.016850780379738563 -0.038782670723137638 -0.037529247747357761 -0.025943583723531196 0.17304417177894216 -0.0022708385628264524 0.11844836946551217 -0.04043404568014055 0.059282503741661899 0.13182129345734056 0.07681117245426175 0.08662865272441414 -0.011034339829629763 -0.01990672165485572 -0.00019635307224445014 0.19426200378968639 0.071368701191229428 0.067041405330587819 0.0081739256076893071 -0.022961163171741676 0.029837526389329225 -0.031023147163150702 0.16553585792619641 -0.047310789418716089 0.15975119531433865 -0.0095395107064091267 -0.011471932643412897 0.043996232151548985 -0.025146962474436697 0.0030556163284333557 -0.017566884661007278 0.11186499580535436 -0.025328850891876781 0.026275098333659583 0.08778810271222956 -0.0082713312682228812 0.026707329169573177 -0.05122255428271158 0.097091122245446526 -0.0053367515127453399 0.083073036658383018 -0.024469504392614121 -0.044519393928659577 0.03290289726765272 -0.033035213063298437 0.034902032504069397 -0.010753278633886608 -0.045120757374547495 0.059804707025897297
leaf_weight=186.71070887989481 0.33197149413172322 10.118381361258797 12.832740688754713 22.374703793786466 0.98208697332302053 18.079875994706526 10.445856395876033 0.69272878341143851 32.139076607767493 17.416724307462573 2.2060167207091625 21.018149820389226 24.043290870147757 0.50706760463072065 3.1696703669149415 2.790038099716186 1.0548383275163358 1.6792019352433252 1.7458816554280927 3.4275435062008901 3.6616158091346724 1.5328049236559307 2.7669218964583706 2.4673155496129766 5.1820073048002087 0.28269295761128876 0.65024606339284208 0.90346601244527835 1.0315919562708584 6.5967281972407354 0.28076293296180921 7.5754664000123721 0.81868033058708523 1.8551953688147467 1.6332932063669496 0.1598515403456976 17.476610635552788 0.43015872602700245 0.23565654101548716 0.29726604968891512 1.5124860959185751 0.95593957183882583 1.3452600122545835 21.743237992282957 2.8205169694556389 1.0120926340750882 0.30970818057539995 4.9462870992720127 0.19813205825630575 0.89980156332603645 22.44397787284106 1.0036967331834601 0.11927725313580595 0.12586080768960495 0.93877910566516232 5.6175499071832746 1.342193408810999 1.8959616216307038 6.6021994085167535 12.862646668741943 4.9622185511107091 0.76310313108842809
leaf_count=658260 13 216 128 116 630 118 5711 1027 142 94 169 136 138 658 1897 1484 903 732 189 83 1801 36 208 83 215 436 542 42 236 88 186 88 510 39 4836 216 53522 631 632 478 100 111 34 119 312 636 175 176 581 190 171 293 134 39 1049 1811 121 529 139 78 348 61
internal_value=-0.0122191 0.0109598 0.0144613 0.00276559 0.0377094 -0.0137488 -0.0113786 0.0420504 0.022322 0.0108129 0.0402125 -0.0208823 -0.00311999 0.0299048 0.00745792 0.0378854 0.0741896 0.093032 0.103353 0.0672473 0.0507313 0.00174813 0.0976162 0.0485849 0.0667647 0.0412978 0.0897836 0.118136 0.164417 0.0350154 0.0245831 0.0375913 0.07089 -0.0204335 -0.0476104 -0.0264923 -0.0355778 0.0409168 0.130076 -0.00211509 -0.0180979 0.0400605 0.0760889 -0.00554741 0.0904065 0.0152213 0.0852792 0.0565211 0.119216 -0.0247688 -0.0326396 0.0780799 0.14543 -0.0198055 0.0223224 -0.0379428 0.112275 -0.0191086 0.0221001 -0.0215639 -0.0328741 -0.0114072
internal_weight=524.026 317.062 306.944 204.954 101.989 111.281 13.8953 88.0941 93.6737 61.5347 78.7942 93.2008 49.7387 58.5692 20.2759 9.5257 5.67102 9.29982 8.60709 20.225 16.7975 6.09422 4.61618 3.4494 6.92789 38.2934 2.868 2.21775 1.31428 35.4254 28.8286 19.1097 4.93205 10.7502 206.964 20.253 19.7757 2.29911 0.665815 9.71891 7.46201 2.2569 10.7032 39.16 4.11337 1.29286 9.35797 7.15196 0.477261 4.56142 43.4621 1.30096 0.279129 3.85468 1.06464 5.94952 4.10912 2.20567 14.1777 25.6954 8.89499 3.93277
internal_count=744876 26064 25848 1240 24608 769 6424 18184 471 329 16021 651 344 12828 6807 4462 1890 2163 1136 3193 3110 2027 987 713 404 6021 1256 714 672 4765 4677 1871 1644 2345 718812 60552 59621 6099 1263 2806 1924 882 1083 213 1134 822 1049 880 931 1991 307 771 350 2572 1088 1824 329 704 227 206 2306 1958
cat_boundaries=0 4 5
cat_threshold=536879744 17039360 1350713472 32850 98464
is_linear=0
shrinkage=0.05


Tree=27
num_leaves=63
num_cat=2
split_feature=0 1 2 0 10 5 15 6 6 11 11 17 15 8 10 6 0 0 2 9 12 5 15 12 15 17 5 6 11 11 0 5 11 10 11 1 4 12 1 14 9 0 10 12 8 11 8 4 5 10 5 9 12 11 1 2 10 3 3 12 5 15
split_gain=164.328 40.1457 18.8109 25.7071 11.0125 10.8659 10.6735 6.86649 6.50592 9.31678 7.81707 7.68275 5.74363 9.57119 9.66289 9.16151 6.89342 8.88159 8.5382 6.8506 5.61372 5.74652 5.19685 4.93173 4.89008 4.00933 6.48337 4.46817 3.79222 5.24226 3.73685 6.82651 7.91873 6.45349 3.32059 3.14104 3.13839 2.82283 2.60927 2.54064 10.0123 10.9157 4.85547 4.51331 2.48425 2.4004 2.31072 2.22258 1.94305 1.93175 1.83347 1.87536 1.69188 1.48473 1.80833 1.19824 1.0843 1.06624 0.925799 0.718599 0.607769 0.506289
threshold=86.500000000000014 2717.5000000000005 2395.5000000000005 602.50000000000011 3.5000000000000004 3.2744588744588747 4342.0000000000009 1.4825096952549903 1.8004739336492894 0.032276553101837642 0.029780569203597097 0 1745.5000000000002 1.1515356542420145 6.5000000000000009 0.82764261271763262 290.50000000000006 326.50000000000006 1135.0000000000002 0.50012382367508679 0.026680003361569841 1.6523618052684983 310.50000000000006 0.014446521867155173 658.50000000000011 1 1.2815737624795722 1.0234834558823531 0.032569105437188169 0.04162711929529906 666.00000000000011 1.6257059803216629 0.016177966026589278 12.500000000000002 0.012939026289157244 1237.0000000000002 965.50000000000011 0.03742350405782769 708.50000000000011 1.0000000180025095e-35 0.038606441997184736 7.5000000000000009 3.5000000000000004 0.01944874238406941 1.4286197237515699 0.021572158911594138 1.1273009599096557 2295.5000000000005 3.9921875000000004 7.5000000000000009 0.4005420054200543 0.080145985401459868 0.025607531421540711 0.015376588737126442 936.50000000000011 1822.0000000000002 7.5000000000000009 2588.5000000000005 238.50000000000003 0.059239465091469663 0.88141870684243584 370.50000000000006
decision_type=2 2 2 2 2 2 2 2 2 2 2 9 2 2 2 2 2 2 2 10 2 2 2 2 2 9 2 2 2 2 2 2 2 2 2 2 2 2 2 2 8 2 2 2 2 2 2 2 2 2 2 10 2 2 2 2 2 2 2 2 2 2
left_child=39 2 4 49 20 12 8 -3 9 10 11 -5 13 14 37 -15 50 18 -18 34 21 57 -16 -19 -13 26 27 -25 44 36 31 32 -21 -34 -14 38 -30 45 47 -1 41 -41 -42 -43 46 -6 -23 -27 -44 59 -17 -52 -40 54 -22 -54 -28 -2 -48 -4 -47 -24
right_child=1 7 3 6 5 -7 -8 -9 -10 -11 -12 24 19 15 22 16 17 23 -20 30 53 28 61 25 -26 35 56 -29 29 -31 -32 -33 33 -35 -36 -37 -38 -39 52 40 42 43 48 -45 -46 60 58 -49 -50 -51 51 -53 55 -55 -56 -57 -58 -59 -60 -61 -62 -63
leaf_value=-0.049733681514135514 -0.0378284544307569 -0.10880289943791702 -0.026569624564669755 0.02194913517782288 0.071521460518595412 0.12653589934149304 0.047018602763697182 -0.026463556518632043 0.031991065410771673 -0.025076141851827251 0.036699200947570003 -0.023762739255567111 0.040582834698998635 -0.043267764633284717 0.12038906978541215 0.040169595434995584 -0.019792685178207519 0.058787148620437629 0.15949562279318272 0.095133583579309622 -0.024371258379875357 0.043436165789097564 0.021763752231008193 0.049764739707991362 0.0060647087934710834 -0.023850286541359265 0.03629077464578033 -0.030788330715773322 0.13713126328589417 -0.020106345693723174 0.025725844988281121 0.15417766955198725 -0.033553105903246311 0.065524263156751375 -0.037389513211460688 0.026996085922704929 0.0046089656856641483 -0.032581730636021121 0.0051060076920556351 -0.030025422828149448 -0.047193190180979103 0.16939782777507706 -0.013563801933089337 -0.011273760474061548 0.060263608008652804 0.018696026981243157 0.013721738102436629 0.051994064206597052 0.091811074964602654 -0.018769288949330241 0.033669172436358995 -0.041883961381487783 -0.046944237343162762 -0.038815965731145818 0.049995802878731121 -0.0075797638228823228 0.092384247535229017 0.017798139057525027 -0.038162537007821143 -0.05310480087558285 -0.025020225021996096 -0.020357744361677751
leaf_weight=177.73399110129685 2.9091433123394403 6.4950502552092058 9.3698556846356968 22.258858726476319 0.97389960987493251 2.5183082795410874 20.496031522750854 5.0768892851556302 24.563030706951395 21.316376182483509 21.377162291668355 26.999526270723436 1.4040636861755076 4.8479573224612968 5.1265922538004816 0.10881403845269133 0.64591098230448496 6.9772765918169162 1.3573029350081922 4.87689463896095 0.93979727110126787 0.59485656267497722 0.26220987920532923 1.8318680697702783 26.345849767327309 0.8674414945126111 3.663859391992446 3.3911743356729858 1.3950908943661495 0.66070510109420855 4.862251224461942 2.1921146395034148 3.1089531455945689 1.7519474462023934 2.1760802222706843 4.1400606520473948 0.63720650796312828 1.7686090454226358 2.964185655291657 1.501930713886398 16.711279632960217 0.59511217425460916 0.37192542426055197 0.29096446809126064 0.76039446549839329 0.44027527549769707 0.56645704992115531 1.369579721620539 0.057693922950420529 28.38051850348711 0.19471909830463108 5.0118948560557328 6.5880001280747802 7.4128436775936279 0.45670621353201568 3.1880717864551116 3.6875458125141449 0.46466413271264162 2.6009694436506834 7.995833257213234 0.93117699353024364 0.66240192577242851
leaf_count=658553 1883 144 127 111 157 109 90 87 179 103 96 160 62 1638 339 96 194 137 210 156 1308 150 27 72 116 150 195 209 314 379 39 67 263 75 200 104 12 1383 95 4631 53535 800 832 797 51 92 240 135 29 180 157 4658 411 7607 28 161 70 93 299 99 201 342
internal_value=-0.011887 0.0100263 0.0135117 0.00483536 0.0308616 0.0386298 0.0141194 -0.077657 0.00910537 0.00412512 0.0107339 0.003009 0.0344062 0.0259808 0.0681388 0.016399 0.0234759 0.0304787 0.114345 0.0572384 -0.00297938 0.0207277 0.103699 0.0233611 -0.00776281 0.014002 0.0257924 0.000920812 0.0440659 0.0819379 0.0699468 0.0845864 0.0560209 0.00724312 -0.00462614 -0.00499014 0.110803 0.00578398 -0.0180914 -0.0477443 -0.0280979 0.0532859 -0.0417483 0.135548 0.0107619 0.0358064 -0.00979639 0.0243017 0.0549094 -0.0279102 -0.0264489 -0.0340889 -0.026762 -0.0306849 0.010663 -0.0360018 0.0721209 -0.0278495 -0.0278176 -0.0410137 -0.00902024 -0.00331097
internal_weight=521.228 323.965 312.393 209.103 103.29 83.8914 163.357 11.5719 142.861 118.298 96.9814 75.6042 81.3731 61.0008 10.1652 50.8357 45.9877 40.6723 2.00321 20.3723 19.3988 10.5895 6.0512 38.6691 53.3454 31.6918 12.5744 5.22304 7.21568 2.693 16.7922 11.9299 9.7378 4.8609 3.58014 19.1173 2.0323 4.11396 14.9773 197.263 19.5289 2.38801 17.1409 0.886077 4.52268 2.34535 3.76228 2.23702 0.429619 45.7462 5.31543 5.20661 12.7403 8.80935 1.3965 9.77607 7.35141 3.37381 3.16743 17.3657 1.37145 0.924612
internal_count=745237 26060 25829 1261 24568 12204 855 231 765 586 483 387 12095 11233 2541 8692 7054 2143 404 862 12364 3421 708 1739 276 1602 546 281 1445 705 600 561 494 338 262 1056 326 1833 952 719177 60624 6228 54396 1597 740 450 689 285 861 406 4911 4815 667 8943 1336 572 265 1976 539 226 293 369
cat_boundaries=0 4 8
cat_threshold=512 0 8388608 32832 536870912 17039360 8585216 64
is_linear=0
shrinkage=0.05


Tree=28
num_leaves=63
num_cat=2
split_feature=0 2 0 17 6 11 11 15 17 16 11 3 9 13 0 16 11 13 3 5 5 9 0 5 5 11 6 9 0 0 13 5 9 11 5 5 0 13 16 13 5 5 5 0 11 16 0 6 0 7 16 3 4 0 5 15 4 15 2 9 2 11
split_gain=159.323 23.1879 18.9361 14.1608 12.6808 19.958 9.32834 8.54656 6.78077 8.38322 9.27625 6.11631 6.06563 5.93421 7.69577 5.82997 5.87282 7.09383 7.52356 6.63074 6.49608 6.45627 4.81936 4.67684 4.50565 4.31335 6.67896 4.09221 4.07034 7.85492 3.66064 3.51161 3.11409 3.08243 3.9806 4.12742 7.75348 3.91101 3.08508 3.05263 2.39687 2.34795 2.11096 2.07009 2.05504 2.03984 2.13588 1.8488 1.76357 1.66431 1.44172 1.35833 3.07773 1.33363 1.30193 1.25793 1.10059 0.9516 0.861235 1.32185 1.24046 0.849039
threshold=86.500000000000014 2395.5000000000005 539.50000000000011 0 1.7676883951278279 0.032428340662519144 0.02342260198213704 2500.5000000000005 1 42.500000000000007 0.040434615120965883 3117.0000000000005 0.79549678945589741 1.5000000000000002 10.500000000000002 4.5000000000000009 0.016177966026589278 16.500000000000004 2588.5000000000005 1.7147096227214924 1.9263137483032773 0.99177293155728841 385.50000000000006 1.3015451980969226 1.1549594808767683 0.032569105437188169 1.4660875600583234 0.5263592148688554 293.50000000000006 131.50000000000003 17.500000000000004 1.08668887653118 0.81823556813702669 0.016411622287705544 1.1936328322918428 1.08668887653118 539.50000000000011 43.500000000000007 14.500000000000002 59.500000000000007 2.2571224277383304 0.95245757192659852 0.88896406555405216 666.00000000000011 0.016254236979875717 18.500000000000004 444.50000000000006 2.1821897448600454 572.50000000000011 97.500000000000014 41.500000000000007 1358.5000000000002 1356.5000000000002 510.50000000000006 0.60013831258644545 3332.5000000000005 2855.0000000000005 341.50000000000006 1193.5000000000002 0.70595420578654922 1596.5000000000002 0.01129583369996009
decision_type=2 2 2 9 2 2 2 2 9 2 2 2 10 2 2 2 2 2 2 2 2 10 2 2 2 2 2 10 2 2 2 2 8 2 2 2 2 2 2 2 2 2 2 2 2 2 2 2 2 2 2 2 2 2 2 2 2 2 2 10 2 2
left_child=13 8 54 4 5 6 7 -4 9 15 28 58 27 14 -1 23 17 21 55 33 25 56 49 24 41 26 -21 -5 29 -11 -31 61 -16 -18 35 37 45 47 42 -32 -24 -2 -39 51 -25 46 -37 -35 57 -22 -8 52 -36 -40 -3 -19 -17 -13 -10 -60 -61 -20
right_child=1 2 3 12 -6 -7 50 -9 11 10 -12 48 -14 -15 32 16 19 18 31 20 22 -23 40 44 -26 -27 -28 -29 -30 30 39 -33 -34 34 43 36 -38 38 53 -41 -42 -43 -44 -45 -46 -47 -48 -49 -50 -51 -52 -53 -54 -55 -56 -57 -58 -59 59 60 -62 -63
leaf_value=-0.036325629320502234 -0.0068932365543984964 -0.020372412386965008 -0.012493604800446645 -0.019300978310516293 0.053639469083041728 -0.036336977511213682 0.027098443523030914 0.028145388565798953 -0.042939696208723038 -0.018287915888722073 -0.031553406448013355 -0.026129027599821032 -0.034195860841427325 -0.048931411728738834 0.12685763770028216 0.13814897275253507 -0.037548826288502438 -0.040572528529192547 0.11152090299930564 0.097660030764890271 0.032629417239167138 -0.020363657751269085 -0.0015842770505449827 0.020326382976538038 -0.036051876638199212 0.13808840451946011 -0.033379543022328768 0.013505773790371137 0.056686369937810503 0.1895820190119023 -0.021255629834557949 0.020406162075144958 0.0031988144928106854 -0.040465246121621418 -0.028975268048390863 -0.021328072991918422 -0.030941864541498679 0.095252333929599434 -0.030275410675041026 0.082712341815237178 0.052662338455054816 0.06837758901456209 0.0015646508132867089 0.012722744511593343 0.099615229876103897 0.12871970870171551 0.058628053081062809 0.020185942755213727 0.058602023496705284 -0.038815005090272046 0.04885482366848589 -0.040168256096912824 0.067775428800062876 0.035784952538356597 -0.044074758019947563 0.016896983472896403 0.023976859903549457 0.023013977326704588 -0.034931852563574686 0.02857133353048923 -0.02456892533765714 0.028280437342293952
leaf_weight=2.6528250066039614 1.2476816636335555 12.811996640695726 29.156099274172448 16.55120418703882 18.799953673486016 18.330979597289115 24.075157754821703 21.704499699175358 5.7378477798774821 0.57419790586573372 1.5770777368161351 0.93106774808256787 22.559228237136267 183.90416211044067 0.41336938875610907 2.3440443024155719 4.3789770510338739 3.1650242552277628 1.2946127723844241 0.65783291615662154 0.2085959556861775 0.6526159866771194 2.9159979110991099 1.6524206076283006 1.6640731304942162 1.2982999497326089 1.5146822014357892 19.745949269556149 11.493182731850537 1.7010268323938365 0.73153913530404657 5.9788715998874977 0.87907206863746989 3.8350011422298866 1.3491149785113501 0.71476770241861176 1.2745835200767031 1.0087017177720556 1.4819110340613404 0.49983167418395169 5.3387774221191648 2.3940076682774816 0.90654524549609039 3.4422770898672752 4.9380592193629127 1.2265478842600712 1.103226567036472 1.0101526863581964 2.1110895988531411 3.2950517095741816 16.895243470324203 5.9305824311450124 0.27327957956003945 0.16076928540132929 17.512800260999938 0.62793768572737452 0.74525382806314144 1.0133871923317199 2.0416483545559458 1.9188826235185845 0.83645523156155821 1.4108809427416416
leaf_count=7117 441 150 145 92 139 98 146 137 6245 869 727 104 180 709826 378 350 395 1440 44 121 119 203 128 105 144 185 227 130 497 526 450 104 1523 2502 1341 282 28 158 1127 207 238 245 174 69 326 433 21 614 35 1529 100 504 283 7 157 44 68 106 255 243 96 197
internal_value=-0.0111906 0.0102323 0.000977173 0.00694568 0.0155447 0.0100179 0.0195628 0.00505718 0.029709 0.0328951 0.0681239 -0.00699871 -0.012371 -0.0476306 0.0106397 0.0284341 0.0213698 0.0461798 0.0241154 0.0112497 0.0367034 0.0991517 0.0157021 0.0593949 0.0191151 0.0884254 0.0245752 -0.00157024 0.0799211 0.126598 0.152405 0.0481694 0.0808341 -0.00333435 0.00424625 0.0224889 0.056956 0.000599922 0.0352603 0.0391014 0.0353991 0.0466598 0.0666553 -0.0169768 0.0850322 0.0923061 0.0307791 -0.0265301 0.0352475 -0.0282608 0.0370205 -0.0304173 0.00695198 -0.0127154 -0.0350307 -0.0295179 0.123205 -0.00139954 -0.0309753 -0.0117257 0.0101926 0.0874588
internal_weight=508.601 320.752 218.143 187.818 128.962 110.162 91.831 50.8606 102.608 88.018 16.5769 14.5904 58.8564 187.849 3.94527 71.4412 59.5449 16.2192 12.4773 43.3257 15.2292 3.74191 11.7584 11.8962 5.30576 3.47082 2.17252 36.2972 14.9998 3.5066 2.9324 8.68437 1.29244 28.0964 23.7175 12.7222 4.31913 8.40308 3.55793 1.23137 8.25478 3.64169 1.91525 10.9953 6.59048 3.04454 1.81799 4.84515 4.05554 3.50365 40.9704 7.55298 1.62239 1.64268 30.3248 3.79296 3.0893 1.94445 10.5348 4.79699 2.75534 2.70549
internal_count=744874 26030 1474 1167 765 626 528 282 24556 17472 3276 7084 402 718844 9018 14196 12935 2450 1829 10485 2547 621 2014 1261 830 533 348 222 2549 2052 1183 345 1901 7938 7543 5346 764 4582 1466 657 366 686 332 2197 431 736 303 3116 245 1648 246 2128 1624 1134 307 1484 418 210 6839 594 339 241
cat_boundaries=0 4 8
cat_threshold=0 17039360 1350565888 66 536879744 17039360 1350779008 82
is_linear=0
shrinkage=0.05


Tree=29
num_leaves=63
num_cat=3
split_feature=0 2 0 10 6 6 19 5 17 11 5 3 5 15 5 6 6 10 0 7 1 15 4 11 14 10 6 1 6 6 0 0 7 2 5 5 6 11 4 7 22 6 5 6 0 6 6 0 6 5 0 7 0 0 0 0 7 0 6 10 10 6
split_gain=142.076 29.9302 20.9757 11.3889 11.6791 10.9465 8.39513 7.2352 12.0133 5.57899 5.08739 19.5696 8.35888 5.45016 8.01893 4.83278 4.82825 5.6922 4.01023 3.94899 5.16102 6.53319 4.32462 6.80308 3.70569 12.9878 4.59513 3.61899 3.34485 3.3133 3.21574 3.20778 2.8995 3.36399 2.76314 2.71528 2.67765 2.45558 2.34066 3.58299 2.25613 4.93287 2.19438 1.94774 2.54719 1.93858 1.91033 1.88194 1.65723 1.56215 3.62009 1.55164 1.34038 1.16292 1.13047 1.0946 1.07899 1.06283 0.916938 0.735447 5.56379 5.24125
threshold=86.500000000000014 2395.5000000000005 583.50000000000011 14.500000000000002 1.875540345821326 0.96555214295686176 0 3.2046511627906979 1 0.032859209103860032 1.0134539969834091 2588.5000000000005 1.1065248226950357 1153.5000000000002 1.2904315605928511 0.73588032940685921 2.0359116749131494 4.5000000000000009 690.50000000000011 288.50000000000006 684.50000000000011 1.0000000180025095e-35 1356.5000000000002 0.030491525462518137 1.0000000180025095e-35 2.5000000000000004 2.9978292329956591 26.500000000000004 1.2751132930513598 2.5001530924678508 58.500000000000007 750.50000000000011 531.50000000000011 433.50000000000006 1.2121810404140121 1.6257059803216629 2.6156139431267205 0.024455595899424153 415.50000000000006 280.50000000000006 2 1.3768789630115761 2.1341907824222939 1.6155064576395095 583.50000000000011 0.49658667287977637 2.5001530924678508 602.50000000000011 0.67614292311244528 3.9921875000000004 10.500000000000002 371.50000000000006 877.00000000000011 12.500000000000002 286.50000000000006 645.50000000000011 1945.5000000000002 52.500000000000007 0.68193928629097378 6.5000000000000009 10.500000000000002 0.83341806473479085
decision_type=2 2 2 2 2 2 9 2 9 2 2 2 2 2 2 2 2 2 2 2 2 2 2 2 2 2 2 2 2 2 2 2 2 2 2 2 2 2 2 2 9 2 2 2 2 2 2 2 2 2 2 2 2 2 2 2 2 2 2 2 2 2
left_child=24 7 28 4 5 -4 -7 8 10 54 11 51 46 19 47 58 45 38 35 -14 21 22 29 -24 -1 49 -27 -28 -3 -21 -29 34 33 -31 -22 -16 -19 -5 39 -18 -8 -42 -35 44 -36 -10 48 -15 -12 -26 -51 -2 -40 -52 -9 -45 -47 -55 -13 -17 61 -61
right_child=1 2 3 37 -6 6 40 9 16 -11 12 15 13 14 18 59 17 36 -20 20 31 -23 23 -25 25 26 27 30 -30 32 -32 -33 -34 42 43 -37 -38 -39 52 -41 41 -43 -44 55 -46 56 -48 -49 -50 50 53 -53 -54 57 -56 -57 -58 -59 -60 60 -62 -63
leaf_value=-0.049703479195937789 0.028425630703037549 -0.046329984926258783 0.020127943351331709 0.016525838582304886 0.028321724380553484 0.010632317964908815 -0.00035991461055947865 0.13513958871691636 0.035074425431742412 -0.02174186701072793 0.023561537147316368 -0.022004525597433669 -0.033325999865826239 -0.012261577505518829 0.051059789508686552 0.137745647148758 -0.025821277344718715 0.087283031475772321 0.032927009700152797 -0.026919207497547806 0.032688671066174527 -0.027504815853404391 0.14297150873868086 -0.018094186753952746 -0.046351490052641393 -0.018145618222437775 -0.011500453984401105 0.16795496167439844 -0.015854882070321718 -0.015683628352449106 -0.0083495789400618772 0.042684406417419524 -0.018818949962323951 0.13803908146508226 0.03238823627407468 0.13787095243488381 0.0016515184931168516 0.041701407761093261 -0.041820986071789377 0.077534091044667283 -0.05201493521175761 -0.018995967840639408 0.0093988750933690635 -0.036236802902125026 -0.021325368004913178 -0.043279404845891115 0.034905563746832118 0.034954226475082575 -0.034036315650591564 -0.036224538298285223 0.080462981538712189 -0.039552891934054174 0.014401747677830732 -0.022257143367770963 0.051713146848529602 0.0030513994796062308 0.016602253229088509 0.03995404072782912 0.028591689813350325 0.072290352493646876 0.10060521257450794 -0.033772380078703715
leaf_weight=160.98072409018641 0.27493298074114436 23.718662931176368 23.836784020066261 26.422729872632772 24.484190880502865 19.521286844043061 17.308711884194054 1.6792534110718396 0.17487952587544242 0.75712928059510876 0.76877350654103693 0.76348136793239862 1.9728426889341779 3.3402576811495264 3.5025434248964284 2.9642819303844581 1.0451147478306646 1.6563593767059503 4.1277540549635887 1.1480366060859517 5.4250046387314859 1.201947051216848 2.5274849019479011 0.55161162090371352 12.657197281776467 0.56939494580728811 0.29848367557860911 0.60556304038618691 16.526842969738937 0.44964702468132633 0.20006978235323913 7.4185109987156457 0.58507507567992423 0.59272042155498617 4.3379842014401202 3.3654579003341496 1.4507865274208596 16.857531822752208 4.1329775175254326 0.55943642341298971 25.50414258800447 22.836668031814042 0.61677053148741834 4.5033487243636046 2.8730665291659534 10.187934793328164 0.65239752942579787 3.365676975576207 6.3573241833364591 2.6262717514764513 0.14970870679826453 3.6796751452202443 0.80208104389021162 0.80124731047544628 3.0827421569265425 2.4005926929530688 0.30403239454608488 0.11163678090088069 0.85388118325499818 0.97946498065721099 5.2262349977390841 1.8886868921108542
leaf_count=658299 529 178 111 169 209 105 112 500 186 427 91 267 1951 175 151 540 961 169 41 922 132 882 555 226 47581 2096 666 615 205 155 196 124 112 167 170 138 66 127 1734 215 136 134 64 248 82 6605 98 29 998 7513 237 4002 13 1337 191 53 8 191 78 66 211 233
internal_value=-0.0116632 0.00822298 -0.00238812 0.00507644 -0.00219656 -0.00924641 -0.0176056 0.0300631 0.0263734 0.0820664 0.0328166 0.0614464 0.0294971 0.0363771 0.0588177 0.0900988 -0.00977395 0.0108288 0.0834137 0.0242495 0.0283726 0.0623011 0.0804299 0.116755 -0.0472351 -0.0237296 0.0808792 0.1163 -0.0345032 0.0283829 0.143796 0.0168324 0.0562504 0.0798446 0.00541728 0.105715 0.0574371 0.027052 -0.015997 0.0261473 -0.0240262 -0.0308626 0.106384 -0.0065335 0.0109966 -0.0361151 -0.0172083 0.0128966 -0.0256878 -0.0384847 -0.00736367 -0.0300435 -0.0317963 0.0469471 0.0994802 -0.0239181 -0.0402505 0.00226034 0.0054257 0.101006 0.073884 0.0117726
internal_weight=500.566 321.566 217.018 176.772 133.492 109.008 85.1708 104.548 99.0291 5.51912 78.7155 16.6306 62.0848 54.3063 17.7017 12.676 20.3136 9.64676 10.9958 36.6046 34.6318 7.67329 6.47135 3.0791 179 18.0196 1.67351 1.10412 40.2455 3.39225 0.805633 26.9585 2.24421 1.65914 19.54 6.868 3.10715 43.2803 6.53961 1.60455 65.6495 48.3408 1.20949 14.115 7.21105 10.6668 7.7785 6.70593 7.1261 16.3461 3.68886 3.95461 4.93506 1.06259 4.762 6.90394 10.492 0.912884 1.61736 11.0587 8.09439 2.86815
internal_count=744782 26051 1486 1103 807 598 487 24565 23447 1118 13490 5926 7564 6377 534 1395 9957 3158 330 5843 3892 3083 2201 781 718731 60432 3573 1477 383 1420 811 809 498 386 685 289 235 296 2923 1176 382 270 231 553 252 6799 1187 204 1089 56859 9278 4531 1747 1765 691 301 6613 1528 345 1050 510 299
cat_boundaries=0 1 5 6
cat_threshold=139392 8576 17039360 1350779008 32834 2097153
is_linear=0
shrinkage=0.05


Tree=30
num_leaves=63
num_cat=2
split_feature=0 5 12 10 11 6 9 21 10 19 7 8 8 8 8 5 16 16 8 12 5 7 10 7 12 12 13 9 0 5 16 15 0 12 10 6 13 13 15 13 8 6 8 8 7 9 8 12 8 7 16 12 12 5 0 10 7 11 0 8 13 6
split_gain=145.071 17.2592 16.2561 13.1523 11.8198 10.9985 12.4361 10.3379 10.689 9.69865 10.1227 9.39085 8.52903 13.0156 8.31912 7.06883 6.70974 10.5278 6.90944 9.89711 6.66201 6.2382 6.16378 5.55932 5.29472 5.26578 5.1233 11.0959 8.13031 4.93851 4.78154 4.77005 4.5955 4.50141 8.81457 4.48351 4.37059 6.22694 5.66584 3.94117 3.81602 3.62515 3.73989 5.15689 4.30245 3.59844 3.53606 4.14413 4.04833 3.46946 3.30892 3.26965 3.676 3.20154 3.00381 2.99944 2.71921 2.60764 2.5521 2.7986 2.74557 4.77323
threshold=86.500000000000014 0.8314852604922186 0.084078333583032808 8.5000000000000018 0.0082212297741371485 1.8004739336492894 0.74520761881430675 0 15.500000000000002 1 1338.5000000000002 1.3283205186190263 1.3437947707736393 1.48392682586231 1.2667306461932184 1.3132820744761047 45.500000000000007 21.500000000000004 1.1867642985736049 0.027749316851897802 2.4008547008547012 1507.5000000000002 3.5000000000000004 1422.5000000000002 0.096574780205374813 0.033355570668606234 3.5000000000000004 0.038606441997184736 7.5000000000000009 0.70598618970977645 8.5000000000000018 1377.0000000000002 937.50000000000011 0.039357368758373208 8.5000000000000018 0.92326094957673921 22.500000000000004 66.500000000000014 1543.5000000000002 25.500000000000004 1.2162506017467851 1.5424814758230847 1.136392081010354 1.3576555592527455 680.50000000000011 0.38473507819980857 1.2534404393662018 0.01944874238406941 1.1980981373199111 1338.5000000000002 45.500000000000007 0.09116799422498241 0.028608894579665926 0.6155905673977965 1061.0000000000002 2.5000000000000004 2592.0000000000005 0.032710533887625508 153.50000000000003 1.3158630499828325 12.500000000000002 1.8261259155368554
decision_type=2 2 2 2 2 2 10 9 2 9 2 2 2 2 2 2 2 2 2 2 2 2 2 2 2 2 2 10 2 2 2 2 2 2 2 2 2 2 2 2 2 2 2 2 2 10 2 2 2 2 2 2 2 2 2 2 2 2 2 2 2 2
left_child=26 3 4 35 -3 7 23 16 30 10 15 14 25 -14 46 -4 17 18 19 -6 24 41 -17 49 32 -5 27 28 -1 53 -9 -23 40 -13 -35 39 -20 -38 -39 51 -11 42 -19 44 -44 -18 47 48 57 50 55 52 -2 -27 -22 -7 -31 -8 59 -37 61 -60
right_child=1 2 9 12 5 6 11 8 -10 20 -12 33 13 -15 -16 22 45 21 36 -21 54 31 -24 -25 -26 29 -28 -29 -30 56 -32 -33 -34 34 -36 58 37 38 -40 -41 -42 -43 43 -45 -46 -47 -48 -49 -50 -51 -52 -53 -54 -55 -56 -57 -58 -59 60 -61 -62 -63
leaf_value=-0.02329427004598322 -0.022539087059633815 0.062816316516776508 -0.020787177300187719 -0.053517925732123051 -0.024500828110769216 -0.023669612950863027 -0.0054866720727953441 0.0046482892428436435 0.028900338319901128 0.06167329580309077 0.0031966657602334799 0.059030003825332404 0.052100650161777944 -0.023757708679612057 -0.051782999046689385 -0.014856845732753511 0.0011064149928544972 -0.024339093516205286 -0.02421220877335193 0.087013170637220028 -0.020437923565810468 -0.029636848880255889 0.16114421913796903 0.072144161052644026 -0.058429396144655192 0.0047019248642015989 -0.049704480028278569 -0.037746031861870234 0.14067562436937112 -0.004871272883124729 -0.054546484798620634 0.0073819434592586157 -0.05504459539974426 -0.04326507964691452 0.056246172123028619 -0.024513766510904294 0.045703020583797847 -0.044608097468805993 0.018769699257235598 -0.033045095188732075 -0.023334908697677497 -0.028409875951666309 -0.018166349179031628 -0.024411275542049565 0.10179778228362101 0.076550575051423028 0.070750553796614588 -0.041361283009735857 -0.029190818005335101 -0.035030774975694227 -0.028650073626322155 -0.028279237053756054 0.081200777672952196 -0.04916631860626948 0.081130583578739868 0.053038759027232013 0.046178211503416597 0.084064097295818901 0.023398729515936842 0.074618377700933589 -0.051861145345921782 -0.049149435800714923
leaf_weight=0.87173107548733042 0.67563491640612472 15.320010116643969 0.70244127314072402 5.22867183829658 2.0719942782598073 0.88271682197227619 1.0030504936003151 4.2133513512089911 6.6914470041228915 2.1365480930253464 14.389801500132306 8.9383427187858597 16.197125422710091 7.7115746011550064 7.1843161448778119 0.42210951758897852 2.0953249117592341 0.91119492027792048 4.5253930885810396 8.0212274213845358 0.68324395304079988 19.805761133437045 1.5490445846517102 20.006311875447864 16.686631497665076 4.9088107965944818 161.79227175006235 7.1479443328571506 0.83521931289578788 4.3254382432496623 14.119963771314358 14.391633833758531 1.5436120145022867 3.5953787062608162 3.3254596061597113 0.92103304871125391 15.939980309834935 3.7901345424470518 12.382623018551383 2.9430171528074425 1.5683149382821282 1.2023729997454209 0.56893819067045104 0.88790858097490843 3.5452326785598416 5.8262158403813373 1.3695695184578651 2.5875325287343003 1.3219460433465426 1.2161408232059336 1.0947670767200186 0.88985844873241138 2.1385376020916738 4.8617846179695334 0.78249765966029372 9.0111756213300378 4.9683576226234436 1.6639291908650191 3.6584088504314449 0.20343744530691765 21.752511431921448 3.5436102100720746
leaf_count=2754 150 476 915 70 190 474 201 144 113 199 193 615 205 167 823 720 110 546 645 607 786 172 426 164 3525 114 693121 22050 989 206 1097 115 11 288 28 1909 550 307 137 603 206 338 899 192 423 329 206 1216 315 15 218 231 255 145 15 822 25 234 264 327 1135 369
internal_value=-0.0104954 0.00912233 0.0159614 -0.0101634 0.0218072 0.0180755 0.0348285 0.00911062 -0.0160507 -0.012692 0.0143761 0.0116212 0.00701023 0.0276616 -0.0160799 0.0964305 0.015796 0.0130683 0.0290718 0.0639759 -0.0270257 -0.00529332 0.13114 0.0561334 -0.0453419 -0.0136045 -0.047682 -0.00943516 0.0792663 -0.000535933 -0.0414056 -0.0142907 -0.00104061 0.0374355 0.00561445 -0.0322916 0.0180119 0.0245137 0.00218422 0.00436028 0.028377 0.0343806 0.0494107 0.064662 0.0848999 0.0589557 0.0183807 -0.000424173 0.0290987 0.0264123 0.0355671 0.0347873 0.0569152 -0.0241788 0.0446977 0.0446504 0.0242541 0.0580725 -0.0402709 0.0201023 -0.0432084 -0.0139374
internal_weight=495.551 324.903 239.976 84.9278 199.511 184.191 63.2006 120.991 25.0248 40.4642 17.0634 30.9895 48.2018 23.9087 15.1303 2.6736 95.9659 88.0444 46.7314 10.0932 23.4008 41.313 1.97115 32.2111 21.9351 24.2931 170.647 8.85489 1.70695 19.0644 18.3333 34.1974 5.24848 15.8592 6.92084 36.726 36.6381 32.1127 16.1728 6.64705 3.70486 7.11565 5.91327 5.00208 4.11417 7.92154 7.94603 6.57646 3.98893 12.2048 10.9887 3.70403 2.81417 9.7706 1.46574 9.89389 9.2938 2.66698 30.079 1.12447 28.9545 7.20202
internal_count=745094 26180 20005 6175 13009 12533 5619 6914 1354 6996 2254 3926 932 372 2995 2061 5560 5121 2436 797 4742 2685 1146 1693 3941 560 718914 25793 3743 490 1241 287 416 931 316 5243 1639 994 444 1239 405 2398 2060 1514 1322 439 2172 1966 750 1529 1514 636 405 259 801 1296 231 435 4004 2236 1768 633
cat_boundaries=0 2 3
cat_threshold=1769495 163840 360450
is_linear=0
shrinkage=0.05


Tree=31
num_leaves=63
num_cat=3
split_feature=0 1 12 17 6 10 12 15 2 13 0 13 8 13 3 5 8 5 6 6 13 10 0 6 6 12 13 13 10 13 13 8 15 17 8 2 5 0 12 10 6 8 10 8 13 0 8 13 17 5 1 7 6 5 0 7 7 6 1 13 12 8
split_gain=139.617 29.0764 17.0084 11.1944 13.441 9.05242 13.4146 8.88162 10.0188 8.7235 7.26218 5.64023 9.81115 5.72996 7.69956 7.4523 5.80415 5.44758 4.91908 4.66249 5.04322 4.84222 4.29217 4.12125 4.34565 3.95705 3.71429 5.02735 3.8024 2.95888 2.91751 7.1828 3.43043 3.06409 3.71235 2.82823 2.73151 2.62756 2.5986 2.5354 2.35787 2.32861 2.31079 2.2888 2.17941 2.88706 2.06932 3.02756 2.04945 3.09644 1.98639 1.8821 1.86079 1.6087 1.4894 1.40549 3.0269 2.45104 1.39305 1.37839 1.35659 1.24903
threshold=86.500000000000014 2717.5000000000005 0.13190443947647104 0 1.8004739336492894 8.5000000000000018 0.04892322274395728 4342.0000000000009 2395.5000000000005 74.500000000000014 877.00000000000011 24.500000000000004 1.1600176834659595 47.500000000000007 3518.5000000000005 1.4005558111389498 1.48392682586231 0.84853898520714077 0.88254107613194543 1.0678545493873897 8.5000000000000018 7.5000000000000009 620.50000000000011 1.0312973963599597 1.3640099626400999 0.052088141175246634 10.500000000000002 60.500000000000007 1.5000000000000002 14.500000000000002 66.500000000000014 1.3939895645193661 3332.5000000000005 1 1.2702819399710592 2173.5000000000005 1.1686070123189389 525.50000000000011 0.10496776995564779 2.5000000000000004 1.1539718999396422 1.1463028763746921 12.500000000000002 1.5239134955292162 1.5000000000000002 11.500000000000002 1.2451296647691337 9.5000000000000018 2 0.86492804903091292 182.50000000000003 1945.5000000000002 2.0627361460957183 2.45247311827957 790.00000000000011 1422.5000000000002 1041.5000000000002 2.5723960012899072 1047.5000000000002 70.500000000000014 0.025000001765398575 1.7513440860215057
decision_type=2 2 2 9 2 2 2 2 2 2 2 2 2 2 2 2 2 2 2 2 2 2 2 2 2 2 2 2 2 2 2 2 2 9 2 2 2 2 2 2 2 2 2 2 2 2 2 2 9 2 2 2 2 2 2 2 2 2 2 2 2 2
left_child=44 2 3 4 7 6 17 8 11 22 19 12 29 16 15 35 18 -6 -13 48 21 36 -10 -24 -25 -3 28 52 -19 -2 31 32 33 34 -4 -15 -21 -20 46 -38 -17 -22 -16 -33 45 -1 47 -8 49 58 -35 -49 -28 -52 -43 56 57 -30 -5 -42 -50 -14
right_child=1 25 30 10 5 -7 38 -9 9 -11 -12 13 61 14 42 40 -18 26 37 20 41 -23 23 24 -26 -27 27 -29 55 -31 -32 43 -34 50 -36 -37 39 -39 -40 -41 59 54 -44 -45 -46 -47 -48 51 60 -51 53 -53 -54 -55 -56 -57 -58 -59 -60 -61 -62 -63
leaf_value=-0.03563877596178016 0.070692133327422024 -0.02485911056724939 -0.013582315137750683 -0.029101782112519514 -0.03279730935584016 0.078790935617102653 -0.034595856591976948 0.044012380868259267 -0.011676546800031419 -0.028134845909830869 0.024065013349470761 0.011898907714059929 -0.044234050477009124 -0.037724393806562749 0.026368934142514247 -0.0098027095602337376 7.9147219314882505e-05 -0.010040566797645423 0.12813408722636518 -0.045738523393842982 0.0091573923235597418 0.069192158114589369 0.029922196962407218 -0.0095942435739526863 0.020595305022449981 -0.088224418198875859 0.014247325290865484 0.064848029140554805 -0.0035095838560588312 -0.020377725241197436 -0.054030672572050756 0.066089396429520289 0.036531819984781985 0.022532870978452368 0.063682876311379116 0.040311998705829445 -0.03354114867293289 0.031102434782739698 0.039764135626745543 0.022508246296453774 0.083929395498612044 -0.048702289248599775 0.076885057040666338 -0.0024629114234498515 -0.049072105727693702 0.036815221303112301 -0.040291841380012121 -0.0093595489231331763 0.009888958679192773 0.074604414714970743 -0.056704537241063092 0.063222235089194154 -0.042253837752424639 0.012079855358252248 -0.0028665521156182772 0.09306224588612183 0.0043268767289181822 0.07241071714919764 0.028275751958091944 0.015093740231725892 -0.042995543223742216 0.016190352765875188
leaf_weight=2.4785057572880755 3.0576431171502905 5.1408514969371009 2.3081314799201209 1.050978935469175 1.326683000515916 12.557984753511844 1.8939931780332662 20.564539817976765 20.594107987446478 19.397700078785419 13.964644618099554 1.9893044918135254 6.0578427228028886 8.0170971076877322 6.4525220968644117 1.293326359533238 2.411704400263261 1.3805483765318118 4.0845395788201131 2.8952661417715699 1.938168186869009 1.2082936757651612 24.609924629330635 24.300528932129964 21.626510449917987 6.8293285007021041 2.0774786927213418 2.1074190787912812 1.1005951368715639 0.66001515826792445 5.3259213892742983 2.1491445406281846 1.196579873561858 0.37850796579733881 2.4355688282230403 0.50421018735505718 1.9594145191658752 1.7348363512428475 0.95641106987022872 5.4230193285329733 1.6981379355711399 17.238750651042213 4.7926134704612195 1.8720109836722256 158.69983406389656 1.3026271623966748 6.0543523325759452 1.135052507161163 1.2627508527366424 2.9407490380690433 15.019096552307015 1.1716572000877929 2.0377049738599453 0.56249277599272396 2.1066932110115877 6.135021618101745 2.8760394555283701 8.1897391059901548 1.1850509957876054 1.7283566128171512 3.1384096247493289 0.46199980325764034
leaf_count=7245 452 102 518 202 415 101 339 113 174 102 83 302 1944 1906 246 193 167 436 589 756 875 14 105 121 111 125 132 53 341 300 1137 236 31 879 125 7 1070 27 132 553 105 2474 59 135 709033 1786 600 203 224 407 3196 12 185 423 18 81 73 979 9 114 1187 29
internal_value=-0.010453 0.00840604 0.0113972 0.0152699 0.0197097 0.0429731 0.0295716 0.0138786 0.00963703 0.0014663 -0.00519468 0.0292616 -0.00316001 0.0386457 0.0238366 -0.00241367 0.0688392 0.0480187 0.0876558 -0.0163744 -0.0251802 0.00159712 0.00800404 0.0138329 0.00475761 -0.0650256 0.0532228 0.0161993 0.0635788 0.0536317 -0.0231045 -0.0149794 -0.026389 -0.0315412 0.0110428 -0.029358 -0.0117803 0.10801 -0.0154972 0.0054052 0.0428603 -0.0390542 0.0524192 0.0400409 -0.0481769 -0.00819847 -0.0237261 0.00330604 0.0132859 0.0183036 -0.0318404 0.0354775 -0.0165212 -0.0536427 -0.0440971 0.0693647 0.0512544 0.0639497 0.00064796 0.0604619 -0.0101003 -0.0383687
internal_weight=489.049 326.568 314.598 283.35 227.038 51.0007 38.4427 176.037 155.473 110.529 56.3122 44.9441 10.2375 34.7066 24.4863 13.2411 10.2204 27.2312 7.80868 42.3475 32.7696 11.486 91.1311 70.537 45.927 11.9702 25.9045 6.2226 19.6819 3.71766 31.2475 25.9215 21.9004 20.7038 4.7437 8.52131 10.2777 5.81938 11.2115 7.38243 4.71982 21.2836 11.2451 4.02116 162.481 3.78113 10.2551 4.2007 9.57794 5.17678 15.9601 2.30671 4.11518 15.5816 19.3454 18.3014 12.1664 9.29033 2.23603 3.42649 4.40116 6.51984
internal_count=744091 26027 25800 19120 11248 4082 3981 7166 7053 613 7872 6440 2725 3715 2630 2325 1085 2695 918 7789 5760 2393 511 337 232 227 2280 370 1910 752 6680 5543 5172 5141 643 1913 2379 616 1286 1623 412 3367 305 371 718064 9031 1154 554 2029 618 4498 215 317 3619 2492 1474 1393 1320 211 219 1411 1973
cat_boundaries=0 4 8 12
cat_threshold=536871296 17039360 1350582272 32834 8320 2048 128 2 512 0 65664 16
is_linear=0
shrinkage=0.05


Tree=32
num_leaves=63
num_cat=2
split_feature=0 17 2 0 11 8 16 16 21 12 2 0 12 2 3 16 16 0 12 8 6 1 16 9 7 2 3 8 8 12 1 14 9 0 12 6 8 12 0 6 12 0 7 9 0 2 0 8 11 9 11 16 2 7 12 8 11 16 9 0 12 0
split_gain=129.445 18.0099 12.9227 11.5423 8.71545 7.54017 10.752 8.11399 6.73202 5.63404 6.62293 5.86358 3.8926 3.67282 4.88024 4.81654 5.9943 3.83981 5.37114 7.33569 8.99055 4.35878 6.80611 4.46662 3.81698 4.56398 3.64125 3.29804 3.91979 3.57311 4.01792 3.18598 7.44799 7.12822 3.31404 2.82409 3.22217 2.83304 2.79446 3.21165 2.76065 2.65379 2.55288 3.6409 3.80715 2.51663 2.45804 2.27394 2.23588 2.10462 1.79716 1.70541 1.69681 3.51905 1.53016 1.20979 1.20519 1.15237 1.13851 1.13179 1.12041 1.02812
threshold=86.500000000000014 0 2395.5000000000005 583.50000000000011 0.032569105437188169 1.3891920592312914 41.500000000000007 12.500000000000002 1 0.025607531421540711 2395.5000000000005 721.50000000000011 0.066128879253653086 2173.5000000000005 484.50000000000006 14.500000000000002 42.500000000000007 645.50000000000011 0.031734106841437799 1.3182500682500684 1.0678545493873897 902.50000000000011 37.000000000000007 0.31709514392441224 1266.5000000000002 1047.5000000000002 6467.0000000000009 1.3182500682500684 1.3332101047443008 0.041295148686813006 708.50000000000011 1.0000000180025095e-35 0.32701294033069739 7.5000000000000009 0.025000001765398575 1.6421228656926601 1.3750584658559404 0.0030011090632081077 444.50000000000006 0.97305078591067085 0.022723834561654891 424.50000000000006 1636.0000000000002 0.81085412335412343 460.50000000000006 778.50000000000011 265.50000000000006 1.1132336078390497 0.023062686394956528 0.76671134941912433 0.024455595899424153 7.5000000000000009 1193.5000000000002 837.50000000000011 0.0050056277306836936 1.727819055944056 0.024389799695758937 11.500000000000002 0.18534132783711202 58.500000000000007 0.033355570668606234 26.500000000000004
decision_type=2 9 2 2 2 2 2 2 9 2 2 2 2 2 2 2 2 2 2 2 2 2 2 10 2 2 2 2 2 2 2 2 8 2 2 2 2 2 2 2 2 2 2 10 2 2 2 2 2 10 2 2 2 2 2 2 2 2 10 2 2 2
left_child=31 2 8 49 5 6 7 -5 13 11 27 42 -9 14 15 -2 -17 18 41 20 21 22 23 -20 25 51 -7 29 -29 30 45 -1 33 -33 59 55 37 -37 39 -21 -18 52 43 44 58 -11 -41 -24 -28 -4 -27 -22 53 54 -16 -10 -43 -48 -3 -35 -30 -34
right_child=1 9 3 4 -6 26 -8 12 35 10 -12 -13 -14 -15 17 16 40 -19 19 38 24 -23 47 -25 -26 50 48 28 60 -31 -32 32 61 34 -36 36 -38 -39 -40 46 -42 56 -44 -45 -46 -47 57 -49 -50 -51 -52 -53 -54 -55 -56 -57 -58 -59 -60 -61 -62 -63
leaf_value=-0.049652531094176472 0.11637368440082912 0.026974306237613124 -0.029589686533350947 0.022105117825433968 -0.019664124987828598 0.016297356052321518 0.036164638502704481 -0.0036553042880681087 -0.046648150625506542 -0.016096928707894049 -0.052247824822471957 0.050640377993627528 -0.0336658384504663 0.061612434463151233 0.031188269298581962 -0.032510839047428762 0.10288029172776976 0.045555477531851379 -0.011999365395978241 -0.022907244791080944 0.029130752847469146 0.0061835513488178815 0.056276518006032394 0.15078972473659361 -0.023591187409633119 0.075554930555352298 0.026059031668728885 0.081429365657312069 0.029295956101650519 -0.042480100187761223 -0.031194560756330536 -0.02995371189631383 -0.045781506423001862 0.12895110746622845 -0.01333530957591509 0.04339258883339997 0.049048618690788498 -0.039282839316097849 -0.028968860033247047 -0.02120110364259252 -0.014104566290480942 0.028584022949431926 -0.049804476723930978 -0.037779869742597207 0.064372079402487695 0.08560375208689544 0.0088552235325551204 -0.026640527969540341 0.059450952218939236 -0.0043155352394563641 0.0070801377613065875 -0.033706068688518789 -0.042596583968200492 0.058047342937009166 -0.037279191734920468 0.01453623613707737 -0.006310488047635736 0.074154859514021648 -0.032285031553006896 -0.0045662133115423765 -0.030214786692416173 -0.0071320137866665995
leaf_weight=138.68831748890807 2.2676640296704127 0.29315267858328153 20.853545237361686 21.285244821337983 18.755482549226144 22.864492992208397 22.863474611338461 30.46761113969842 5.302209375164237 0.47363789036171722 19.022910898580449 3.5857472016941747 15.990057453978805 11.536823282833209 0.22969212901080283 1.8293327087012587 0.93231574198580325 16.552312756044557 0.31010369813885263 2.330190029111689 0.76792328560259049 1.3930687090032732 0.38605684475623991 3.4856356036034413 3.1263999919465277 3.6119343289174139 12.200539075187409 1.1396905863657596 0.25596641079755489 5.008635626611067 1.4028854159114414 1.4932256154279486 10.818497151951304 0.95538486735313177 0.363547617511358 0.50000900519080493 1.7548839368100742 2.9122060734080151 4.5554247870459221 0.73412812344031397 0.38992514385608956 4.5908014948945475 2.815655204874929 2.5299848045106046 2.0565267181955278 1.0722314456652382 1.2580576223554092 1.1003382902126757 12.791789961978791 13.846056481233971 1.4913367977715095 2.0199127249215962 4.296291842678329 0.83469265882740717 2.776486708316952 0.46144770600949403 3.9004567646188661 2.0445843401248567 1.7207251249637918 0.10028918054013047 1.4451349170412866 2.4974701144819837
leaf_count=657874 673 72 185 98 117 129 126 193 1275 771 139 26 103 227 55 1398 125 274 226 604 330 55 103 1462 297 307 117 144 58 4742 79 5752 43866 1284 1261 68 83 979 205 936 375 104 37 878 27 213 84 574 117 148 298 2425 381 146 1776 47 116 287 612 118 629 8209
internal_value=-0.00968033 0.00829004 0.0127501 0.00581748 0.0115853 0.0159288 0.00729888 -0.00282779 0.028764 -0.019191 -0.0352207 0.00375831 -0.0144762 0.0315827 0.0302306 0.0728247 0.0210062 0.025395 0.0171937 0.0299764 0.0490015 0.0908788 0.108676 0.137761 0.0181783 0.0355192 0.0317838 -0.00333827 0.0357086 -0.0197083 0.0199336 -0.0471254 -0.0238996 0.0394281 0.0946344 -0.0103149 0.00754487 -0.0200791 -0.00236688 0.018015 0.0771638 -0.00525594 -0.0172427 0.00137306 0.0283603 0.0603604 0.041495 0.00886759 0.0447797 -0.019908 0.0599831 -0.0132763 -0.0242457 0.000840062 -0.0255686 -0.0403247 0.0135792 0.0571199 -0.017571 0.120216 -0.0137294 -0.0395372
internal_weight=479.341 324.424 281.601 191.918 157.219 138.463 90.6064 67.7429 89.6826 42.8229 29.8211 13.0018 46.4577 78.7519 67.2151 5.41924 3.15157 61.7958 45.2435 28.6151 17.6927 6.6752 5.28213 3.79574 11.0175 7.89111 47.8568 10.7982 2.84079 7.95739 2.94875 154.917 16.2284 2.91245 1.41922 10.9308 5.1671 3.41222 10.9224 6.36696 1.32224 16.6284 9.41604 6.60039 4.0704 1.54587 4.03677 1.4864 24.9923 34.6996 5.10327 2.78784 8.13716 3.84087 3.00618 5.76366 8.49126 3.30264 2.01388 1.05567 1.7011 13.316
internal_count=744419 26055 17628 1333 1000 883 520 394 16295 8427 6775 1652 296 13843 13616 2571 1898 11045 10771 8193 6077 2420 2365 1688 3657 3360 363 6636 831 5805 1063 718364 60490 8415 2663 2452 1130 1047 2116 1911 500 2578 1626 1589 711 984 1307 677 234 333 605 2755 2358 1977 1831 1322 220 371 684 1402 687 52075
cat_boundaries=0 4 6
cat_threshold=536871552 17041408 1350631424 32850 3277111 32768
is_linear=0
shrinkage=0.05


Tree=33
num_leaves=63
num_cat=1
split_feature=1 1 2 2 1 10 12 5 10 6 8 13 8 8 13 10 9 12 5 5 7 8 12 17 6 12 10 1 1 1 12 12 11 12 11 13 7 2 7 11 8 9 8 11 15 6 7 8 8 12 12 6 8 11 11 12 12 9 8 1 10 5
split_gain=125.21 22.0363 15.7379 16.5599 11.7226 8.73658 9.01224 10.7371 6.39234 8.80107 7.87812 6.25004 6.23048 5.76026 5.73147 9.38875 5.21907 4.2943 3.6699 3.59526 6.75485 5.96488 4.49605 3.65823 5.49341 4.68497 4.02803 3.94076 4.47092 3.69401 3.47946 4.20858 3.45575 3.39405 3.18884 2.94586 2.94504 3.7266 2.87736 2.25088 1.84664 2.7346 4.3333 1.76643 1.76479 1.70488 1.58248 1.53725 2.18725 1.41461 1.45509 1.30388 1.21414 1.11535 1.5356 1.07808 1.01054 0.982344 0.938648 0.854027 0.724638 0.61955
threshold=191.50000000000003 2717.5000000000005 2395.5000000000005 4316.5000000000009 1155.0000000000002 14.500000000000002 0.084078333583032808 0.97306967074408945 3.5000000000000004 2.7699657030867226 1.4243514279485505 24.500000000000004 1.1792011104895688 1.3332101047443008 3.5000000000000004 3.5000000000000004 1.0000000180025095e-35 0.032752393707455314 3.2744588744588747 1.0435436417129782 935.50000000000011 1.1284632113746851 0.064492346086301902 0 0.7895323811387206 0.016914251930777616 4.5000000000000009 1006.5000000000001 1237.0000000000002 1047.5000000000002 0.03742350405782769 0.01822012458626027 0.016254236979875717 0.029728935226302603 0.016254236979875717 32.500000000000007 493.50000000000006 281.50000000000006 10.500000000000002 0.022299435041430928 1.4137369426036168 0.46283103739471804 1.1333609500138084 0.012364406720735134 1745.5000000000002 0.85706178044430048 66.500000000000014 1.2632043890645344 1.2400142450142453 0.042318307653190008 0.03742350405782769 0.67614292311244528 1.1500495049504951 0.032859209103860032 0.03323023111914241 0.01944874238406941 0.032752393707455314 0.58339080459770132 1.1650963094128037 1237.0000000000002 8.5000000000000018 1.1375455692047205
decision_type=2 2 2 2 2 2 2 2 2 2 2 2 2 2 2 2 10 2 2 2 2 2 2 9 2 2 2 2 2 2 2 2 2 2 2 2 2 2 2 2 2 10 2 2 2 2 2 2 2 2 2 2 2 2 2 2 2 10 2 2 2 2
left_child=14 2 8 4 39 6 7 11 9 -2 12 -6 36 -3 15 16 38 -9 19 20 45 -22 30 24 51 34 32 40 -29 47 31 -23 -26 -33 -25 57 37 -11 -1 -4 41 42 -28 -42 -16 49 55 48 52 50 -10 -21 56 -14 -55 -40 -27 -24 -43 61 -46 -34
right_child=1 13 3 -5 5 -7 -8 17 18 10 -12 -13 53 -15 44 -17 -18 -19 -20 23 21 22 35 25 26 29 27 28 -30 -31 -32 33 59 -35 -36 -37 -38 -39 46 -41 43 58 -44 -45 60 -47 -48 -49 -50 -51 -52 -53 -54 54 -56 -57 -58 -59 -60 -61 -62 -63
leaf_value=-0.022518880044832733 -0.038919419309137247 -0.086307537747170482 -0.017011545950104994 0.032066210291229039 0.0085725380290925229 0.028080907418589929 -0.031989730482004534 0.036401745018697869 -0.01161692191655239 -0.016183758306699287 0.1019221768043775 -0.031272564022548487 -0.040704784663902538 -0.01487984718939148 -0.049303888037953159 0.10434168353603308 -0.044003664962556463 0.0067242744440705708 0.08273027534758097 0.012349711854353747 -0.028574291426743278 0.085784147860770529 -0.010306660558587196 0.068522384001587125 0.062343538236954855 0.036160706283635428 0.065457434609120776 0.0010062251990354976 0.052910183496534306 0.012170007479781553 0.10689861382864528 -0.033094160945681871 0.0062810547783328343 0.040618180241383424 0.00021411268390693304 -0.031166147428140164 -0.0068058977139801137 0.1121640719602761 0.09883497490566584 -0.050198183899638406 0.05043401299010937 0.023949740489288288 -0.031676292114855759 -0.015585833434398726 -0.01363728438229476 -0.034692417048706001 -0.010903725297202994 -0.046122038786820987 0.033671894867659639 -0.017974520959712508 0.083057367654903819 -0.037997527880863483 -0.03900473248665956 0.042149059883277773 -0.024998245677874151 -0.0064578436083454309 -0.020284400781721834 0.065150570456093918 0.093391134393719974 0.011950448266494079 0.044964744012611343 -0.038481387773025448
leaf_weight=0.81891316102700873 7.4925067403382881 6.0719526741158898 10.745533887238709 38.84238942648517 15.179464903339975 24.623894788324833 22.298130092560314 18.191900866106153 0.30147216634941587 0.46189592833979842 1.7678507930686462 25.240758396394085 3.5830742987163831 5.5297814256991842 140.5334489896486 0.61696509111789133 7.2676190657075495 35.053939382894896 2.7854912764159954 1.6004245956428342 1.206430436126541 2.4902431434020382 0.25441677667549756 2.7377073749958099 0.73617031174944614 0.60200294514652497 1.3525349913106794 7.6443927300861096 8.1771890474483353 9.3727586530440004 6.1941595069802133 1.8176267774251753 0.66776659568131469 2.5768034859793261 3.1587211888399906 1.5768834132322807 1.1786390820634549 1.1449167696846414 0.67917000190936938 12.336285981407853 0.90223088278435115 1.3951383155654173 1.3874080856621729 1.4291055008507099 0.37484687432879482 2.2208350705186604 0.2750815570470877 5.2526451292651473 1.3107417266874106 0.56021221043192782 0.12680966363404877 1.9729894829506518 2.9875991730514215 0.51164514015545115 0.97715008148225024 0.14823575376067311 0.66908757192140911 0.71533758105942979 8.6607239504082809 1.0896421277429906 0.052569313993444666 2.5262371756543871
leaf_count=2694 8136 56 111 190 124 111 164 106 319 193 74 143 940 166 692484 245 22515 189 67 175 181 158 99 63 133 69 105 114 93 172 514 223 71 168 150 479 244 418 522 126 67 120 146 170 1705 3092 138 777 187 989 77 125 777 43 610 356 453 269 600 17 88 389
internal_value=-0.00899107 0.00873755 0.0113546 0.00315316 -0.00386159 0.0016483 -0.00415651 0.0027374 0.0269088 -0.00102585 0.0293583 -0.0164634 0.00336807 -0.056145 -0.0463934 -0.00845884 -0.0255297 0.017348 0.0322654 0.0296891 0.0482218 0.0603389 0.0685096 0.0233914 0.0300233 0.00111088 0.0432338 0.0497766 0.0293828 -0.0101819 0.0795868 0.044573 0.00132761 0.00964629 0.0372667 0.00522039 0.0533876 0.0832141 0.0354907 -0.0360964 0.067962 0.075237 0.020954 0.0174337 -0.0489541 -0.0145657 0.0687959 -0.0289323 -0.00816738 0.0253592 0.0549407 -0.0176786 -0.024999 -0.0283708 0.00574139 0.0867599 0.0105998 0.0501719 0.0867946 -0.0189731 0.0200217 -0.0298567
internal_weight=470.458 319.692 308.09 202.512 163.67 140.588 115.964 93.6661 105.578 17.1177 9.62517 40.4202 7.85732 11.6017 150.767 9.80598 9.18902 53.2458 88.4599 85.6744 20.0412 16.8319 15.6255 65.6332 39.542 26.0913 35.9685 30.9487 15.8216 20.1948 13.0788 6.88467 5.01982 4.39443 5.89643 2.54664 2.78545 1.60681 1.9214 23.0818 15.1271 12.7958 2.73994 2.33134 140.961 3.20933 1.10249 10.8221 5.56943 0.988494 0.428282 3.57341 4.25869 5.07187 1.4888 0.827406 1.27109 0.969754 10.0559 4.28365 0.427416 3.194
internal_count=744499 23752 23530 1264 1074 837 726 562 22266 10658 2522 267 2448 222 720747 26470 26225 295 11608 11541 6568 2091 1910 4973 2325 2648 2025 1415 207 2435 1063 549 610 391 213 847 855 611 3710 237 1208 971 251 237 694277 4477 1016 2263 1486 1385 396 300 1299 1593 653 878 522 368 720 477 1793 460
cat_boundaries=0 4
cat_threshold=640 17039360 1350713344 32832
is_linear=0
shrinkage=0.05


Tree=34
num_leaves=63
num_cat=2
split_feature=0 1 2 2 5 13 13 10 10 10 4 20 3 0 6 8 10 13 10 8 9 13 9 16 16 9 10 16 9 13 6 9 9 8 19 1 0 0 8 8 8 0 16 10 5 5 0 16 5 9 7 9 9 5 10 1 7 10 10 2 9 7
split_gain=126.701 25.5376 12.5389 15.9433 10.9184 8.31315 7.40192 13.6012 6.80904 6.7221 6.17112 4.82821 13.355 13.3413 7.36189 7.26296 6.74086 4.94899 4.94027 4.63466 4.54636 4.43748 4.31466 4.28915 7.80531 4.44245 3.7053 4.75425 3.70112 4.65118 3.47677 3.43539 3.40618 4.81347 3.1805 2.86803 2.85628 2.46803 2.45493 2.92516 3.79497 2.14194 2.04206 4.57572 4.64145 2.65324 2.69264 2.34687 1.99455 1.95428 1.37894 1.35922 1.28308 1.27122 1.23517 2.54786 2.51309 0.912518 1.78643 0.797702 0.793233 0.728871
threshold=86.500000000000014 2717.5000000000005 2395.5000000000005 2741.5000000000005 0.70598618970977645 43.500000000000007 4.5000000000000009 2.5000000000000004 15.500000000000002 3.5000000000000004 515.50000000000011 0 3117.0000000000005 318.50000000000006 1.2860424414788889 1.4375188593844299 21.500000000000004 67.500000000000014 4.5000000000000009 1.4640029617816257 0.67506345177664995 67.500000000000014 0.76671134941912433 20.500000000000004 27.500000000000004 0.61820420958351996 2.5000000000000004 48.500000000000007 0.37275939608095093 22.500000000000004 1.1005550252494152 1.0000000180025095e-35 0.51191545601916399 1.137961933011989 1 26.500000000000004 10.500000000000002 58.500000000000007 1.0769693603628625 1.1249178712220764 1.3335933437337495 991.00000000000011 42.500000000000007 7.5000000000000009 2.800621118012423 1.3342566943674978 572.50000000000011 8.5000000000000018 3.9921875000000004 0.16683433936955067 371.50000000000006 0.99976076555023929 0.99747792789354517 2.0781767252355494 2.5000000000000004 725.50000000000011 1145.5000000000002 11.500000000000002 7.5000000000000009 1422.5000000000002 0.99106477538854598 1507.5000000000002
decision_type=2 2 2 2 2 2 2 2 2 2 2 1 2 2 2 2 2 2 2 2 8 2 10 2 2 10 2 2 10 2 2 10 10 2 9 2 2 2 2 2 2 2 2 2 2 2 2 2 2 10 2 10 10 2 2 2 2 2 2 2 10 2
left_child=6 2 9 21 22 -3 7 31 23 10 26 13 16 17 28 20 41 18 32 54 -14 34 -5 -6 -25 -26 27 50 -15 -30 57 36 33 -11 -4 -9 -1 -37 -28 -40 -41 -13 43 44 45 46 59 -47 -38 -20 -2 -29 -21 -19 55 -12 -57 58 -31 -16 -34 -51
right_child=1 5 3 4 8 -7 -8 35 -10 11 19 12 15 14 42 -17 -18 53 49 52 -22 -23 -24 24 25 -27 38 51 29 30 -32 -33 60 -35 -36 37 48 -39 39 40 -42 -43 -44 -45 -46 47 -48 -49 -50 61 -52 -53 -54 -55 -56 56 -58 -59 -60 -61 -62 -63
leaf_value=-0.024599921980734615 -0.037370451091317362 -0.097054943949595379 0.0087148398733115917 -0.03113051573733517 0.026552112490336639 -0.01446420063814878 -0.049630537610313462 -0.010698088159288561 0.039667782401202598 -0.019346039600934402 -0.036612182606478583 -0.042496417992870496 0.095548170125824283 -0.039503103483620156 0.068720576902872949 -0.0068988779710350895 0.058350091529114981 -0.025440738442806872 0.012427279202491849 -0.0036494662014466498 0.019566246011484649 -0.043533171758969799 0.0067661298744228875 -0.022672184122399144 0.032475038529628124 0.00031866401087782292 -0.0146216744600981 -0.0087268831571462417 -0.026042687592706323 0.045885724170657394 -0.011067389856262363 -0.043819042245986234 -0.027927319109022089 0.11842964385313078 -0.017196944232284059 0.14839821577177245 -0.012541178604469495 -0.0077784886210561319 0.14089166682748849 -0.026591906788088294 0.078772797835510958 0.026835114527625548 0.075093410936832056 0.060754195303526694 0.070365967710748809 0.020529783701151341 -0.013620264383151432 -0.030435863485891463 0.094306244636748277 0.14323198021321071 0.026806381789019576 0.094756784892111423 0.060916603740241472 0.041545725675839383 -0.044976373754491025 0.05685592122895719 -0.024712758065734516 0.065869202418039521 -0.0083188834907415542 0.018036340948993049 0.021379896685476327 0.018034369042937582
leaf_weight=0.96792274324979899 2.8852325957996108 5.7748949991728278 13.040249534940811 15.598065006692197 34.16083339205943 6.288999140728265 130.93626687905635 0.27196158896549494 30.97302633523941 0.60926591996394408 2.6770917571557202 12.913360850157915 4.4857523536193158 2.6733455209760022 1.711583213589625 5.2223442861577487 1.1731034582480777 1.0278075107053144 0.54872877517482255 1.0676937183889088 4.0731426012644087 13.041078478738198 13.174270734074524 17.637684431334492 20.08139862283133 21.937256859964691 0.3930031870841052 0.21092331303225353 3.9784444012329905 2.7153773116297071 3.0862310290685846 7.0741936812264612 1.2463966562791027 0.76781195908552036 20.582609804550884 0.76349651903728954 0.33450661743700039 0.18387344217626378 0.55791927973041344 1.1169919598323756 0.54863692456274282 0.55047198361717242 5.3635911596065844 12.05930453079054 2.5888596188742659 2.6987344836816192 2.1468436663853936 5.1809733801637776 0.38568444841075689 5.1037596975511406 0.2987720543751492 0.36943155628978275 1.0293686833174431 0.091498898749705293 6.4444528016756522 1.2012999541766478 0.89136037541902613 3.4756077331257984 2.1264270583924372 2.4907744515512604 0.39800855706562277 0.43833353486843396
leaf_count=3435 2418 49 96 113 173 169 683980 661 145 327 3949 4056 111 139 73 112 67 1181 243 225 205 79 119 112 94 132 69 298 242 159 138 28696 1130 236 192 626 599 196 93 581 128 5 116 172 49 42 39 270 205 2297 125 80 42 46 4096 146 102 72 99 188 347 61
internal_value=-0.00710468 0.0101716 0.0130115 0.00549427 0.0132662 -0.0584027 -0.0464878 -0.00449736 0.0196459 0.0264448 -6.35567e-05 0.0321228 0.00399888 0.0380255 0.0325981 0.039272 -0.0270424 0.09425 0.1053 -0.0192127 0.0652184 -0.0198236 -0.014134 0.0126872 0.00444095 0.0160844 0.0370745 0.00185079 0.0062604 0.0161398 0.0317693 -0.0295291 0.0361513 0.0749779 -0.00963576 0.107638 0.0243783 0.129657 0.073226 0.0884719 0.0246454 -0.0380024 0.0459145 0.0381628 0.0194629 0.00618905 0.0280903 -0.0126343 0.0662382 0.129666 -0.0263808 0.0754232 0.0374795 -0.00294521 -0.0320147 -0.00974221 0.0253556 0.047146 0.0247311 0.047921 -0.0124212 0.1376
internal_weight=463.846 322.928 310.865 200.226 153.563 12.0639 140.918 9.98164 124.79 110.638 19.6922 90.9459 28.4182 62.5277 52.2961 13.7812 14.6369 10.2316 9.11231 13.3113 8.55889 46.6639 28.7723 93.8172 59.6563 42.0187 6.38091 3.76436 18.0554 15.3821 11.4036 8.76231 3.02148 1.37708 33.6229 1.21933 1.68811 0.94737 2.61655 2.22355 1.66563 13.4638 34.2407 28.8771 16.8178 14.2289 6.3492 7.87971 0.720191 6.09082 3.184 0.580355 2.09706 1.11931 11.2142 4.76975 2.09266 8.31741 4.8418 4.20236 1.64441 5.54209
internal_count=744445 26047 25829 1255 888 218 718398 34418 656 24574 12352 12222 4556 7666 1798 428 4128 5868 4641 8560 316 367 232 511 338 226 3792 2921 849 710 468 32935 2040 563 288 1483 4239 822 871 802 709 4061 949 833 661 612 300 312 804 2601 2543 378 267 1227 8293 4197 248 330 258 261 1477 2358
cat_boundaries=0 1 2
cat_threshold=20 65696
is_linear=0
shrinkage=0.05


Tree=35
num_leaves=63
num_cat=3
split_feature=1 1 17 5 5 16 7 16 16 8 8 17 11 5 11 8 17 8 16 15 11 8 8 12 9 5 11 1 4 2 16 12 3 7 1 2 12 10 8 15 2 9 1 8 9 8 5 12 10 9 3 10 8 8 8 4 1 16 8 1 11 12
split_gain=108.111 22.9314 13.9758 15.0249 8.78735 8.10045 7.80018 13.4871 14.2694 8.89393 7.94447 7.42879 7.35618 7.09296 6.74354 6.42379 6.3888 6.291 7.72707 6.22209 5.92281 5.92075 5.30669 4.99937 6.0647 4.79945 6.10135 4.58101 4.62291 4.54868 4.99526 4.80575 4.43919 12.406 4.12488 4.01793 3.97561 3.77379 3.51686 3.35922 3.29563 3.13512 3.10594 3.02257 2.99459 3.69425 2.88749 2.8558 2.77729 2.75307 3.11682 2.66955 3.12856 2.66117 2.61804 2.61374 2.51632 2.42175 6.44407 2.9674 2.34962 2.29171
threshold=72.500000000000014 2717.5000000000005 0 0.72743726861373925 1.6523618052684983 17.500000000000004 2592.0000000000005 45.500000000000007 14.500000000000002 1.269013793541826 1.2174300550259634 1 0.028377870656549935 1.1853268182140078 0.016254236979875717 1.1566322596978174 2 1.2088017346638038 42.500000000000007 1.0000000180025095e-35 0.024455595899424153 1.3283205186190263 1.7513440860215057 0.040184133973233678 0.81085412335412343 1.0435436417129782 0.016033897791914217 902.50000000000011 1826.5000000000002 2395.5000000000005 18.500000000000004 0.042318307653190008 4966.0000000000009 1784.0000000000002 595.50000000000011 2741.5000000000005 0.027749316851897802 11.500000000000002 1.1836885865457296 1640.5000000000002 1360.5000000000002 0.5192554874431482 936.50000000000011 1.3182500682500684 0.6078658841726946 1.2024666632865186 1.4912824251260559 0.082407444830221124 6.5000000000000009 0.45186734852006821 2070.5000000000005 5.5000000000000009 1.1539295845152679 1.2856330245408747 1.2967320036285555 6213.5000000000009 1091.5000000000002 48.500000000000007 1.3182500682500684 2132.5000000000005 0.024922082076218693 0.082407444830221124
decision_type=2 2 9 2 2 2 2 2 2 2 2 9 2 2 2 2 9 2 2 2 2 2 2 2 10 2 2 2 2 2 2 2 2 2 2 2 2 2 2 2 2 8 2 2 8 2 2 2 2 10 2 2 2 2 2 2 2 2 2 2 2 2
left_child=-1 2 3 29 6 14 7 8 16 13 -8 15 42 17 48 -7 32 38 34 -3 49 -16 36 24 25 55 -27 28 -22 30 31 -2 33 -5 -19 -14 41 -32 40 -12 -10 -11 -9 -31 -15 46 -46 51 -6 -18 61 52 -13 -38 -43 -4 -28 59 -59 -25 -56 -51
right_child=1 19 23 4 5 11 10 12 9 22 39 47 35 44 21 -17 20 18 -20 -21 27 -23 -24 57 -26 26 56 -29 -30 43 37 -33 -34 -35 -36 -37 53 -39 -40 -41 -42 54 -44 -45 45 -47 -48 -49 -50 50 -52 -53 -54 -55 60 -57 -58 58 -60 -61 -62 -63
leaf_value=-0.047690800627490267 0.10609162187942045 -0.091046366744059859 -0.045776824027117663 -0.040170069494522898 -0.033523773038741038 -0.014929981898953032 0.0018948343250118145 0.012243096626873624 -0.029715181065847935 -0.044848732345999197 0.024681448286529774 0.037758384570197936 -0.018751486895968977 -0.047885339495748469 0.041235119700115071 0.085387461752473595 -0.0014036161441114917 -0.015981266669882959 -0.033272336317582668 -0.017770169822652036 -0.025508804960000284 0.12430375955063155 0.031766773885045285 -0.052981162538426843 -0.045170314044285259 0.091578433244176402 -0.020630750235007801 -0.0050670707640517315 0.074739539542853312 -0.034420480899291388 -0.037815285211437052 -0.0092314850888102675 -0.053249255481319563 0.064254623096692096 0.11132940975836465 0.050733936693472315 0.0072337219144366291 0.059610435104761939 -0.042468515258921674 0.053928774628060262 0.041940100161302375 -0.035403508668652051 0.089023367141166598 -0.0055280517818454998 0.065863584779246698 -0.037055521775818452 -0.025080585175259663 -0.052978906014125665 0.035787830713083689 -0.0320201327152684 0.060622441758118609 0.020307858670710818 -0.043715583337789993 -0.043780834385401757 0.05499902810404024 0.027376471467047497 0.042214826369393138 -0.041820872619203579 0.070970116302441946 0.02422787222937884 -0.0031269313462863602 0.046910387790137537
leaf_weight=128.3119269059971 1.3978508629224955 6.0419929632844269 2.6616506499121884 5.9003954399231571 1.4263819632178627 1.6219095527922016 20.751060166861862 1.9904710156261005 1.4479833319928745 2.0864396934484803 23.565459272358567 0.70130557056109122 4.7147725724644252 4.2824901342682979 5.7352488120959588 7.7738077698013512 2.4045958779315724 0.46915949822869141 0.92501621838891868 5.9442461216822267 1.0212220347602876 4.9389096062950557 2.7581985422148128 14.597742014375399 4.4643684680049764 2.407508126940229 3.262041167501593 13.604728178470394 3.1387998971913476 18.747569532482885 3.0144210129656135 1.212339769277605 4.3472686153836539 3.8410667460411787 3.7148912720440421 2.2970688515342772 2.4996636104187919 0.36088437307625998 1.9607214123680021 20.929166123270988 4.480809837434208 1.1844713241735014 7.2002925628912635 17.550912116130348 1.7488598084601119 1.7468924622371558 0.64896094454161346 3.1617869426554526 2.679606918580248 1.4925505917199213 18.183085144148208 5.0474155591800809 4.0683411457721377 30.243056706720381 2.7428896591736702 1.0359731812786774 1.5495469802990554 2.5197910105052865 0.97833549947245035 0.789629958104343 3.0570380283752456 0.46165424166247238
leaf_count=688061 747 54 1518 2897 300 546 99 1007 3265 68 117 392 1314 996 1462 730 384 1280 179 165 1407 301 140 11416 3026 253 1093 120 287 187 6329 2308 35 25 182 11 452 101 775 97 132 165 51 127 738 706 245 1302 43 519 196 127 1111 2610 212 10 12 1721 181 5 291 627
internal_value=-0.00897748 0.00628758 0.00894094 0.0124778 0.0177753 0.0398725 0.0135311 0.00664648 0.000723127 -0.0148068 0.0276265 0.0194666 0.0480592 0.0113135 0.0675723 0.0348126 0.0194927 0.0334865 0.0715948 -0.0588737 0.0259357 0.0870262 -0.0273357 -0.0180438 -0.00164546 0.0184508 0.0403638 0.00979335 0.0499558 -0.0143006 0.0233749 0.0648079 -0.00999917 0.00315335 0.0967249 0.00750299 -0.0318853 -0.0161551 0.00353068 0.0393217 0.0226769 -0.00224327 0.075228 -0.0209733 -0.0228115 0.00736782 0.0411125 -0.0106345 0.00985973 0.0487175 0.0544857 -0.00319097 -0.027268 -0.0397873 0.0145072 -0.0238165 0.00338971 -0.0397187 -0.0015113 -0.0477824 0.0284075 -0.00380645
internal_weight=455.845 327.533 315.546 281.28 238.996 37.1547 201.841 136.596 120.393 65.9975 65.2457 22.3746 16.2026 21.4258 14.7801 9.39572 54.3954 12.9986 5.10907 11.9862 40.3066 10.6742 44.5718 34.2666 15.3811 10.9167 7.2191 17.7648 4.16002 42.284 5.9855 2.61019 14.0887 9.74146 4.18405 7.01184 41.8136 3.37531 7.88951 44.4946 5.92879 9.07084 9.19076 36.2985 8.4272 4.14471 2.39782 12.9788 4.10599 22.5419 20.1373 9.81706 4.76965 32.7427 6.9844 3.69762 4.81159 18.8855 3.49813 15.3874 5.79993 1.9542
internal_count=745257 57196 56977 37742 27943 6314 21629 21316 18933 12436 313 4208 2383 8498 2106 1276 6497 5813 1641 219 3540 1763 3938 19235 5912 2886 1358 1814 1694 9799 9485 3055 2957 2922 1462 1325 3798 6430 4172 214 3397 736 1058 314 2685 1689 983 2932 343 1726 1342 1630 1503 3062 668 1528 1105 13323 1902 11421 503 1146
cat_boundaries=0 4 7 11
cat_threshold=536871808 17041408 1350697088 32850 640 16777216 1342177408 536871424 0 276824192 16
is_linear=0
shrinkage=0.05


Tree=36
num_leaves=63
num_cat=2
split_feature=1 1 12 19 13 13 11 21 9 5 9 11 7 5 11 5 9 5 11 4 13 10 3 6 10 12 11 8 8 11 10 13 2 13 9 1 1 7 6 10 1 2 6 12 3 6 12 9 13 12 12 12 8 9 8 8 12 12 13 11 4 4
split_gain=113.002 17.5563 16.2864 11.445 10.2037 9.60653 10.5313 9.19041 9.06964 8.84818 7.50531 6.81873 6.65449 6.23241 8.87473 10.5287 8.68583 5.99719 5.99635 5.48658 5.2711 7.10835 16.0709 5.51234 5.18756 6.58706 5.18196 5.54399 7.83079 4.67021 5.39767 4.62497 8.52218 4.55981 4.48595 13.9234 10.8046 4.39797 4.27802 4.19166 4.14701 3.86418 3.85587 4.10706 3.57954 3.53494 3.52664 3.50083 3.76399 3.49542 2.93252 6.68502 2.83335 2.80774 2.79648 2.97124 2.78559 2.67895 3.7811 2.63781 2.50476 2.46425
threshold=72.500000000000014 2717.5000000000005 0.13502654714336623 0 67.500000000000014 60.500000000000007 0.038793499442747299 1 0.70595420578654922 0.72743726861373925 0.99976076555023929 0.015523336818935633 1636.0000000000002 1.8429169420577221 0.031892655324190861 1.1549594808767683 0.71444879321591659 1.4287326668816513 0.016177966026589278 6213.5000000000009 24.500000000000004 4.5000000000000009 3518.5000000000005 1.1721582890022801 16.500000000000004 0.0050056277306836936 0.022018644430985057 1.339709653268448 1.294134032443061 0.039390087150529315 12.500000000000002 74.500000000000014 3190.0000000000005 1.5000000000000002 0.5192554874431482 1333.5000000000002 936.50000000000011 1945.5000000000002 1.4825096952549903 6.5000000000000009 1333.5000000000002 2173.5000000000005 1.7676883951278279 0.026680003361569841 4966.0000000000009 2.5723960012899072 0.039357368758373208 0.81375929682217729 82.500000000000014 0.064492346086301902 0.045536294381250182 0.031734106841437799 1.4546536796536798 0.79549678945589741 1.2416990020188716 1.0715269578905946 0.015725122597073374 0.034244899543090908 9.5000000000000018 0.032038135454058654 8373.5000000000018 438.50000000000006
decision_type=2 2 2 9 2 2 2 9 10 2 8 2 2 2 2 2 10 2 2 2 2 2 2 2 2 2 2 2 2 2 2 2 2 2 10 2 2 2 2 2 2 2 2 2 2 2 2 10 2 2 2 2 2 8 2 2 2 2 2 2 2 2
left_child=33 2 3 7 5 6 8 9 11 12 24 -5 49 14 20 16 29 42 -15 -18 21 22 57 -23 25 -9 27 28 60 30 -16 39 47 -1 35 54 -36 45 -3 46 52 -19 43 -6 -28 -12 -22 -33 -49 59 51 -41 -4 -7 55 -13 -17 -11 -59 -2 -10 -57
right_child=1 38 40 4 17 53 -8 10 26 13 37 34 -14 18 15 56 19 41 -20 -21 31 23 -24 -25 -26 -27 44 -29 -30 -31 -32 32 -34 -35 36 -37 -38 -39 -40 50 -42 -43 -44 -45 -46 -47 -48 48 -50 -51 -52 -53 -54 -55 -56 61 -58 58 -60 -61 -62 -63
leaf_value=0.0075686156539625619 0.091245711255323811 -0.070660348388918312 -0.049020078898322633 -0.042053246048710816 0.0047345378826699307 0.072387393239985207 -0.038419694670597304 0.049867416990459212 -0.019635728767743423 -0.02675000530132304 0.12718623589743294 -0.0098482291334563155 -0.013959048069185929 -0.0096932810990316108 -0.015474513203494073 0.020678957400908821 0.048198544810633251 0.053673006792036876 0.073941511933944201 -0.035039654884003832 0.039186952668823889 0.03329526208546698 0.17898073300622275 -0.021902078494823018 0.018557592841962539 -0.046245065811015014 -0.039397167370754438 -0.023707993644099763 0.11784525603695545 0.096777779759816204 0.059089495843962704 -0.05264947765729288 0.050190826404111037 -0.049591921379253272 -0.028389687253687474 -0.034759479531298904 0.063473084805928601 -0.024124023990424577 -0.012372043715933524 0.062821440368324502 -0.0052842331660192471 -0.036121346471017661 0.030315760106170632 -0.062314166425258756 0.011937454439247014 -0.013323338735654236 -0.039774411205548407 -0.033312230257644397 0.060754894018579211 -0.022711771949723594 0.063408668769026719 0.0091891179407092606 0.015344615644166469 0.0057773760476359636 -0.012593677659094539 0.12297243769600917 -0.049097502247541856 0.083953918648058012 -0.023855015477199745 -0.014746537646589864 0.051843256463130975 0.044109632406832265
leaf_weight=3.3394682278158134 2.2429346950229991 7.0496468441560847 13.188904768627255 2.7071828809421268 2.6006809420214276 5.8010526116850061 12.519699064112499 1.1969721730565712 3.0928345005231699 2.389514667636834 0.89845988759770878 1.2357807766529756 18.77752617985243 2.2699498703295822 3.9142973563866743 1.1312383729382398 1.7362632021540756 2.2791799116239413 13.221541872801025 6.516249654116109 1.7113610365049674 6.0820985975733519 0.94548187262262207 11.528334101196377 5.2587385648512273 13.909356682503129 13.625984154175969 4.1592770774732344 1.399319855001522 2.9674940450640852 4.2237946450768504 3.670708998150074 6.3906209319829941 118.90330807198188 3.3435640526004162 8.2248989130021055 15.711246256250886 0.58773529803147528 6.0049708182923496 10.852326974156314 15.808015743357826 1.0332600101828573 0.95904218006762754 12.153240216226548 3.9110468916478558 0.35774922162818257 1.9589161226031135 1.2152297720895151 1.1372724934190044 0.69912114043836471 28.877906354740844 12.191163597861303 1.4778418975329248 2.3022207966714641 1.3525983414147038 1.0022520380589393 7.7723643320787232 0.80520691948186118 0.85543461788620334 0.41089079726953048 0.75101021584123362 7.386930206004763
leaf_count=8868 1001 144 16835 1100 139 564 7787 43 1851 769 191 820 188 215 277 120 1064 366 1030 46 457 148 62 215 38 1653 5987 414 200 390 39 347 31 678980 1793 41 121 5 87 105 163 6 193 1720 34 231 935 165 143 698 456 155 651 456 149 390 975 288 507 673 6 1475
internal_value=-0.00712755 0.00811524 0.0105116 0.0142249 0.000252608 0.0074903 0.00195515 0.021382 0.00984875 0.0258811 -0.00839272 0.0244343 -0.00171062 0.0323166 0.0279851 0.00336542 0.0238287 -0.0319912 0.0618419 -0.0142105 0.0355435 0.0138198 0.0608487 -0.0020739 -0.0217074 -0.0360061 -0.0124108 0.0164235 0.0469571 0.0509344 0.0254566 0.0424598 0.0135 -0.0479816 0.0300905 0.0120712 0.046742 0.0650736 -0.0466364 0.0485738 -0.0237122 0.0237822 -0.0444682 -0.0509451 -0.0279223 0.0990016 -0.00244936 -0.0270325 0.0167205 0.0543329 0.0521587 0.0360096 -0.0419691 0.0561763 0.0471315 0.05592 -0.0390393 0.00329163 0.0403259 0.0752904 0.00214959 0.0656251
internal_weight=452.029 329.786 316.731 286.257 107.552 88.5269 80.4236 178.704 67.9039 156.495 22.209 40.9645 22.1305 134.365 118.873 28.2617 19.3581 19.0254 15.4915 8.25251 90.6116 22.6061 4.99564 17.6104 20.3651 15.1063 26.9395 9.40244 5.24316 11.1056 8.13809 68.0055 12.4138 122.243 38.2573 19.2025 19.0548 1.84394 13.0546 55.5917 30.4748 3.31244 15.713 14.7539 17.537 1.25621 3.67028 6.02321 2.3525 3.35295 51.9214 23.0435 14.6667 8.10327 10.9776 9.62496 8.9036 4.05016 1.66064 2.65383 3.84384 8.38918
internal_count=745000 57152 56921 39272 25612 23188 22168 13660 14381 11499 2161 5889 2560 8939 7694 2911 1816 2424 1245 1110 4783 1989 1626 363 1734 1696 8492 2471 2057 706 316 2794 686 687848 4789 2875 1914 427 231 2108 17649 372 2052 1859 6021 422 1392 655 308 2372 716 260 17486 1020 2834 2685 1095 1564 795 1674 1857 1865
cat_boundaries=0 1 3
cat_threshold=108704 538050679 131072
is_linear=0
shrinkage=0.05


Tree=37
num_leaves=63
num_cat=4
split_feature=0 17 12 2 2 21 21 0 7 12 11 2 11 6 10 9 7 20 12 11 6 9 11 7 4 10 11 12 11 6 0 9 0 4 10 6 10 0 6 0 10 0 7 9 12 9 9 0 0 11 11 11 11 7 9 11 7 11 1 6 8 1
split_gain=102.679 14.0791 12.9185 11.553 11.2532 9.16059 7.00497 6.46086 6.42884 5.4694 5.39887 5.8624 4.94937 4.56105 4.5294 5.70124 7.87002 5.6987 4.08999 7.65918 4.55041 5.64735 4.00899 3.91765 5.89747 3.80897 3.74995 3.1972 4.99679 3.14097 3.26538 3.10394 3.6757 2.89671 2.87938 13.629 2.69313 2.66259 2.6432 2.55523 6.89653 5.05561 4.11435 3.22286 2.57031 2.49937 2.30145 2.82726 1.95194 1.8673 1.6697 1.74375 6.31137 1.63331 1.4811 1.43508 1.32323 1.26437 1.18106 1.17425 0.996165 0.939063
threshold=52.500000000000007 0 0.064492346086301902 2395.5000000000005 2741.5000000000005 1 2 790.00000000000011 3376.0000000000005 0.039357368758373208 0.032859209103860032 800.50000000000011 0.016087950954144087 1.2500816459830177 8.5000000000000018 0.77784748361912748 1507.5000000000002 3 0.01944874238406941 0.031892655324190861 2.0005154639175262 0.35913542069320969 0.032038135454058654 1338.5000000000002 3122.5000000000005 2.5000000000000004 0.015941238779676199 0.035319885133315694 0.024164245596953803 0.97305078591067085 385.50000000000006 0.75724789915966395 721.50000000000011 5041.5000000000009 3.5000000000000004 2.9978292329956591 5.5000000000000009 690.50000000000011 1.0588672102504371 326.50000000000006 4.5000000000000009 525.50000000000011 1207.5000000000002 0.99976076555023929 0.028608894579665926 0.79549678945589741 0.6800243309002435 355.50000000000006 86.500000000000014 0.047440678147333014 0.016411622287705544 0.024090357611571276 0.024922082076218693 1338.5000000000002 0.73916228698837405 0.024455595899424153 2592.0000000000005 0.032710533887625508 725.50000000000011 2.0005154639175262 1.3283205186190263 414.50000000000006
decision_type=2 9 2 2 2 9 9 2 2 2 2 2 2 2 2 10 2 1 2 2 2 10 2 2 2 2 2 2 2 2 2 8 2 2 2 2 2 2 2 2 2 2 2 10 2 8 10 2 2 2 2 2 2 2 10 2 2 2 2 2 2 2
left_child=34 3 6 14 -5 7 8 55 10 -7 11 25 13 -13 17 16 29 18 20 39 21 -2 54 24 -4 57 -27 31 -29 49 -31 53 -33 59 -1 -36 48 -30 -26 40 43 58 44 -20 -42 -43 47 -19 -28 -16 -22 -52 -53 -14 -9 -6 -8 -3 -41 -17 61 -46
right_child=1 2 23 4 5 9 56 22 -10 -11 -12 12 27 -15 15 33 -18 46 19 -21 50 -23 -24 -25 38 26 36 28 37 30 -32 32 -34 -35 35 -37 -38 -39 -40 41 42 45 -44 -45 60 -47 -48 -49 -50 -51 51 52 -54 -55 -56 -57 -58 -59 -60 -61 -62 -63
leaf_value=-0.048707372113905863 0.076596328498863206 -0.025843026068588112 -0.038549693848339381 -0.01992532727407902 -0.0077806265630271185 0.0089072894849723319 -0.050202270894250695 0.045112920303037873 -0.038897673572968541 -0.026078061528174091 -0.03889975131053048 0.0042072328592377018 0.0034450526139079597 0.085749799709371674 -0.036166015907435317 0.10443242514855409 0.061890393811107537 -0.032532684898397245 -0.034083453771636123 -0.041348403893394101 0.0066585479606687398 -0.03842849931870785 0.0069574273015625384 -0.059836532412871103 -0.015844509531947638 -0.015393923251280198 -0.0072731659420942106 -0.01934231574772402 0.087760180783616193 -0.03187962687192563 0.03188251808963246 -0.022226195223750609 0.055796380509667245 0.017852750360004097 -0.041074943928635005 0.13662513408786012 -0.010565641114950656 0.010024897494322933 0.092912451792677764 0.0088610694495673478 -0.0096025562169413659 0.056528177581520692 -0.015953165978267719 0.057671941601354894 0.018704227021142529 0.004610717278988403 -0.044060343538899698 0.038112660197456474 0.12968269540447594 0.023951609684694675 0.11442101159281165 -0.030839055685016072 0.069922076353455292 -0.040534032873542909 0.024732373531964787 0.012747776163826708 0.012191361952537817 0.040638873924209985 -0.033597925401973303 0.024000087953768463 0.015346888233672702 0.15525845359763188
leaf_weight=114.20783558006224 0.54970236068766043 1.0592699050903345 3.2768963802809621 34.274054805049673 15.664210510178235 20.986774418277491 9.4978504185855819 27.981099675875157 4.2936269268393508 21.990469973286963 2.6047817221697178 3.1032310558366616 2.820766869612271 3.1580278660840122 4.2443262778542765 4.6852584878652106 9.6973469192162138 1.783243992045753 2.1104072300659094 3.9643498701916533 1.3133673278789491 2.4334134886885295 14.692330933277843 14.477469319310329 0.45499111343815435 0.43291183780820608 0.1700524588814013 2.872883019867003 2.0837026450317353 1.6306002125784278 9.5507397899054904 2.1000184753647781 2.1708401245996356 2.2475719559879508 4.5978719332051687 0.3392663267586612 0.26130915721296322 2.1674584429711103 0.71245509436994325 1.9835149737482414 0.23506030827411528 5.2485737562528785 0.45376767814741459 0.39272434615122609 0.45456818155071266 3.9903496108890986 5.6016105324379168 1.8958210846758445 2.5797356231923914 0.94527079176623363 1.8237672508257654 1.4014074348815482 5.5695025131426519 5.9504423448233865 20.051594556658529 16.481959844357334 0.54705444723367769 0.10127699738950457 3.6957191003020853 1.2771902957174459 0.45672454203304358 1.3503062629606573
leaf_count=674571 75 1643 9121 255 100 142 3198 160 22 155 2640 122 258 113 548 472 130 1672 3962 3379 118 599 92 386 459 387 637 176 237 652 155 226 20 109 27460 342 217 17 140 223 89 109 84 770 778 139 2931 69 1090 45 162 142 710 92 177 103 3 46 293 18 179 154
internal_value=-0.00768012 0.0070965 -0.0122806 0.0122474 0.0053367 0.011716 -3.43545e-05 0.0191785 0.0103509 -0.00747916 0.0205673 0.0266174 0.0160692 0.0514805 0.0281844 0.0418917 0.0285024 0.0174576 0.0227953 0.0155255 0.0504258 -0.00332388 0.0304002 -0.0479342 -0.00529325 0.0734888 0.0945847 0.00316177 0.0279995 0.00630061 0.0207302 -0.0114333 0.0204938 0.0766943 -0.0470966 -0.00790866 0.110292 0.0575834 0.0627719 0.0280101 0.0548106 0.015385 0.0960442 -0.0073341 0.115141 0.036745 -0.0133648 0.00423611 0.121532 -0.0231152 0.0651598 0.0723244 0.0483378 -0.0274855 0.0372828 0.00281173 -0.0241462 -0.00391711 -0.0196623 0.093125 0.127075 0.139796
internal_weight=439.151 320.006 66.8971 253.109 172.122 137.848 47.9752 94.8712 37.9303 42.9772 33.6367 31.0319 26.4274 6.26126 80.9862 34.2783 26.0683 46.7079 37.4272 24.3361 13.0912 2.98312 62.725 18.9218 4.44434 4.60456 3.44401 20.1661 7.12404 16.3709 11.1813 13.0421 4.27086 8.21002 119.145 4.93714 3.0111 4.25116 1.16745 20.3717 5.45356 14.9182 2.95043 2.50313 2.49666 9.23892 9.28068 3.67907 2.74979 5.1896 10.108 8.79468 6.97091 8.77121 48.0327 32.1462 10.0449 1.16055 5.67923 5.96245 2.2616 1.80487
internal_count=743573 41200 21250 19950 1184 929 11144 632 7943 297 7921 5281 1261 235 18766 2129 1530 16637 11965 10159 1806 674 429 10106 9720 4020 2331 1026 430 1400 807 596 246 599 702373 27802 1944 254 599 6780 6016 764 1284 4732 1200 248 4672 1741 1727 593 1132 1014 852 350 337 203 3201 1689 516 490 1111 932
cat_boundaries=0 4 6 8 9
cat_threshold=896 17041408 1350582400 32834 1572902 131072 591878 33024 20
is_linear=0
shrinkage=0.05


Tree=38
num_leaves=63
num_cat=3
split_feature=0 5 19 16 8 10 2 2 13 9 8 16 5 4 13 9 10 16 16 21 15 9 12 12 8 12 9 10 21 12 15 8 9 12 16 12 15 10 13 6 10 6 12 12 12 16 10 13 8 15 6 6 9 8 7 4 7 16 5 0 12 12
split_gain=102.754 12.0062 12.8718 10.2682 7.71448 6.99982 103.821 11.5371 12.0154 6.26859 9.39652 5.69376 5.35944 7.04877 5.04364 9.1561 6.4405 5.93652 4.92918 4.8894 4.83117 4.70258 4.16222 5.59803 3.70687 7.03507 4.23909 5.69971 5.76263 4.2984 3.81684 3.55361 3.43781 3.15754 3.2736 2.76908 2.76417 2.69353 2.68416 5.9854 4.73526 2.67277 2.46895 5.80256 6.02898 2.44943 3.16599 2.43475 2.4125 2.08842 2.60419 2.26183 2.01808 1.91572 1.91225 3.24856 1.82173 1.77488 9.03691 1.79961 1.76318 1.75839
threshold=86.500000000000014 0.70598618970977645 0 43.500000000000007 1.4375188593844299 4.5000000000000009 2395.5000000000005 2395.5000000000005 29.500000000000004 0.65386992488352202 1.3332101047443008 20.500000000000004 1.8429169420577221 3390.0000000000005 4.5000000000000009 0.81823556813702669 1.5000000000000002 12.500000000000002 29.500000000000004 1 1203.5000000000002 0.86673293571901933 0.026680003361569841 0.053290935992391826 1.1980981373199111 0.023804706893023778 0.89477666925543153 18.500000000000004 2 0.025607531421540711 1455.0000000000002 1.2000986193293888 0.44455046649703139 0.064492346086301902 1.5000000000000002 0.025000001765398575 1745.5000000000002 1.5000000000000002 11.500000000000002 2.7699657030867226 4.5000000000000009 1.4406878202601499 0.047741083324146623 0.033355570668606234 0.039357368758373208 28.500000000000004 10.500000000000002 41.500000000000007 1.339709653268448 3332.5000000000005 0.96555214295686176 0.83341806473479085 0.63163009564728156 1.3576555592527455 1422.5000000000002 1088.5000000000002 1145.5000000000002 20.500000000000004 1.0911648126838001 265.50000000000006 0.20790077657975989 0.042318307653190008
decision_type=2 2 9 2 2 2 2 2 2 10 2 2 2 2 2 10 2 2 2 9 2 10 2 2 2 2 8 2 9 2 2 2 10 2 2 2 2 2 2 2 2 2 2 2 2 2 2 2 2 2 2 2 10 2 2 2 2 2 2 2 2 2
left_child=14 4 3 33 42 6 19 12 18 36 -11 -12 24 20 15 16 -1 -18 -9 22 -14 -6 37 -24 25 -7 27 28 29 -26 -27 -25 -5 38 -35 -19 -10 -4 39 40 -3 -33 43 -2 -45 -44 53 -28 -43 50 51 -40 56 60 55 -34 -31 -39 -59 -60 -47 -49
right_child=1 2 5 32 21 7 -8 8 9 10 11 -13 13 -15 -16 -17 17 35 -20 -21 -22 -23 23 31 26 30 47 -29 -30 52 -32 41 54 34 -36 -37 -38 57 49 -41 -42 48 45 44 -46 46 -48 61 -50 -51 -52 -53 -54 -55 -56 -57 -58 58 59 -61 -62 -63
leaf_value=-0.012738810720206448 -0.040481569189157948 -0.024310143526022232 -0.021627366800494732 -0.033739806222347866 -0.011337365333982845 -0.027027369173620249 0.41757637172479045 -0.030948793209307563 0.015101732906885443 -0.029112491640524901 0.03011008569207322 -0.0074946792661763559 0.045754136307569769 -0.011934125862150393 -0.049549131362231991 -0.042731532878781828 -0.016055370511026446 0.17648287830870646 0.0011583958957902952 -0.014559867379826778 0.13515851081586691 0.060570939096615053 -0.028034165055839961 -0.011839072489225715 0.061907697608264756 0.070782999315842518 -0.0075553675015205702 0.064393141075913832 -0.018975933388669097 -0.018124654702755965 -0.00062987506607232774 -0.014306413937131083 0.051256956984170467 0.026178339728812623 -0.062303275843471367 -0.0067414324663369225 0.039414186043990967 0.070624623397606889 -0.031901396339593407 -0.031515856195237689 0.086587637390745098 0.11287319462648181 -0.059768649809858923 0.079359238925971409 -0.014801690381593326 -0.056366525119637446 0.011088431490677826 0.085850757267329547 -0.010883352650304014 0.019929681302684583 -0.044726614533862688 0.035908821268987992 -0.027365235826259455 0.012014700277215596 0.054465660938787214 -0.034367459230000598 0.037348432663043628 0.10395229530247943 0.022303461208752519 -0.038743897948641165 0.010166358030236656 0.016692423101503335
leaf_weight=1.6826520698377847 5.6989023412825208 0.90555870693061224 0.7419784854719208 1.127448993123833 4.0537345088814609 2.3117427970573763 0.71008163089572818 23.29057477414608 25.049808066338301 15.099885199218987 25.265655614435673 15.779793506488202 6.2204346291255188 2.2631867209274779 108.00396840528992 5.8643076592998113 0.4717483671265652 0.54496090045722667 23.400011755526066 6.6902022009162527 2.2974560225848109 3.5119137949077412 5.0084231689397694 1.426019822174567 4.5481286618742214 9.9423637080035387 1.2885217686125532 2.5324863572022869 13.157916357115026 1.4786430683161595 2.235847719886805 0.39930686453590203 0.91822766176483162 0.62818578304722805 8.182745654936296 0.15578261492191814 24.821297943592072 6.8997139886778296 1.2974519814742937 3.5433879623305984 1.8896235892025286 1.3732083939394213 7.7544614977377959 1.9401377027534179 3.4317780741985189 6.0580556968779984 4.3038181133742901 2.5265943250560667 0.2755220902909058 1.3388318773359067 11.255379334776078 1.6724335533217525 2.4764855413523037 1.1779341988585654 5.4143382507609203 1.62485443794867 3.4979427393700462 1.2354300549050092 1.0419689257832945 2.5429584628436714 0.83780308166751627 2.0427393011341337
leaf_count=6155 644 630 373 137 113 151 144 127 131 82 159 130 418 44 684286 25889 881 690 108 3249 59 116 1868 1470 96 1316 302 112 1226 262 197 649 559 79 2151 634 140 550 337 724 87 688 1065 190 253 609 77 101 186 18 1154 257 224 63 62 515 77 304 391 132 322 413
internal_value=-0.0066927 0.00803972 0.0116616 -0.0130312 -0.0177245 0.0156854 0.0393331 0.0130845 0.00575132 0.0150212 0.00343675 0.0158186 0.0317082 0.0625665 -0.0466119 -0.00887479 0.0537112 0.111042 -0.0151707 0.0153706 0.0815353 0.0252164 0.021841 0.00388165 0.0236483 0.0440923 0.013798 0.00489525 -0.00332639 0.0161471 0.0586191 0.0458753 0.028329 -0.0298817 -0.0539696 0.155736 0.0277392 0.049093 -0.0182584 0.00827035 0.0537211 0.0767611 -0.0285959 -0.00857049 0.0263232 -0.0386814 -0.0219902 0.0490329 0.0958911 -0.0289094 -0.034513 0.005711 0.00330433 -0.0389018 0.0399082 0.0022898 0.0205914 0.0549185 0.0241657 -0.0200058 -0.0480194 0.0634818
internal_weight=435.163 318.439 279.671 39.7985 38.7685 239.872 28.3448 211.528 152.707 106.016 56.1453 41.0454 58.8205 10.7811 116.723 8.71945 2.85514 1.17249 46.6906 27.6347 8.51789 7.56565 20.9445 8.48248 48.0394 14.49 33.5495 27.6916 25.1591 12.0012 12.1782 3.47406 9.08487 30.7136 8.81093 0.700744 49.8711 12.462 21.9027 6.33857 2.79518 2.04804 31.2029 11.0708 5.37192 20.1321 12.3776 5.85786 1.64873 15.5641 14.2253 2.96989 7.45307 8.07379 7.95742 2.54308 4.97659 11.7201 4.82036 3.58493 6.89586 4.56933
internal_count=744576 26041 22589 6710 3452 15879 10004 5875 877 642 371 289 4998 521 718535 34249 8360 2205 235 9860 477 229 6611 4861 4477 1664 2813 1997 1885 659 1513 2993 1273 5437 2230 1324 271 1750 3207 1441 717 1523 3223 1087 443 2136 1071 816 874 1766 1748 594 563 994 1136 1074 339 1377 827 523 931 514
cat_boundaries=0 1 3 5
cat_threshold=414472 18874418 32768 542769153 32768
is_linear=0
shrinkage=0.05


Tree=39
num_leaves=63
num_cat=2
split_feature=0 1 17 2 13 11 13 10 21 12 13 10 10 3 11 10 8 5 12 0 12 12 12 0 0 11 8 9 11 9 5 0 9 10 2 7 13 5 11 8 5 7 4 5 12 9 4 11 13 10 11 11 9 12 8 8 3 8 12 5 0 8
split_gain=92.8515 12.5578 11.4531 12.9009 15.1834 11.3079 7.97239 8.02837 7.93798 10.0297 7.01837 6.79216 14.276 16.8434 8.2604 7.42868 6.78466 6.08011 5.98055 7.10097 5.77534 5.69146 5.41454 5.40944 4.67369 4.54135 4.22116 4.16207 4.00558 3.96032 3.45802 3.35274 3.30771 3.3035 5.62448 4.43106 4.08762 3.29812 3.21781 4.14006 3.1833 3.16135 3.99726 4.51738 2.99521 2.97748 2.84043 2.82096 2.78539 4.02836 2.74015 2.63195 2.63174 2.51832 3.31588 3.84362 2.47317 2.38247 2.37275 2.23696 2.2453 2.36888
threshold=52.500000000000007 2717.5000000000005 0 4316.5000000000009 66.500000000000014 0.032276553101837642 54.500000000000007 9.5000000000000018 1 0.045536294381250182 11.500000000000002 9.5000000000000018 4.5000000000000009 4107.5000000000009 0.023829978727422506 6.5000000000000009 1.1667323869610937 1.4287326668816513 0.026680003361569841 827.50000000000011 0.026680003361569841 0.03742350405782769 0.013151387499121871 690.50000000000011 602.50000000000011 0.02922308950668626 1.4243514279485505 0.99976076555023929 0.014873050767928364 0.48098168738026453 1.4547727272727276 750.50000000000011 0.37539808917197459 14.500000000000002 3190.0000000000005 1266.5000000000002 67.500000000000014 1.778156350558395 0.016177966026589278 1.4727960207052735 2.1341907824222939 1784.0000000000002 4301.0000000000009 0.83418947516310615 0.059239465091469663 0.63163009564728156 2643.5000000000005 0.032038135454058654 1.5000000000000002 1.5000000000000002 0.030805084600367332 0.024164245596953803 0.61396735080945619 0.053290935992391826 1.2400142450142453 1.339709653268448 1841.5000000000002 1.3283205186190263 0.023804706893023778 0.43039455178029468 1526.0000000000002 1.4286197237515699
decision_type=2 2 9 2 2 2 2 2 9 2 2 2 2 2 2 2 2 2 2 2 2 2 2 2 2 2 2 10 2 10 2 2 10 2 2 2 2 2 2 2 2 2 2 2 2 10 2 2 2 2 2 2 10 2 2 2 2 2 2 2 2 2
left_child=48 2 3 4 5 11 18 -8 9 10 30 12 13 14 22 46 -17 26 19 -7 23 58 -2 37 -18 -19 28 59 32 -13 -4 50 -6 41 35 36 -35 38 39 -10 -39 42 -22 57 -3 -42 56 -30 49 -1 -28 -31 -49 -24 -55 -56 -14 -44 -12 -11 61 -61
right_child=1 44 8 -5 17 6 7 -9 20 27 21 29 15 -15 -16 16 24 25 -20 -21 33 -23 53 -25 -26 -27 31 -29 47 51 -32 -33 -34 34 -36 -37 -38 40 -40 -41 45 -43 43 -45 -46 -47 -48 52 -50 -51 -52 -53 -54 54 55 -57 -58 -59 -60 60 -62 -63
leaf_value=-0.034503844567482893 0.10169619281912577 -0.010550732543637024 0.10466126803267971 0.051694823094240061 -0.041726426194007349 -0.014832260327053003 0.099034748463478386 -0.003330319227929421 0.051175729618765535 0.027517899124346535 -0.023502639058489854 0.01395483108330741 -0.02137950162493504 0.2062651501773492 -0.017203808397013989 0.063994959907215029 -0.037451908658203574 -0.0090395482706324918 -0.039062885190350553 0.091271140024322975 -0.024325442705221099 0.060482525715936819 -0.012759327684873643 0.041424199058475913 0.01974702333474472 0.06642844965753851 -0.045652557933337411 0.051445612236413266 -0.060668410007487288 0.074242465277286313 0.020073377082472577 0.035306958952507343 0.031354360091964024 -0.031723690170494194 0.030901412590959111 -0.044999306010755608 0.059861924097209862 0.065983888995829826 -0.037459596288927713 -0.038672470613181631 0.04027302057274823 -0.034345276956855644 0.090926050053851404 -0.0086988715610117045 -0.059746176193794666 -0.028424885417491903 -0.036317111693150037 0.020549118129544418 -0.049537333335364551 0.058073860911068524 0.024100531437465822 0.03690840769911502 -0.036837680094944023 -0.020562988537196548 0.11768510139070405 -0.016100473079391924 0.05490345439173025 -0.0018727251204978146 0.015306637871027285 -0.055114165460220799 0.027156636976427125 0.0044604750316710618
leaf_weight=2.2234858897281806 3.5842882538709038 5.6710520533524669 3.4803316161705906 21.644712918146979 1.476918334083172 4.5703464693360791 2.087078413940616 4.8833953721041325 2.0838248815707696 0.79300619526474925 5.0350403620977913 8.0985526265139907 1.4269727153441629 0.75092813733499575 4.4444203176535675 4.9490648362407255 4.4349336358718565 4.1021421106561311 14.619062793150077 1.2485763151198623 14.713324148920949 4.7243763432925325 2.5731755639280891 7.4325169257353982 9.4149336984846723 2.535019275121158 2.9104676537826872 0.87041085246892258 11.349418545796654 11.712876259727638 2.4405723407689948 3.7533407658338547 3.1559627334354445 1.36921522303601 7.3739228397607794 6.5613061767653562 1.6978051837941164 1.5116475874237938 8.281574794003971 1.2717549170047275 1.5295012485439654 33.636311198642943 1.3741825138422421 5.3316627042950131 7.4927602608586312 3.201729885302484 12.117246114183216 2.3288224338175487 105.25641117653868 0.8492935481481253 1.4223758513981009 14.048991978386765 4.5275407635053853 0.68831921293167386 0.76902629878895801 0.46320408707833849 1.016506429412402 0.92005007414263662 10.35631252103485 7.3268752004223607 0.58918339014053422 1.9089992565423015
leaf_count=7543 393 119 297 112 127 1292 426 132 259 67 156 194 637 112 2416 124 446 290 2645 9 16241 183 1224 54 56 123 231 262 834 126 296 18 229 115 34 78 120 302 2539 55 172 296 251 233 110 933 398 192 693863 1252 91 124 348 1478 578 325 55 55 254 1892 4 83
internal_value=-0.00845918 0.00526292 0.00739198 0.0155953 0.0109723 0.0204601 -0.0070888 0.0358993 -0.00361721 0.0135798 0.0338871 0.0298125 0.0168641 0.0587119 0.0352645 -0.00101076 0.0193357 -0.0161064 -0.0227408 0.0179807 -0.0108886 0.0179114 0.062847 0.00835168 0.000142446 0.0247088 -0.0253658 -0.0205976 -0.0359702 0.04665 0.0777328 0.00524793 0.00478522 -0.0190568 0.000269304 -0.0238907 0.0212282 -0.00686207 -0.0219766 0.0160628 0.0204567 -0.0248287 -0.00964182 0.0182243 -0.0407937 -0.00306444 -0.0268339 -0.0460506 -0.0481801 -0.000939663 -0.0225288 0.0560226 -0.0172112 0.0189892 0.0513304 0.0827109 0.0170832 0.0644397 0.00195149 -0.030423 -0.0372096 -0.0435677
internal_weight=424.417 316.088 302.924 167.109 145.464 107.902 27.4085 6.97047 135.815 37.5251 26.0366 80.4934 46.633 13.2734 12.5224 33.3597 18.7989 37.562 20.438 5.81892 98.2903 20.1157 8.07801 25.3126 13.8499 6.63716 30.9248 11.4885 22.8387 33.8604 5.9209 8.08618 4.63288 72.9778 17.0022 9.62833 3.06702 17.88 11.6372 3.35558 6.24288 55.9755 22.3392 7.6259 13.1638 4.73123 14.5607 18.2058 108.329 3.07278 4.33284 25.7619 6.85636 4.49373 1.92055 1.23223 2.44348 2.29423 15.3914 10.6181 9.82506 9.23587
internal_count=743903 41245 41016 15785 15673 13190 4504 558 25231 3494 1186 8686 8242 6526 6414 1716 626 2483 3946 1301 21737 593 3998 4314 502 413 2070 2308 1730 444 593 340 356 17423 347 313 235 4260 2853 314 1407 17076 16780 539 229 1105 1090 1374 702658 8795 322 250 540 3605 2381 903 692 306 410 2046 1979 1975
cat_boundaries=0 4 6
cat_threshold=896 17039360 1082130432 32848 541591824 164096
is_linear=0
shrinkage=0.05


Tree=40
num_leaves=63
num_cat=4
split_feature=0 1 12 8 17 16 21 22 13 10 8 2 19 5 16 16 1 8 2 11 5 16 13 10 10 0 10 2 8 8 5 3 13 10 5 2 12 16 11 11 16 16 12 5 11 10 8 12 8 16 16 12 13 11 2 5 8 0 2 16 8 3
split_gain=86.7965 12.4645 14.049 7.83664 7.13391 8.77328 10.5961 9.73167 11.2153 8.45965 7.04748 7.63979 7.25874 9.14795 6.4391 6.25981 7.33045 6.03913 12.1574 8.05096 6.85569 5.81611 5.79851 11.7295 5.69371 5.99533 5.42161 5.40813 5.19303 5.04161 4.55308 5.47306 4.51961 4.2466 7.84619 5.28107 4.87075 4.13248 5.91405 4.03805 3.81652 3.78103 3.55938 3.61642 3.33416 3.33018 3.32123 3.88562 3.06139 3.0358 3.01853 3.10145 2.86127 4.62025 4.51753 2.76766 6.96236 5.68996 2.60282 2.53697 2.53598 2.52572
threshold=52.500000000000007 2717.5000000000005 0.13190443947647104 1.3283205186190263 0 20.500000000000004 1 2 79.500000000000014 14.500000000000002 1.339709653268448 4316.5000000000009 3 2.6687965921192762 47.500000000000007 46.500000000000007 1333.5000000000002 1.2088017346638038 2395.5000000000005 0.031892655324190861 1.0256801051238089 30.500000000000004 4.5000000000000009 3.5000000000000004 22.500000000000004 102.50000000000001 2.5000000000000004 4316.5000000000009 1.2416990020188716 1.257212205270458 1.8004149377593364 905.50000000000011 48.500000000000007 7.5000000000000009 1.1111665281241343 601.50000000000011 0.044460196184112184 40.500000000000007 0.03109322092495859 0.047830508244023101 1.5000000000000002 9.5000000000000018 0.046616209398076432 1.060304208961832 0.016087950954144087 8.5000000000000018 1.3283205186190263 0.041295148686813006 1.1690446145078566 6.5000000000000009 45.500000000000007 0.0050056277306836936 11.500000000000002 0.031892655324190861 2395.5000000000005 1.3670176931532108 1.3576555592527455 690.50000000000011 2173.5000000000005 44.500000000000007 1.3249548736462096 4966.0000000000009
decision_type=2 2 2 2 9 2 9 9 2 2 2 2 9 2 2 2 2 2 2 2 2 2 2 2 2 2 2 2 2 2 2 2 2 2 2 2 2 2 2 2 2 2 2 2 2 2 2 2 2 2 2 2 2 2 2 2 2 2 2 2 2 2
left_child=22 2 4 -3 5 7 21 8 24 10 12 15 17 52 40 -12 58 18 37 20 32 -7 23 -1 25 26 -2 39 -16 59 49 -32 -19 34 42 -36 -35 38 -8 -9 -4 -41 43 -27 -11 61 47 -23 -40 -6 51 -51 53 -14 -55 56 -37 -57 -17 -21 -52 -22
right_child=1 3 14 -5 30 6 9 27 -10 44 11 -13 13 -15 28 16 -18 19 -20 29 45 46 -24 -25 -26 33 -28 -29 -30 -31 31 -33 -34 36 35 55 -38 -39 48 41 -42 -43 -44 -45 -46 -47 -48 -49 -50 50 60 -53 -54 54 -56 57 -58 -59 -60 -61 -62 -63
leaf_value=-0.0258234392703037 -0.014111662741790394 -0.075423369534017543 0.028707412784246329 0.00080471503074069559 0.018019187894089583 -0.012883135147602105 -0.041154316775189353 -0.039624271848352065 -0.033506457519682224 0.0040033218848722829 -0.043217213522070634 0.03765634433239709 -0.036644389531223343 0.05358642739220796 -0.045728403851917877 0.0035166895710935587 -0.043310391250477975 0.1106600768362833 -0.038129028455496927 0.067079953298973302 0.002341036014187036 0.1225986766266797 -0.049489646090494561 0.13202880921163052 -0.026280519826381396 0.027188320949962642 0.15923734288858571 0.040017037448926214 0.031076048291128588 -0.036091696525154399 -0.025022566859631321 0.055652846056045528 0.017420891514934738 0.029620549060599483 -0.010510942185619751 0.1213996450447945 0.061568795769842637 0.059822167392452913 -0.018883467393619988 -0.028643387013735613 -0.046832847422755869 0.071625400439869702 -0.046967796427339725 -0.041231479840161435 0.043182473411071953 -0.031127817709515771 0.036221017229683204 0.026973100064857803 0.086940656164649605 0.039581017786594799 -0.025419964054172989 -0.037676314543977636 -0.044612581714074978 -0.021157166192565986 0.073029636034243742 -0.014541333361366308 0.008299635205800876 0.062155721164930212 0.11624729154258462 -0.023806458662438353 0.057836125778614869 0.057620407560823594
leaf_weight=7.2641862393938927 0.3927513498783799 6.3640006724599498 1.1794595450919647 6.1804944294490269 3.526962796488081 2.1264218907017485 2.846261289771066 12.006141043355457 5.1445968199550398 9.4282858467922797 24.092672996441259 3.3272856890689573 4.5667364836845135 2.6688746902073026 2.120713962838634 0.81849109471659109 1.3261898197233675 4.6729945976403604 10.88336834165966 1.4906759938021417 3.7379535246727738 3.8796774911752419 95.632752035409794 0.37293476199556597 2.7046069917269042 5.7382940998650174 0.90405977079353761 2.5919799506664267 6.6353443680418422 4.9681808947061654 2.9012187469488699 3.8934790821804199 2.2418612952315016 28.348922335804673 3.646769859245981 2.9668136768159448 25.518146311107557 5.6065121230058139 0.57668163135531347 1.0332443888619298 17.58629333821591 0.95165437206742343 3.5340167800168274 1.7333585346932521 12.5613340891432 1.7003004107973536 6.2844401846668916 2.248477889035712 1.0353643473063128 0.59427552889974933 0.89332495038979587 19.738475704740267 14.602435058564877 1.7312008735170823 1.7328421049169263 3.6809529495658335 2.3096462548419368 4.647294242749922 0.73130970331840217 0.51206546697358124 1.0027800419775301 3.8780344636179507
leaf_count=32281 1266 51 418 159 641 274 1020 902 279 133 1294 20 462 264 1246 240 7 530 64 342 575 160 670275 297 22 694 1247 16 625 546 1826 163 219 265 1112 174 291 1270 478 203 9592 286 508 86 101 36 128 177 280 87 948 6348 1676 786 19 264 75 69 8 171 64 19
internal_value=-0.00660097 0.00640555 0.00846973 -0.0405803 0.011878 0.0144732 0.00655319 0.0256579 0.0301458 -7.40796e-05 -0.0063246 -0.0260282 0.00251781 -0.0154718 -0.0250093 -0.0349508 0.0275818 0.0134006 -0.00314345 0.0333871 0.0517877 0.0356096 -0.0461731 -0.00372147 0.0377489 0.0401115 0.123451 -0.0105162 0.00969357 -0.010579 -0.00905275 0.0224149 0.0864514 0.0373262 0.0205314 0.0407168 0.0456015 0.0347144 -0.00203498 -0.0289379 -0.0408728 0.0273205 -0.0118653 0.00832216 0.0272888 0.0201731 0.0708076 0.0962189 0.0563477 -0.0212653 -0.0280057 -0.0336687 -0.0320845 -0.00688708 0.0317636 0.0542279 0.0811028 0.030332 0.0814397 0.0436526 0.0233779 0.0339098
internal_weight=420.017 316.747 304.203 12.5445 276.681 244.13 136.277 107.853 91.2702 121.738 99.7483 30.2959 69.4523 25.3021 27.5218 26.9687 2.87599 44.1503 20.9482 23.2021 16.2311 14.539 103.27 7.63712 86.1256 83.421 1.29681 16.583 8.75606 6.97092 32.5505 6.7947 6.91486 82.1242 28.2571 17.2515 53.8671 10.0648 4.45831 13.991 18.7658 1.9849 11.0057 7.47165 21.9896 9.31629 12.4126 6.12816 1.61205 25.7558 22.2289 20.3328 22.6332 8.03078 3.46404 13.6047 5.27646 8.32825 1.5498 2.00274 1.8961 7.61599
internal_count=744079 41226 41016 210 29135 19058 11299 7759 6352 10560 10326 1569 8757 3207 11881 1549 255 5550 3112 2438 1379 739 702853 32578 6073 6051 2513 1407 1871 1059 10077 1989 749 3538 2982 1694 556 3048 1778 1391 10010 489 1288 780 234 630 465 337 758 8088 7447 6435 2943 1267 805 582 249 333 248 513 1012 594
cat_boundaries=0 4 6 7 8
cat_threshold=536871808 17039360 1350582272 32850 20 131072 35685889 73833
is_linear=0
shrinkage=0.05


Tree=41
num_leaves=63
num_cat=2
split_feature=1 12 16 13 15 13 9 12 16 16 10 6 5 9 21 7 5 16 6 2 16 21 10 15 13 8 13 6 16 5 16 5 6 15 6 3 3 10 9 2 9 12 6 16 9 12 8 4 5 5 16 16 5 12 13 6 6 4 3 9 16 6
split_gain=87.1181 13.0299 10.2071 7.15815 7.09104 9.62645 9.0409 8.65363 7.79957 14.458 10.7511 6.96608 6.96042 6.38119 6.23954 6.18666 6.06271 5.67122 5.27797 5.24158 4.99726 4.79227 6.28108 4.71585 8.09918 4.57117 4.55165 4.31397 4.82513 4.28627 4.26521 4.13315 8.91524 3.84951 3.7095 4.75358 3.61588 4.48805 3.39487 3.24753 3.06921 3.39616 2.99572 2.94129 2.87672 6.12686 3.23105 2.79255 2.76345 4.75745 3.69239 3.47237 2.6973 2.78906 2.68072 2.3347 6.85136 3.8181 2.32414 2.26118 2.24609 2.0998
threshold=72.500000000000014 0.13502654714336623 4.5000000000000009 1.5000000000000002 2849.5000000000005 12.500000000000002 0.92319980339149688 0.064492346086301902 46.500000000000007 18.500000000000004 8.5000000000000018 1.7676883951278279 1.6257059803216629 0.67506345177664995 0 10.500000000000002 1.5003234152652007 48.500000000000007 0.83341806473479085 2395.5000000000005 43.500000000000007 1 15.500000000000002 1745.5000000000002 66.500000000000014 1.3576555592527455 21.500000000000004 2.0005154639175262 9.5000000000000018 1.8880993788819878 21.500000000000004 1.7147096227214924 1.3171660269902195 1203.5000000000002 1.2860424414788889 2380.0000000000005 2070.5000000000005 10.500000000000002 0.5263592148688554 1968.0000000000002 0.94121665059466419 0.058016828948212924 1.3768789630115761 12.500000000000002 0.77454657606478772 0.039357368758373208 1.2653510084385664 2448.5000000000005 1.0667096635493929 1.953843422687733 40.500000000000007 41.500000000000007 0.82719607367565029 0.046616209398076432 58.500000000000007 1.1539718999396422 1.4660875600583234 8373.5000000000018 3518.5000000000005 0.62527533039647587 48.500000000000007 0.94702982202982222
decision_type=2 2 2 2 2 2 10 2 2 2 2 2 2 10 9 2 2 2 2 2 2 9 2 2 2 2 2 2 2 2 2 2 2 2 2 2 2 2 10 2 10 2 2 2 10 2 2 2 2 2 2 2 2 2 2 2 2 2 2 10 2 2
left_child=3 2 52 15 5 6 7 17 9 12 31 21 18 25 -15 -1 33 19 -7 27 -8 22 26 24 36 -6 -12 28 -4 55 -17 -11 -33 42 -31 -36 -20 -38 -26 -18 -14 -42 54 -29 46 -46 59 -9 51 50 -50 -45 53 -2 -10 -3 57 60 -44 -28 -57 -23
right_child=1 29 4 -5 13 8 20 47 16 10 11 -13 40 14 -16 30 39 -19 23 -21 -22 61 -24 -25 38 -27 44 43 -30 34 -32 32 -34 -35 35 -37 37 -39 -40 -41 41 -43 58 48 45 -47 -48 -49 49 -51 -52 -53 -54 -55 -56 56 -58 -59 -60 -61 -62 -63
leaf_value=-0.032431922629369253 0.040218121884502689 -0.047942197387855878 0.049888237126731245 -0.048944739664180413 0.019255319805835711 -0.044667134199581029 -0.023193046742356924 0.015606731771624097 0.062899699568591413 -0.044986517231032239 0.040847751157199803 0.044489734965907801 0.019669337273405398 -0.017303635039747366 0.019657083516613577 -0.017453583158870609 0.02122511491263358 -0.032110609626132276 -0.03638596352627501 0.068850732313334537 0.057518177392787861 -0.011362649883191436 0.044310114286990131 0.039340769442143493 0.017603020714005619 0.062486578554368982 0.024442456214901334 0.0089528506660272837 -0.034092889170715915 -0.027703157344932412 0.11731608692544918 0.074880161176703319 -0.048019398219300936 -0.0025725243283514828 -0.022191802846609616 0.10001184356740084 0.037250754298929996 -0.0016657295170731492 -0.058489843576870926 -0.056282783817216943 -0.0022186924725170732 0.12019579953999127 0.035028516780616969 0.13099091891808232 0.068496315417236303 -0.031806550076232329 -0.050417050148391762 -0.058345466226996878 -0.038154572499473204 0.063330530087145717 0.039323661452087356 -0.012548560687424668 0.048542175276237061 -0.030625535736987886 -0.010865308127115102 -0.035270295699842254 -0.055216686719678304 0.042147496051381017 -0.040591757612518285 -0.032309823994934032 0.025587764512995978 -0.057093721801413123
leaf_weight=1.8445838537882076 1.5192214696144248 10.786669865774462 1.5372475477925061 93.126708383584628 13.699165887010169 3.7245360184460869 12.767303785047259 1.5023444190446746 11.299505153830983 33.683294652466429 2.91728563411744 5.5640061176236477 3.3894101490877793 9.8838620512833568 15.889310143655168 0.53419135522562988 1.5539465447945979 1.8845927299844323 2.3839963003993061 13.485932258401588 1.2591098574193882 4.159640116224181 6.8391221333149579 10.14258641868946 1.3861764546891198 12.345238490568589 3.1011410025530513 5.7848662506730788 4.323424842368695 1.376680148605373 0.79211274444242008 1.6334587264864229 2.3704757641535252 4.9855840114905723 0.79533101264678396 1.0987794517423024 14.503932539213567 14.031312130391596 5.5534104719990864 2.3940298155648634 0.67247435473836992 1.6905964916368246 0.96196664153831024 1.1099785498663539 1.7240837212157192 2.5377632031886606 7.0701181348122191 2.3634311273926869 2.3929150718904548 5.7569526466104435 1.8183959643502019 0.32352572862873774 19.869211687459028 2.0990833231480792 1.0695152553962533 3.6727665086218604 5.5936170510540242 4.039497354067862 1.1260426567168904 2.0682245099451393 1.3953387413785092 8.8636348322033864
leaf_count=7336 282 6959 440 678609 127 1286 7656 857 1270 9748 32 102 176 118 196 724 433 377 2605 145 1196 166 140 153 240 96 252 973 2100 647 888 357 393 102 1596 28 313 96 928 16 221 306 337 418 63 176 232 78 495 440 386 330 1433 311 570 2593 5481 25 8 56 328 215
internal_value=-0.00491939 0.00752636 0.0106765 -0.0464122 0.00785599 0.00388222 0.0215162 0.0328637 -0.00228858 -0.006791 -0.0201002 -0.00336091 0.0123364 0.0243126 0.00624501 0.0218685 0.0238354 0.0400745 0.00598164 0.0445545 -0.0126022 -0.011075 0.00471491 0.0107429 0.00226618 0.0413001 -0.00840828 0.0280658 -0.0080039 -0.024062 0.0788661 -0.039417 0.00706356 0.0351313 0.0244029 0.0587611 0.0134516 0.0187063 -0.0429876 -0.0276512 0.0601297 0.0950583 0.0474589 0.0401294 -0.0189527 0.014076 -0.030648 -0.0323047 0.05395 0.0373164 -0.00357407 0.106751 0.0416312 0.00138736 0.0561858 -0.0309678 -0.0162531 0.0107725 -0.00569138 0.000179624 -0.0170594 -0.0258823
internal_weight=420.073 323.775 295.016 96.2976 271.529 219.711 56.31 42.2836 163.401 140.011 82.5322 44.845 57.4784 51.8176 25.7732 3.17089 23.3906 38.4178 51.726 36.5332 14.0264 39.281 26.2577 48.0014 37.8588 26.0444 19.4186 23.0473 5.86067 28.7587 1.3263 37.6872 4.00393 19.4426 3.27079 1.89411 30.9192 28.5352 6.93959 3.94798 5.75248 2.36307 14.457 17.1866 16.5013 4.26185 12.2395 3.86578 11.4018 9.96826 4.21131 1.4335 23.4875 3.6183 12.369 25.4879 14.7012 9.1076 2.08801 5.16937 5.06811 13.0233
internal_count=744660 57103 39446 687557 37420 36883 15891 7039 20992 18256 11932 1434 6324 537 314 8948 2736 6104 5621 5727 8852 1332 951 4335 4182 223 811 5582 2540 17657 1612 10498 750 2287 2271 1624 3014 409 1168 449 703 527 2185 3042 779 239 540 935 2069 1321 881 748 2026 593 1840 15386 8427 2946 345 308 2921 381
cat_boundaries=0 2 3
cat_threshold=32 32768 524390
is_linear=0
shrinkage=0.05


Tree=42
num_leaves=63
num_cat=4
split_feature=0 1 12 3 21 0 16 16 19 6 9 12 13 6 12 8 17 10 8 12 6 13 19 16 9 12 4 16 8 8 13 15 9 1 10 9 4 13 16 13 8 9 9 13 10 6 0 3 12 13 16 13 2 8 8 13 6 1 6 16 10 15
split_gain=87.5413 14.3899 8.0109 6.86257 6.82714 10.1052 9.89089 9.16303 9.0926 9.76214 8.94987 8.61801 5.95057 7.29321 5.06196 6.49547 5.19924 5.02524 4.98266 4.91637 4.89755 4.59254 6.2975 4.40238 4.25862 4.68341 4.49855 4.7736 4.04468 4.04133 3.98106 6.342 5.91066 4.32886 3.8556 3.73211 5.45653 6.31807 4.49596 3.43671 3.30717 3.28397 5.70774 3.20201 3.17172 6.85093 3.10272 3.04185 2.99162 2.97358 2.9172 2.90483 2.80152 2.76562 5.04306 3.45873 4.63318 2.74744 2.71998 3.81925 2.58543 2.25678
threshold=52.500000000000007 2717.5000000000005 0.13502654714336623 111.50000000000001 0 991.00000000000011 19.500000000000004 44.500000000000007 1 1.5006251736593501 0.81085412335412343 0.050858379379780556 57.500000000000007 1.0147309207451427 0.046616209398076432 1.2000986193293888 2 6.5000000000000009 1.2727700333532885 0.027749316851897802 1.3640099626400999 66.500000000000014 3 23.500000000000004 0.61820420958351996 0.016914251930777616 8373.5000000000018 27.500000000000004 1.4286197237515699 1.3182500682500684 75.500000000000014 955.50000000000011 0.70595420578654922 1155.0000000000002 16.500000000000004 0.67506345177664995 5041.5000000000009 60.500000000000007 12.500000000000002 43.500000000000007 1.3437947707736393 0.60011520737327195 0.48865711534630457 40.500000000000007 7.5000000000000009 1.0534471170003363 539.50000000000011 4107.5000000000009 0.086511057402937977 25.500000000000004 2.5000000000000004 66.500000000000014 4316.5000000000009 1.4546536796536798 1.3516993895396803 14.500000000000002 2.8053751803751807 1047.5000000000002 0.9001573976915006 9.5000000000000018 5.5000000000000009 3332.5000000000005
decision_type=2 2 2 2 9 2 2 2 9 2 8 2 2 2 2 2 9 2 2 2 2 2 9 2 10 2 2 2 2 2 2 2 10 2 2 10 2 2 2 2 2 10 10 2 2 2 2 2 2 2 2 2 2 2 2 2 2 2 2 2 2 2
left_child=-1 2 3 -2 5 7 11 8 35 14 12 44 13 46 15 -10 41 -16 43 -15 -14 22 40 51 26 -26 27 -8 -20 -12 31 32 33 57 -21 36 37 50 -39 -3 47 42 -17 -19 45 -6 -9 60 -13 -29 -5 -18 61 54 55 56 -34 -11 -45 -60 -4 -24
right_child=1 39 21 4 6 -7 24 10 9 30 29 48 20 19 17 16 23 18 28 34 -22 -23 52 -25 25 -27 -28 49 -30 -31 -32 -33 53 -35 -36 -37 -38 38 -40 -41 -42 -43 -44 58 -46 -47 -48 -49 -50 -51 -52 -53 -54 -55 -56 -57 -58 -59 59 -61 -62 -63
leaf_value=-0.047906536939591376 0.10636902253281028 -0.06677685956339359 -0.017132482107696245 0.04141384919142909 0.0730566474553586 0.035467807801982165 -0.03615325447770619 0.10187999962470824 -0.045445932220765303 0.028713185523326242 0.011215876525261402 -0.051386344101652451 -0.037171157999016873 0.060836318164009376 -0.026157694840299357 -0.033968834993658929 0.066210678223493316 0.075858773748301356 -0.025376947149183666 -0.028054299326911961 0.042482565460393605 -0.05702472391255195 -0.050282803777303223 -0.01497840795755067 0.015594363826306905 -0.058317562982398187 -0.030621141683340833 -0.022386912197885838 0.029323346986478899 0.13245578670443703 -0.034961917727513038 0.061468404156478987 0.054008190266684734 0.073250345280537102 0.040286583835512708 -0.045022092973794836 -0.033759085168278982 0.095917756808662394 -0.021649568834033447 -0.014667487208462948 0.072592741772232072 -0.034197970239186644 0.046278733280334078 0.053339255259871016 0.047172760168890507 -0.026061656079095503 0.035076219373740801 -0.017175094385576597 0.028773760941673217 0.062557850291962439 -0.03346045780637915 0.0086803394776023592 0.011120907931060485 0.03819859789023302 -0.047510435826287375 -0.029329142117278328 -0.010229294484832192 -0.034905165221236011 0.037997608334216455 -0.031529415747173259 0.084739619334886412 0.020887602129812069
leaf_weight=94.115793539953302 0.90910324070136894 6.2880855827497708 0.52084947518596958 0.85304321027070074 1.4694891126127974 46.183117649750784 1.6482812784670402 3.2641060789901619 9.8185916351067117 7.2679185918968852 1.1414559563127107 4.2720907093462293 5.5055458738206644 2.1492421957809702 5.349814355751735 3.4446642643015393 5.5686035343242093 4.2232955920480917 6.407239535765255 6.9445800638350175 1.805942284496268 4.696462905892985 10.174491676341859 3.5865243070875286 2.1584461241873205 11.139836068556177 7.6170070457737893 0.7609007034334353 5.2150943280867068 2.0817259518371429 1.615097508081816 11.652817620008134 4.8826664947264415 5.7010727003216735 1.8321635305183006 11.40403067441366 8.3050253395340388 2.160797948847176 0.6687569839414208 6.8779785241931677 3.1944688626535935 13.337546574563019 3.445279355160892 3.2178210414713231 11.694248923071425 4.9411288763949415 5.9284113842877559 3.3280650866799988 0.794020989051205 3.813287735771155 3.7571233605995076 3.8070365741587011 2.3835949944914328 3.1916592195775584 4.4151334069756549 3.2962244430964338 4.8564392285916256 1.2358683242928235 2.675184992083814 3.270608180333511 0.7826717839052435 0.69540293808677311
leaf_count=703453 1076 47 1895 56 151 263 347 612 1620 1464 1119 524 456 248 2340 177 450 83 266 906 106 1953 7052 445 325 1572 44 411 204 283 305 179 1454 52 13 4008 124 154 299 174 257 791 95 130 134 831 34 45 164 371 1286 112 17 220 513 809 1510 20 71 189 349 36
internal_value=-0.00585341 0.00679797 0.00907744 0.0115713 0.0108756 0.014216 -0.00573366 0.00936379 0.00413211 0.0098599 0.0337992 0.0167601 0.0224285 0.0359995 -0.000872832 -0.0117999 -0.000808244 0.0144897 0.0238562 0.0069434 -0.0147525 -0.0171244 -0.00605462 0.0170243 -0.0268902 -0.0460693 -0.00659853 0.022976 -0.000453621 0.102342 0.0279176 0.0307917 0.0191049 0.0427634 -0.0111266 -0.0180339 -0.00773462 0.0218745 0.0697336 -0.0425119 0.0188653 -0.0139484 0.00693818 0.0435261 0.0326828 0.00345139 0.0664654 0.00899783 -0.0361505 0.0469464 -0.0146937 0.0459382 -0.0201556 0.00160061 -0.00680064 0.00939061 0.0240062 0.0167675 0.0226272 0.000719638 0.0542678 -0.0443535
internal_weight=409.743 315.627 302.461 276.685 275.776 225.467 50.3087 179.284 148.631 121.482 30.6532 23.171 27.43 20.1185 73.3673 43.0082 33.1897 30.3591 25.0092 10.926 7.31149 25.776 21.0795 12.9622 27.1378 13.2983 13.8395 6.22247 11.6223 3.22318 48.1149 46.4998 34.847 14.2049 8.77674 27.1488 15.7447 7.43972 2.82955 13.1661 7.82606 20.2275 6.88994 13.3869 18.1049 6.41062 9.19252 4.63159 5.06611 4.57419 4.61017 9.37564 13.2535 20.6421 17.4505 13.0353 9.73911 8.50379 9.16361 5.94579 1.30352 10.8699
internal_count=744694 41241 41020 29416 28340 23466 4874 23203 19426 13499 3777 1804 2375 1813 6973 3690 2070 3283 943 1167 562 11604 9651 1007 3070 1897 1173 1129 470 1402 6526 6221 6042 1536 919 5927 1919 1795 453 221 2546 1063 272 473 1116 982 646 2289 688 782 1342 562 7105 4506 4286 3773 2964 1484 390 260 2244 7088
cat_boundaries=0 2 3 7 8
cat_threshold=544737335 131072 413954 128 0 268435456 82 491521
is_linear=0
shrinkage=0.05


Tree=43
num_leaves=63
num_cat=2
split_feature=0 1 22 21 10 13 15 8 10 2 1 12 3 10 8 8 8 13 10 5 10 8 3 0 12 13 10 12 10 5 6 12 1 12 2 5 13 10 15 7 8 15 1 8 0 8 1 7 12 0 12 13 15 8 6 1 0 8 8 1 0 3
split_gain=70.651 13.7512 10.1014 9.33305 7.56354 12.8481 7.60537 7.8129 7.1268 8.73435 6.42187 5.68351 5.46582 7.16648 6.13018 6.03774 6.76009 4.5887 6.82524 4.46621 7.54845 5.52276 6.67381 4.37424 4.35366 4.31855 4.28477 4.08003 3.89859 6.66397 3.70539 3.55549 3.4558 3.28038 3.28637 3.08218 2.96549 4.73109 4.38253 3.03143 5.67633 3.65998 2.64681 2.59786 2.32588 2.31162 2.29848 2.20655 2.11753 2.04612 1.85452 2.87172 7.21865 2.18826 1.74921 1.74453 1.69072 1.67378 1.59655 1.56321 1.50716 1.40161
threshold=52.500000000000007 2717.5000000000005 0 1 11.500000000000002 64.500000000000014 1745.5000000000002 1.727819055944056 4.5000000000000009 2395.5000000000005 1006.5000000000001 0.22057177240029649 3518.5000000000005 3.5000000000000004 1.2139688815453009 1.2702819399710592 1.3107665598290599 4.5000000000000009 2.5000000000000004 1.1936328322918428 6.5000000000000009 1.339709653268448 2810.0000000000005 827.50000000000011 0.016914251930777616 43.500000000000007 14.500000000000002 0.01944874238406941 6.5000000000000009 1.1431749563006517 1.3768789630115761 0.043377477378121261 1333.5000000000002 0.03742350405782769 3190.0000000000005 1.060304208961832 23.500000000000004 16.500000000000004 1640.5000000000002 3376.0000000000005 1.2040272107900558 370.50000000000006 708.50000000000011 1.2088017346638038 437.50000000000006 1.3335933437337495 581.50000000000011 65.500000000000014 0.038322349237967297 479.50000000000006 0.0050056277306836936 38.500000000000007 475.50000000000006 1.3750584658559404 1.6669143140168401 95.500000000000014 414.50000000000006 1.1392631103074142 1.4546536796536798 1237.0000000000002 750.50000000000011 3117.0000000000005
decision_type=2 2 9 9 2 2 2 2 2 2 2 2 2 2 2 2 2 2 2 2 2 2 2 2 2 2 2 2 2 2 2 2 2 2 2 2 2 2 2 2 2 2 2 2 2 2 2 2 2 2 2 2 2 2 2 2 2 2 2 2 2 2
left_child=17 2 8 31 5 6 7 12 9 27 26 28 13 -5 35 54 -17 18 -1 20 21 22 42 -12 -21 -3 44 59 29 45 -8 50 55 -31 -35 43 -30 38 39 40 41 -38 46 -15 -6 57 -16 -20 -18 -22 -4 -52 -53 -54 -14 -29 58 -10 -42 -2 -40 -37
right_child=1 25 3 4 10 -7 30 -9 11 -11 23 -13 15 14 19 16 48 -19 47 24 49 -23 -24 -25 -26 -27 -28 32 36 33 -32 -33 -34 34 -36 61 37 -39 60 -41 56 -43 -44 -45 -46 -47 -48 -49 -50 -51 51 52 53 -55 -56 -57 -58 -59 -60 -61 -62 -63
leaf_value=-0.028669243218783221 0.070670717387747134 -0.067243628444918935 0.033521559095305867 -0.020834828961557073 0.10230008313673594 -0.040670199405154095 0.0069515166747741485 0.11187412114585954 0.0031798703777302113 0.17033097248489226 -0.0037753008249763274 -0.042320748942797942 -0.050140817062124921 -0.031404423304789479 -0.016186244363710703 0.032917104903564566 -0.0021323608354302847 -0.0494079823569177 0.005465947179930198 0.020064311959125097 -0.038738886351044312 -0.012266489542653651 0.15182858105607605 0.026261874497320904 -0.033864014152284953 -0.012061431540274108 0.0011410442232705051 0.042680278495929556 0.043983311447042539 0.054490885558337671 0.061151287419023807 -0.044988908574945426 0.063611869068311344 -0.040690018622090984 0.036264500318463504 0.070074214296018525 0.045836622401723287 0.042373439875747702 0.0094330145037000435 -0.040134432219395583 -0.024947307655189065 -0.015773030979434929 -0.027769802131751783 0.052736367905607068 0.021334335658608494 0.013181727676923827 0.082165854322989632 0.12069106666602498 -0.033385868150032236 0.024472159398440416 -0.046116863896698244 0.059320016353555896 -0.043421574941205424 0.0029361011443887028 -0.0097406154969493404 -0.030366438810750691 -0.040979762056768974 -0.057488250535955 0.041436747495755155 -0.0047419089911975619 0.038045633577687671 -0.002261670114728997
leaf_weight=6.0274901328230035 4.6578616358019609 7.1962274139223137 1.1565979195584102 12.966572026401989 3.3968558891356215 17.530823467692244 5.6639082830079115 0.51549927536689111 1.2757275180410923 0.58448093084734942 22.223383763805032 3.1583731133432584 10.521283613707054 1.6104769994853989 0.47788363350264507 8.8381720059551316 11.66449554054998 82.595726790132176 0.79967454170400731 5.6200324688106758 2.6597085164103196 1.3766795960837042 1.4403612514433914 25.090044271433726 7.8390366737585282 7.1872151754796505 2.3196000049938448 0.078934876190033143 13.198073309875324 3.8734049370978028 7.0312287376291351 14.874057664317659 0.61576603128924023 2.0499834927322809 1.5662177652120592 7.471562049831844 6.5521736097143783 13.126843252597608 9.6038195691799064 4.3429939895868293 0.88821592681051587 2.9350902350415708 0.96979081851895887 0.4158886565855936 1.9160023218719286 1.6031217194104099 0.74228347097232472 0.17155163401912432 9.3668632832996064 1.1436755324248222 4.4999147435883087 2.55824049959483 4.8381305169750686 4.3027927190705668 4.2295541383791706 3.8772063943906687 5.3105994706274942 5.0460158504574792 0.80671535451256204 0.64484335714951146 9.7132404772564751 0.66051575762685377
leaf_count=31450 963 56 200 13871 279 3669 146 147 126 77 158 659 320 1730 1082 119 118 669760 998 190 655 572 109 130 1213 171 150 426 164 89 89 3410 19 262 7 1427 231 196 163 19 301 265 69 78 27 63 57 206 106 13 1312 186 173 87 42 4656 58 385 43 9 44 21
internal_value=-0.00719287 0.00389815 0.00621702 -0.000420014 0.00444775 -0.00232342 0.00451676 -0.000728535 0.0186337 0.0578283 0.0198995 0.0153632 -0.00259549 0.00951978 0.0219175 -0.0148594 -0.001596 -0.0461456 -0.00628102 0.0064499 0.0322704 0.0675707 0.093957 0.0123671 -0.0115152 -0.0422463 0.0597509 0.0361184 0.0180717 -0.00435651 0.0392434 -0.0213362 0.00013061 0.0276238 -0.00672442 0.052209 0.0232597 0.0174104 0.00841812 -0.00738185 0.00304408 0.0270898 0.0202304 -0.002416 0.0811058 -0.034289 0.0537053 0.0767201 -0.0169355 -0.0185937 -0.0113427 -0.0163087 -0.00211482 -0.0234625 -0.0399106 -0.0205915 -0.0288361 -0.0464832 0.0103003 0.0622027 0.0249848 0.0645946
internal_weight=407.42 317.825 303.442 207.932 175.702 120.756 103.225 90.5303 95.5097 10.4591 54.9459 85.0506 90.0148 45.3945 32.4279 44.6204 29.8695 89.5944 6.99872 22.2695 8.81038 5.007 3.63032 47.3134 13.4591 14.3834 7.63246 9.87461 81.8922 15.4145 12.6951 32.2297 4.57191 7.48961 3.6162 10.1584 66.4778 53.2797 40.1528 20.8358 16.4928 9.48726 2.18996 2.02637 5.31286 7.92487 1.22017 0.971226 21.0314 3.80338 17.3557 16.1991 11.6992 9.14092 14.7508 3.95614 7.00553 6.32174 1.69493 5.3027 19.3171 8.13208
internal_count=743821 41407 41180 31955 26587 25843 22174 21939 9225 6150 744 3075 21792 21087 7216 705 343 702414 32654 3960 2557 1889 1317 288 1403 227 456 6073 2416 932 235 5368 5101 358 269 3256 1484 1320 1124 917 898 496 1208 1808 306 574 1139 1204 224 668 1958 1758 446 260 362 5082 402 511 344 972 207 1448
cat_boundaries=0 1 3
cat_threshold=34305 555294928 33792
is_linear=0
shrinkage=0.05


Tree=44
num_leaves=63
num_cat=7
split_feature=0 1 22 17 16 16 11 9 11 13 5 13 11 1 19 16 9 22 1 17 0 10 10 7 17 13 11 11 2 11 10 11 11 11 13 10 11 1 11 16 1 4 13 19 16 15 10 2 5 2 2 13 9 5 11 5 15 13 13 13 13 9
split_gain=77.9151 12.4461 8.32665 7.4018 9.80933 10.2494 7.72386 7.27533 8.03216 7.02128 6.90968 6.59589 6.13688 5.56983 4.8335 4.66325 4.49423 5.7854 4.45567 4.96641 4.01644 3.71961 3.67354 3.55457 3.5228 3.49598 5.43183 5.14079 6.15124 3.45557 3.42073 8.5907 6.5381 3.34165 3.22496 4.34089 3.47437 3.13021 3.06439 3.78352 3.26163 3.0431 2.94177 2.91434 3.4224 2.76171 2.7122 2.62895 2.48302 2.32323 2.30053 2.25115 3.25083 3.83076 5.79195 3.47176 2.1445 2.12153 5.21536 5.10807 5.91881 4.24021
threshold=26.500000000000004 2717.5000000000005 0 1 20.500000000000004 27.500000000000004 0.039390087150529315 0.81375929682217729 0.015767172713370334 85.500000000000014 1.9053221288515407 57.500000000000007 0.012939026289157244 72.500000000000014 2 33.000000000000007 0.62527533039647587 3 1047.5000000000002 4 690.50000000000011 15.500000000000002 3.5000000000000004 1784.0000000000002 5 78.500000000000014 0.039706543111457673 0.025071559826334893 3190.0000000000005 0.03323023111914241 6.5000000000000009 0.02342260198213704 0.024389799695758937 0.047830508244023101 70.500000000000014 6.5000000000000009 0.040237288083881148 2132.5000000000005 0.047830508244023101 9.5000000000000018 2132.5000000000005 4301.0000000000009 21.500000000000004 6 15.500000000000002 2500.5000000000005 14.500000000000002 2741.5000000000005 3.7342163355408391 476.50000000000006 4316.5000000000009 70.500000000000014 0.38473507819980857 1.1431749563006517 0.024389799695758937 0.9063854910426008 3332.5000000000005 44.500000000000007 58.500000000000007 16.500000000000004 10.500000000000002 0.89294019933554825
decision_type=2 2 9 9 2 2 2 10 2 2 2 2 2 2 9 2 10 9 2 9 2 2 2 2 9 2 2 2 2 2 2 2 2 2 2 2 2 2 2 2 2 2 2 9 2 2 2 2 2 2 2 2 10 2 2 2 2 2 2 2 2 10
left_child=13 2 10 4 14 51 7 8 12 -8 18 -9 23 -1 38 41 46 25 19 34 48 24 -10 -7 -20 26 27 50 -29 37 31 -24 -32 -28 35 36 -2 -12 40 -40 -4 43 -26 44 49 -13 -16 -34 -17 -5 57 52 -6 54 55 -54 -27 59 61 60 -18 -59
right_child=1 -3 3 15 5 6 9 11 22 -11 29 45 -14 -15 16 20 17 -19 21 -21 -22 -23 30 -25 42 56 33 28 -30 -31 32 -33 47 -35 -36 -37 -38 -39 39 -41 -42 -43 -44 -45 -46 -47 -48 -49 -50 -51 -52 -53 53 -55 -56 -57 -58 58 -60 -61 -62 -63
leaf_value=-0.048171359931526464 -0.02763766470442133 -0.037656889248698457 -0.046155087161317318 -0.010408343072556095 -0.055656017542050074 -0.034214031224284756 -0.044753182121646209 -0.047078740501102515 -0.02784220360143709 0.072681447908890084 0.071906481503112921 -0.012553753982660305 -0.043310645726057882 0.062748999442056128 0.060726398948603579 -0.026276450753452474 0.04605485687789454 -0.016211080004641821 -0.0057288880558994696 -0.019011165175664757 0.023418924759859228 0.04691360929281517 0.1132995424303152 0.036600836872563484 0.046889700015208043 -0.03491398861518618 0.10212127555404141 -0.04225006770843652 0.040299515816549204 -0.022170766610589848 -0.016106153194883274 -0.011186032557589494 0.014338555640964215 -0.015276451061260016 -0.027028260143746652 0.063164967952415385 0.054985332725242669 -0.016544703381198053 -0.029060603478669952 0.069520217468595644 0.037996228555621875 -0.048033252100962626 0.017191145809544724 -0.017585330682140698 0.002457730211860111 0.058332377322042973 0.016297547804830989 0.060357251181613829 0.043480577458237274 0.11678931257745576 -0.00050961769778082907 -0.049399095536112214 -0.0063382504685402952 -0.029849155672182128 -0.030749946119139632 0.071827150685495264 0.016769382921556754 0.03316340754147417 0.049904595052543424 0.083163518920545965 -0.040432489059395123 -0.053419603173993392
leaf_weight=80.733757846130175 3.111847733314788 13.565414226963183 6.7046759751901828 0.25962215209438022 3.3455188510124634 1.465883391101668 8.7128693592021556 6.7012243183635274 1.219264320454388 0.55149709308170791 10.021313098077366 1.9993511456414128 5.3509834382348345 0.33015848341892606 12.585211691206498 9.8301628419721965 5.3282661909397628 6.1606621977480236 15.219804397813276 9.6491368373317545 9.8052878805319761 13.163089274195952 3.7415682794526246 6.4369554313598201 12.654554898268541 2.5099411109185885 2.9725722026705621 4.6122524404854621 2.8106200618203729 0.778404516422598 4.8008311608937246 1.7222906257084103 5.2345040448053632 0.43538483935117245 1.5492758281252452 5.6009734946273966 0.8440839085378683 0.73317649029195386 1.1198219300131316 0.9626791142291039 0.58095690608024586 11.581453026192319 27.016643864568323 8.8724852669038246 2.0523666941880947 1.996584370775963 5.8503596549999193 10.944519832730293 0.53578227945399781 0.76449958662851714 3.730020895600318 7.8016650237550484 1.9238932680382292 7.737483458222413 3.2074267727221013 3.1768102998685208 3.7506435354152927 1.5179478278732843 4.8774437187021249 6.4993385852649226 1.985535501342383 2.4785255761962617
leaf_count=671333 2512 219 2476 675 928 809 3354 3213 1747 65 1762 740 525 2124 1666 8285 815 1051 158 9753 78 70 499 38 167 326 628 1254 16 966 240 572 289 846 465 382 402 5 280 451 3 329 175 13716 1200 17 97 51 191 80 18 977 446 1910 1276 251 38 59 590 714 300 275
internal_value=-0.00344645 0.00758036 0.00967742 0.00318699 0.00804333 -0.0028971 0.00852172 0.0161407 0.0256376 -0.0313626 0.0206909 -0.0192713 -0.00612006 -0.0469605 0.0213838 -0.0131272 0.0240029 0.0189883 0.0175858 -0.00260905 0.00166484 0.0236934 0.0405359 0.0210979 0.0173854 0.0227545 0.0335494 0.0258163 -0.00991964 0.0577999 0.0445883 0.0783999 0.0326164 0.08706 0.0151905 0.0383357 -0.00247064 0.0649819 -0.0108354 0.0242798 -0.0356689 -0.0307099 0.0221407 -0.0115066 0.0142412 0.0274513 0.0481913 0.0471699 -0.0191626 0.0953323 0.0358532 -0.0278567 -0.0171919 -0.00637751 0.0163403 0.0461383 -0.00590595 0.0416008 0.0193433 0.0536285 0.0205363 -0.020478
internal_weight=404.217 323.153 309.588 209.246 165.544 88.0711 60.8783 51.614 40.9168 9.26437 100.342 10.6972 13.2538 81.0639 77.4729 43.7017 68.1047 49.6692 88.8094 20.7553 20.1712 68.0541 27.663 7.90284 54.891 43.5085 37.2479 33.84 7.42287 11.5329 26.4437 5.46386 20.9799 3.40796 11.1062 9.55691 3.95593 10.7545 9.36813 2.0825 7.28563 23.5304 39.6712 11.949 3.07649 3.99594 18.4356 16.179 10.3659 1.02412 26.4171 27.1928 19.3911 16.0456 8.30813 5.1007 6.26058 22.6871 8.87392 13.8131 7.3138 3.99647
internal_count=744897 71440 71221 54404 29850 17947 12159 8740 4770 3419 16817 3970 1372 673457 11903 24554 8693 6930 14084 13514 8554 570 3398 847 500 5879 5515 4041 1270 2733 1651 1071 580 1474 3761 3296 2914 1767 3210 731 2479 16000 342 15671 1955 757 1763 340 8476 755 2771 5788 4811 3883 1973 697 364 2753 924 1829 1115 334
cat_boundaries=0 1 5 6 7 11 15 16
cat_threshold=2130433 536879360 17041408 1073823744 32850 393225 33555584 128 17039360 1342308352 16 640 0 1073741824 16 2112
is_linear=0
shrinkage=0.05


Tree=45
num_leaves=63
num_cat=3
split_feature=0 1 12 6 21 13 5 7 19 16 16 5 17 11 12 5 6 0 5 16 12 13 8 9 12 16 8 9 16 6 5 12 16 0 16 13 16 16 16 0 9 1 11 12 5 16 8 11 11 13 12 5 6 9 1 11 7 9 11 6 6 5
split_gain=69.2048 13.1115 14.0594 6.83317 6.41223 5.99899 5.59102 5.04857 4.89363 11.8893 12.6862 7.17371 7.63615 5.26452 5.01561 8.76342 11.9865 4.35579 4.14084 3.8662 3.68844 3.55736 3.44621 8.63874 5.96531 4.55336 3.73364 4.52127 3.42957 3.20863 3.84196 4.03007 5.65333 5.08845 3.19611 3.89475 3.33195 4.28506 7.12332 3.97339 3.66228 3.4792 3.19496 3.05929 3.03596 2.96214 4.7798 2.94557 2.93869 2.73108 2.97018 2.7291 2.66909 3.1058 2.66419 2.65403 2.92317 2.63758 2.60678 2.55712 2.53299 2.46454
threshold=52.500000000000007 2717.5000000000005 0.13502654714336623 0.73588032940685921 0 3.5000000000000004 2.9724292347604808 10.500000000000002 1 2.5000000000000004 49.500000000000007 1.08668887653118 2 0.047150114418972024 0.026680003361569841 1.818720538720539 2.4440765268579843 27.500000000000004 0.70186055153011129 27.500000000000004 0.01944874238406941 56.500000000000007 1.2088017346638038 0.67506345177664995 0.046616209398076432 18.500000000000004 1.269013793541826 0.55563197310102408 42.500000000000007 1.6878795546558707 0.76200284439213395 0.086511057402937977 33.000000000000007 1173.5000000000002 45.500000000000007 35.500000000000007 20.500000000000004 27.500000000000004 39.500000000000007 877.00000000000011 0.38473507819980857 1091.5000000000002 0.032038135454058654 0.011701610565146849 1.1627174894458141 49.500000000000007 1.2702819399710592 0.032569105437188169 0.031550275956225754 15.500000000000002 0.042318307653190008 0.60617378264437105 1.1251048071548353 0.58339080459770132 1006.5000000000001 0.032038135454058654 1636.0000000000002 0.63641519405024305 0.013135593477636577 1.8261259155368554 0.74495285710404058 1.060304208961832
decision_type=2 2 2 2 9 2 2 2 9 2 2 2 9 2 2 2 2 2 2 2 2 2 2 10 2 2 2 10 2 2 2 2 2 2 2 2 2 2 2 2 10 2 2 2 2 2 2 2 2 2 2 2 2 10 2 2 2 10 2 2 2 2
left_child=5 2 3 42 6 7 43 -1 13 -10 11 22 14 18 15 16 -13 20 21 -3 -9 54 24 26 61 -26 -24 -28 -17 30 -20 33 -33 34 36 -36 39 52 -39 40 -32 48 -2 -5 -14 60 -47 55 58 -40 -51 -23 53 -38 -6 56 -31 -55 -42 -27 -4 -11
right_child=1 19 45 4 8 -7 -8 17 9 10 -12 12 44 -15 -16 28 -18 -19 29 -21 -22 51 23 -25 25 59 27 -29 -30 47 31 32 -34 -35 35 -37 37 38 49 -41 41 -43 -44 -45 -46 46 -48 -49 -50 50 -52 -53 -54 57 -56 -57 -58 -59 -60 -61 -62 -63
leaf_value=-0.03683471087836885 -0.0069718088776147659 -0.056984444808425183 0.011747048037023059 0.027280176766437861 0.018014698926392014 -0.049358889908815623 0.067079080246809156 0.10881939027813395 0.080388270300986345 -0.064828056657997291 0.067550625082447302 0.032355905364010527 0.018404038569375055 -0.036605825691454125 0.012004636461584449 -0.018604348293819638 0.18855239798662674 -0.024734110901782638 0.052306691972106661 -0.0066670208195973319 -0.016348176244229573 0.047060552752181961 0.056760922009484141 -0.035754795084979508 0.05173516612660839 -0.047420626118486291 -0.035184812666121959 0.031543917949478854 0.065573434529391614 0.015010787606266091 -0.018167220930960959 0.016773747769569792 -0.056925201469978738 0.051905025708934793 0.074502490791593004 0.0042185887186638312 -0.034074953136110961 0.047660605641825234 0.019833346452846026 -0.011457399805655176 0.024900132455880047 0.051483193466156256 -0.059506687803407135 -0.037806520062530158 -0.023689400702668298 -0.042367544766264843 0.033041084014571585 0.066419926379911745 0.047578773294936622 -0.058361612524006928 0.0023611793135488723 -0.01137216383444681 -0.048505027716289478 0.068442155882928388 -0.033748734644724852 -0.02241631218970408 0.048205896411524965 -0.0096379645630715067 -0.027423033770016828 0.031589400837030102 -0.04270979072239886 0.01005607491901947
leaf_weight=2.7957176747877375 10.872944443348386 9.1648839559056778 1.9966736762362476 1.3412546623148927 2.830636126687752 76.31576269485231 0.68146199710463484 1.2031594922591469 3.9082939939107737 9.4702279369448625 5.5478929264936587 3.6371959623647871 4.6563613123580607 2.9409988725092253 11.945683444770109 3.5564052616391564 1.3909109853120751 0.97349506388127327 8.0048973966840986 6.5871194048377211 0.48565435319324013 4.1316071370383716 3.8083198751555782 12.146934207339653 2.0254880667052921 2.6628359483947865 3.6757214480021485 4.5548469166315044 0.65200512927549414 13.640142869357083 2.9414701109053594 5.7439535482408228 3.3143746982386801 10.550178279634563 3.7608031076233592 3.5807203691801988 2.5231857200633403 7.4318979741510729 3.3763277398975315 6.7545166220515958 3.2765184806048655 14.169369783136061 3.1160207383290972 13.27535109441669 18.911151345535473 2.6140289682298308 4.0232279162300983 7.2775793222463099 2.981879245620803 3.2627419280615868 3.6756864021735964 2.7423719144571805 4.9848952356333029 1.1371760567126332 7.1542337690771092 1.6224650051881315 14.841969237430019 1.7607058335270265 4.4077195742138429 0.63229816144303175 16.882868019711168 0.95140310861461408
leaf_count=16033 2083 148 1533 192 732 678962 190 3455 316 1933 768 291 548 1169 1919 592 242 2288 297 90 2948 134 294 2338 458 762 147 121 84 1722 116 421 235 54 145 160 110 335 102 37 206 76 969 1877 4122 864 290 667 234 119 170 125 435 21 79 129 129 228 542 211 8869 98
internal_value=-0.0050321 0.005507 0.00785827 0.0111394 0.0129623 -0.0457801 -0.0138048 0.00415482 0.0146231 0.00416552 0.000475402 -0.00465635 0.00901068 0.0202833 0.0242314 0.0609984 0.0996752 0.045503 0.0229439 -0.0375969 0.0801315 -0.000405956 -0.0198197 -0.00740234 -0.0373156 0.00544147 0.0217528 0.00115998 0.0045232 0.0258409 0.0206862 0.0173164 -0.0131707 0.0208632 0.0155214 0.0448378 0.0114377 -0.0013638 0.0133851 0.0216191 0.0297809 0.0359432 -0.0218632 -0.0304696 -0.0106338 -0.026991 0.00168324 0.0384149 0.0126557 -0.0133404 -0.029948 0.0252652 -0.0254853 -6.0276e-05 -0.0187701 0.0297271 0.0333571 0.0307001 -0.00481449 -0.0284347 -0.0366493 -0.0577099
internal_weight=401.285 319.511 303.759 278.242 264.253 81.7738 15.2981 5.45803 248.955 94.134 90.2257 84.6778 44.7497 154.821 21.1822 9.23652 5.02811 2.66231 151.88 15.752 1.68881 16.8588 39.9281 24.1858 15.7423 5.32062 12.0389 8.23057 4.20841 135.021 97.639 89.6341 9.05833 80.5758 70.0256 7.34152 62.6841 28.1526 17.7467 34.5315 27.777 24.8355 13.989 14.6166 23.5675 25.5168 6.63726 37.3822 10.6661 10.3148 6.93843 6.87398 10.406 5.42107 9.98487 30.1046 28.4821 2.89788 7.68424 3.29513 18.8795 10.4216
internal_count=744964 41278 41040 29484 26432 703686 2259 24724 24173 15244 14928 14160 7798 8929 3128 1209 533 8691 7760 238 6403 1070 6362 2900 3462 1431 562 268 676 6690 4043 3746 656 3090 3036 305 2731 1520 726 1211 1174 1058 3052 2069 4670 11556 1154 2647 982 391 289 259 794 359 811 1980 1851 249 748 973 10402 2031
cat_boundaries=0 2 3 7
cat_threshold=17408384 1024 108704 536879360 16777216 81920 16
is_linear=0
shrinkage=0.05


Tree=46
num_leaves=63
num_cat=6
split_feature=0 22 10 2 12 16 17 17 22 10 6 16 12 16 12 9 21 6 0 9 6 8 0 12 9 10 21 5 10 5 6 6 3 8 9 8 12 6 16 5 0 9 16 9 9 12 5 5 16 3 10 10 0 8 16 12 10 10 12 8 12 16
split_gain=69.3818 8.41737 9.02413 24.5648 12.0829 7.66083 13.3324 10.6976 9.55238 7.16379 8.87178 8.25002 6.82526 7.28503 10.9088 6.512 6.39674 6.05993 6.05775 5.27381 5.42373 4.84766 4.49347 4.37678 4.25175 4.89662 4.62586 5.15062 6.17646 4.13304 4.05308 5.24593 3.6696 3.47902 4.12447 3.4368 3.32376 3.97674 3.7617 3.23048 3.06721 3.01456 3.0102 3.41661 2.9618 2.86599 3.14892 2.80911 2.77141 4.74061 2.72773 2.63149 3.85995 2.51561 2.95387 2.4689 8.79618 2.41305 2.36757 2.58999 2.25738 2.24794
threshold=26.500000000000004 0 4.5000000000000009 2395.5000000000005 0.01944874238406941 20.500000000000004 1 2 3 10.500000000000002 1.875540345821326 47.500000000000007 0.22057177240029649 9.5000000000000018 0.028608894579665926 0.80673871270536324 4 1.1251048071548353 1061.0000000000002 0.72098013773829728 1.3640099626400999 1.444626593806922 87.500000000000014 0.046616209398076432 0.99976076555023929 14.500000000000002 5 1.9053221288515407 8.5000000000000018 1.0006418485237487 0.96555214295686176 0.84004870129870135 4966.0000000000009 1.4375188593844299 0.99177293155728841 1.3516993895396803 0.052088141175246634 0.95925722567340677 33.000000000000007 1.6421908429610614 195.50000000000003 0.70595420578654922 50.500000000000007 0.91263598081646991 0.45729483282674777 0.04892322274395728 1.0134539969834091 1.1202409638554218 28.500000000000004 6467.0000000000009 7.5000000000000009 19.500000000000004 827.50000000000011 1.3158630499828325 15.500000000000002 0.020403517601447155 7.5000000000000009 1.5000000000000002 0.082407444830221124 1.2040272107900558 0.035319885133315694 9.5000000000000018
decision_type=2 9 2 2 2 2 9 9 9 2 2 2 2 2 2 10 9 2 2 10 2 2 2 2 8 2 9 2 2 2 2 2 2 2 10 2 2 2 2 2 2 10 2 10 10 2 2 2 2 2 2 2 2 2 2 2 2 2 2 2 2 2
left_child=-1 2 3 4 22 7 9 8 16 10 11 -7 13 14 -4 36 19 -13 30 21 53 29 57 50 25 26 -15 28 -28 -3 31 -10 -11 34 39 -33 37 38 47 61 -24 -40 43 -12 -27 60 -47 -8 -38 -50 -18 52 -39 -21 -55 -31 -57 -2 -16 -60 -30 -22
right_child=1 5 12 -5 -6 6 15 -9 18 32 42 17 -14 24 58 -17 23 -19 -20 20 33 -23 40 -25 -26 44 27 -29 45 55 -32 35 -34 -35 -36 -37 48 51 41 -41 -42 -43 -44 -45 -46 46 -48 -49 49 -51 -52 -53 -54 54 -56 56 -58 -59 59 -61 -62 -63
leaf_value=-0.047999185188551653 -0.005915784372684512 0.019490942434573142 -0.02692011425595995 0.23077282587126438 -0.023691833940749907 -0.039249613425056382 0.06463062135064597 -0.021189961155548647 -0.042839854865740296 0.057215581631318915 0.049023953188526315 -0.021666177560880743 -0.051367552298644217 0.018254395813213049 0.069405691040146336 -0.056782486542913763 -0.025212376589590125 0.060746732891511501 0.044601619774535965 -0.041133162337737866 -0.031154380096716051 0.008831241814071111 -0.023990442267323317 -0.056431062205456177 0.055285986257991172 -0.0028701285767224775 -0.040039933703061047 0.042368779012408875 0.0047566980980378159 0.038824466550492563 -0.048308998753420415 0.065099526174471969 0.015355501384113899 0.06843547275807875 0.00060394024577521297 -0.019424904086829294 -0.06342240735357732 -0.029192520809137951 -0.045018909417440994 0.086620444710497693 0.056430395871065256 0.037169642294647996 -0.035543837499453321 -0.017225560138272408 0.044281930340378244 0.038326997929533674 -0.012712107249819594 -0.013063289992977248 -0.038733491209023585 0.039107251029800401 0.026447537691759018 -0.06416454388536548 0.013741280239045179 -0.012444434478124947 0.041429893865629619 0.18912435970851874 0.056212946548548061 0.17801264391861249 0.050906660120923 -0.018152624967221528 -0.036879935495472624 0.034142701461408978
leaf_weight=73.73404781044519 0.13411293647368072 3.4118237438451642 4.0901248082009287 0.7751676978296026 5.6096858803139185 18.559028297117042 3.4367128444646395 14.810674444619506 2.6927621963695918 6.5978496040770578 8.6920683167336339 3.6453639384344561 3.0929963469825443 8.6737848415941681 12.037810621499373 14.195198023684496 3.4822928946596203 3.5164139509142842 2.3519175974652162 2.1462102820587452 0.91604586150061251 3.8219833101757095 0.8931487949885194 3.349402876548992 3.2640644457642329 4.8010020686779162 16.644274685677374 2.9394806907584998 5.9373593883574376 3.5422987558777077 9.7918761378459731 2.3234570730564887 20.877158674760722 6.7793137337357612 8.7619869358459237 1.3044667864014625 5.1910730762028816 11.600119649061531 2.1747950734206829 2.5837495462837978 4.7046811811742373 0.82193323500541726 0.84317666143033498 1.8942531118664199 9.0781506660860014 6.1579603685313469 4.5587218928849325 1.1782544036395846 4.9964495010135579 1.9718475063855292 4.9856558634128305 1.852748118166345 8.1637555629131366 5.3642065515523409 3.3325234901203658 1.5830291460661099 5.2109996532744844 0.31477800555876456 1.6763750277532374 1.9851289717407778 5.7018940240159282 4.0638486458337866
leaf_count=673194 476 742 58 81 10249 7953 324 9638 660 331 1732 1296 1136 95 294 8541 590 853 19 1858 394 170 412 819 210 139 1381 143 116 227 2135 205 136 309 2004 94 2253 2695 689 206 214 86 360 2255 148 202 194 196 3463 14 81 14 65 443 189 476 92 589 120 98 93 269
internal_value=-0.00462015 0.00549707 0.0164025 0.0563525 0.0274361 -0.000470056 -0.00888497 0.00993585 0.0163445 0.00709353 -0.00613886 -0.0222289 0.0121579 0.014957 0.0408827 -0.0242312 0.0252265 0.0212834 -0.0121655 0.0331963 0.0266908 0.0615278 0.0714996 -0.00877161 0.0069005 0.00364487 -0.00369899 -0.0103901 -0.017924 0.0745853 -0.0296829 0.00182962 0.0270641 0.0399048 0.0247911 0.0370774 -0.0177071 -0.00800129 0.0212603 0.049468 0.0419077 -0.0188167 0.0289452 0.0367061 0.0288747 -0.000448984 0.0173838 0.0460007 -0.0386565 -0.014563 0.0047842 -0.0187894 -0.0116504 -0.00245856 0.0103434 0.0894474 0.107474 0.156905 0.0591016 0.0176032 -0.0169446 0.0189301
internal_weight=393.623 319.889 103.071 12.4316 11.6564 216.819 120.208 96.6105 81.7999 64.6253 37.1503 25.7208 90.6391 87.5461 19.7894 55.5829 63.3354 7.16178 18.4645 51.518 33.9479 17.5701 6.04672 11.8174 67.7567 64.4926 50.6135 41.9397 39.0002 13.7482 16.1126 6.32069 27.475 23.1049 16.3256 3.62792 41.3877 29.2283 7.6117 7.56364 5.59783 2.99673 11.4295 10.5863 13.8792 22.3559 10.7167 4.61497 12.1594 6.9683 8.46795 21.6166 19.7639 10.8429 8.69673 10.3363 6.79403 0.448891 15.6993 3.6615 11.6393 4.97989
internal_count=744518 71324 16448 12021 11940 54876 33256 21620 11982 14916 14449 10102 4427 3291 570 18340 8869 2149 3113 7379 5672 1707 1691 1490 2721 2511 2224 2129 1986 1537 3094 959 467 3182 2873 299 9799 4069 1295 869 626 775 4347 3987 287 605 396 520 5730 3477 671 2774 2760 2490 632 795 568 1065 512 218 209 663
cat_boundaries=0 1 5 9 10 12 14
cat_threshold=34307 536879168 17582080 276824064 64 536871296 17039360 1073807360 34898 35651584 6291751 33024 1048576 131072
is_linear=0
shrinkage=0.05


Tree=47
num_leaves=63
num_cat=7
split_feature=1 22 17 21 11 19 12 16 17 16 6 16 9 1 12 21 12 2 8 17 3 16 16 2 1 11 12 12 5 11 1 8 9 5 11 11 1 16 11 5 11 12 9 8 2 5 16 16 9 8 0 5 5 5 5 16 2 8 16 16 9 1
split_gain=60.76 10.5877 10.2553 12.1685 9.96416 8.47651 7.73592 7.51936 8.6313 14.4658 7.12624 7.36566 6.70455 5.5246 5.51796 5.49699 5.46432 5.49218 5.2925 5.16985 5.11682 5.35727 7.18968 6.03192 4.64891 4.20946 4.48538 3.92068 3.49834 5.6226 4.20219 3.26949 7.50364 3.22455 3.13455 3.12375 3.10315 3.82141 3.25067 3.09162 3.02482 2.84043 2.7448 2.58666 2.56874 2.53413 2.53381 2.4502 2.32004 2.26279 2.2536 2.37958 3.75197 2.80748 2.23463 2.21173 2.156 2.03157 2.59654 2.99341 2.01561 1.9823
threshold=46.500000000000007 0 1 2 0.031728814356029041 3 0.069943534608871996 45.500000000000007 4 2.5000000000000004 1.4825096952549903 18.500000000000004 0.24008281573498966 2717.5000000000005 0.022723834561654891 5 0.13502654714336623 2741.5000000000005 1.48392682586231 6 4966.0000000000009 7.5000000000000009 37.000000000000007 1503.5000000000002 780.50000000000011 0.032038135454058654 0.029728935226302603 0.029728935226302603 1.0134539969834091 0.028796609646330278 1865.5000000000002 1.2826319709524254 0.64829441391941411 1.3326935380678184 0.032569105437188169 0.041296610725112266 2717.5000000000005 8.5000000000000018 0.016177966026589278 0.75010373443983414 0.016254236979875717 0.093805102889685257 0.47391890584564783 1.3576555592527455 1094.0000000000002 0.85547774464587745 43.500000000000007 45.500000000000007 0.31709514392441224 1.4243514279485505 1173.5000000000002 0.99536250582374663 0.89667735434325835 1.7147096227214924 2.2571224277383304 50.500000000000007 4316.5000000000009 1.2330725186951119 45.500000000000007 30.500000000000004 0.99976076555023929 1091.5000000000002
decision_type=2 9 9 9 2 9 2 2 9 2 2 2 10 2 2 9 2 2 2 9 2 2 2 2 2 2 2 2 2 2 2 2 10 2 2 2 2 2 2 2 2 2 10 2 2 2 2 2 10 2 2 2 2 2 2 2 2 2 2 2 10 2
left_child=-1 6 3 4 5 16 7 8 12 -10 24 33 -2 15 35 39 36 -18 46 45 21 -16 23 -23 44 -9 -27 31 29 43 61 -17 -33 40 -34 -6 37 38 -3 -4 -12 42 -41 -14 -7 48 -11 56 -8 -13 51 52 -29 -53 -21 -24 -5 58 59 -39 -54 -31
right_child=1 2 13 47 14 10 19 25 9 18 11 49 28 -15 20 27 17 -19 -20 54 -22 22 55 -25 -26 26 -28 50 -30 30 -32 32 34 -35 -36 -37 -38 57 -40 41 -42 -43 -44 -45 -46 -47 -48 -49 -50 -51 -52 53 60 -55 -56 -57 -58 -59 -60 -61 -62 -63
leaf_value=-0.047185224823038718 -0.043304923488891103 -0.028766928276682587 -0.02238849894791576 -0.03957439663651479 0.051142177062533878 -0.025121662361547694 -0.020644538375432293 0.083672885626228627 0.08910510933289871 -0.040262433186317448 0.13364724915820914 -0.042114932539406971 -0.033112897842165409 -0.062031359508993515 -0.035552451056575902 -0.026577441559364829 0.058154462307451298 -0.032198853539823366 0.042573000500082864 -0.033731730674938142 -0.032532614578273743 -0.016200331314083077 -0.042951299590170328 0.081160591989483999 -0.041088490280235701 0.05324378275757044 -0.039451770535422155 -0.029560506403203235 0.050616922904184174 0.010060088508056945 0.00068353440551924098 0.043353701317986361 -0.039100233931442969 0.0096915802051091293 0.032419200076516032 -0.02768285845667337 0.0004829936913558978 -0.022552274385380679 0.03998748115175748 -0.018062834966714666 0.032360092273357614 -0.03432365261482228 0.034594427943073804 0.021437335664985971 0.052430502793888924 0.0050286864049489607 0.027157911221825801 0.012623928038194135 0.058294699555911204 0.031648309042696381 0.010775835096529613 -0.055499886013481804 -0.0062871726402512138 -0.0087883910706762162 0.033368480781001679 0.027580968017589955 0.011271626727711167 0.073265260096885151 -0.029162631618646462 0.064110521390520467 0.057721243030219596 0.088982164538016384
leaf_weight=69.860845192270062 1.80105216976517 1.7744738649562375 4.3685388304365942 18.392571774260439 4.791959841066272 0.99082886089309186 0.59078204189427097 7.0982096764200815 2.0857492762443171 16.641883201016761 0.91438609279430094 3.0923635244616894 4.5301654681170458 5.1191684646328204 4.0310187460636397 8.8581290792426461 1.6081500300570031 3.7358194850385189 1.5923989459406573 14.477010712336778 15.799339453486025 1.8065619721455712 2.8642222778071305 4.6672562077292241 10.805377139884511 1.8282001411862441 1.4731013449709278 15.441433668078391 25.44057624310517 1.324348632864712 3.3162763267755508 7.2426016857934865 5.8633458075055387 2.8591211150269373 1.1526628544597768 0.91782080946722988 2.5137209035456172 0.78567367858341031 3.9315245884572505 2.2975363996083678 2.7267635777898249 1.2686688778921951 14.527848400095534 2.7102262347762007 1.7185573416791156 8.3366279732508684 0.8328573845064956 2.6496011725394046 4.7452043814992066 0.58584547516511509 2.6901018511271095 14.790728199979641 2.4490058020528513 4.5722696492011883 0.56368065100832687 0.77566696077701625 1.9025228116661299 20.977642658624973 0.87212567258393381 2.7346690925623989 1.1661087733446041 3.2381711037596688
leaf_count=665506 309 157 1274 5996 742 3215 195 442 106 3316 124 1504 621 65 808 4816 2081 29 49 7136 117 3623 2005 108 200 167 328 9896 1806 965 15 132 704 340 357 873 35 1088 401 382 343 1176 1636 107 200 1356 208 876 721 60 18 7605 1690 3069 536 311 35 1827 375 474 270 19
internal_value=-0.00534227 0.00403804 -0.00255664 0.00679705 0.0145259 0.0278527 0.0162943 0.0263281 0.0192472 -0.0085593 -0.00290694 0.026094 0.0284275 -0.0143132 -0.00504113 -0.0124524 0.0375103 -0.000128058 -0.0274161 -0.00406766 -0.0138282 0.00783288 0.026768 0.055459 -0.0270444 0.0640919 0.0123255 -0.0182315 0.0394183 0.0186035 0.0454403 -0.00428032 0.0104057 0.0551783 -0.0247718 0.0362341 0.0541733 0.0583658 0.0175047 0.00835415 0.0811116 0.0209356 0.026794 -0.0125701 0.0249428 0.0141463 -0.0357531 -0.0202877 0.0476759 -0.0261126 -0.0301181 -0.0331822 -0.0190796 -0.045443 -0.0180444 -0.0252159 -0.0345025 0.0665436 0.0268086 0.0440587 0.0223929 0.0720006
internal_weight=385.521 315.66 213.034 121.226 98.2809 62.627 102.627 73.9132 63.5137 21.1529 23.6932 10.1785 42.3608 91.8081 35.6538 86.689 38.9338 5.34397 19.0671 28.7133 29.9441 14.1447 10.1137 6.47382 13.5148 10.3995 3.3013 64.2264 40.5598 15.1192 7.8788 23.1167 14.2586 6.50027 7.01601 5.70978 33.5898 31.0761 5.706 22.4626 3.64115 18.0941 16.8254 7.24039 2.70939 13.6726 17.4747 22.9447 5.33599 3.67821 41.1096 38.4195 19.0565 19.363 15.0407 3.63989 20.2951 25.3701 4.39247 3.52034 3.61511 4.56252
internal_count=744945 79439 61037 27947 21040 12453 18402 8458 7521 3679 5986 2371 3842 33090 8587 33025 6467 2110 3573 9944 6972 6855 6047 3731 3615 937 495 28557 3533 1727 999 6009 1193 807 1061 1615 4357 4322 558 4468 467 3194 2018 728 3415 2272 3524 6907 916 1564 22548 22530 11856 10674 7672 2316 6031 3764 1937 1562 1960 984
cat_boundaries=0 1 5 7 8 12 14 18
cat_threshold=34369 536879104 17041408 81920 32848 133127 32768 327713 538968064 16777216 1350696960 2 7405604 256 640 17039360 128 2
is_linear=0
shrinkage=0.05


Tree=48
num_leaves=63
num_cat=3
split_feature=0 2 1 0 17 9 11 10 20 3 0 10 14 9 10 0 5 0 0 5 17 11 6 11 11 9 8 9 8 10 10 5 11 3 6 1 8 8 7 10 8 6 5 10 11 11 2 9 5 9 9 0 11 7 5 5 6 11 7 0 8 6
split_gain=56.5826 11.65 6.01786 7.05882 4.71552 4.68127 4.96438 5.22094 4.22286 9.70086 6.69409 10.1616 4.17207 6.74921 4.43765 4.01135 4.50824 3.53376 4.79308 3.38503 3.31165 3.30754 3.36503 3.29286 3.22218 2.95636 2.95045 2.89317 2.81253 2.63968 2.5119 2.83611 3.09795 2.89567 3.38511 2.7521 2.21396 2.17325 2.04778 2.03643 1.98152 1.78305 3.13579 2.27392 1.74734 1.61991 1.57653 1.55299 3.69008 2.1431 1.30924 1.27062 1.23252 1.23091 1.16854 1.10476 1.10279 0.925658 0.881752 0.860564 0.853217 0.767503
threshold=86.500000000000014 2395.5000000000005 2717.5000000000005 620.50000000000011 0 0.42514367816091958 0.032569105437188169 10.500000000000002 1 3518.5000000000005 318.50000000000006 4.5000000000000009 1.0000000180025095e-35 1.0000000180025095e-35 3.5000000000000004 539.50000000000011 2.5010402219140091 7.5000000000000009 12.500000000000002 1.5194938440492478 2 0.023829978727422506 2.5385722014558336 0.032569105437188169 0.040237288083881148 0.73916228698837405 1.3576555592527455 0.49983860555196907 1.3283205186190263 9.5000000000000018 9.5000000000000018 2.2571224277383304 0.024559322201336425 3518.5000000000005 2.4003089598352223 1333.5000000000002 1.3033798526451943 1.2757115919906619 2592.0000000000005 7.5000000000000009 1.259295641417449 1.3096114492801805 1.4547727272727276 11.500000000000002 0.016411622287705544 0.041038559470325718 27.500000000000004 0.78387225195735843 0.82124241432276601 0.39320212042532149 0.62527533039647587 309.50000000000006 0.03109322092495859 1207.5000000000002 1.1936328322918428 1.08668887653118 1.2860424414788889 0.024922082076218693 10.500000000000002 52.500000000000007 1.1539295845152679 2.2116086468276257
decision_type=2 2 2 2 9 10 2 2 1 2 2 2 2 8 2 2 2 2 2 2 9 2 2 2 2 10 2 10 2 2 2 2 2 2 2 2 2 2 2 2 2 2 2 2 2 2 2 10 2 10 10 2 2 2 2 2 2 2 2 2 2 2
left_child=12 4 3 39 8 -5 7 20 10 23 11 21 -1 17 -15 16 -6 -14 58 -17 -7 22 51 41 -23 -22 -11 -18 -4 40 31 32 33 34 36 55 54 -32 -9 44 -25 42 56 -44 -3 -26 -16 48 -13 -50 -51 -2 -21 -42 -12 -34 -10 -33 -19 -20 -29 -49
right_child=1 2 28 5 15 6 -8 38 9 26 30 47 13 14 46 19 27 18 59 52 25 24 -24 29 45 -27 -28 60 -30 -31 37 57 35 -35 -36 -37 -38 -39 -40 -41 53 -43 43 -45 -46 -47 -48 61 49 50 -52 -53 -54 -55 -56 -57 -58 -59 -60 -61 -62 -63
leaf_value=-0.049239159241911225 -0.027779761460979685 -0.0090161644572814975 -0.051814408253756931 -0.019128111803087058 -0.040807183237297609 0.013935160026668589 -0.014927046260618965 0.0099790506920163155 -0.040943795003689915 0.068640312112044299 0.082296123164945278 -0.021936853660986327 -0.019985031951168318 -0.044051883664188968 0.085955931930758331 0.044531142087180821 0.065078227484974979 -0.0025425841182989649 -0.021331207876909508 0.012354447537427517 0.0047676822467790664 -0.037692444177844668 0.083152601079549041 -0.021471672132274713 0.064197992268012594 -0.023877465642208287 0.0084310740679784633 0.021315195114755346 -0.0083540670090237589 -0.033114617947700015 0.059674525609297896 0.017034154498367721 -0.0018359196531348562 -0.021167251071371223 -0.01498915548266537 0.02296019704336311 0.0085484112746327529 0.018072602228702325 0.030222004075908172 -0.010197920246075666 0.062961752133043641 -0.047829531622744864 -0.020680149210371035 0.064528344396480197 -0.046978541912542693 -0.016199504237018256 -0.012021649775630926 0.14284209218360186 0.10102442765649472 -0.0220553215490354 0.041936471138810806 0.037580813775006064 -0.036972209501411175 -0.0034459918035545205 0.028196846501081688 -0.043694523447271962 0.020068786447673341 0.05581700572335474 0.16337086780024226 0.033848878586615859 -0.02975310743502604 0.015020213674141381
leaf_weight=64.301683959231013 1.2427092677535236 5.2545025667059226 7.8080061115324479 17.580748930573463 9.7170917185503658 16.822049167589284 19.459540073294193 21.810625955462456 3.2635178393393347 3.9190638026630031 2.449055269884413 0.76594061001378611 0.66565746386185942 7.3908145950772459 0.10310791213851178 4.1573903908574712 1.0710369170847109 0.053535922292212268 0.7389245486992877 1.6159732765518131 16.80231513781473 2.91501581799821 1.5910099184548017 0.72041298029944245 0.68511230719741412 17.744912969414145 4.0152107160538435 0.38746752508450288 7.2374575802241452 1.3413527877855811 6.5700891632004623 4.2600803366076425 2.3420279872079828 2.9106723864970254 2.9262208452855694 2.483990068663843 3.8939248278329615 7.5336386174603831 33.373852498829365 25.209838513284922 2.0596315615839562 7.4992312911053887 0.66346911957953114 1.0113765778660306 8.6222533185209596 0.47714315060875379 0.31568048119515879 2.4937370446277787 1.8202682958508378 0.72462751169223316 0.58122991892741993 0.13746697979513567 1.8060980628360992 0.77502389733854204 3.7841884494264377 4.469888684572652 0.27010182908270497 3.5868183235288598 0.17148517405439634 0.19192309434583876 1.4273553766834082 0.38466726933256712
leaf_count=658348 2084 88 53 89 8809 112 120 103 1296 132 109 426 4558 53515 238 80 82 110 936 128 101 2537 437 374 158 127 95 291 170 180 97 151 158 187 123 33 192 119 170 188 495 1723 236 29 172 676 639 842 234 244 192 23 85 24 195 281 21 119 369 127 814 47
internal_value=-0.00574716 0.00381971 -0.00337276 -0.000789726 0.0170495 0.00436159 0.00776355 0.0120077 0.0207451 -0.000224965 0.0282145 0.0625471 -0.0446715 -0.0124124 -0.03299 -0.00599589 -0.025377 0.0562361 0.0890406 0.0184436 0.000477369 0.0164727 0.0493289 -0.0208636 -0.0124702 -0.00796328 0.042525 0.0237096 -0.0327319 0.0122193 0.0229284 0.014643 0.00585692 0.0188015 0.0285858 -0.01604 0.0413922 0.0401203 0.0225414 -0.019351 0.0328388 -0.0335723 -0.00864709 0.0356619 -0.0341762 0.0389648 0.0556827 0.102221 0.0561012 0.0759041 0.0122618 -0.00821578 -0.0161528 0.0486414 0.0578914 -0.0313802 -0.0328822 0.0390672 0.154045 0.00168418 -0.0151509 0.134037
internal_weight=378.409 304.476 197.726 182.681 106.75 143.594 126.013 106.554 86.5679 25.5384 61.0295 13.8189 73.9328 9.63113 7.8096 20.1824 12.603 1.82153 1.15587 7.57946 51.3693 7.04846 2.97119 17.6041 4.07727 34.5472 7.93427 2.88586 15.0455 4.89642 47.2106 33.1069 25.26 15.9641 13.0534 9.29591 10.1272 14.1037 55.1845 39.0866 3.55507 12.7077 5.20847 1.67485 13.8768 1.16226 0.418788 6.77047 3.89207 3.12613 1.30586 1.38018 3.42207 2.83466 6.23324 6.81192 3.53362 7.8469 0.225021 0.930848 1.81482 2.8784
internal_count=744891 26051 1493 1270 24558 822 733 613 14269 4605 9664 7900 718840 60492 54392 10289 9996 6100 1542 293 340 5915 2544 4378 3371 228 227 1187 223 1073 1764 1548 1278 806 619 472 496 216 273 448 893 3305 1582 265 260 834 877 1985 1096 670 436 2107 213 519 304 439 1317 270 479 1063 1105 889
cat_boundaries=0 4 5 9
cat_threshold=8320 17039360 1342373888 32850 20 536871040 0 0 80
is_linear=0
shrinkage=0.05


Tree=49
num_leaves=63
num_cat=1
split_feature=1 4 11 1 12 15 13 11 2 19 10 5 6 5 16 12 16 1 9 4 8 12 2 12 12 8 2 8 8 13 13 6 8 6 1 8 6 10 1 12 16 11 13 1 5 10 10 13 16 8 8 12 5 4 6 1 8 8 4 6 8 1
split_gain=55.9332 9.94611 15.6538 9.47639 8.51811 7.7866 9.62964 6.82637 6.31073 4.80675 6.22648 5.84071 5.74153 6.38925 7.10225 5.42998 9.17991 4.22207 4.36655 6.03214 5.38346 5.2981 4.14052 4.03924 4.82011 4.01467 4.00748 3.79672 3.75936 3.57377 3.52615 4.54655 3.2843 3.00833 3.63297 2.98339 2.92489 5.07218 4.93509 2.8744 5.02621 2.7503 2.66577 2.65871 2.64035 2.59554 2.56478 5.2868 2.49023 2.44026 3.73867 2.52412 2.43732 2.39692 2.3541 2.28808 2.2225 2.13303 2.08678 2.03434 1.99152 1.96644
threshold=46.500000000000007 120.50000000000001 0.024164245596953803 2717.5000000000005 0.13502654714336623 2241.5000000000005 67.500000000000014 0.015941238779676199 2173.5000000000005 0 18.500000000000004 0.80029651593773177 1.2860424414788889 1.1936328322918428 45.500000000000007 0.046616209398076432 45.500000000000007 1451.5000000000002 0.55563197310102408 4301.0000000000009 1.4243514279485505 0.043377477378121261 2395.5000000000005 0.027749316851897802 0.03742350405782769 1.399901768172888 4316.5000000000009 1.2778277378097525 1.4546536796536798 1.5000000000000002 75.500000000000014 1.1372195087421251 1.2222944661176134 1.0678545493873897 725.50000000000011 1.444626593806922 2.6669648181276089 4.5000000000000009 646.50000000000011 0.064492346086301902 18.500000000000004 0.020322034251876179 37.500000000000007 1091.5000000000002 2.0016920473773268 1.5000000000000002 6.5000000000000009 22.500000000000004 50.500000000000007 1.1566322596978174 1.2189447789214736 0.07312876884921006 1.4287326668816513 2043.5000000000002 1.1906915640418791 10.500000000000002 1.444626593806922 1.4994845360824745 5041.5000000000009 1.4534522605806732 1.3939895645193661 1155.0000000000002
decision_type=2 2 2 2 2 2 2 2 2 9 2 2 2 2 2 2 2 2 10 2 2 2 2 2 2 2 2 2 2 2 2 2 2 2 2 2 2 2 2 2 2 2 2 2 2 2 2 2 2 2 2 2 2 2 2 2 2 2 2 2 2 2
left_child=29 2 7 4 5 6 9 -2 33 11 17 46 15 14 36 16 35 18 21 20 61 22 28 -7 -25 27 44 32 -11 55 54 -32 -21 34 -8 -13 37 38 -14 -17 -41 -19 -5 -23 -6 -9 -3 -48 -42 -15 51 -51 -52 56 -26 -1 -54 -22 -46 -16 -35 -20
right_child=1 3 -4 42 26 23 8 45 -10 10 -12 12 13 49 59 39 -18 41 19 25 57 43 -24 24 30 -27 -28 -29 -30 -31 31 -33 -34 60 -36 -37 -38 -39 -40 40 48 -43 -44 -45 58 -47 47 -49 -50 50 52 -53 53 -55 -56 -57 -58 -59 -60 -61 -62 -63
leaf_value=-0.027634399612398244 -0.010874738416648067 -0.038148841039512604 -0.027605655983547646 -0.055244255060670801 -0.036500280676355017 0.049935143778762181 -0.028083944137669861 -0.003930302584476934 -0.049782907427210615 0.057104120476917722 0.037770663762530833 -0.040484038600486855 -0.014079070396740537 -0.017756419000378301 0.0244186054404157 0.057135508149602048 0.065671431688231016 -0.0054550666194377777 -0.045104973928247943 0.030167765950604688 0.029739897177659722 -0.042064227956619203 -0.011988226205699924 -0.0098189900552650596 0.015678928327025977 -0.022076108393133998 0.016642117065420414 0.045188468595647402 -0.026742984104501318 -0.04920146202474162 0.028802754737945798 -0.026047518655987381 -0.034302588276015601 -0.041362997030944461 0.054620815014754701 0.023963306474612204 -0.0084062056164392017 0.049263172080119891 0.14194794429979213 0.046245470231400826 -0.041984739402165135 -0.0360157623828724 -0.012666678572131907 0.030775219543238742 -0.023126457285926626 0.23754898443353914 0.036265400479882609 -0.026133582459004934 0.029201802064358601 0.056552582832530653 -0.038235292395002694 -0.010602218086517972 -0.024296044652875732 0.037981983070212069 0.045324092328292258 0.045644312048942079 0.044244875927899864 -0.020493526799951076 0.055079532657540432 -0.052092172410429016 0.017101554517723699 -0.00039490365894314261
leaf_weight=1.235058196311001 0.27646077839017325 4.5469029877422171 1.2098955678156924 6.8207937538063552 18.93165947111266 10.517786569405869 1.2176323959865856 0.08527161912934389 12.373911868839057 10.473007656539266 8.2574786031182139 11.259766320872588 0.3901257345496626 3.7632039703894433 0.67926710117899247 4.1821452618532913 1.9530730975675386 15.494239881867545 13.928685689075797 2.7305917450139559 4.7349003326162338 3.3552984843045115 3.1927562149357973 12.7087852392724 12.957025192859875 5.0525434470619066 4.7950801516999482 8.9066050480178074 0.92558733088662926 61.240186750830617 6.8402585109215561 6.2990706413256703 3.2192250873340527 3.0465692018187838 3.1277575973363128 1.4266557529554109 1.0199025581823651 11.985896027268607 2.755956726236036 3.5380415638210252 3.5768276548187714 13.798871948441954 8.4280633274465782 0.93432723707519461 0.85764136491343268 0.55649501289735781 5.3172045058672648 6.3465960679459386 0.88245230611209979 7.066194899351105 1.8844738571569895 1.3498390347667735 4.1587391134526097 4.1190477390773594 17.418653313899995 1.0894057156110646 0.56401805612404121 2.4776823617212358 0.75758953229524195 1.1941808726696761 1.5806872147804822 2.9655898881755993
leaf_count=7014 788 4559 3572 46 23169 94 2388 433 111 3127 113 1695 1153 1001 49 713 239 103 19577 117 493 3272 22 111 168 95 29 201 92 657012 107 113 146 2271 107 62 409 355 79 317 691 122 179 13 2350 475 97 319 92 591 337 94 824 41 156 1630 70 500 10 241 372 91
internal_value=-0.004509 0.0041626 0.0928965 0.00326561 0.00527764 0.0078772 0.00302053 0.183293 -0.0280068 0.00674385 -0.00123254 0.0146137 0.0227234 0.0342876 0.0558745 0.00447611 -0.015617 -0.00522615 0.00212758 -0.0065261 -0.0229275 0.0216148 0.0354938 0.022584 0.0166842 0.0134804 -0.0219126 0.0262025 0.0486878 -0.0469096 0.0244713 0.00252476 -0.00463131 0.00400467 0.0305275 -0.0320152 0.0662508 0.0714919 0.123871 0.0279801 0.00807773 -0.0205647 -0.0339394 -0.0233803 -0.0312651 0.222613 -0.0101393 0.00292985 -0.0251289 0.0156733 0.0228006 0.0457996 0.00238829 0.0140517 0.0335814 0.0101084 -0.00980946 0.0120894 0.0205896 -0.0255074 -0.0219013 -0.0377173
internal_weight=378.78 315.215 2.12812 313.087 297.838 272.496 205.754 0.918227 21.3466 184.408 100.447 83.9605 67.7498 40.9308 18.0253 26.819 14.6395 92.1899 62.8968 44.0158 24.1069 18.881 14.5914 66.7416 56.2238 19.909 25.342 14.8564 11.3986 63.5647 43.515 13.1393 5.94982 8.97265 4.34539 12.6864 16.1519 15.132 3.14608 12.1795 7.99732 29.2931 15.2489 4.28963 20.5469 0.641767 16.2107 11.6638 4.45928 22.9055 19.1423 8.41603 10.7263 8.8418 30.3757 2.32446 4.72276 7.21258 1.61523 1.87345 4.62726 16.8943
internal_count=744817 79161 5268 73893 73668 48110 47361 1696 5249 42112 28084 14028 9053 5244 2286 3809 1996 27971 27746 21220 20661 6526 3241 749 655 559 25558 464 3219 665656 544 220 263 5138 2495 1757 1996 1587 1232 1813 1100 225 225 3285 25529 908 4975 416 783 2958 1957 685 1272 935 324 8644 894 993 2360 290 2643 19668
cat_boundaries=0 1
cat_threshold=67776
is_linear=0
shrinkage=0.05


Tree=50
num_leaves=63
num_cat=4
split_feature=1 22 12 21 17 15 4 12 12 16 13 13 16 1 9 9 16 9 15 16 13 5 5 4 5 15 8 1 17 16 9 8 5 12 16 13 12 6 6 13 8 2 12 8 16 6 8 1 13 16 6 16 12 1 8 9 6 6 6 4 8 8
split_gain=51.9012 8.96171 7.76967 7.02425 7.10571 6.72679 6.37539 6.13089 5.8689 5.81848 5.56134 6.19671 7.03327 6.99523 5.60786 9.04669 5.43985 5.01601 5.00061 4.68855 4.6496 7.38976 5.08806 4.62088 4.54175 4.98384 5.89898 4.52927 4.46587 7.58956 5.35394 4.99306 4.18087 3.8054 3.68839 3.51626 3.2634 4.08882 5.4202 5.32562 5.44348 3.26006 5.46614 3.23854 7.17098 3.11602 7.12799 6.08126 3.04208 2.95386 2.82803 2.7395 2.72981 2.84186 2.69701 2.47838 2.4437 2.43003 2.42924 2.40662 4.72945 2.37307
threshold=46.500000000000007 0 0.12750576444423475 1 2 1312.5000000000002 120.50000000000001 0.068135804629251243 0.0050056277306836936 15.500000000000002 92.500000000000014 66.500000000000014 21.500000000000004 1155.0000000000002 0.73916228698837405 0.40021037868162695 41.500000000000007 0.97144555800917287 1153.5000000000002 14.500000000000002 23.500000000000004 1.2904315605928511 0.70598618970977645 6213.5000000000009 1.4442324226545173 2500.5000000000005 1.2040272107900558 2717.5000000000005 3 2.5000000000000004 0.34492053164792275 1.4546536796536798 0.59291381581060687 0.047741083324146623 9.5000000000000018 1.5000000000000002 0.039357368758373208 2.9095454545454547 2.7005674653215643 24.500000000000004 1.444626593806922 1707.5000000000002 0.031734106841437799 1.2653510084385664 25.500000000000004 0.91611397961068552 1.2189447789214736 1865.5000000000002 72.500000000000014 45.500000000000007 1.0385132804415318 50.500000000000007 0.041295148686813006 1155.0000000000002 1.4727960207052735 0.56900854897010744 1.0312973963599597 1.3846583136336841 1.8704179098464582 3122.5000000000005 1.2608814057023778 1.3158630499828325
decision_type=2 9 2 9 9 2 2 2 2 2 2 2 2 2 10 10 2 8 2 2 2 2 2 2 2 2 2 2 9 2 10 2 2 2 2 2 2 2 2 2 2 2 2 2 2 2 2 2 2 2 2 2 2 2 2 10 2 2 2 2 2 2
left_child=35 7 3 4 6 23 19 16 -5 -7 11 12 13 41 15 -14 28 45 27 -3 21 22 -18 36 25 26 48 59 30 -30 34 -31 -16 -22 -2 -1 37 38 39 40 -6 42 -8 -32 -45 -9 -47 -48 -13 -23 52 -4 53 61 58 -11 -34 -57 -41 -17 -61 -10
right_child=1 2 51 8 5 9 10 17 50 55 -12 24 14 -15 32 18 20 -19 -20 -21 33 49 -24 -25 -26 -27 -28 -29 29 31 43 -33 56 -35 -36 -37 -38 -39 -40 54 -42 -43 -44 44 -46 46 47 -49 -50 -51 -52 -53 -54 -55 -56 57 -58 -59 -60 60 -62 -63
leaf_value=0.0095345056838713627 0.038505732316722024 0.1447013215235092 -0.041279454371212602 0.045717909350233156 -0.047442834814422324 0.051605372948076225 -0.017725909502849014 0.016661253739448708 -0.0035483388625859313 0.01641807119336897 0.090647763499911493 -0.02676155913327051 -0.037588394167314076 0.049384561260556001 0.036751560372872125 0.044754875744550011 -0.0070289876697199856 0.047209534231684273 0.057858630902687891 -0.014820475755400487 -0.018807546559890545 -0.039336062783837639 0.11099894641323405 -0.04497021800285101 0.047108144443502031 0.002628812085164411 -0.060098401070074414 -0.059225184420908045 0.065968730586507318 -0.038500537057375335 0.057643951699470591 0.027437474173747763 -0.0015560091889548369 0.044689876761411722 -0.052651859606197775 -0.049160423290389249 -0.033825716704065117 -0.0360799821866837 0.074213478757883838 0.061674980600310861 0.037448460634649371 -0.029209105239526661 0.046556500155056316 0.040145223605572856 -0.042287115841896969 -0.051948348161826766 -0.026592992098958247 0.046524419173173424 0.067089669686074702 0.036790020322742978 -0.040792266197635194 0.0069191909534876712 -0.037155332652947966 -0.023972212072922994 -0.02002916860184022 -0.040836634724181448 -0.04162324067750147 0.0057520746937136302 -0.022609059292612307 -0.024443954982748144 0.02943457515645977 0.083165042180514681
leaf_weight=2.356149373605148 0.83686810278595958 0.52264114491845148 14.901455996092411 1.7781878921960039 5.815070870026835 5.6493219522162716 5.2118910437784489 6.9734281720084317 1.1483162803779157 8.0644042518033547 1.1581568198816956 0.83854236943444138 5.8536717889655838 21.608791664300952 2.0738142122136223 5.3388720181756169 0.91958183107635871 3.4889373740006695 7.9658798711534464 0.41788900826941244 3.5418250060029086 1.2573834534268828 5.9365575312476722 12.964006197646084 1.8708051596040594 11.598732081838532 8.4542338665851258 1.0654078186198592 1.7771015415637545 11.450840627832802 12.153539534498124 2.9461654881670247 5.948051936356932 4.1902128795336466 2.1920991064907867 58.228649251374009 8.2157573297154141 4.3132171414836185 2.0768493818686684 3.9567122765947715 1.770372270424559 3.9679790929803849 6.4393332403269596 8.7247952280085865 2.7115376881120019 8.3341799730696966 5.0249935191168316 4.4340168071903463 0.88220985602674773 1.9417329431016694 19.839840454696969 3.2987416273244881 2.0384558451041812 1.3090034052729604 1.2372237763120209 4.8794146358704875 9.9749955484730872 4.929144059344253 0.4980094823258695 6.0447582501365096 8.7523723631456942 1.069766451451869
leaf_count=8712 100 338 18886 343 3783 110 1612 2536 774 109 113 111 1171 154 843 1819 310 2573 78 784 290 151 539 164 158 135 722 7 96 2875 1928 61 1422 222 261 656163 9333 1975 337 1483 116 93 3399 487 200 3255 957 34 258 186 5677 1284 1405 10 101 116 2375 91 198 176 136 99
internal_value=-0.00478237 0.00342469 -0.00211442 0.000604614 0.00445716 -0.00808861 0.0115171 0.0158393 -0.0190351 0.0116616 0.0108854 0.00929237 0.0152375 0.0315908 0.00338227 0.014918 0.0264511 -0.00162483 0.0263524 0.102711 0.0490979 0.0701827 0.0962888 -0.0214018 -0.0130963 -0.0201105 -0.0439472 0.0124418 0.0161315 -0.00691428 0.0237736 -0.0241015 -0.0186693 0.0167807 -0.02416 -0.04676 -0.00926628 0.00213329 0.0144177 0.000521574 -0.0255759 0.00548328 0.0186731 0.0403286 0.0187719 -0.0100695 -0.0208748 0.00885283 0.0283284 0.00462713 -0.0323359 -0.0326382 -0.000569259 0.0241121 0.0339254 -0.00302923 -0.0276325 -0.0190581 0.0498351 0.0188565 0.00727064 0.0511203
internal_weight=375.163 314.578 225.742 207.542 180.359 64.3695 115.989 88.8358 27.1836 23.5223 115.048 113.89 90.2458 37.228 53.0178 35.021 60.5802 28.2556 29.1673 0.94053 17.7873 10.0553 6.85614 40.8472 23.6445 21.7737 10.175 21.2014 42.7929 16.1741 26.6188 14.397 17.9969 7.73204 3.02897 60.5848 27.8832 19.6675 15.3542 13.2774 7.58544 15.6192 11.6512 23.5899 11.4363 24.7666 17.7932 9.45901 1.72075 3.19912 25.4054 18.2002 5.56554 3.52709 5.69195 17.873 15.923 9.80856 4.45472 20.136 14.7971 2.21808
internal_count=744234 79359 62298 42128 33820 17916 15904 17061 8308 426 14782 14669 13285 5258 8027 3387 7706 9355 2216 1122 1698 1186 849 17490 1384 1226 1091 2138 6008 3032 2976 2936 4640 512 361 664875 17326 7993 6018 5681 3899 5104 5011 2615 687 6782 4246 991 369 337 7965 20170 2288 883 1782 316 3797 207 1681 2131 312 873
cat_boundaries=0 1 3 7 11
cat_threshold=33793 2230311 33024 536870912 262144 1342259200 32848 536870912 16777216 1350696960 2
is_linear=0
shrinkage=0.05


Tree=51
num_leaves=63
num_cat=4
split_feature=0 22 10 2 17 21 13 10 11 11 15 9 11 10 13 13 9 6 8 2 17 13 4 10 7 11 6 9 6 9 6 4 0 11 13 7 13 11 9 7 13 5 11 6 0 0 6 8 10 0 11 13 10 7 4 11 8 8 11 11 8 4
split_gain=51.5796 11.2547 8.65832 26.7163 7.73906 6.04281 6.49894 6.22745 7.92735 6.0618 5.82204 6.00299 7.127 5.91495 5.66002 5.38439 5.31962 5.27458 4.9214 4.799 4.20441 5.93658 4.31633 3.86807 3.80658 3.80478 3.44095 3.34478 5.6804 9.63814 5.04478 3.81547 3.51222 3.18339 5.20181 3.13784 3.07339 4.9449 2.9868 5.56351 5.75774 3.2004 2.90543 2.8658 2.71298 2.70725 2.67213 2.62711 2.85676 2.60998 3.21221 2.59683 2.56913 2.53204 2.47635 2.56092 2.47328 2.20179 2.19032 2.11703 2.08603 1.95959
threshold=52.500000000000007 0 4.5000000000000009 2395.5000000000005 1 2 65.500000000000014 6.5000000000000009 0.02342260198213704 0.032276553101837642 2500.5000000000005 0.97144555800917287 0.030805084600367332 6.5000000000000009 1.5000000000000002 44.500000000000007 0.35913542069320969 2.4440765268579843 1.1818984902023775 2395.5000000000005 3 31.500000000000004 8373.5000000000018 7.5000000000000009 10.500000000000002 0.02898228018911499 1.9124494609164422 0.79991181657848343 1.6669143140168401 0.63163009564728156 1.0147309207451427 2295.5000000000005 937.50000000000011 0.032038135454058654 10.500000000000002 1145.5000000000002 55.500000000000007 0.011573799226122601 0.99747792789354517 1945.5000000000002 41.500000000000007 3.0781440781440788 0.030261877100124509 1.0234834558823531 27.500000000000004 1526.0000000000002 1.2230883468858216 1.3750584658559404 12.500000000000002 991.00000000000011 0.024164245596953803 73.500000000000014 14.500000000000002 935.50000000000011 3390.0000000000005 0.030261877100124509 1.2222944661176134 1.1249178712220764 0.016411622287705544 0.032569105437188169 1.2727700333532885 1587.0000000000002
decision_type=2 9 2 2 9 9 2 2 2 2 2 8 2 2 2 2 8 2 2 2 9 2 2 2 2 2 2 10 2 10 2 2 2 2 2 2 2 2 10 2 2 2 2 2 2 2 2 2 2 2 2 2 2 2 2 2 2 2 2 2 2 2
left_child=14 2 3 16 5 7 9 8 -3 17 11 12 13 -4 24 -9 -2 45 -6 51 -15 22 -22 25 -1 -13 52 28 30 -30 32 -31 36 -14 -35 53 37 -20 41 40 59 -29 -18 -10 -26 47 -12 48 54 50 -17 -8 -11 -32 58 -56 -38 -44 -7 -40 -39 -60
right_child=1 4 10 -5 18 6 19 15 43 26 46 23 33 20 -16 49 42 -19 27 -21 21 -23 -24 -25 44 -27 -28 38 29 31 35 -33 -34 34 -36 -37 56 60 39 -41 -42 -43 57 -45 -46 -47 -48 -49 -50 -51 -52 -53 -54 -55 55 -57 -58 -59 61 -61 -62 -63
leaf_value=-0.02846230740483939 0.078661664366879269 0.11681079008954938 -0.042224148305250314 0.21062784938034085 -0.043130310552992317 -0.023515606649378948 -0.028007714512322809 -0.031071096240601254 0.051830396558506325 -0.044581121996189611 0.0098602510394346574 -0.036547024309675075 0.04511142036997827 0.013108304392853869 -0.04835696802944553 -0.022982093028306845 0.026194272297393247 -0.039420169051207203 -0.037735207150105816 -0.05485264191776458 0.042084010159002649 -0.046384620778045609 -0.020277643697904368 0.08031887681403016 0.09570053776992464 0.048911722538834523 0.023674441128468636 -0.041480558871520634 -0.044955660372974528 -0.0066122541224752545 -0.031090425427919607 0.067258868885089668 0.050019320918850987 0.057880224267932712 -0.011085424753701899 -0.029840634992083521 0.020284908008924771 0.00051926000997590011 -0.032275531505947322 -0.035658598153252306 0.077721133042256696 0.021687057132900353 0.030375214309606248 -0.027600185683675112 -0.015550141548476119 -0.032611614198340903 0.045527886200585704 0.045102751933440106 0.04803510363077864 0.048560249785808099 0.024940171491305025 0.032184271758427224 0.024828096657183198 0.033248467811699392 -0.02924164473613948 0.017303810034276744 -0.0414484724491129 -0.036077336091267072 -0.017904061636512477 0.035937018184618523 0.068637702369243922 0.059531451464738261
leaf_weight=1.3208523340435925 2.3800963785688483 2.9006647034548214 10.389029974758158 1.2854193151870266 11.591143269761231 0.82637093197991873 2.401449535325809 4.2202797749487244 0.87346295046882039 8.7705172085843479 8.9493214719695988 1.7332725344313069 8.6608372477494431 17.626962742535397 59.641000106494175 3.8770240425510627 6.6671621743371361 2.9106891148694549 1.6301301870553269 8.2275363979861122 3.9549849218237814 9.5450097335997253 5.3775977627374232 3.0691908149892697 0.71517316269455455 1.4992946405400287 2.3117817462480152 16.331679691815228 2.6440219127689479 2.0288192824082198 1.4168155072620745 6.9024031378648942 3.4579693712294093 2.6447690476634298 10.075028267718151 23.718777782167308 1.5922882111044598 1.6461049963763796 2.601804401179836 5.1912743411667179 2.2750494681604323 1.6446810632332916 0.83287852834473586 1.8996684913872739 0.44743006012868136 1.259335996583103 14.560512732794448 10.59491305623669 3.5628221166261929 7.2527071749791494 12.231403645404496 2.8071918456844287 0.89226240798598233 3.4007307741849218 6.2276570829344546 4.1414896051282994 4.5165392945127678 3.8730093631893396 0.54264274596789652 0.72209667099377828 2.6501182430729386 2.9063494199363049
leaf_count=7325 891 451 719 114 9269 688 365 162 442 1474 140 186 140 201 694564 102 3266 689 141 72 202 898 35 104 1011 104 705 5167 403 449 1040 82 18 43 516 358 111 327 1185 47 601 181 550 839 456 22 150 378 50 61 331 683 35 123 282 55 411 2303 1353 814 110 636
internal_value=-0.00416425 0.00444669 0.0160494 0.0516232 -0.00327515 0.0067615 -0.00338967 0.0209958 0.0708309 0.00530405 0.011749 0.00473197 0.00012181 -0.0107648 -0.0452572 0.0159706 0.0234925 0.0163044 -0.0125692 -0.0331729 -0.000924484 -0.0137201 0.00766536 0.047822 0.0216964 0.00528092 -0.0239079 -0.00938694 -0.00210598 0.0276464 -0.0103681 0.0515022 0.0121007 0.0234132 0.00642784 -0.0225636 -0.00179565 0.0220406 -0.0229172 -0.00174676 0.0303347 -0.034863 0.00652261 0.00452434 0.0654929 0.0227953 0.0329068 0.0262309 0.0134728 0.0253955 0.012737 0.00439144 -0.0364445 0.012235 0.00253134 -0.0107643 -0.0247675 -0.0210539 0.0307055 -0.0125727 0.047564 0.0460624
internal_weight=362.85 300.725 113.124 15.0386 187.601 91.6382 58.383 33.2552 5.6738 44.9468 98.0858 74.576 68.2742 46.8936 62.1245 27.5814 13.7531 32.9723 95.9624 13.4362 36.5046 18.8776 9.33258 6.30176 2.48346 3.23257 11.9746 84.3713 55.6047 11.5752 44.0295 8.93122 15.4932 21.3806 12.7198 28.5363 12.0352 5.92635 28.7666 10.7902 5.59895 17.9764 11.3731 2.77313 1.1626 30.0616 23.5098 28.8022 18.2073 23.3611 16.1084 5.20864 9.66278 4.81755 14.6445 10.3691 6.10883 4.70589 4.27536 3.3239 4.29622 3.44899
internal_count=744630 41274 10562 7124 30712 9875 7487 2388 1732 6367 3438 3148 2754 2055 703356 656 7010 4153 20837 1120 1336 1135 237 394 8792 290 2214 11568 3573 934 2639 531 1118 699 559 1521 1100 578 7995 2647 2600 5348 6119 1281 1467 3464 290 3442 3064 494 433 1048 1509 1163 3014 337 522 2853 2677 1999 437 1989
cat_boundaries=0 1 5 7 11
cat_threshold=2131459 8192 262144 8470528 32832 2053 32768 640 262144 128 16
is_linear=0
shrinkage=0.05


Tree=52
num_leaves=63
num_cat=3
split_feature=0 17 10 2 2 3 10 11 13 8 1 11 7 13 13 21 13 8 13 13 11 8 5 21 3 2 8 10 1 10 8 11 11 11 8 8 13 10 11 10 3 11 6 10 5 11 13 13 6 10 11 5 11 6 11 0 0 5 7 7 11 5
split_gain=50.5214 8.66992 8.62371 56.8711 9.28893 9.11469 8.24419 10.8642 7.25117 8.06819 5.61531 5.09494 5.0222 4.61757 4.27581 4.12872 3.45652 3.40682 3.35824 4.92532 3.62272 3.33513 4.56284 4.46378 4.54857 3.70077 3.32492 3.31334 3.18505 2.75397 2.59571 2.7202 2.55661 4.26998 2.55575 2.87809 2.5497 4.42057 2.17716 2.13557 2.08229 2.04699 2.03659 2.41518 1.95513 1.93891 1.88271 1.85118 1.94589 1.83341 1.83125 1.73609 1.60018 1.59824 1.57197 1.47589 2.32694 1.35425 1.26268 1.24522 1.20931 0.962606
threshold=26.500000000000004 0 4.5000000000000009 2395.5000000000005 2395.5000000000005 113.50000000000001 6.5000000000000009 0.032569105437188169 67.500000000000014 1.4077206925915415 72.500000000000014 0.021305085093315163 347.50000000000006 13.500000000000002 29.500000000000004 1 8.5000000000000018 1.1579550020088392 45.500000000000007 55.500000000000007 0.032710533887625508 1.1515356542420145 1.7147096227214924 2 2380.0000000000005 2173.5000000000005 1.3283205186190263 8.5000000000000018 902.50000000000011 1.5000000000000002 1.3516993895396803 0.016177966026589278 0.033483050034745887 0.032569105437188169 1.2416990020188716 1.2000986193293888 8.5000000000000018 6.5000000000000009 0.033483050034745887 11.500000000000002 933.50000000000011 0.016254236979875717 2.1821897448600454 18.500000000000004 1.5003234152652007 0.029620009903444645 1.5000000000000002 35.500000000000007 0.89065624404875277 7.5000000000000009 0.039390087150529315 1.5853853853853856 0.015767172713370334 1.4072518026088783 0.040237288083881148 10.500000000000002 12.500000000000002 2.5010402219140091 92.500000000000014 1041.5000000000002 0.02922308950668626 0.69589238529906328
decision_type=2 9 2 2 2 2 2 2 2 2 2 2 2 2 2 9 2 2 2 2 2 2 2 9 2 2 2 2 2 2 2 2 2 2 2 2 2 2 2 2 2 2 2 2 2 2 2 2 2 2 2 2 2 2 2 2 2 2 2 2 2 2
left_child=10 2 3 5 21 29 -6 8 11 -10 46 -8 -7 15 -13 32 17 -14 -15 26 44 50 23 25 -25 42 -20 41 47 -2 31 -31 33 36 35 54 49 -38 -33 -22 -35 -24 43 61 -21 -16 55 -26 -49 57 52 -46 -4 -37 -18 -1 -57 -3 -12 60 -43 -23
right_child=1 13 4 -5 6 12 7 -9 9 -11 58 14 16 18 45 -17 34 -19 19 20 39 22 27 24 28 -27 -28 -29 -30 30 -32 38 -34 40 -36 53 37 -39 -40 -41 -42 59 -44 -45 51 -47 -48 48 -50 -51 -52 -53 -54 -55 -56 56 -58 -59 -60 -61 -62 -63
leaf_value=-0.027181447121189247 -0.010158484817125932 -0.036789897597486146 -0.006871291025700256 0.23718800191139555 -0.02758806419344477 -0.031506953014973783 0.0016264607391652326 -0.030561643631921355 -0.030876784983644563 0.015021170394920512 0.089124542614294491 0.0057375327456155823 -0.020826482970642365 -0.052527790877295824 0.049128030255224019 -0.018668197399405867 -0.034144058785162482 0.041879203701102416 -0.012255431620881663 -0.054100749842308053 -0.021428559106969777 0.006686659820032451 -0.028647928659813512 -0.023505253619823741 0.018572730596912768 0.023409059027240883 0.061317422299669688 0.0696238948035931 0.019173281355471278 -0.0069664925582507255 -0.0081083943201162648 0.18747723461548293 -0.029062925106052975 0.11920540930953771 -0.033655514708678953 -0.013540697322993095 0.068073527586450647 -0.011086508215975011 -0.0048985331868082477 0.043531137670628606 0.0041401625280157658 -0.027415373055119929 0.022350563821077998 0.017693157467108544 0.044401208083362703 0.024137797404969939 -0.049084643732657217 0.02066994966544471 0.10546537324177452 0.033891390460353076 -0.018112678700262879 -0.027361379570207341 0.058585709305560119 0.071205594541068437 0.025700781988684654 0.079260933874845424 -0.019217599952219243 0.0085634396842965751 -0.0092247402220530916 0.047144031880841118 0.02347181100982236 -0.037088274811281921
leaf_weight=1.1907309440575762 0.25478331060003856 3.0146577890409372 0.81615982196671844 2.1083308691158882 22.536404762417078 6.5780795451355543 32.815845565870404 18.382369140163064 18.877988118678331 17.609963676892221 0.077656238616326756 17.723893344402313 2.0110535550338708 8.7928288903713128 16.075189784169197 5.0906495268209264 2.018094133098201 10.752475058143316 2.5177077917978776 7.6916823946958157 1.6557336217665573 1.0727115041445454 1.2031620567722692 2.6013874286363743 2.2886211162549435 5.376025454781483 2.0787795424839715 5.1794489670282928 9.506388911890097 0.16034141439740779 0.18680885769572342 0.47304266158607788 1.3718321489941452 0.74620337578380602 4.0144662236634758 0.36753756560210593 3.3229473706669523 2.5662768759211758 0.1080711756949313 1.5321186359433339 0.60351518883544486 1.0449024164554432 1.6785845182603214 2.0652609316748558 0.4952629315012016 21.762460149824619 53.378747351875063 1.5638611471222246 2.5564188912103418 1.2270769486785864 0.51970617584447687 0.95187772998178843 8.6063357800230715 1.2749705590831579 0.8411883033113553 0.16034650115761895 0.62293668775237165 2.2591639087477233 0.22601862831652397 2.7362115934956819 1.7285070542857282 13.091822877635421
leaf_count=7084 1122 1552 664 182 155 17722 193 114 124 159 241 95 508 10174 104 5523 2452 1198 2090 4393 1506 790 202 1539 155 118 281 137 201 244 205 675 4005 378 1905 475 1237 44 314 17 68 161 175 122 135 141 662863 150 113 7 195 964 1373 315 291 253 957 428 1886 33 151 3700
internal_value=-0.00221212 0.00578845 0.00919329 0.0338182 0.00611658 0.0116498 -0.000150918 0.00432695 0.00966517 -0.00891553 -0.045594 0.0173504 0.00380109 -0.0125924 0.0264444 0.00263698 0.0156399 0.0312038 -0.0289208 -0.0144088 -0.0303094 0.0221945 0.0166705 0.00842315 0.0205288 -0.00715845 0.0260291 0.0427577 0.0408266 0.110067 0.13122 0.150822 0.013645 0.0288487 -0.00851398 0.0159481 0.0157153 0.0369767 0.17123 0.0127315 0.0914134 0.0156889 -0.0208733 -0.0263815 -0.045098 0.0357464 -0.0473433 0.0660223 0.0836036 -0.00590735 0.0477773 0.00530636 0.0528007 0.0542943 -0.0144405 0.000414915 0.0340839 -0.0190935 0.0649977 0.0282845 0.00211513 -0.0335508
internal_weight=362.144 306.487 260.569 31.1492 229.42 29.0409 165.784 143.248 124.865 36.488 55.6564 88.3774 27.8579 45.9183 55.5615 20.2023 21.2798 12.7635 25.716 16.9232 12.3267 63.6355 53.6933 41.8011 18.5167 23.2844 4.59649 11.8922 15.9153 1.18305 0.928264 0.741455 15.1117 13.7398 8.51626 4.50179 12.3901 5.88922 0.581114 3.18785 1.34972 6.71278 17.9084 16.2298 9.13882 37.8376 55.3528 6.4089 4.12028 6.5009 9.9422 1.44714 9.4225 1.64251 2.85928 1.97401 0.783283 5.27382 0.303675 5.50962 2.77341 14.1645
internal_count=744758 71474 38672 27608 11064 27426 1085 930 816 283 673284 533 24866 32802 340 13242 7144 1706 19560 9386 7015 9979 7747 7063 2158 4905 2371 684 619 2560 1438 1233 7719 3714 5438 3533 3268 1281 989 1523 446 547 4787 4612 5492 245 671157 418 263 1987 2232 1099 2037 790 2743 8294 1210 1980 2127 345 312 4490
cat_boundaries=0 4 6 8
cat_threshold=8832 17039360 1350582400 32850 589826 256 20971618 33792
is_linear=0
shrinkage=0.05


Tree=53
num_leaves=63
num_cat=3
split_feature=1 21 4 13 15 13 10 13 13 19 3 15 8 13 12 1 8 12 19 10 8 1 1 8 13 10 8 12 3 2 10 2 12 15 13 8 13 7 4 5 7 1 13 12 12 15 8 0 10 12 8 8 10 2 2 10 6 6 8 10 0 7
split_gain=47.1611 8.0935 7.97999 7.75374 7.13134 10.5673 6.88395 5.4114 7.82492 6.26458 5.33735 5.06932 5.0145 4.81304 4.82268 4.69297 4.32571 4.00494 4.75068 4.74426 5.50916 3.75383 4.5339 3.73334 3.42297 3.00155 2.70186 2.67147 2.65611 4.79691 2.51495 2.45388 2.36342 4.86576 3.31297 2.14442 2.12442 4.07374 4.0202 2.76355 2.05774 2.21863 2.03157 2.91131 2.0176 2.00174 1.98925 1.92362 1.91664 1.8689 2.34648 1.858 1.87131 3.49526 3.71245 1.8132 1.88697 3.46545 3.76333 2.43512 1.90825 1.7675
threshold=46.500000000000007 0 5041.5000000000009 24.500000000000004 2849.5000000000005 12.500000000000002 15.500000000000002 29.500000000000004 70.500000000000014 1 119.50000000000001 475.50000000000006 1.727819055944056 58.500000000000007 0.055639799779182382 1630.0000000000002 1.3685792637907397 0.082407444830221124 2 3.5000000000000004 1.4243514279485505 1451.5000000000002 1155.0000000000002 1.2024666632865186 1.5000000000000002 1.5000000000000002 1.339709653268448 0.093805102889685257 788.50000000000011 800.50000000000011 4.5000000000000009 1707.5000000000002 0.029728935226302603 2241.5000000000005 94.500000000000014 1.4243514279485505 17.500000000000004 1338.5000000000002 2295.5000000000005 1.1936328322918428 52.500000000000007 111.50000000000001 66.500000000000014 0.046616209398076432 0.025000001765398575 2241.5000000000005 1.4286197237515699 10.500000000000002 3.5000000000000004 0.022723834561654891 1.2555668244309219 1.3740732604755892 5.5000000000000009 2395.5000000000005 1422.5000000000002 15.500000000000002 1.4534522605806732 0.95925722567340677 1.2727700333532885 7.5000000000000009 991.00000000000011 2226.0000000000005
decision_type=2 9 2 2 2 2 2 2 2 9 2 2 2 2 2 2 2 2 9 2 2 2 2 2 2 2 2 2 2 2 2 2 2 2 2 2 2 2 2 2 2 2 2 2 2 2 2 2 2 2 2 2 2 2 2 2 2 2 2 2 2 2
left_child=24 4 3 46 5 10 11 12 9 28 25 -4 16 -11 23 -16 21 18 19 20 49 22 36 -15 47 -2 40 -5 -9 30 -30 48 33 -10 -34 42 37 38 -7 -40 -27 44 -6 -44 -42 -36 -3 -1 -19 50 -12 52 53 54 -21 56 57 58 -31 60 -58 -20
right_child=1 2 6 27 35 7 -8 8 32 13 17 -13 -14 14 15 -17 -18 31 61 51 -22 -23 -24 -25 -26 26 -28 -29 29 55 -32 -33 34 -35 45 -37 -38 -39 39 -41 41 -43 43 -45 -46 -47 -48 -49 -50 -51 -52 -53 -54 -55 -56 -57 59 -59 -60 -61 -62 -63
leaf_value=-0.026939375428229363 -0.013204454897003174 -0.044463014654784895 -0.010963971498877557 0.036155940434084426 0.034092879555607962 -0.025852863863558801 0.0046154274204202438 -0.030670354728512962 -0.040666401243373597 -0.034764993615095233 0.025421029937961078 -0.056735549310028367 0.074184689237050599 -0.025614029834662589 -0.049073474543979471 0.028640684004217182 -0.052127318111042334 -0.023135647547008354 -0.0012638433396864439 0.06158263803146953 0.062670417470080397 -0.025587095197198574 0.031550590570972918 0.067275502839326262 -0.049029692548902 -0.0068386236704937268 -0.010148014029160223 -0.025650674746715292 -0.012910460274210112 0.053489782584030532 0.099327171550052537 -0.048242213231065922 -0.045131760673390572 0.049939189126662779 -0.024584608861778677 0.041800012953412215 -0.029650298193240662 -0.036666044981471399 0.088926873499779346 -0.016058432397521843 0.17190723899045635 -0.0064110285485541154 0.026385807162561892 -0.013210207849808378 -0.0051472972967421329 0.05884005480906726 0.0099599890977339779 0.03961829002616607 0.053976151875645917 -0.038357280716897341 -0.028078144215269985 0.0084417426207043424 0.028432956249841997 0.099187612485041793 0.0022832712209619999 0.043865763879123415 -0.033032875276260525 -0.0061796097857855902 -0.00036812009918704794 0.040684675262077967 0.026152305098840624 -0.040801166225976897
leaf_weight=1.1677595738874509 0.35863660290487942 5.0528126148274195 10.264108982955806 14.395576971219269 10.239966119792372 1.0649052228254752 12.418868009292053 1.4938125438420673 1.9357173873504501 11.836696699072492 4.0883968207344861 16.054986562827253 0.54617223846434981 0.85684420494362523 3.5459259778726846 2.5262802969664335 6.9616179122749591 0.77183623585005923 8.8072541092551528 6.2053485109645461 2.280609831766923 21.543477852086653 7.85276251414325 3.2617581437152694 50.321564778729226 0.15683229745627603 0.24664360310998734 1.2587397581883113 0.34750115530186976 5.7224119106249436 1.932677666613017 2.5754937993478961 10.805063543746654 2.0080089215189219 0.53201313651515991 15.537483042833626 7.6470899063715478 2.0260053949023131 1.7629539651097732 0.46134998829074891 0.78102185799070845 0.14413342688931152 7.969416715437549 8.7200397580018016 0.11447397222218569 0.63418111662031151 1.88553964834864 1.2296144542051477 0.64153934036585269 3.0469044375058729 2.4480696474347496 3.6367672029591622 10.218554792016219 3.9509241821360765 4.2906408475537319 6.0409587568137786 1.8365446457246428 17.815518995965249 6.2412776035343995 10.822978268100995 1.6456784943584351 3.210221968300174
leaf_count=7133 1708 8027 162 3583 175 5761 128 7381 405 5681 2196 227 71 290 2223 14 821 2517 4747 781 124 147 127 263 656533 193 201 3807 1020 158 851 102 5067 22 398 156 9480 140 682 121 483 34 65 196 456 7 212 1650 273 4869 798 187 167 51 129 67 299 417 173 97 15 27
internal_value=-0.00309803 0.00453144 -0.0106576 0.010949 0.0084954 0.00482291 -0.0258994 -0.00256164 0.00463961 0.0113642 0.0226105 -0.03994 -0.0156551 -0.00996764 0.0104605 -0.0172633 -0.0181045 0.01887 0.0226333 0.0271253 0.0064448 -0.0114396 0.00370476 0.0467219 -0.0462843 0.0908709 0.111553 0.0299444 0.0185428 0.0239657 0.0835008 -0.0250314 -0.026217 0.00623669 -0.0365648 0.0272099 -0.0142162 0.0091681 0.0393663 0.0689246 0.12984 0.143702 0.0175967 0.00612012 0.158499 0.0270019 -0.0302816 0.00881134 0.0197281 -0.0115928 0.00431726 0.0445356 0.0493212 0.0612986 0.039649 0.0196772 0.0154632 0.00781833 0.0275319 0.0298268 -0.00546796 -0.00800161
internal_weight=356.199 303.48 61.3306 22.5927 242.149 199.682 38.738 141.708 91.8418 75.9269 57.9743 26.3191 49.8663 22.0275 10.1908 6.07221 49.3202 56.1726 52.1837 40.1662 11.864 42.3585 20.8151 4.1186 52.7189 1.80174 1.44311 15.6543 53.8994 52.4055 2.28018 3.98887 15.915 3.94373 11.9713 42.4669 12.9623 5.31521 3.28921 2.2243 1.19646 1.03963 26.9294 16.6895 0.895496 1.16619 6.93835 2.39737 1.41338 9.58337 6.53647 28.3022 24.6655 14.4469 10.496 50.1254 44.0844 29.7792 11.9637 14.3052 3.48222 12.0175
internal_count=744295 78979 16146 15629 62833 62241 517 42198 24848 18949 20043 389 17350 8471 2790 2237 17279 16968 14076 9302 7987 16458 16311 553 665316 3075 1367 7390 10478 3097 1871 2892 5899 427 5472 592 16184 6704 6564 803 1166 973 436 261 939 405 8239 8783 2790 7863 2994 1315 1128 961 910 1226 1159 748 331 411 314 4774
cat_boundaries=0 2 3 4
cat_threshold=544737303 164096 100451 362697
is_linear=0
shrinkage=0.05


Tree=54
num_leaves=63
num_cat=3
split_feature=1 3 11 21 16 11 16 17 11 11 16 10 11 13 8 15 16 11 9 8 7 3 12 12 13 12 6 15 11 9 8 8 6 17 6 10 6 11 11 9 8 12 13 11 13 8 11 8 12 9 1 3 11 16 9 11 7 9 9 3 9 2
split_gain=46.518 8.25434 10.6178 9.15907 8.12766 8.51701 7.20585 15.3573 6.73206 6.32222 6.3225 5.61676 5.29817 5.19844 6.33784 4.76679 4.69088 4.52509 5.02602 4.4732 5.13877 4.49673 4.37825 4.0138 3.978 6.61872 4.40828 5.55709 4.47445 4.57172 3.94876 4.63361 4.06372 3.74071 6.20278 3.62959 6.93439 3.69408 3.67945 3.54408 4.67057 4.35842 7.77515 4.52101 4.70944 4.36618 3.71444 4.27771 3.48568 3.47172 3.92057 3.30752 3.29216 4.50997 3.22858 3.03913 3.00828 3.00161 2.88822 3.3479 4.45223 2.72989
threshold=46.500000000000007 119.50000000000001 0.024164245596953803 0 33.000000000000007 0.013033898512873314 19.500000000000004 1 0.024677965933313738 0.04000000006312298 27.500000000000004 14.500000000000002 0.015941238779676199 66.500000000000014 1.444626593806922 3332.5000000000005 17.500000000000004 0.015767172713370334 0.97734651636189473 1.4243514279485505 1422.5000000000002 3117.0000000000005 0.0050056277306836936 0.046616209398076432 13.500000000000002 0.038322349237967297 1.0234834558823531 4342.0000000000009 0.032038135454058654 0.54564838146927708 1.1463028763746921 1.1980981373199111 0.81833183318331848 2 1.3279846617083153 6.5000000000000009 1.4534522605806732 0.031728814356029041 0.032038135454058654 0.70595420578654922 1.727819055944056 0.039357368758373208 44.500000000000007 0.021864407433149147 59.500000000000007 1.2727700333532885 0.039706543111457673 1.4243514279485505 0.0050056277306836936 0.6800243309002435 1237.0000000000002 6467.0000000000009 0.032038135454058654 47.500000000000007 0.82360045467462351 0.023829978727422506 2226.0000000000005 0.80673871270536324 0.71444879321591659 466.50000000000006 0.99976076555023929 2741.5000000000005
decision_type=2 2 2 9 2 2 2 9 2 2 2 2 2 2 2 2 2 2 8 2 2 2 2 2 2 2 2 2 2 10 2 2 2 9 2 2 2 2 2 10 2 2 2 2 2 2 2 2 2 8 2 2 2 2 10 2 2 10 10 2 10 2
left_child=-1 2 12 4 5 16 7 13 -7 10 24 22 -2 39 23 -9 -3 -6 52 20 21 -10 -12 -15 25 49 28 -28 29 -26 -24 -32 -33 35 57 36 -34 -38 -37 46 41 58 45 44 -44 -43 47 51 -11 -8 -51 -5 -19 -54 -31 -16 -13 61 -41 -60 -61 -35
right_child=1 3 -4 6 17 8 9 15 19 48 11 56 -14 14 55 -17 -18 18 -20 -21 -22 -23 30 -25 26 -27 27 -29 -30 54 31 32 33 34 -36 38 37 -39 -40 40 -42 42 43 -45 -46 -47 -48 -49 -50 50 -52 -53 53 -55 -56 -57 -58 -59 59 60 -62 -63
leaf_value=-0.048057782492902934 -0.012091871132415354 0.012871318265930232 -0.02621024453794429 0.065497396586797207 -0.030534107762258639 -0.052262282959986577 -0.052904046183829816 -0.043041534982908948 -0.016759598652483349 0.035906990776881982 0.041426587988982071 -0.0042972197505881824 0.17501693911085053 0.0021152944699683366 0.045731459242251013 0.021938236136039749 0.091403636652211115 0.087542150045857386 -0.01898062099722464 0.048814097703660853 -0.032270465829339179 0.077126674359248082 0.018998551741010075 -0.05106777414942202 -0.033461836936921986 0.06627677053885743 -0.050073219274711235 0.020855442957780749 -0.050374466304015 0.056896859686249024 -0.035120020794727716 -0.040702457837957388 0.080979971582654339 -0.016952161687041722 -0.057236200955689799 0.01159231582951209 -0.03576171630937526 0.040418605415259073 -0.031176276618936523 -0.032899733363103673 0.10078353441053989 0.020148747932594135 -0.049207471894074442 0.053747166743999222 0.037466943538998009 -0.046650141124093089 -0.01944446474244322 -0.0024167147122851357 -0.052514874758409484 -0.035290969092482222 0.039154742391493941 0.0074059511021160405 0.050767488744863115 -0.037935156640097098 -0.01971645756939382 -0.010088598023857113 0.038264067866871705 -0.035794891541780435 -0.027164146294791705 0.027504738191923884 0.10121048160502802 0.058536049368924148
leaf_weight=50.281921882349707 0.31684425251296422 4.5213461664679953 1.0941684246863586 15.464484628828368 0.94299797574786026 5.3434582126355989 2.8767790650672369 18.150540113514584 1.886316180818538 0.55025910265976463 3.9620107665396054 5.6781969944204347 0.97185351173538947 7.4381731173416501 6.4995636050953163 2.6775989427987943 2.8609227020860999 8.2253462090302438 1.4551725706405712 3.8771117968790341 6.9172625594510464 1.6681693635182453 11.472507766236957 5.6529929852040368 2.3203788947430422 2.2533606024007886 20.093661984377835 2.61736342099175 2.4489805315824924 4.3691526662296383 15.119855357093909 5.7109591983462442 3.6959762912665592 1.2921028915079644 6.6243433608178748 20.946239733333645 2.8173259324466926 1.7382533698182667 5.5268626479737568 0.83855963292444258 0.59920061881712072 2.6688617052059298 2.3403562663734174 5.7342533080663998 1.9909379583041298 8.3383300133573339 1.7560894337366324 3.5706568854875504 9.4750767726363829 2.1265436880858042 3.127470939187333 3.2022331934422246 4.8562121089998991 1.093505788274342 1.2835671451975939 3.1528210957112606 12.759892236441372 1.3608688861131666 1.1529878777218971 11.239068201706683 1.9780848238879123 2.3722182795172557
leaf_count=665059 1117 159 4074 1745 206 1295 277 12141 2720 198 239 222 1172 330 326 25 128 650 427 179 102 46 8277 1560 635 1278 4540 64 481 613 3950 2149 985 696 2112 463 760 208 122 32 96 3099 569 666 169 1306 632 120 9102 1282 29 20 654 251 1051 127 104 990 1317 847 170 17
internal_value=-0.00399386 0.00340144 0.0810839 0.00252499 0.0210805 0.00827928 -0.00142605 0.0086169 -0.00925619 -0.00831347 -0.00548998 0.00141128 0.143831 0.0174619 -0.000877479 -0.0233626 0.0505793 0.0523276 0.0588623 0.00912065 -0.00854972 0.0345623 -0.00422948 -0.0228444 -0.0211912 0.00542827 -0.0294485 -0.0413641 -0.00213468 0.0166451 -0.00701969 -0.0116747 -0.00433532 0.00090791 -0.0159984 0.00886539 0.0383116 -0.00465077 0.00185361 0.0270394 0.016583 0.0125263 -0.00235918 0.0279822 -0.00981172 -0.0301246 0.0418056 0.0472711 -0.0448451 -0.0168469 0.00819814 0.0564152 0.0675776 0.031352 0.0391515 0.0282631 0.0256101 0.0122873 0.0320244 0.037707 0.0448786 0.03399
internal_weight=355.379 305.097 2.38287 302.714 43.6478 27.0746 259.066 104.446 19.6923 154.62 144.595 101.078 1.2887 83.6177 22.7436 20.8281 7.38227 16.5732 15.6302 14.3489 10.4717 3.55449 82.6395 13.0912 43.5173 10.3842 33.1331 22.711 10.4221 7.9731 78.6775 67.205 52.0852 46.3742 11.6495 34.7247 8.25156 4.55558 26.4731 60.8741 36.8806 36.2814 21.0727 10.0655 4.33129 11.0072 23.9935 22.2374 10.0253 8.13079 5.25401 18.6667 14.1751 5.94972 5.65272 9.65238 18.4381 5.02519 15.2087 14.3701 13.2172 3.66432
internal_count=744380 79321 6363 72958 6817 4629 66141 25297 4342 40844 31544 21294 2289 13131 2343 12166 287 2188 1982 3047 2868 2766 20968 1890 10250 2866 7384 4604 2780 2299 20729 12452 8502 6353 3815 2538 1953 968 585 10788 8271 8175 5809 1404 738 4405 2517 1885 9300 1588 1311 1765 1555 905 1664 453 326 1703 2366 2334 1017 713
cat_boundaries=0 2 6 10
cat_threshold=3147796 131328 536871296 17039360 1073938432 32850 2105344 17041408 268501120 66
is_linear=0
shrinkage=0.05


Tree=55
num_leaves=63
num_cat=3
split_feature=1 1 3 0 16 21 9 2 19 8 3 13 6 13 9 16 13 8 1 16 12 9 8 8 5 6 6 12 12 2 7 0 5 8 5 5 6 16 13 9 8 13 0 0 5 19 5 13 16 13 13 9 1 5 13 5 0 8 6 1 0 7
split_gain=46.1844 8.26705 6.58501 6.17393 6.01443 4.98721 6.24275 8.98656 4.73511 6.68802 6.26928 5.02403 4.28116 4.3909 7.34002 5.51746 5.96521 6.46806 5.49335 5.27551 5.41909 5.04196 4.96755 4.09871 4.22821 4.07305 3.89588 3.75906 3.70874 3.62323 3.4252 3.36701 3.27308 5.72678 3.4465 3.90019 3.07248 2.95507 2.92358 2.74265 3.80251 2.73534 2.61964 2.51751 2.39388 2.38567 3.53094 2.38103 2.27512 2.23686 3.2288 2.14765 2.10146 2.07896 2.24609 2.02961 2.0087 2.59849 2.00341 1.94267 1.8093 1.79865
threshold=46.500000000000007 2717.5000000000005 119.50000000000001 94.500000000000014 16.500000000000004 0 0.34492053164792275 1246.0000000000002 1 1.3077524038461541 3518.5000000000005 38.500000000000007 2.7379079424494095 10.500000000000002 0.6078658841726946 46.500000000000007 31.500000000000004 1.5389676113360327 1155.0000000000002 39.500000000000007 0.12750576444423475 0.57900856793145661 1.3033798526451943 1.3054142760504099 1.2647379170824713 1.3846583136336841 1.1372195087421251 0.093805102889685257 0.058016828948212924 3190.0000000000005 64.500000000000014 666.00000000000011 0.87557114825934124 1.4286197237515699 1.0134539969834091 1.7147096227214924 1.3335401157981805 3.5000000000000004 66.500000000000014 0.90918462980318659 1.3158630499828325 24.500000000000004 414.50000000000006 690.50000000000011 1.3549261299064606 2 1.778156350558395 73.500000000000014 17.500000000000004 61.500000000000007 69.500000000000014 0.39320212042532149 1333.5000000000002 1.3946161274746502 31.500000000000004 3.5593869731800769 444.50000000000006 1.2891757708801308 1.4534522605806732 967.50000000000011 102.50000000000001 2592.0000000000005
decision_type=2 2 2 2 2 9 10 2 9 2 2 2 2 2 10 2 2 2 2 2 2 10 2 2 2 2 2 2 2 2 2 2 2 2 2 2 2 2 2 10 2 2 2 2 2 9 2 2 2 2 2 10 2 2 2 2 2 2 2 2 2 2
left_child=-1 2 4 -4 30 6 7 53 9 47 11 -10 13 14 31 16 17 22 39 20 32 29 27 24 42 -13 -11 28 37 -21 -2 -8 33 49 -34 56 -9 -15 -22 59 44 -25 -17 -28 -41 46 -14 -7 -30 -18 -51 -39 -43 54 -5 -55 -36 -58 -3 -16 -32 -24
right_child=1 58 3 5 -6 8 12 36 10 26 -12 25 45 15 18 23 19 -19 -20 21 38 -23 61 41 -26 -27 43 -29 48 -31 60 -33 34 -35 35 -37 -38 51 -40 40 -42 52 -44 -45 -46 -47 -48 -49 -50 50 -52 -53 -54 55 -56 -57 57 -59 -60 -61 -62 -63
leaf_value=-0.047965813619041738 -0.010540369495117222 -0.044833641009377034 -0.042448978776694374 0.077877123009404872 -0.0067257465028155014 -0.026217491820250207 0.01699861439715749 -0.057042726147156844 -0.040083673949126548 0.052142913554766052 -0.043489238675941518 -0.030682377547921122 -0.026342305119270295 0.052217835738054642 -0.035906570227107498 -0.018094868251611496 -0.037899636123166006 0.079361129356510643 0.080245786951535336 -0.017443672845063062 0.01538138862569273 -0.037222793854456121 -0.045563310437259121 0.098370615811534695 -0.033815188634814246 0.049452971329828746 -0.017048522339388035 -0.03656595612536756 -0.010705467998906752 0.051908318983237271 0.15870316236224677 -0.048687145587633013 0.049618260443887077 0.040561062561977654 -0.014025375090053988 0.058541781338831027 -0.0030225014561054433 0.030387039271675978 -0.055473069938823866 0.11082227325988642 -0.0215419311982427 0.060482088604239426 0.041869784955837153 0.022617908449580074 -0.011399336575459273 -0.016133827900390522 0.038826128862962238 0.02528514081952455 0.069860492123526519 0.040122184126602123 -0.017475597026399822 -0.013546858693006276 0.0071346839876227476 -0.03053901762822302 -0.015579091247131985 0.039681570006199207 0.036337098159445823 0.0084202504051028998 -0.0078743774920058181 0.021596331732500529 -0.0053676253688751683 -0.0059703796447811847
leaf_weight=47.978357341664378 0.26645914210530397 8.7082793181762082 5.5999763069994506 1.9005408679440763 1.3024861870799211 12.677776066775548 4.7024609750951667 7.9112148957065056 2.8757696730972402 7.0838791915593928 16.444019154194393 1.3908926018048076 2.1738798092992511 1.4414246610540526 2.0802667645912147 1.7202140928638998 4.6924161149363526 1.067971362339448 8.1501508608635032 2.8617279441605188 1.8288275708473509 7.842826410975249 9.6262864425443677 2.435967924378927 2.6421780488526556 5.0227154207168496 5.3869837373786131 4.3032916778392964 0.8499118584877573 2.9724481850862503 0.87794505977944937 1.9842889462597666 14.345746983075513 6.4282332441507597 4.5404805458674664 5.1736477226368143 3.901306925836252 2.3851447052584289 2.6787063062147354 0.82738173179677665 0.73420609919412516 2.8896533581137192 7.21916762762703 10.023389235604553 0.29324184878350934 11.812968071069919 5.8031632016354706 1.8585624904517306 2.5061123692867113 2.6604445153061516 6.2667844912575674 15.235141033976104 4.101274867542088 1.4400769208077693 0.45121921239478968 0.78010269737569604 12.710316259501267 23.446633957268205 6.7073656882348578 1.8947371839312834 0.11455482852761634 4.3891554997535414
leaf_count=665582 1025 144 49230 638 4247 1092 446 208 1601 163 249 631 214 37 782 497 319 70 109 232 655 621 818 81 556 420 275 1558 120 16 1096 16 618 145 1154 361 94 85 598 524 284 260 51 61 344 2139 255 174 293 99 307 1674 25 494 745 12 103 196 90 37 22 28
internal_value=-0.00289891 0.00433711 0.00627763 0.00541792 0.0739078 0.00651952 0.00982745 -0.0186222 -0.00561063 0.00573877 -0.0187704 0.00671837 0.0127035 0.015103 0.0363796 0.0121688 0.00844678 -0.0072562 0.0558471 0.0151206 0.0197506 -0.0129668 -0.0113741 0.0355046 0.0136511 0.0302798 0.0239188 0.00150174 0.0100586 0.0203156 0.123377 -0.00629168 0.0228218 0.00500906 0.0285735 0.0210737 -0.0408299 0.000519162 -0.0291524 0.0149825 0.0526877 0.0584688 0.0296711 0.00855784 0.0885459 -0.00902007 0.00951324 -0.0184289 0.0516835 -0.0133975 0.00200193 -0.00628726 0.0339948 0.0357859 0.0606479 -0.00120499 0.0150209 0.0189477 -0.0302119 -0.00966554 0.146576 -0.0343875
internal_weight=352.423 304.444 289.029 286.467 2.56145 280.867 218.103 16.3845 62.764 37.0306 25.7334 9.28938 201.719 181.929 20.6667 161.262 140.254 41.8044 13.98 98.4492 84.7722 13.677 40.7365 21.0085 11.5816 6.41361 22.4943 26.721 22.4177 5.83418 1.25896 6.68675 80.2647 20.0479 60.2168 45.8711 11.8125 19.0617 4.50753 5.82983 1.85483 9.4269 8.93938 15.4104 1.12062 19.79 7.97704 14.5363 3.35602 13.6196 8.92723 17.6203 6.99093 4.57194 2.35176 2.22018 40.6974 36.157 15.4156 3.975 0.9925 14.0154
internal_count=745020 79438 79204 72814 6390 23584 18918 2191 4666 1765 2901 2652 16727 14119 2542 11577 10107 4683 2080 5424 4555 869 4613 1470 1104 1051 499 3767 2209 248 2143 462 3302 870 2432 1814 302 1796 1253 1971 1152 366 548 336 868 2608 469 1266 413 725 406 1759 285 1889 1383 506 1453 299 234 819 1118 846
cat_boundaries=0 2 3 4
cat_threshold=7342167 164096 26786 34944
is_linear=0
shrinkage=0.05


Tree=56
num_leaves=63
num_cat=4
split_feature=1 22 16 17 9 4 16 12 16 17 5 15 16 8 8 12 8 1 2 17 8 9 10 12 5 6 8 9 4 4 16 5 5 9 5 8 9 9 5 16 10 9 6 6 16 6 8 6 9 12 5 16 1 10 16 6 5 12 5 9 9 2
split_gain=38.6735 7.04692 7.41943 10.1048 8.87157 6.63411 6.25609 5.21867 5.43992 7.52601 5.73468 5.67985 5.75172 5.34011 6.5306 4.56384 5.56158 5.91932 5.77124 4.37774 4.06994 3.88468 3.76846 5.29511 3.47214 4.73834 5.20503 3.97277 3.34234 3.23801 3.19468 3.73404 3.31736 5.03813 3.18054 3.95361 5.11439 3.2137 3.08815 2.82236 2.79108 2.78167 2.7616 6.26302 2.71546 2.65053 2.61722 2.74177 2.56231 2.28019 2.72582 2.27557 2.27544 5.18993 2.26489 2.22664 2.19959 4.15029 4.56377 2.77112 2.18934 2.13725
threshold=26.500000000000004 0 20.500000000000004 1 0.82360045467462351 112.50000000000001 27.500000000000004 0.066128879253653086 45.500000000000007 2 1.0006418485237487 847.50000000000011 2.5000000000000004 1.3182500682500684 1.1754676426164752 0.032752393707455314 1.4243514279485505 936.50000000000011 2741.5000000000005 3 1.3249548736462096 0.5263592148688554 6.5000000000000009 0.22057177240029649 1.6670006680026723 2.6284084202242775 1.2204386959359652 0.72098013773829728 889.50000000000011 3791.5000000000005 33.000000000000007 0.70598618970977645 1.0197189357329337 0.76671134941912433 1.1001066098081027 1.48392682586231 0.50012382367508679 0.77454657606478772 1.1375455692047205 10.500000000000002 1.5000000000000002 0.37275939608095093 0.91611397961068552 1.1075649906494498 46.500000000000007 0.84004870129870135 1.2000986193293888 2.9978292329956591 0.55563197310102408 0.22595019077800557 1.9263137483032773 7.5000000000000009 1451.5000000000002 8.5000000000000018 51.500000000000007 0.75012742099898067 0.71657999594786259 0.038322349237967297 0.9063854910426008 0.47391890584564783 0.5192554874431482 1047.5000000000002
decision_type=2 9 2 9 10 2 2 2 2 9 2 2 2 2 2 2 2 2 2 9 2 10 2 2 2 2 2 8 2 2 2 2 2 10 2 2 10 8 2 2 2 10 2 2 2 2 2 2 10 2 2 2 2 2 2 2 2 2 2 10 10 2
left_child=-1 5 3 15 6 40 34 8 9 10 41 12 -11 14 -10 24 17 28 -18 30 29 39 49 42 25 26 -3 -27 -17 61 31 -8 33 44 35 36 -4 -36 -30 -12 -2 -7 -24 -44 -32 -5 47 54 55 -9 -51 -23 53 -13 -34 -46 59 -58 -59 -43 -28 -21
right_child=1 2 4 45 -6 7 19 22 13 11 21 52 -14 -15 -16 16 18 -19 -20 20 -22 51 23 -25 -26 27 60 -29 38 -31 32 -33 46 -35 37 -37 -38 -39 -40 -41 -42 56 43 -45 48 -47 -48 -49 -50 50 -52 -53 -54 -55 -56 -57 57 58 -60 -61 -62 -63
leaf_value=-0.046583430283611643 -0.010586904491608561 -0.032744522987145717 -0.039531641088416766 0.016225985800340979 -0.042963666056775721 -0.042661628449303893 -0.017504089169031047 -0.04566134034776214 0.048213290221754718 0.047700674316351388 0.043961424031213198 0.043566174249552121 -0.038160734896900236 0.084202482369669041 -0.033420052773120559 -0.02846163830025621 -0.010364014330121419 -0.021187310793020928 0.061679789667234669 -0.031718239629448357 0.023575206699311953 0.010217260800910198 0.034618684059053884 -0.043928059555897729 0.0025462787563458695 0.16298488787454909 -0.0059768859123069465 0.015002456953097496 -0.0072441871174878346 -0.052436214488882443 -0.040926763868046362 0.047079883068709298 -0.043163362154779533 0.040139826949361274 -0.052965172205693481 -0.06529090875916542 0.034898357436514711 0.017901703777085127 0.065118466018671453 -0.01324297762730163 0.13020381770802777 0.042459761193846396 -0.030911925900042426 0.021404637136635415 -0.024178076085201367 -0.030192535130714505 0.034958628242688798 0.036603389175804232 -0.026340001549349359 -0.024894454379470576 0.071451234513907377 0.060154312716103192 0.033404975860194412 -0.032120974173712041 0.030713613832530681 0.056960534800475575 -0.0060408137665674917 0.075457409034567782 -0.010724215995466252 -0.03922135502353026 0.052319648876354832 0.028608093105192925
leaf_weight=42.846554817529977 0.26847360769170237 1.7515368846288826 2.574842860951323 2.9673253244182005 18.167525928169198 1.6939375134388708 2.2694505012841537 5.8795605592749771 5.5618533864471811 1.356885834618885 2.4772095296139041 2.5760816453257558 15.153291580114454 4.7755023522186084 3.0349806381345843 1.2450726661481919 3.9005667237070138 16.449156119597319 6.8862118958495557 1.6822008442177305 2.9458418215654083 3.156482910380876 8.0782993258981168 4.029959926941955 5.4881550211357526 0.63077057348709664 1.6178433253735409 0.94031878851819795 1.8126142057153627 7.9923705098262872 8.0550308707388485 9.6385536372690677 3.2601326604490164 2.846759322914294 10.318229231685105 1.1701332437660301 5.6392315685807262 1.3645706858587807 4.1107563970435876 4.8348230329429498 0.6616009959107032 0.51605765733256648 8.1615801811058208 14.239797864145656 0.56400788600876639 19.493723037463496 9.6945594177013827 1.5184174664536838 2.3830931172851706 0.96271411559428066 0.2346058313632966 16.389203819409886 6.2670918013900518 5.2062959600007161 0.58581314033654042 1.7289945306329171 6.4311024205526319 3.8211819885036675 1.9257510449315303 2.8261912513335119 12.044355632322548 2.2465703336711158
leaf_count=630600 1804 827 1858 4842 23845 314 560 5968 668 168 117 174 6018 157 439 6998 884 197 69 8560 432 223 689 1051 870 134 71 422 1822 265 1905 1196 1183 413 3427 58 1222 230 420 336 2148 52 291 633 260 14032 764 310 549 8155 781 1433 38 145 225 317 596 378 157 1078 799 178
internal_value=-0.00265907 0.00361266 -0.00303547 0.00806874 -0.0124512 0.0118605 -0.00493603 0.0112993 0.0181344 0.0125107 0.0227157 -0.00733393 -0.0287831 0.0464664 0.0189145 0.0177174 0.00888197 -0.00492207 0.0369592 0.00370034 -0.0143309 0.0417872 -0.00325112 0.00383903 0.0378372 0.0484649 0.0351371 0.114699 0.0304258 -0.0358887 0.0109598 0.0343688 0.00452665 -0.0113202 -0.027573 -0.00494126 0.00980878 -0.043929 0.0451268 0.00909436 0.105135 0.00477116 0.0113495 0.00183751 -0.0249123 -0.016568 0.0206038 -0.00675527 0.00502451 -0.0340201 0.0179097 0.0529797 0.0132364 -0.00495949 -0.0278946 0.0357213 0.0122171 0.0218187 0.0492694 -0.0197356 0.0454795 0.00158325
internal_weight=349.352 306.505 175.985 79.3384 96.6463 130.521 78.4788 129.59 88.0039 74.6316 44.0719 30.5596 16.5102 13.3723 8.59683 56.8774 34.4044 23.6176 10.7868 57.4118 14.867 26.8577 41.5865 34.5096 22.473 16.9848 15.4137 1.57109 7.16844 11.9211 42.5448 11.908 30.6368 15.5779 21.067 9.38421 8.21407 11.6828 5.92337 7.31203 0.930075 17.2142 30.4797 22.4014 12.7311 22.461 15.0589 5.36436 4.6761 7.07688 1.19732 19.5457 14.0495 7.78238 3.84595 2.293 15.5203 12.178 5.74693 3.34225 13.6622 3.92877
internal_count=744755 114155 80144 32387 47757 34011 23912 30059 12491 11227 4684 6543 6186 1264 1107 13513 10390 9437 953 17117 9435 2109 17568 2664 3123 2253 1697 556 9240 9003 7682 1756 5926 3444 6795 3138 3080 3657 2242 453 3952 2575 1613 924 3031 18874 2482 1718 1126 14904 8936 1656 357 319 1408 577 2261 1131 535 1130 870 8738
cat_boundaries=0 1 5 9 13
cat_threshold=34499 536871296 16777216 1073741824 32850 538968064 16777216 1350696960 2 536879104 16779264 268435456 32850
is_linear=0
shrinkage=0.05


Tree=57
num_leaves=63
num_cat=6
split_feature=1 1 16 17 21 3 11 21 16 19 16 9 13 2 13 9 13 5 5 4 16 11 3 13 16 11 2 13 10 15 3 13 16 9 13 7 16 15 11 17 11 13 17 10 16 9 9 7 16 6 6 11 9 11 16 13 9 2 6 11 4 3
split_gain=38.2681 7.47302 5.13821 4.64289 5.11819 5.4162 5.38843 3.90128 4.34431 6.37151 4.83567 6.71747 4.81802 4.65814 5.34071 6.33314 6.1201 4.64523 3.75156 3.85606 3.60491 3.54698 3.3094 3.18626 3.17019 3.12714 3.42935 4.05148 3.18655 5.78988 4.59362 4.18188 3.01062 5.89204 3.63314 3.32069 2.97841 2.82572 2.76505 2.73917 3.45055 6.4065 2.70348 2.56226 2.72671 2.49458 2.41908 2.92765 2.35598 2.32679 2.25831 2.18664 2.17221 2.16957 2.13599 2.10709 2.10325 2.02259 1.99139 1.96108 1.91415 2.89637
threshold=72.500000000000014 2717.5000000000005 1.5000000000000002 0 1 4107.5000000000009 0.024677965933313738 2 20.500000000000004 3 45.500000000000007 0.88898369359120222 27.500000000000004 4316.5000000000009 12.500000000000002 0.62413727450140433 95.500000000000014 1.5853853853853856 0.86492804903091292 6213.5000000000009 17.500000000000004 0.032859209103860032 2810.0000000000005 1.5000000000000002 7.5000000000000009 0.016177966026589278 4316.5000000000009 68.500000000000014 5.5000000000000009 1745.5000000000002 2810.0000000000005 25.500000000000004 39.500000000000007 0.45729483282674777 85.500000000000014 2592.0000000000005 9.5000000000000018 1203.5000000000002 0.029780569203597097 4 0.032569105437188169 35.500000000000007 5 10.500000000000002 2.5000000000000004 0.54564838146927708 0.92319980339149688 1145.5000000000002 3.5000000000000004 1.8004739336492894 2.9481725515404755 0.04162711929529906 0.76196503918022918 0.012939026289157244 8.5000000000000018 4.5000000000000009 0.84629120879120889 1822.0000000000002 0.75012742099898067 0.012939026289157244 8373.5000000000018 3518.5000000000005
decision_type=2 2 2 9 9 2 2 9 2 9 2 8 2 2 2 10 2 2 2 2 2 2 2 2 2 2 2 2 2 2 2 2 2 10 2 2 2 2 2 9 2 2 9 2 2 10 10 2 2 2 2 2 10 2 2 2 10 2 2 2 2 2
left_child=23 2 53 7 5 6 56 20 9 24 13 12 18 14 42 32 49 58 -12 55 36 -13 -22 -1 -9 28 27 37 30 31 50 -30 33 38 -35 -34 -4 39 57 40 -27 54 59 44 -41 -26 47 -47 -6 -17 -11 -44 -3 -2 -42 -20 -5 -16 -14 -10 61 -33
right_child=1 52 3 4 48 -7 -8 8 10 25 11 21 17 -15 15 16 -18 -19 19 -21 22 -23 -24 -25 45 26 -28 -29 29 -31 -32 60 35 34 -36 -37 -38 -39 -40 43 41 -43 51 -45 -46 46 -48 -49 -50 -51 -52 -53 -54 -55 -56 -57 -58 -59 -60 -61 -62 -63
leaf_value=0.0079201024696933017 -0.019960024455438988 -0.0080386262759059857 0.038338781525630763 0.080038264161967923 0.016848283253954131 -0.010717644161935163 -0.028169703502046756 -0.04614110771206828 0.022933555622242287 -0.028003432506982867 -0.050639696546348062 0.09413505303581475 -0.014766177229132383 0.016524230280363653 0.0073019717077056866 -0.043923860938123511 0.064656984058731132 -0.037231040576749391 0.021063469215875832 0.047588496239878195 -0.0049640806535781144 -0.017698344691484794 0.070523900852925411 -0.047763419542458135 -0.039768720193536805 0.038808113514120966 0.047520707817863619 -0.015472115476883401 0.037720433780119432 0.050639323958592636 0.10928462210488571 -0.034216515286942056 -0.041592512714307611 0.043029311321305566 -0.017245712800146119 0.02149879782125725 -0.040744674924226607 0.038800075957675983 0.019196724205290189 0.027977556181601911 0.063916454784300122 -0.048561897131321287 0.030408718167954832 0.01937551152350581 -0.038920034318710828 -0.023041748490183242 -0.019221516899068793 0.063675460187280514 -0.040641735135243912 -0.0053728827900930099 0.044717982027901094 -0.027306456929690061 -0.045218311354171439 0.058136130885461226 -0.01861383600348299 -0.038052388148626798 -0.013834205081125085 -0.055091793442606209 0.036159900482338608 -0.04114430052393369 -0.048962317212812773 0.019227908859401347
leaf_weight=2.4472000562382155 0.53684151774359534 7.8362135642601052 1.3022206005334731 4.1962179675683711 1.4284459196787818 7.7122965612652479 1.2013521480621419 6.6702334491710626 0.81145366529381124 1.1821997677689098 4.1548434591677523 2.5632258325858852 1.6303030242270384 16.915333449607715 1.4534163146963752 26.130507773770667 0.63369452801998605 2.0646743008692274 1.4907922430284086 2.2904689370770939 1.5664892854038033 0.53473832729650883 8.45212281141721 43.634932797307556 1.6500235543062443 11.257479126492401 4.9232915565371504 13.668409513215009 4.7366977263300241 10.067447274894219 1.9911654276656916 3.2115915748945518 6.4130599544805573 9.5325541279016743 2.67258619594213 2.18473020195961 1.4715415824975933 8.771290712975313 2.0889948584881495 1.0900883517897471 1.8092841394463897 3.1199277590785641 14.414449611409511 3.0215076454769578 7.8699083975952817 0.78126241790596429 1.9859803399522205 2.2970406718086451 17.785270823267638 4.9273090018468784 1.1530095607522524 1.0616789857376705 8.0995783235193795 5.1883890889657778 0.57182670046313422 3.5042703495710157 0.37214260148175515 4.1248845003574388 15.22520181967411 4.8548633698519552 1.9922584453597671 5.3783478906116216
leaf_count=8979 260 104 178 1116 737 88 2163 1463 160 1465 787 933 232 96 1634 5296 87 197 159 21 532 891 129 677956 389 1771 31 903 83 105 39 563 946 830 207 12 169 130 517 104 356 278 2333 22 2108 492 1830 38 15977 1099 144 1313 118 1099 657 794 586 92 768 1307 16 44
internal_value=-0.00280778 0.00379773 0.0057159 0.00464739 -0.0110085 0.00986549 0.0494707 0.00695036 0.00466611 0.0127133 -0.00109473 0.0150511 0.00670831 -0.00669107 -0.0116631 -0.0191788 -0.0341952 0.021775 -0.0179564 0.00454466 0.0269592 0.0752232 0.0593414 -0.0447009 -0.0142631 0.0167501 0.0113961 0.00707694 0.0316131 0.0230751 0.0679745 0.00296706 -0.00187014 0.00885122 0.0295243 -0.0249912 -0.00329587 0.0154818 -0.0236666 0.00729983 0.0153438 -0.00765566 0.00962339 -0.00908656 -0.0287893 0.000792562 0.0183867 0.0414136 -0.0239147 -0.0381661 0.0105448 0.0155777 -0.0284899 0.0489342 0.0444534 -0.0198386 0.0712802 -0.0401964 0.0306831 -0.0119613 -0.0145026 -0.00223815
internal_weight=344.11 298.027 282.092 276.366 32.6957 13.482 5.76971 243.671 230.878 99.2003 131.678 33.4585 30.3606 98.2195 81.3042 60.1617 31.6915 18.9202 11.4404 7.28553 12.7924 3.09796 10.0186 46.0821 13.3845 85.8157 56.103 51.1797 29.7127 25.3863 4.32637 15.3189 28.4702 19.8724 12.2051 8.59779 2.77376 37.5113 7.6673 28.74 16.7585 5.50104 21.1424 11.9815 8.96 6.71431 5.06428 3.0783 19.2137 31.0578 2.33521 15.4761 15.9358 5.72523 2.38111 4.99506 4.56836 5.5783 16.8555 5.66632 10.5822 8.58994
internal_count=743933 56998 56776 55417 20667 3953 3865 34750 33742 13031 20711 4782 2958 15929 15833 10720 6482 1197 1761 974 1008 1824 661 686935 4212 8819 6360 6329 2459 811 1648 706 4238 3280 1037 958 347 5426 2243 5296 3062 1291 5113 2234 2212 2749 2360 530 16714 6395 1609 3646 222 1359 1013 953 1702 1726 1000 1467 623 607
cat_boundaries=0 4 6 8 9 13 17
cat_threshold=536871296 17041408 1350713472 32850 526337 33024 1048592 131072 401546 536870912 16777216 0 32848 128 0 1082130432 32786
is_linear=0
shrinkage=0.05


Tree=58
num_leaves=63
num_cat=3
split_feature=0 17 13 9 16 21 9 10 5 10 9 10 13 16 11 5 16 16 12 13 18 11 13 0 16 16 9 13 12 11 0 16 9 11 0 5 5 5 3 0 2 12 5 3 0 9 11 2 5 13 0 5 0 5 16 4 2 10 11 9 9 13
split_gain=36.6012 6.14352 5.33031 6.32761 5.21706 6.50684 6.20954 5.48719 5.58582 4.66765 6.11766 6.34492 4.66245 4.66206 6.28854 4.30742 4.25256 4.14038 5.9472 4.0096 4.81946 6.62909 4.75914 4.48925 3.9435 4.66414 3.73258 3.72985 4.80655 3.6957 3.58088 3.51078 3.35289 3.32628 3.54344 3.0409 2.96971 2.65997 2.64783 2.60284 2.81577 2.52507 2.47627 3.51295 2.42156 2.58964 2.40975 2.92374 2.36243 2.35099 2.32502 2.90722 2.27013 2.10299 2.25446 2.09755 3.05293 2.0238 2.3122 1.88081 1.82081 1.73171
threshold=86.500000000000014 0 4.5000000000000009 0.81823556813702669 45.500000000000007 1 0.83875195535450053 12.500000000000002 1.6848237097598366 12.500000000000002 0.74995475931958022 7.5000000000000009 12.500000000000002 14.500000000000002 0.010387283631103165 0.72743726861373925 11.500000000000002 40.500000000000007 0.013151387499121871 66.500000000000014 2 0.032186440285295256 57.500000000000007 790.00000000000011 12.500000000000002 22.500000000000004 0.76933041052212048 54.500000000000007 0.026680003361569841 0.016033897791914217 1061.0000000000002 3.5000000000000004 0.79072596616307378 0.031550275956225754 1061.0000000000002 0.80029651593773177 0.76200284439213395 1.1936328322918428 1638.5000000000002 790.00000000000011 2395.5000000000005 0.023804706893023778 1.3549261299064606 4966.0000000000009 690.50000000000011 0.55563197310102408 0.015844067137760043 4316.5000000000009 0.90929159141079674 29.500000000000004 525.50000000000011 0.84853898520714077 937.50000000000011 1.2002155172413795 13.500000000000002 3122.5000000000005 2395.5000000000005 10.500000000000002 0.031892655324190861 0.58982977806507231 0.63163009564728156 9.5000000000000018
decision_type=2 9 2 10 2 9 8 2 2 2 10 2 2 2 2 2 2 2 2 2 9 2 2 2 2 2 10 2 2 2 2 2 10 2 2 2 2 2 2 2 2 2 2 2 2 10 2 2 2 2 2 2 2 2 2 2 2 2 2 10 10 2
left_child=2 4 3 24 5 9 12 8 19 10 15 -12 55 16 26 -2 31 18 38 20 21 23 41 29 -1 -26 -15 28 44 -7 35 -3 46 34 -8 -9 -31 39 -16 40 50 52 57 49 45 -10 -19 -48 -37 -44 51 -22 -23 54 -50 56 -6 58 59 -14 -18 -33
right_child=1 13 -4 -5 6 7 33 30 27 -11 11 -13 42 14 17 -17 60 32 -20 -21 37 22 -24 -25 25 -27 -28 -29 -30 36 -32 61 -34 -35 -36 48 -38 -39 -40 -41 -42 -43 43 -45 -46 -47 47 -49 53 -51 -52 -53 -54 -55 -56 -57 -58 -59 -60 -61 -62 -63
leaf_value=-0.022116296217063548 -0.018281512630196121 0.034760589393053688 -0.048845352388184736 -0.038357290352990465 -0.031999796089909611 -0.016480777632101536 0.11139284880746624 -0.020137046646887893 0.044477014165906818 -0.0048493536707929375 -0.030664614915922785 0.046130402636189768 0.0066765754279575033 -0.0084375550471207979 -0.030273373487108558 0.04716756473305516 -0.009678131538610777 0.049155572252016243 -0.045806333094584921 -0.037182447034781733 0.023010699712249227 -0.027767287679694719 0.030853843011737322 -0.0023822241667995057 0.15736317048718482 0.012511164183862347 0.086980111500945645 0.050756625683379845 -0.030723978258725762 0.0039117557909454951 0.035123469428327704 0.0085425222729677494 -0.042834770659482047 -0.0016802099302909417 0.013204972367114598 0.035363664775808185 0.065404108502342351 -0.048312967508012547 0.036169472134888928 0.012696809976245586 -0.046181360173443792 -0.04549992703281263 0.069385941763496842 -0.036102374643223918 0.05561124189753535 -0.017589364394940993 -0.018798097035855058 0.039520344819945756 -0.032236990255165431 -0.0076920520256904884 0.046639690667610187 -0.036333303229749793 0.047669587120297285 0.024601644195526753 0.010927300743804113 -0.058018488725830847 0.055128483046813816 0.043649086786715544 -0.012523927648528941 0.059171294099189892 0.065684928013730368 -0.028690901509707985
leaf_weight=0.78975260006700354 2.2541498863793121 3.6523832256571067 42.187323962447408 3.2881204922887264 1.4582039734086714 1.8980893033949566 2.8990399473332209 8.6270727385417576 1.5129882915061914 12.486615641202659 6.6234800311649433 3.1615280548285227 4.2506089813177876 1.6579272533490432 1.4312947315920634 25.807001816698175 0.71637096296762992 2.1406626458701785 22.684604203481285 14.175620975933269 2.4525854673265766 1.1241169279164744 2.7327912249602369 10.415249593963379 0.20397313928697247 1.394390624045627 1.1445790124707853 4.5163842333058701 5.6173662731016512 2.6767613551201057 11.913517719600348 4.2671384559362178 2.7168314839800578 1.3260821329167809 1.5934719722717998 6.9884460466128102 8.0546967659392958 8.694878532587607 3.1713685577269644 5.4660822404548517 7.1278532014694065 8.9054876599038817 0.91272865704377126 3.253203300293535 2.8202770976931788 4.0969046549726045 6.3658538562449376 2.0365833230316639 5.0688151499489305 1.6853518637217346 0.88762784434948105 4.5038948104192968 0.9365663481876253 5.435687921330099 5.2820696048001992 1.9152842999174025 0.70805794000625599 11.279824015335178 4.7295764296868583 2.2271208864840446 2.880599786665698 7.7729838356244727
leaf_count=3030 215 545 684286 26064 348 188 310 146 93 180 1280 76 239 410 513 1113 66 312 4597 1334 975 318 151 58 465 4977 245 278 1139 355 144 452 946 418 15 104 831 906 79 32 89 1195 134 18 23 575 897 18 94 218 19 1183 6 126 120 43 5 140 178 170 393 1023
internal_value=-0.00279031 0.00387514 -0.042857 0.00229984 0.00750863 0.00441658 0.0244604 -0.00159655 -0.00820855 0.0178979 0.029942 -0.00387558 0.0148153 -0.00914613 -0.0195449 0.0414619 0.00952686 -0.0248132 -0.0356214 -0.0139287 -0.00844372 0.0048058 -0.0205588 0.0221104 0.0530781 0.0844445 0.0431582 0.0159094 0.00207725 0.0410017 0.0129422 -0.00269526 -0.00163295 0.0681465 0.085311 0.00370267 0.0517069 -0.0197876 0.0137921 -0.0151948 -0.0255351 -0.0348787 0.0221132 -0.00605582 0.0248743 0.00334633 0.0117753 -0.00196302 0.0132002 0.0311446 -0.00367362 -0.0151484 0.0108911 0.00186662 -0.0111881 -0.0302348 0.00489556 0.0293887 0.0126361 0.0302243 0.0518354 -0.0158519
internal_weight=341.006 293.142 47.8636 5.67624 230.503 192.265 38.2386 141.932 98.6162 50.3328 37.8462 9.78501 32.42 62.6392 43.3497 28.0612 19.2895 40.5472 27.2873 80.0523 65.8767 36.7438 13.699 23.0448 2.38812 1.59836 2.80251 18.5639 14.0475 12.6295 43.3156 15.6925 13.2599 5.81859 4.49251 31.4021 10.7315 29.1329 4.60266 20.438 14.972 10.9662 28.3384 5.85128 8.43017 5.60989 10.5431 8.40244 22.775 2.59808 7.84411 6.95648 2.06068 15.7866 10.3509 4.08155 2.16626 22.4871 11.2073 6.47773 3.59697 12.0401
internal_count=744900 26078 718822 34536 15582 13346 2236 10482 9748 2864 2684 1356 1493 10496 8017 1328 2479 7362 5189 7640 6306 3102 1670 1432 8472 5442 655 2108 1830 1374 734 2020 2173 743 325 590 1186 3204 592 2298 2266 1519 1097 370 691 668 1227 915 444 352 2177 2158 324 340 214 396 353 727 587 409 459 1475
cat_boundaries=0 4 6 7
cat_threshold=536879232 17041408 1350631552 66 540018705 163840 4144
is_linear=0
shrinkage=0.05


Tree=59
num_leaves=63
num_cat=4
split_feature=0 21 20 17 10 2 12 10 2 10 10 16 0 13 15 17 13 16 16 1 15 16 8 13 8 12 4 16 16 3 2 10 16 1 5 8 16 4 2 13 16 5 13 7 3 0 12 0 10 8 5 12 8 1 13 5 12 8 10 0 0 8
split_gain=34.2448 7.32462 10.701 8.89546 7.3516 11.6264 6.73618 7.7844 5.8238 5.81459 5.54176 5.48611 5.42792 4.76303 4.90264 4.58011 4.43732 3.98184 5.47984 3.84065 8.62248 5.43105 3.71375 3.57968 4.27085 3.5612 3.47031 3.38829 3.02748 2.94981 2.91339 2.64592 3.03246 2.47295 5.03959 2.44863 3.42121 2.31897 2.34816 2.30381 2.21996 2.58723 2.19446 2.14261 1.94919 1.80923 2.5916 2.50383 2.93163 2.23636 2.14995 1.72178 2.14574 1.69275 1.64579 1.60733 1.57907 1.50046 1.68805 1.42892 2.13514 1.42444
threshold=26.500000000000004 0 1 2 4.5000000000000009 2395.5000000000005 0.025000001765398575 3.5000000000000004 2395.5000000000005 15.500000000000002 7.5000000000000009 41.500000000000007 1061.0000000000002 43.500000000000007 10.500000000000002 3 13.500000000000002 19.500000000000004 28.500000000000004 1006.5000000000001 847.50000000000011 33.000000000000007 1.339709653268448 74.500000000000014 1.5239134955292162 0.064492346086301902 112.50000000000001 50.500000000000007 10.500000000000002 4966.0000000000009 86.500000000000014 14.500000000000002 11.500000000000002 646.50000000000011 1.2002155172413795 1.2632043890645344 26.500000000000004 488.50000000000006 269.50000000000006 95.500000000000014 18.500000000000004 1.5688098495212042 1.5000000000000002 1266.5000000000002 4966.0000000000009 322.50000000000006 0.028608894579665926 525.50000000000011 11.500000000000002 1.399901768172888 0.82124241432276601 0.042318307653190008 1.1964675608234561 725.50000000000011 65.500000000000014 1.0256801051238089 0.01822012458626027 1.1665510864539994 5.5000000000000009 10.500000000000002 12.500000000000002 1.5000475194829883
decision_type=2 9 1 9 2 2 2 2 2 2 2 2 2 2 2 9 2 2 2 2 2 2 2 2 2 2 2 2 2 2 2 2 2 2 2 2 2 2 2 2 2 2 2 2 2 2 2 2 2 2 2 2 2 2 2 2 2 2 2 2 2 2
left_child=42 6 9 4 5 26 7 -2 31 27 -10 55 15 16 -15 29 35 -12 -19 20 44 -21 28 24 -24 -22 30 39 51 43 -4 45 -33 37 -35 -5 40 38 -28 -3 56 -42 59 -8 -17 46 -6 48 53 50 -48 -16 -53 -47 -52 -9 -37 -30 -59 -1 -61 -29
right_child=1 2 3 13 8 -7 12 11 10 -11 17 -13 -14 14 22 19 -18 18 -20 21 25 -23 23 -25 -26 -27 33 61 57 -31 -32 32 -34 34 -36 36 -38 -39 -40 -41 41 -43 -44 -45 -46 47 49 -49 -50 -51 54 52 -54 -55 -56 -57 -58 58 -60 60 -62 -63
leaf_value=-0.024492465118522794 -0.025694869750226335 -0.052008201820421311 -0.012527382930759175 -0.029965202283606704 -0.018963936664273397 0.14042429890954208 -0.00073429720630656761 -0.0057355121684819141 -0.027148348437992426 0.00059276990469707717 0.019316280169876174 0.098528984093646022 0.036104810808266746 0.048978872063034445 -0.024042347512756919 -0.041149352008965114 -0.048594306959442057 -0.027551396566108097 0.011102282669321395 -0.047139858426178204 0.080380153137035684 0.0027576110587482321 0.048141189849963489 -0.027428628076752861 -0.018745393821233962 -0.020892736150905748 -0.026925578534961133 -0.021169819578190415 0.010278019494878074 0.0069138825783892459 0.1210335932335086 -0.04045796971168545 0.021899291502151311 0.069900693803128272 -0.0060888040305893234 0.014596911201686425 -0.038340687871245241 -0.037481356845664636 0.043109058568870491 0.03290036184670022 0.053547148979793513 -0.014157713003488188 -0.048737202863304817 0.068014298384390659 0.026629584769932591 0.0096463664301156184 0.00079470772848548902 0.035379459165057241 0.035676106616471998 -0.015218495082613262 0.096425347933674521 -0.024025997599530668 0.051176972469426679 -0.04105960660413361 -0.009177902018249539 0.040952051634468495 -0.032243420973599612 0.0118043655281602 -0.046922117358123454 0.079896054292565577 -0.017562172317968534 0.046703352224294503
leaf_weight=0.95992860513797384 2.6816374228474151 21.596375770648599 0.33215107758223794 9.1443945142200409 0.60237713962124573 1.578674290984053 1.4208122197378523 2.1613730875105812 15.291478957980869 9.7365696030901727 27.856447834521532 4.7979060410289085 12.526981459290253 3.6513147956466154 1.3111539214442043 4.1283377874096931 12.056856721126676 15.048687963746486 20.499756182543933 11.295420639209626 3.0981716915484871 9.6115685621771245 6.5875004541303479 3.1172720071517679 2.8365301313169766 0.65364534247419204 1.1445375659895929 0.60502199007896595 1.2569982161840005 7.8884056629030965 0.43542006151983514 2.3844477772727251 3.6312318706695805 3.1143423919929774 4.3355191319133155 3.1425186720589391 2.9180435544149068 2.8279385899440967 1.9656431193579917 0.18863141101610281 3.9130378130466852 1.4852059785880554 38.493694400680397 4.2165285709488671 0.60206742893205945 2.2775004634459064 0.83180491168241122 12.078626088419695 2.5950976416934282 0.43194324038631737 3.3179796055956108 0.66992363857207271 2.119984650889819 2.9629496336419834 0.22395422161571321 6.3515165049320785 2.2399205514302594 0.98977388215644069 9.110966521639055 0.15467276220442727 0.5403998669644352 0.7399679399895831
leaf_count=7060 1636 11700 914 8122 381 95 1084 226 117 160 169 80 107 907 135 8583 8294 114 123 177 242 104 458 216 122 408 4334 528 2934 56 225 91 223 212 227 360 823 7158 654 42 307 186 665133 64 19 102 872 149 47 750 1184 704 344 161 708 235 520 1633 749 241 941 12
internal_value=-0.00361327 0.00230885 -0.0023348 0.00261162 0.0101727 0.0418836 0.0150254 0.0447017 0.00621805 -0.0246758 -0.00110864 0.0596885 0.00848693 -0.0110934 0.00136229 -0.000213375 -0.0252031 0.00549542 -0.00556706 -0.010494 0.0133404 -0.0251217 -0.00632189 0.0133239 0.0281421 0.0620526 0.0223536 -0.0451225 -0.0221011 0.0168996 0.0888483 0.0240823 -0.00506112 0.012631 0.0301908 -0.0113367 0.00229106 -0.0105754 0.017056 -0.0498613 0.01561 0.0356183 -0.0463591 0.0531871 -0.0293811 0.030935 0.0553062 0.0219886 -0.000321666 0.0662787 0.0756615 0.0125433 0.0315442 -0.0210083 0.0891975 0.0297415 -0.00689363 -0.0346133 -0.0406225 0.00647742 0.038465 0.020164
internal_weight=336.77 296.621 225.186 192.32 125.769 15.7342 71.4344 15.9924 110.034 32.8666 78.6964 13.3108 55.4419 66.5514 31.6514 42.915 34.9 63.4049 35.5484 29.3892 8.48222 20.907 28.0001 12.5413 9.42403 3.75182 14.1556 23.13 15.4588 13.5257 0.767571 31.3379 6.01568 13.388 7.44986 22.8431 13.6987 5.93812 3.11018 21.785 10.7807 5.39824 40.1487 5.63734 4.73041 25.3222 5.40806 19.9142 7.83555 4.80568 4.37374 4.10106 2.78991 5.24045 3.54193 8.51289 5.38244 11.3577 10.1007 1.655 0.695073 1.34499
internal_count=744662 71287 58266 45824 19010 13819 13021 2177 5191 12442 523 541 10844 26814 8202 10737 18612 406 237 9533 9252 281 7295 796 580 650 13724 12282 6499 1204 1139 4668 314 12585 439 10318 2196 12146 4988 11742 1373 493 673375 1148 8602 4354 3895 459 310 3514 2764 1183 1048 263 1892 461 880 5316 2382 8242 1182 540
cat_boundaries=0 2 3 7 11
cat_threshold=3147797 131072 2 2097920 16777216 1082196096 32850 8192 264192 8404992 32768
is_linear=0
shrinkage=0.05


Tree=60
num_leaves=63
num_cat=3
split_feature=1 2 2 15 19 17 1 4 11 1 8 13 16 8 9 12 1 15 16 16 22 15 5 9 9 12 9 10 8 4 2 13 9 11 5 8 0 11 8 15 9 9 11 10 10 13 10 5 15 10 16 11 4 4 12 0 16 16 13 1 2 2
split_gain=33.6795 6.06955 4.71553 4.78417 5.08646 4.4025 6.21141 5.54585 6.23831 4.06572 3.6738 4.2233 3.88395 3.05945 3.84024 2.71074 2.94188 2.63578 4.59046 2.50121 2.33931 4.0884 2.99305 2.52966 2.94376 2.68862 3.56748 2.82387 2.66956 2.90498 2.50496 2.34944 2.18391 2.28678 2.10389 2.01245 2.0061 2.60709 3.36623 2.46697 1.97972 1.90278 1.87045 1.85589 1.82614 1.77817 1.7709 1.72184 1.88105 1.63496 1.61576 1.52584 2.16215 1.68898 1.47108 1.46487 1.46077 1.46068 1.40639 1.29709 1.39878 1.2643
threshold=46.500000000000007 2395.5000000000005 2741.5000000000005 1745.5000000000002 0 1 511.50000000000006 120.50000000000001 0.024164245596953803 147.50000000000003 1.4077206925915415 66.500000000000014 20.500000000000004 1.2375239463601535 0.80016992353440963 0.01944874238406941 1237.0000000000002 467.50000000000006 30.500000000000004 37.000000000000007 2 2849.5000000000005 3.5593869731800769 0.071611721611721621 0.20023584905660383 0.10496776995564779 0.99747792789354517 5.5000000000000009 1.399901768172888 1165.5000000000002 1047.5000000000002 4.5000000000000009 0.63163009564728156 0.016087950954144087 2.5895721925133697 1.2608814057023778 721.50000000000011 0.038296621413478123 1.444626593806922 562.50000000000011 0.32701294033069739 0.5192554874431482 0.022299435041430928 2.5000000000000004 11.500000000000002 1.5000000000000002 1.5000000000000002 1.0134539969834091 370.50000000000006 5.5000000000000009 29.500000000000004 0.016254236979875717 479.50000000000006 4301.0000000000009 0.0085671581817798898 385.50000000000006 8.5000000000000018 20.500000000000004 63.500000000000007 870.50000000000011 1193.5000000000002 1503.5000000000002
decision_type=2 2 2 2 9 9 2 2 2 2 2 2 2 2 10 2 2 2 2 2 9 2 2 10 10 2 8 2 2 2 2 2 10 2 2 2 2 2 2 2 8 10 2 2 2 2 2 2 2 2 2 2 2 2 2 2 2 2 2 2 2 2
left_child=45 5 17 4 13 7 -7 8 40 -9 11 -5 -12 -4 -15 50 58 18 -3 -6 23 22 -22 -11 30 26 27 34 29 -27 -25 43 47 -34 51 -33 37 38 56 -39 -2 -31 -43 54 -44 46 -1 55 59 61 -8 57 -53 -54 -28 -29 -35 -26 -17 60 -49 -37
right_child=1 2 3 10 19 6 15 9 -10 20 12 -13 -14 14 -16 16 -18 -19 -20 -21 21 -23 -24 24 25 28 31 32 -30 41 -32 35 33 36 -36 49 -38 39 -40 -41 -42 42 44 -45 -46 -47 -48 48 -50 -51 -52 52 53 -55 -56 -57 -58 -59 -60 -61 -62 -63
leaf_value=-0.028499405457053508 0.15996900202192538 -0.024743613759395648 -0.0059686499989010204 0.018631643956562437 -0.030285050586533593 -0.044178317323208025 0.0043490438307631062 -0.036279504001526651 -0.019858818913838866 -0.030131393145711338 0.048191331905310247 -0.015434533768480002 0.0077585062099598551 0.034093438925273604 -0.0035332568730092151 -0.030589635037122788 0.026413419960419206 -0.030950045317322719 0.022791569987329712 -0.0037530667331574052 -0.037818680927900111 0.040059147669380776 0.036486487768100824 0.10205905334198306 -0.018565317832337315 -0.01608014620950397 0.051656766070906003 0.0098937141188467775 -0.018224545422007844 -0.010227974800856465 -0.0025892003419914263 -0.011990752437179231 -0.030396013957671955 0.0091731001866404444 0.025879149764220247 0.11940786127004428 0.041973586163525679 -0.015880420283469646 0.030743351719899972 0.050968425032523426 0.013364176123911886 0.12426988757480431 -0.021390334765296254 -0.025927606739330412 0.058331153867703281 -0.048653516282584221 0.038795585447333421 0.032798697069392937 -0.00195817126476096 0.010153489356203988 0.048360977177802196 0.028764694956214344 -0.04230137292759259 0.013572447403181585 -0.017342678405705494 0.065488186632057674 -0.044944911298600135 0.03619315749420321 0.0080671228008246561 0.047949196915813293 -0.018157375007026588 0.0046794248855585082
leaf_weight=1.3241545099153875 0.63202526789245772 10.752316996935408 26.070205305353738 17.739920887514018 24.443149946222547 7.1139937137049882 4.0924814348763929 2.6110919730381275 0.65332081196174829 1.3508692344003055 10.853683963418009 16.69722736813128 12.833298037294297 14.570393897956821 11.708811820586559 7.3825425054164935 3.882272185481269 18.408019934780896 7.9692317718290715 14.131158243864773 7.3362443775185948 2.0316619774312121 0.79555448863538902 1.1985145618964441 1.3845116746961132 0.47290866782714136 1.8373212133374179 2.0195482995404772 0.55826721780613286 0.2564553874835841 0.70745863308547985 0.31392122890974894 2.3588230430177672 1.2459329299599646 3.4189098479400846 1.5661034312288395 3.9140929547138503 1.5049926441643036 2.1189428793877596 3.0813585171781597 0.49893001187592756 1.4826828345394463 0.72457327516167402 1.0200829703826455 0.36900416953722015 36.053708687944891 0.68742285255575541 1.5699801855516837 5.9359123129252103 0.77977864268905239 3.7694948923162883 0.88330972282710529 6.4695486111595528 1.1511457960223195 0.50352730625309039 4.5663811690174043 4.2316414736778825 1.6859927181430974 2.778575911273947 4.9595824000425637 1.9001140454784033 0.35772480316518329
leaf_count=7450 173 160 162 104 184 30126 152 25119 1983 457 100 103 127 115 122 1149 77 142 80 110 2518 18 32 416 194 1855 184 436 444 532 81 708 209 60 169 582 33 212 83 145 538 883 881 203 39 656434 1209 194 189 144 76 644 4007 147 349 59 497 396 361 40 28 56
internal_value=-0.00251582 0.00320247 -0.00232633 0.0016769 -0.00547153 0.0123746 -0.00506347 0.0170611 0.0891695 0.016483 0.0127626 0.00214484 0.027487 0.00512037 0.0178137 0.00680302 -0.00644663 -0.0180189 -0.00437957 -0.0166888 0.0186843 -0.00606264 -0.0273497 0.0203492 0.0248173 0.0221871 0.0189364 0.0141997 0.0589147 0.0731493 0.0756915 0.0519347 0.0210847 0.00790308 -0.00408293 0.0784269 0.014965 0.00376195 -0.0138017 0.0301163 0.131915 0.0883546 0.098284 0.0156195 0.020523 -0.046168 -0.000256498 0.0318072 0.019772 0.0893284 0.0285269 -0.0142875 -0.0244742 -0.033266 0.0360662 0.0519919 -0.0331194 0.0130071 -0.0202432 0.0336587 0.00707671 0.106972
internal_weight=335.721 297.656 186.177 149.048 90.9237 111.478 29.0194 82.4587 1.78428 80.6745 58.1241 34.4371 23.687 52.3494 26.2792 21.9054 14.0434 37.1296 18.7215 38.5743 78.0634 10.1635 8.1318 67.8999 66.549 64.6431 60.7792 54.4007 3.86389 3.30562 1.90597 6.37846 39.4073 18.4558 14.9934 3.01753 16.097 12.1829 7.59652 4.58635 1.13096 2.83272 2.57626 3.36093 1.09358 38.0653 2.01158 20.9515 14.3656 2.70361 7.86198 11.5745 8.504 7.62069 2.34085 6.58593 5.47757 3.0705 10.1611 8.42968 3.47009 1.92383
internal_count=744480 79387 1509 1127 693 77878 31941 45937 2694 43243 434 207 227 399 237 1815 1587 382 240 294 18124 2568 2550 15556 15099 14602 9968 7742 4634 4190 497 2226 2185 1239 5557 1490 1030 997 640 357 711 2335 1803 736 920 665093 8659 946 451 782 228 5388 4798 4154 533 495 557 590 1510 262 222 638
cat_boundaries=0 1 5 6
cat_threshold=98496 536879744 17039360 1082343552 82 37750417
is_linear=0
shrinkage=0.05


Tree=61
num_leaves=63
num_cat=2
split_feature=1 5 15 11 5 16 21 16 1 7 9 12 6 22 6 6 12 12 16 6 11 10 13 5 5 10 1 9 1 9 12 10 12 9 10 3 5 5 6 11 11 16 11 5 12 5 12 10 11 5 16 5 6 6 10 9 6 10 5 16 2 5
split_gain=33.2519 6.09363 6.0508 6.13366 5.60364 5.13399 5.27744 5.92726 6.33052 4.60953 3.90687 4.96256 5.15452 3.97747 5.20201 3.98062 3.84219 3.91601 3.57735 3.52196 5.38565 3.95938 3.75621 3.25028 3.19735 3.1936 3.08582 2.94096 2.87156 2.73238 2.54886 4.3401 2.53351 2.46187 2.44874 2.41699 2.39589 2.36967 2.24394 2.15471 2.12451 2.11616 2.10811 2.04015 2.03287 1.90427 3.30039 3.18741 2.98877 2.50811 1.86513 1.84193 1.81727 2.69534 1.80263 1.91208 1.7977 1.76847 2.51318 1.74213 1.6848 1.59181
threshold=26.500000000000004 3.2744588744588747 1745.5000000000002 0.040434615120965883 0.75010373443983414 41.500000000000007 0 21.500000000000004 1451.5000000000002 935.50000000000011 0.63163009564728156 0.062968437532223157 1.0312973963599597 1 2.7379079424494095 1.5006251736593501 0.07312876884921006 0.12094173089300632 41.500000000000007 1.5006251736593501 0.012525423499755562 11.500000000000002 73.500000000000014 1.272809692573972 1.4287326668816513 2.5000000000000004 780.50000000000011 0.61820420958351996 1091.5000000000002 0.63641519405024305 0.022723834561654891 5.5000000000000009 0.011701610565146849 0.99066871771057075 3.5000000000000004 3518.5000000000005 1.4547727272727276 1.2616417139907075 1.2632787942290646 0.03001427743463592 0.016177966026589278 37.000000000000007 0.013135593477636577 1.0386700646972065 0.0030011090632081077 0.58352713178294591 0.047741083324146623 7.5000000000000009 0.016033897791914217 0.42116026261973954 3.5000000000000004 1.1065248226950357 0.96555214295686176 0.93758852691218142 11.500000000000002 0.97224487946347671 1.1372195087421251 4.5000000000000009 1.3946161274746502 50.500000000000007 2395.5000000000005 1.1375455692047205
decision_type=2 2 2 2 2 2 9 2 2 2 10 2 2 9 2 2 2 2 2 2 2 2 2 2 2 2 2 8 2 10 2 2 2 10 2 2 2 2 2 2 2 2 2 2 2 2 2 2 2 2 2 2 2 2 2 10 2 2 2 2 2 2
left_child=-1 2 3 4 45 6 7 10 9 44 23 13 61 14 15 33 34 37 25 20 27 36 -21 35 -19 -3 -11 -4 -28 -23 40 -32 60 43 -7 -6 42 51 -26 -31 -17 -34 -22 -12 -9 46 48 -48 -2 -49 -16 -18 53 59 55 -40 -50 58 -36 -5 -8 -13
right_child=1 18 19 52 5 16 32 8 -10 26 11 12 -14 -15 50 30 17 24 -20 22 21 29 -24 -25 38 -27 28 -29 -30 39 31 -33 41 -35 57 -37 -38 -39 54 -41 -42 -43 -44 -45 -46 -47 47 49 56 -51 -52 -53 -54 -55 -56 -57 -58 -59 -60 -61 -62 -63
leaf_value=-0.047139633640905863 0.083121561749999753 -0.031314710485597301 0.049191820106852802 -0.03871833671514463 -0.019587869534584603 -0.017281048117335801 -0.022884844249570328 0.026564906635391839 -0.026237338256222272 0.066648355134334147 0.049121672984268866 -0.018031546548833589 -0.043356054171057007 -0.014854061724207982 0.024872883610107466 0.044619252057012143 -0.021785946477908439 -0.010666737618635944 0.084381266684549733 0.044772998347601449 0.0078159164870215559 0.023982717635002964 -0.0033020937490692592 0.056198565859205268 -0.0075820114263117746 0.038127366813515327 -0.021548044250292012 0.0050399205810504602 0.027899103462233472 0.012881015881395275 0.11275275515274129 0.026226093942693388 -0.050566340053725248 -0.027925767507546152 0.086732842100491994 0.02640791461796398 0.02311305150642955 -0.052860941398934894 0.10704652212041176 -0.020077380160296154 -0.023285334970729009 0.0050593613246131437 -0.035346789342441162 0.0038193733818590193 -0.040667439294406818 -0.02885239735593307 -0.044957873154313779 -0.034177025525590682 0.0301047105651591 0.033544910970199716 -0.028392229369681055 0.039220727689795482 -0.044940212618708793 0.050036580060968665 -0.012703619220528926 -0.010228839558493913 -0.033270901027999761 0.026853871461911927 -0.00042436046958265806 0.036248354296265821 0.047808677297204671 0.054435790170064405
leaf_weight=33.913230696885876 0.78825632237931431 1.609132342353403 9.5071692285673599 2.5321527630840137 3.1164384400581211 1.8892633221985331 0.79227173608523915 0.70556783931897626 24.103031777427532 2.5974913192621889 3.8671866500044452 0.52684167773258916 7.3934101286540681 4.8126541512028806 1.4649753744561156 1.3453577071195453 2.0717738860839732 2.826062511834607 2.5791781089028518 14.351844381144476 3.2424602707287731 16.655591892209486 5.3476237693903377 7.4313596046304147 0.79440753502058248 3.8999617310364556 3.5425714617740578 6.2741643244298766 7.7447960296995007 9.0653993506130082 2.9816373552494042 3.5408905272342963 10.708590496942632 1.8391441994717759 2.3961577709415027 9.3663088465400488 2.1478680777254331 3.1794986423410592 1.2834095589423666 8.8184235463268106 1.3815263580218013 1.8011244307890582 11.533495941483123 5.4564106030302355 3.9199966445630707 17.708799531599652 4.3226252766798989 1.150889495074807 1.2847907055547696 2.9403725410666084 4.4807048157636018 1.0792473361179871 9.0658634870560473 0.71932617710262992 0.22195617129182199 0.21796204458223645 1.1939951375243252 20.940709158880054 1.0805566163071487 0.15104148688988051 0.73854996263980865 1.4110618612285177
leaf_count=630701 426 1998 192 6888 3250 3430 526 101 198 302 652 1691 4555 1173 103 55 826 2978 641 264 60 168 163 1346 908 382 275 161 149 150 1042 75 9825 951 455 90 105 973 614 118 282 957 729 892 13730 12054 10678 164 1140 271 1182 202 18365 401 11 344 1384 1082 107 243 3 1090
internal_value=-0.00101778 0.00448257 0.00318057 -0.00168143 0.000693474 0.00451512 -0.000712116 0.00396132 -0.00980332 0.0118439 0.0143166 0.00511576 -0.0251844 0.0146874 0.0189354 0.0374405 0.0202321 -0.00349301 0.0447977 0.0140858 0.00838716 0.000359302 0.0321935 0.03189 0.0255419 0.0161495 0.0259227 0.0329847 0.0118893 0.0100157 0.0602204 0.0755106 -0.0213968 0.0151659 0.0305031 0.0143235 -0.0188076 -0.0281432 0.0576633 -0.0035732 0.0131996 -0.0427758 -0.02598 0.0255477 -0.0275129 -0.0189534 -0.00285437 -0.0191871 0.0338477 0.0115234 -0.0135766 0.00352397 -0.0342557 -0.00204576 0.0794798 0.0927382 -0.00121112 0.0347348 0.0656007 -0.0258025 0.0166357 0.035303
internal_weight=325.855 291.941 283.853 196.909 184.441 155.051 117.07 103.029 42.6135 18.5104 60.4159 40.5018 9.33131 31.1705 26.3578 20.4122 37.981 11.6743 8.08827 86.944 67.2446 51.4632 19.6995 19.9141 5.3438 5.50909 13.8849 15.7813 11.2874 34.5394 9.24941 6.52253 14.0405 11.1627 26.3067 12.4827 16.9238 6.33052 2.51774 17.8838 2.72688 12.5097 14.776 9.3236 4.62556 29.3897 11.6809 8.41389 3.26704 4.09126 5.94568 3.15102 12.4684 3.40252 1.72333 1.50137 2.47879 24.4174 3.47671 2.68319 1.53082 1.9379
internal_count=744271 113570 110549 108439 82542 56425 44495 33184 14755 14557 18429 13743 7336 6407 5234 3949 11930 6856 3021 2110 1683 1330 427 4686 4855 2380 726 353 424 436 1454 1117 11311 2495 5074 3340 894 2001 1877 268 337 10782 789 1544 13831 26117 14063 11113 2950 435 1285 1028 25897 7532 969 958 2524 1644 562 7131 529 2781
cat_boundaries=0 2 3
cat_threshold=6422615 164096 33555585
is_linear=0
shrinkage=0.05


Tree=62
num_leaves=63
num_cat=5
split_feature=0 20 4 21 15 17 16 6 21 6 15 13 1 21 16 9 13 9 6 13 9 1 16 9 4 4 15 0 6 12 1 16 12 12 4 6 9 4 12 9 9 3 7 4 7 9 0 3 7 13 4 13 12 0 1 12 13 12 16 9 9 0
split_gain=27.3778 6.40573 7.66509 6.52555 5.35509 4.71281 6.93914 4.59861 4.56085 4.44589 4.15416 5.65394 3.84084 3.69718 3.66827 3.58978 3.4763 3.63633 3.4469 3.36449 4.24654 3.16747 3.11502 4.76994 4.00184 3.09543 4.74085 3.01843 2.856 2.68916 3.05218 2.51767 2.47221 3.75181 4.55391 2.83673 3.51412 2.78261 2.43916 4.02237 2.84246 6.30656 5.54179 4.08033 3.28284 3.13481 2.45982 2.4317 2.39687 2.37661 3.65587 2.35752 2.32347 2.31667 2.28952 2.22634 2.12697 3.45199 2.63978 2.12909 2.07504 2.02368
threshold=7.5000000000000009 0 120.50000000000001 1 799.50000000000011 2 21.500000000000004 1.1251048071548353 3 2.5385722014558336 2849.5000000000005 48.500000000000007 2717.5000000000005 4 10.500000000000002 0.54564838146927708 66.500000000000014 0.81375929682217729 1.0147309207451427 30.500000000000004 0.64829441391941411 1630.0000000000002 42.500000000000007 0.78720302710749968 5041.5000000000009 4301.0000000000009 1745.5000000000002 1061.0000000000002 1.9757202859037657 0.034244899543090908 1451.5000000000002 47.500000000000007 0.010170830126307264 0.054527256148654675 8373.5000000000018 1.3768789630115761 0.38473507819980857 1410.5000000000002 0.0050056277306836936 0.86222714330907946 0.45729483282674777 4107.5000000000009 2592.0000000000005 4301.0000000000009 1338.5000000000002 0.51191545601916399 602.50000000000011 3117.0000000000005 1507.5000000000002 18.500000000000004 6213.5000000000009 10.500000000000002 0.021609900607523717 373.50000000000006 1630.0000000000002 0.09116799422498241 25.500000000000004 0.082407444830221124 49.500000000000007 0.81375929682217729 0.98581824917963379 379.50000000000006
decision_type=2 1 2 9 2 9 2 2 9 2 2 2 2 9 2 10 2 10 2 2 10 2 2 10 2 2 2 2 2 2 2 2 2 2 2 2 10 2 2 10 10 2 2 2 2 10 2 2 2 2 2 2 2 2 2 2 2 2 2 10 10 2
left_child=-1 2 9 4 15 7 13 10 21 -2 11 19 38 32 -10 61 -6 -18 48 56 -21 22 55 24 -24 26 -20 -17 -16 30 -13 -11 37 34 35 36 -34 -7 -8 40 41 43 44 -40 45 -42 -47 51 -15 -35 -51 52 -37 -5 -31 -9 57 59 -58 -4 -22 -3
right_child=1 3 5 53 16 6 12 8 14 31 -12 29 -14 18 28 27 17 -19 25 20 60 -23 23 -25 -26 -27 -28 -29 -30 54 -32 -33 33 49 -36 47 -38 -39 39 -41 42 -43 -44 -45 -46 46 -48 -49 -50 50 -52 -53 -54 -55 -56 -57 58 -59 -60 -61 -62 -63
leaf_value=-0.048371013162366666 -0.021503469739812812 -0.019547054092241292 0.034705070883632616 -0.046153442285159108 0.051310139697333224 0.016947969216833388 0.026461555519948179 0.011045039765504519 0.030707678223647911 0.099785598101443357 0.028784276364356123 -0.032425401196079638 -0.058569529498218115 -0.026445523794601234 -0.046596740620007376 -0.037182160167677301 -0.027706302222744863 0.035023965890806232 -0.032783953297327854 0.072011972155438683 -0.018398179453796137 0.041225578154195586 0.03613399558815978 0.088771493028635795 -0.036962843807426184 -0.055678869111516961 0.051786094688644459 0.024674387326152677 0.012000088804778333 -0.016595649620199996 0.04713287939620367 -0.01259654510052988 -0.033488366766337409 -0.031256032960412745 -0.02486882796672054 0.0031865718990599667 0.032101275939279313 -0.045641222766254624 -0.017431621685233361 -0.048329668923567735 0.06577593075819517 -0.052014241099853101 0.029786785020499831 0.060080549900648254 -0.031450834709110913 -0.034911024920790727 0.041464291696538744 0.076279705034497616 0.046513541968369314 -0.012457749471894529 0.059368044018626193 -0.0053131464613974267 0.074588605040628142 -0.018151515858020887 -0.05880782914960897 -0.036656169964728556 -0.053903302921651602 -0.036127816559926022 0.030994699643565368 -0.023531104628907493 0.038214060842664446 0.060296536888681009
leaf_weight=29.646868492141948 0.75452857327036271 0.61223136428452818 6.0454230904870219 9.1150596145635046 7.7454306777835864 3.2063664165398214 2.9121964216901679 20.68502575163803 2.2963114356061842 2.9021652311821531 8.8227691469874099 1.311776537913832 4.0604095364105879 0.95535021987234303 6.4500023443652008 8.4420694839682238 3.6528287129658565 3.6021006253504311 3.578562913266067 2.9528978072994496 3.5036139208787063 24.041462484310614 4.5633461308389069 2.3502626004701597 1.8830628810101186 5.0542574753635563 1.5990281793201573 1.7440476244082663 2.401188775729679 8.2180383354389033 1.6022650301456449 0.33365692561346794 1.905821891337842 3.5080293650207732 2.3398625422269097 1.899912328884964 6.4493635323597118 2.1610704081613221 3.4279080167361808 6.6384446027986987 1.0716520816058648 7.8088064838666469 9.694008860155007 1.8385103648906804 10.159166750294387 2.2221147232376102 0.61005714203929517 6.1954498385894112 2.1482986491173506 4.0040828039709595 1.8416886071208862 3.0070510451369046 2.2427733228396391 40.067345104987908 5.8446889501065007 1.775573264218109 2.6605169176800696 2.5223335911250615 0.49778523061831936 1.2568745447424587 1.5301829313648339 1.3456694714259354
leaf_count=590610 14609 1563 1480 44038 112 338 368 3970 435 8513 171 450 51 3732 1012 6038 100 118 4561 748 1170 189 662 959 19 49 57 10 625 4232 8 1035 401 2217 19 497 2381 54 7090 14275 884 107 68 122 334 7571 35 49 22 6356 26 607 817 753 29 2317 1131 2295 70 1817 487 10
internal_value=-0.0033834 0.00126903 0.00555469 -0.0103602 0.00806286 0.00436837 -0.0034938 0.0108163 0.0201179 0.0670999 -0.000278857 -0.00760178 -0.0168874 0.00889047 -0.00926105 -0.0131959 0.0300618 0.00390932 -0.0105967 0.00963815 0.0332142 0.0235598 0.0164192 0.0400001 0.0126853 -0.0313932 -0.00251067 -0.0253322 -0.0310959 -0.0282481 0.0121848 0.0879594 0.0146686 0.0233447 0.0334444 0.0405506 0.0151598 -0.0114623 -0.0120794 -0.0151984 -0.0081073 -0.02592 0.00234731 0.0148974 -0.0172892 0.0184626 -0.0119325 0.0542824 0.0230839 -0.00333571 0.0155375 0.0282003 0.0488295 -0.0201434 -0.0368792 0.0058724 -0.00620325 0.00592639 -0.0362866 0.0230545 0.00229213 0.037162
internal_weight=325.72 296.073 219.746 76.3268 27.1444 215.756 102.54 113.215 66.4462 3.99035 46.7692 37.9464 50.4433 52.097 11.1475 12.144 15.0004 7.25493 13.3355 20.9696 7.98669 55.2987 31.2573 8.79667 6.44641 10.2318 5.17759 10.1861 8.85119 16.9768 2.91404 3.23582 38.7615 33.394 24.0402 21.7004 8.35519 5.36744 46.3829 43.4707 36.8322 13.0752 23.757 5.26642 14.063 3.90382 2.83217 13.3452 3.10365 9.3538 5.84577 7.14974 4.14269 49.1824 14.0627 22.4606 12.9829 9.82463 3.1583 7.3023 5.0338 1.9579
internal_count=744873 154263 101521 52742 7951 77364 53088 24276 10188 24157 14088 13917 30905 22183 2072 7621 330 218 8421 9198 2405 8116 7927 1640 681 4667 4618 6048 1637 4719 458 9548 13762 13370 4771 4752 2782 392 30854 30486 16211 7319 8892 7212 8824 8490 7606 1970 3754 8599 6382 1921 1314 44791 4261 6287 6793 5592 1201 3297 1657 1573
cat_boundaries=0 1 2 6 8 10
cat_threshold=20 5 2105344 16777216 1350631552 64 17827955 163840 543162626 33024
is_linear=0
shrinkage=0.05


Tree=63
num_leaves=63
num_cat=3
split_feature=1 20 9 4 10 6 1 17 6 21 11 8 6 4 15 12 10 11 8 13 9 15 3 9 8 7 10 13 8 11 12 12 7 8 1 4 11 6 15 6 8 8 11 12 1 13 13 6 13 8 11 11 3 13 12 6 11 11 3 6 13 8
split_gain=29.8742 8.30694 7.73072 7.24177 6.13964 5.32576 5.30168 4.16756 7.14802 7.10999 5.57892 4.57364 3.79152 3.19982 3.08242 4.42529 4.26649 3.77845 4.10029 3.63301 3.24874 2.84088 4.71973 3.57528 5.11419 2.8085 2.76157 2.7012 2.68825 2.5125 2.84554 3.05143 3.01088 2.48467 2.60526 2.47097 2.51998 3.66648 4.23987 3.25201 3.67977 5.28035 2.50678 2.77031 2.44749 4.28183 2.87072 2.36915 2.3044 2.47361 2.41899 2.26714 2.2654 2.25316 2.22572 2.1879 2.1679 3.11926 3.55913 4.02536 3.69366 1.90909
threshold=26.500000000000004 0 0.66655458417395208 120.50000000000001 2.5000000000000004 1.6342132743252822 176.50000000000003 1 1.8261259155368554 2 0.032186440285295256 1.727819055944056 0.93106254794469301 5041.5000000000009 2849.5000000000005 0.12094173089300632 7.5000000000000009 0.015523336818935633 1.2501231527093599 15.500000000000002 0.79549678945589741 1745.5000000000002 6467.0000000000009 0.58339080459770132 1.4137369426036168 2226.0000000000005 6.5000000000000009 99.500000000000014 1.1403660798443249 0.0081186441405277174 0.027749316851897802 0.050858379379780556 2226.0000000000005 1.3516993895396803 111.50000000000001 309.50000000000006 0.016593219805508857 1.3846583136336841 1640.5000000000002 1.9757202859037657 1.2291843520090551 1.339709653268448 0.032186440285295256 0.025000001765398575 1630.0000000000002 39.500000000000007 24.500000000000004 1.1005550252494152 37.500000000000007 1.1867642985736049 0.013033898512873314 0.015941238779676199 1210.5000000000002 65.500000000000014 0.064492346086301902 1.3005622413847566 0.016411622287705544 0.016177966026589278 4107.5000000000009 2.6156139431267205 21.500000000000004 1.1539295845152679
decision_type=2 1 10 2 2 2 2 9 2 9 2 2 2 2 2 2 2 2 2 2 10 2 2 10 2 2 2 2 2 2 2 2 2 2 2 2 2 2 2 2 2 2 2 2 2 2 2 2 2 2 2 2 2 2 2 2 2 2 2 2 2 2
left_child=-1 3 5 4 -2 21 -5 8 9 10 14 12 29 -12 15 16 19 -17 52 55 26 23 -23 48 53 28 -21 -4 -10 -9 -31 -32 -33 34 51 61 37 38 -37 40 -38 42 54 -44 45 46 -11 -18 50 -50 -3 -6 -19 -25 -42 -8 57 58 59 60 -39 -14
right_child=1 2 27 6 33 -7 7 11 25 44 13 -13 35 -15 -16 17 47 18 -20 20 -22 22 -24 24 -26 -27 -28 -29 -30 30 31 32 -34 -35 -36 36 39 56 -40 -41 41 -43 43 -45 -46 -47 -48 -49 49 -51 -52 -53 -54 -55 -56 -57 -58 -59 -60 -61 -62 -63
leaf_value=-0.046874577575563792 -0.0064159960007188453 0.052221448013981424 -0.027904437693942907 -0.040945501902361972 -0.0060233010026570109 -0.03923114779494663 0.054468045894903255 -0.033083304420494182 -0.023109516708233049 -0.02730758567810497 0.032208736851970343 0.060070292089549886 0.076111980630085008 -0.01933378709592351 0.04102208522189852 -0.01212145856350433 0.0067049191523033116 0.056614613749310982 0.094154775410615538 -0.031916634552641522 -0.053617649346638568 0.00080974015282998801 0.060049949113325868 0.062130921965684309 -0.034466198322144904 0.057704667146077637 0.027680729253597765 0.045134653206558829 0.029552792691324926 -0.013144367666029387 0.067772304938803957 -0.033367324211373846 0.036009645388075349 -0.0087054197866197336 -0.0077835815573658569 -0.034678746520678955 -0.034346641113137788 0.074273811570190293 0.017241937922696401 -0.03891376348343601 0.057100145082831344 -0.033734837170983432 0.031631397829892695 -0.043387350726208584 -0.055962486529182037 -0.033577104676047062 0.050101365972769568 0.039721125425790815 0.020666858354102507 -0.036840952844118695 -0.026638073384519075 0.16705453752272423 -0.023424711995861616 -0.011232679067941983 -0.0065234037178479283 -0.011458803276659048 0.052368357619347931 -0.026799911693320771 -0.011465591432155222 -0.02060715110896548 0.0014361338516089813 -0.015547882277984697
leaf_weight=30.958075063343131 1.2917742123245255 1.3814009831912764 38.486316191076185 4.4262988333684907 0.13402673118252995 4.6375408207677529 1.7429051868384697 1.0211345996067382 1.9898232425912308 1.027538042475497 2.8178026790083122 2.0335478806373422 0.56099670191906514 13.980017632871748 16.085443629795918 1.6307446378814336 13.371869773589426 0.3358951806440017 3.3309495325374883 2.6995893941202649 4.8554528242348169 6.6378521553961018 5.871413592249155 4.3819565186531682 1.7450090981328683 9.6150885288516275 3.0960715719484142 0.43984618258764285 20.454092045230936 2.5945564750218173 4.2622998593869834 1.6494293059804475 2.9115156196057796 0.20047592231639999 0.17810950649436552 10.471499978710197 6.4686259903683156 4.6202173724086659 5.2309798101559855 11.363544168794759 5.1382241011524439 4.0886765559189362 1.4369040270976259 1.5253607696613469 4.2292338303523129 7.1177522787911585 2.6089032239542576 8.7782070850953442 1.6673568006663098 7.9450894165493082 0.84393873564840749 1.0233476488829181 1.6361265807245216 0.95877730108986714 1.5261392601059922 1.7957567319317602 2.1242910651235425 4.291304944032162 5.9414403237897195 1.9275314788028479 2.5794558084526216 0.44690901678768569
leaf_count=630788 8882 693 24335 48702 251 3718 307 118 420 517 740 88 168 137 184 341 184 259 165 580 530 186 32 1014 129 106 66 46 1757 323 471 987 18 129 14 1070 2276 347 79 2282 213 216 77 384 27 639 145 116 2080 1508 2680 690 347 216 272 245 130 194 53 224 537 371
internal_value=-0.000991716 0.00405644 -0.00954243 0.00886116 0.0775535 0.00583325 0.00800049 0.00923647 0.0144947 0.00833194 0.013854 -0.000211889 -0.00243326 -0.00936372 0.0227659 0.0152066 0.00759179 0.0491285 0.0668986 -0.0132515 -0.0273495 0.0134866 0.0310019 0.000933322 0.026933 0.0356174 -0.000691058 -0.0259694 0.0240973 0.0219491 0.0291386 0.0416447 0.00943148 0.122856 0.137877 -0.00703079 -0.00851358 0.000368823 -0.0173856 -0.0186734 -0.00597904 0.00882501 0.0283748 -0.00819885 -0.0169249 -0.012517 0.0270561 0.02094 -0.015515 -0.0258583 0.0233282 0.15351 0.00467045 0.0492662 0.0435802 0.0258589 0.0135414 0.00691815 0.0175908 0.0357697 0.0515357 0.0479675
internal_weight=320.622 289.664 74.9965 214.668 2.82773 36.0703 211.84 207.414 123.199 91.1403 76.1568 84.2146 82.181 16.7978 59.359 43.2736 36.3399 6.93372 5.30297 14.1898 10.6511 31.4328 12.5093 18.9235 7.08574 32.059 5.79566 38.9262 22.4439 12.4389 11.4178 8.82324 4.56094 1.53596 1.33548 69.7421 68.7342 37.1867 15.7025 31.5475 20.1839 13.7153 9.62663 2.96226 14.9834 10.7542 3.63644 22.1501 11.8378 9.61245 2.22534 1.15737 1.97202 5.34073 6.66436 3.53866 21.4842 19.3599 15.0686 9.1272 7.19967 1.00791
internal_count=744803 114015 36637 77378 9966 12256 67412 18710 7812 5529 4201 10898 10810 877 3324 3140 2028 1112 771 1728 1176 8538 218 8320 1359 2283 646 24381 2177 1917 1799 1476 1005 1084 955 8893 8354 2634 1149 5720 3438 1162 946 461 1328 1301 662 300 6961 3588 3373 941 606 1230 485 552 1485 1355 1161 1108 884 539
cat_boundaries=0 1 5 7
cat_threshold=20 2105472 16777216 1350631424 64 1048599 163840
is_linear=0
shrinkage=0.05


Tree=64
num_leaves=63
num_cat=6
split_feature=0 12 22 19 11 0 5 15 11 12 8 12 1 8 2 7 15 0 17 10 11 5 11 11 17 21 11 13 5 1 1 13 10 5 1 13 13 7 10 12 13 13 0 12 5 17 11 11 7 8 15 5 12 10 11 8 1 15 15 8 15 5
split_gain=28.468 5.29806 6.7058 5.91947 7.64954 4.65802 5.97442 5.80076 4.60256 4.84776 4.34216 5.62275 4.11067 4.27877 3.69803 3.84303 4.48239 3.59495 5.2307 3.54791 3.52046 3.85622 3.72098 3.46532 3.25989 5.55751 4.79818 4.00244 3.49584 5.27178 5.09573 3.32575 3.19504 3.1389 3.06302 3.01287 3.00002 2.7886 3.10353 4.06968 5.66415 3.47585 5.09777 2.98069 2.77934 2.60463 2.42867 2.30927 2.27482 2.21805 3.11874 2.72684 2.18431 2.55776 2.10649 2.09736 1.98382 1.97737 2.64954 1.9693 1.9347 1.89929
threshold=7.5000000000000009 0.026680003361569841 0 1 0.031550275956225754 12.500000000000002 0.92315120900345449 1377.0000000000002 0.04000000006312298 0.086511057402937977 1.2024666632865186 0.20790077657975989 2717.5000000000005 1.1905492258252997 4316.5000000000009 1422.5000000000002 1455.0000000000002 750.50000000000011 2 10.500000000000002 0.032569105437188169 1.4547727272727276 0.016254236979875717 0.018229885381246098 3 4 0.021864407433149147 74.500000000000014 1.0323452484742808 2132.5000000000005 870.50000000000011 24.500000000000004 12.500000000000002 1.778156350558395 1091.5000000000002 69.500000000000014 9.5000000000000018 3376.0000000000005 13.500000000000002 0.054527256148654675 23.500000000000004 7.5000000000000009 827.50000000000011 0.066717995674846056 1.1375455692047205 5 0.011573799226122601 0.033033897867426283 1041.5000000000002 1.4546536796536798 3332.5000000000005 1.3549261299064606 0.045536294381250182 6.5000000000000009 0.04162711929529906 1.1781099218013422 1333.5000000000002 410.50000000000006 320.50000000000006 1.2702819399710592 2031.0000000000002 0.75010373443983414
decision_type=2 2 9 9 2 2 2 2 2 2 2 2 2 2 2 2 2 2 9 2 2 2 2 2 9 9 2 2 2 2 2 2 2 2 2 2 2 2 2 2 2 2 2 2 2 9 2 2 2 2 2 2 2 2 2 2 2 2 2 2 2 2
left_child=-1 5 8 4 23 47 7 36 9 37 19 45 13 -5 15 16 -6 18 20 -11 21 22 46 -4 25 26 27 48 30 -30 31 -26 -28 -22 -13 -25 61 38 39 40 41 -3 -43 -41 -24 -12 -8 -2 -15 50 51 55 53 -33 -35 56 -42 58 -27 -23 -32 -7
right_child=1 2 3 12 14 6 17 -9 -10 10 11 34 -14 24 -16 -17 -18 -19 -20 -21 33 59 44 35 28 57 32 -29 29 -31 60 52 -34 54 -36 -37 -38 -39 -40 43 49 42 -44 -45 -46 -47 -48 -49 -50 -51 -52 -53 -54 -55 -56 -57 -58 -59 -60 -61 -62 -63
leaf_value=-0.04821167635611856 0.12500022920307238 -0.017383387881396626 -0.02957028469385763 -0.034465130367884844 -0.022189486855560058 -0.030553086732991508 0.024974935993284632 0.031945194786812861 -0.039931717177205624 -0.055769888183353114 0.013226283420109711 -0.016968934852917152 -0.048351049582915764 -0.010162938841199367 0.033075168564862097 -0.032123562444625151 0.070071339582863379 0.037375844694474129 -0.014830223268672407 0.0085456044942171724 -0.003500486520884246 -0.02948280973215894 0.031479089739869841 0.049661117671082146 -0.026858748990162912 -0.022548509009126597 -0.020707598432314157 -0.033799019936998173 -0.043614277615557986 0.022793173037142397 -0.032804190620212108 0.10544702360061041 0.025024801010282361 0.083991911318519519 0.090487547652959507 -0.0075107271851081736 -0.049277518871095133 -0.003446428459035446 0.054840752566285657 0.065080049779054933 -0.02497540552655644 0.073814621657141907 -0.0053827387787933039 0.014971359451605279 -0.031472233705577578 -0.016343042975674089 0.097195248979769666 -0.0096294784160420935 0.051622194487144668 0.028738456858044544 0.039407195029357175 0.024753398534422238 0.0072823124291695176 0.0059729738012338695 -0.013054496246641623 -0.043781773969337717 0.030583878640293327 -0.04366167970727533 0.052097465924441172 0.011760070264533691 0.0015363005035447332 0.034209652082293873
leaf_weight=26.923767308329843 0.42368931911914742 1.8357199330894243 1.2099697252160719 14.17220315776285 2.1240194746496921 0.98422998648675131 3.8176108540428739 3.8909294508448502 3.0233714881214828 4.8075570153123435 3.9984062800540414 0.50473212498400188 6.7220174897520328 1.3331687618010644 3.2051306711509815 12.458866314103942 1.4188800088959395 21.025736853946 9.0104897926721588 3.025521173101879 1.5505164961723483 4.4438160881145432 2.6441363974008709 13.97174793127124 1.0909387343817822 2.8527938615225126 8.0291213345881243 1.0478378321859043 15.424903188268219 2.9931804356165221 8.1117056463917816 1.3679138001789399 5.6216518607106982 3.9929336873246939 1.8103841490519696 2.4381409812012853 7.167179358570138 8.664779167622326 7.6824079837278978 6.3992952839398622 2.8312989725964206 5.7080742067410011 2.7300873156636953 6.2480771777336486 2.3808392567807459 5.1281761820318916 1.7249721400949054 0.23835975231486373 13.101533528140861 2.7190806573707951 1.4859765872315609 1.9454310210203392 2.0647645621247648 1.0632178037303672 0.35261540708597738 8.1534403940495377 1.7701856046915052 7.3955293040453398 0.71934262519789616 5.3383364943183551 7.3032717946334733 1.7147479396371634
leaf_count=590028 2206 1034 1926 51721 8577 1890 150 67 5668 12631 421 3797 76 3086 41 132 57 152 6522 224 1386 1591 749 4291 4401 1515 2827 412 10489 18 205 751 40 696 44 593 2783 74 202 1684 848 1946 19 1815 723 1036 189 2534 220 95 17 390 5425 211 944 689 9 340 29 707 72 1216
internal_value=8.7341e-07 0.00465259 0.000766687 -0.00587181 0.00960245 0.0164411 0.014257 -0.0144995 0.0113492 0.0152813 -0.00621095 0.0131462 -0.0119347 -0.0100993 -0.00955553 -0.0195376 0.0220506 0.0214164 0.0111304 -0.032773 0.0188023 0.0144042 0.0340163 0.0350347 -0.00538273 0.00489022 0.015293 0.0385272 -0.0135525 -0.0322042 -0.00263498 0.0346405 -0.00145152 0.0569572 0.0690085 0.0412232 -0.0340702 0.0223869 0.0268868 0.0205918 0.00966947 0.0377671 0.0503356 0.0432362 0.00137951 -0.00643952 0.0588718 0.0998988 0.0456271 -0.00673001 -0.0140137 -0.0215797 0.0517353 0.0763634 0.0751482 -0.0299325 -0.00195756 -0.0165636 0.000590235 -0.00797241 -0.017432 0.00871761
internal_weight=315.339 288.415 217.714 137.242 36.8268 70.7011 70.0391 13.7571 80.472 77.4486 19.2748 11.4417 100.415 93.6931 19.2069 16.0018 3.5429 56.282 35.2563 7.83308 26.2458 20.3497 10.5676 17.6199 79.5209 40.101 29.1333 15.4825 39.4199 18.4181 21.0018 5.58683 13.6508 5.89607 2.31512 16.4099 9.86616 58.1739 49.5091 41.8267 29.1793 10.2739 8.43816 12.6474 5.02498 9.12658 5.54258 0.662049 14.4347 18.9054 16.1863 14.7004 4.4959 2.43113 4.34555 12.7549 4.60148 10.9677 3.57214 9.78215 15.415 2.69898
internal_count=744631 154603 130098 97455 15617 24505 19765 5956 32643 26975 18153 5298 81838 81762 8807 8766 8634 13809 13657 12855 7135 4109 1811 6810 30041 8469 6585 3718 21572 10507 11065 10788 2867 3026 3841 4884 5889 8822 8748 8546 5047 2999 1965 3499 1472 1457 339 4740 3306 2048 1953 1936 6387 962 1640 1546 857 1884 1544 2298 277 3106
cat_boundaries=0 1 2 6 10 11 15
cat_threshold=4228673 65538 538976384 17039360 268566528 34834 8320 264192 1342177280 32784 20971555 640 262144 1073741824 2
is_linear=0
shrinkage=0.05


Tree=65
num_leaves=63
num_cat=4
split_feature=0 12 17 16 12 8 8 15 16 0 11 0 4 21 11 21 19 8 11 3 8 16 16 7 11 8 16 15 16 11 11 11 12 6 16 3 6 12 6 16 4 16 6 0 6 11 15 16 11 16 11 12 12 16 6 11 12 11 8 6 11 11
split_gain=27.97 5.49191 5.74278 7.15754 5.56593 4.18134 5.43115 3.72565 3.60587 4.07345 3.66517 3.06348 3.86707 4.71132 4.22077 5.01487 4.42348 3.95625 3.71244 3.22517 3.17141 3.24265 3.16547 4.34599 2.97934 3.33079 2.82668 2.80983 2.75671 2.74698 2.67035 2.90551 2.65927 3.91101 2.70566 2.48246 2.43014 4.83853 2.32734 2.3165 2.29108 2.27495 2.97505 2.73564 2.17537 1.96977 1.93176 2.9525 2.52989 1.7988 2.24124 1.79171 2.19017 1.78308 1.97525 1.73541 1.69392 1.67692 1.65409 1.59716 1.81154 1.54733
threshold=10.500000000000002 0.0050056277306836936 0 21.500000000000004 0.050007125422893324 1.2891757708801308 1.212158167036216 2849.5000000000005 30.500000000000004 286.50000000000006 0.024164245596953803 94.500000000000014 5041.5000000000009 1 0.039706543111457673 2 3 1.3158630499828325 0.039390087150529315 4107.5000000000009 1.1566322596978174 28.500000000000004 45.500000000000007 2592.0000000000005 0.029620009903444645 1.339709653268448 4.5000000000000009 2849.5000000000005 26.500000000000004 0.03109322092495859 0.016411622287705544 0.04162711929529906 0.011701610565146849 1.3640099626400999 5.5000000000000009 2810.0000000000005 1.0147309207451427 0.050040100745352596 0.83341806473479085 14.500000000000002 2295.5000000000005 13.500000000000002 1.0385132804415318 552.50000000000011 2.0359116749131494 0.022018644430985057 1065.5000000000002 7.5000000000000009 0.032710533887625508 21.500000000000004 0.023245085067476069 0.054527256148654675 0.022723834561654891 27.500000000000004 1.5267591937765206 0.0065423727889234824 0.01822012458626027 0.016033897791914217 1.5000475194829883 2.9095454545454547 0.0080037833346674869 0.015941238779676199
decision_type=2 2 9 2 2 2 2 2 2 2 2 2 2 9 2 9 9 2 2 2 2 2 2 2 2 2 2 2 2 2 2 2 2 2 2 2 2 2 2 2 2 2 2 2 2 2 2 2 2 2 2 2 2 2 2 2 2 2 2 2 2 2
left_child=-1 8 11 4 32 6 44 28 10 30 -2 -3 14 18 15 20 17 29 22 39 -13 41 23 49 25 -23 45 36 51 -17 -10 -32 -4 34 -34 53 37 -15 -8 -18 -40 43 -43 -22 -5 -6 47 -35 56 57 -51 52 -7 54 -16 -36 -49 -14 -12 60 -28 -46
right_child=1 2 3 5 26 7 38 -9 9 -11 58 12 13 27 35 16 19 -19 -20 -21 21 24 -24 -25 -26 -27 59 -29 -30 -31 31 -33 33 46 55 -37 -38 -39 40 -41 -42 42 -44 -45 61 -47 -48 48 -50 50 -52 -53 -54 -55 -56 -57 -58 -59 -60 -61 -62 -63
leaf_value=-0.048213539401552728 0.035215517397549245 -0.037042042877579368 -0.019016971451778115 -0.043709449418096347 -0.023244163742481654 0.011069501242281706 -0.031605977991377279 0.017994005894958639 -0.01164039021164319 0.015714401806350614 -0.040155885971446495 -0.013159471847141418 0.021087160542910988 0.030023759585017996 -0.020043277558179244 0.10186896632696724 -0.0070338410985357272 -0.0098717080985034136 -0.017791935698346015 0.033515974788724472 3.6231788859720215e-05 0.10525245354195514 0.037797288399107641 0.020826155104544664 0.017903934497088308 0.023833530450351262 0.033753276699671715 -0.033335703654036569 -0.065290868235945043 0.00069628589029773261 0.12727672454931838 -0.010664468951856375 0.036390641883361732 0.012249061033171737 0.023670852503608602 0.075930668856637337 -0.012400100005571417 -0.023478746196121069 -0.026273731473483032 -0.039092350996269717 0.034811377456263275 0.046700130791240024 -0.039456994689869372 0.05733206368361226 0.033782810979291499 0.049163388030630563 0.0064141348857073765 0.011226996196778314 -0.015861996887066517 -0.042454676422505354 0.0020218876837086869 0.024552607794463027 -0.052940727901738899 -0.025955139914242222 0.056298309746599717 -0.033347121033476555 0.089436324014060209 -0.010815389395837222 0.032322596077956754 0.0166638344491035 -0.038433730729399367 -0.018322501622153587
leaf_weight=26.953651508178154 4.2804749042115855 2.8505053928965927 2.9938170505192856 8.4207738825789438 0.75616023071415783 1.641710569714635 1.2615105053519062 1.7938052134559246 0.29831579703750355 3.3369476446532644 2.7992935797483374 2.5261196035935454 7.2353972606943007 10.785601994895844 0.64672587589302555 2.2162741635838761 11.811587850417718 1.4339532941012292 8.8379940172890183 1.9052141721913347 3.6985109274974111 3.8356975475253403 11.891077777661847 37.115620861994103 3.656344615155831 2.6919746843632311 0.19069155721444886 8.7195769955869746 9.5520373354338499 0.86524611836648535 1.9634238399376047 0.27050964826048574 2.0587650313609656 3.8138409800740174 0.98333882858423738 3.8108605022425763 27.791995218198281 5.6902426179440218 1.0862445797865792 10.806104839495672 8.0666643362746964 0.49867499522952163 2.2753928880920284 3.7741124797612429 1.1538360682679911 1.5042529809325058 3.3764171674447416 1.1434986357817249 0.45880845403007686 4.837044895422876 5.3344676281121792 1.1581923319827181 2.6581262908039207 1.0350924463637055 1.5881163960148112 4.3917141882884607 4.8265720919771411 7.3474249281862285 0.19784656369301945 1.1719553392322257 10.176237884330474 3.21132142008355
leaf_count=615719 812 35334 1060 25137 2352 271 1523 33 138 59 1762 450 57 142 493 261 1421 198 133 30 342 238 120 274 113 201 840 119 4687 210 596 587 696 1819 22 89 243 212 5184 3534 407 109 422 24 1654 2247 64 314 1995 124 110 404 342 706 316 3757 1795 160 53 1107 14837 5621
internal_value=-0.000452971 0.00416012 0.00258943 -0.00828633 0.00619659 -0.0238257 -0.00937357 -0.042132 0.0345501 0.060657 0.00871122 0.00696295 0.00814922 0.00344198 0.0187158 0.0131936 -0.00373047 0.019652 0.0101966 -0.0127881 0.0249893 0.0417606 0.0151072 0.0102144 0.0608304 0.0793023 -0.0183025 -0.0075681 -0.0499925 0.0805918 0.0986659 0.112441 0.0204249 0.0266417 -0.00255405 0.0526151 -0.00354013 0.0112595 0.0165871 -0.0233572 0.0256882 0.0190839 -0.0156989 0.0323253 -0.0301885 0.0252413 0.0416624 0.0516777 0.0702707 -0.00588723 -0.0210359 -0.0172548 -0.0310239 0.0140236 0.0348397 -0.0208392 0.0782162 0.0053508 -0.028482 -0.0281653 -0.0342533 -0.000819977
internal_weight=315.464 288.51 275.363 77.8503 37.8461 40.0042 23.2004 16.8039 13.1468 5.8692 7.27762 197.513 194.662 135.586 59.076 51.9952 29.0384 4.51547 82.599 24.5229 22.9568 20.4307 73.761 61.87 10.184 6.52767 13.7993 52.9874 15.0101 3.08152 2.53225 2.23393 24.0468 21.053 7.43382 7.0808 44.2678 16.4758 10.4144 22.6177 9.15291 10.2467 2.77407 7.47262 12.7859 2.26041 13.6191 10.2427 6.42888 24.7543 10.1715 5.45803 4.29984 3.26993 2.23484 5.37505 5.97007 14.5828 2.99714 11.5389 10.3669 4.36516
internal_count=744079 128360 124353 78168 32905 45263 39526 5737 4007 1380 2627 46185 10851 1694 9157 7553 5654 669 978 4985 1899 1449 845 725 552 439 21383 716 5704 471 1321 1183 11522 10462 4475 1604 597 354 7114 4955 5591 897 531 366 32412 4599 5987 5923 4104 451 234 1017 613 1515 809 3779 2109 217 1815 16784 15677 7275
cat_boundaries=0 4 6 7 8
cat_threshold=8320 17041408 1350566016 66 1048582 32768 541198705 65536
is_linear=0
shrinkage=0.05


Tree=66
num_leaves=63
num_cat=3
split_feature=0 17 4 11 12 11 22 16 16 16 17 16 16 10 16 10 6 1 10 3 10 3 8 8 12 9 6 6 9 6 7 11 6 16 10 3 11 3 11 12 11 6 3 16 1 8 10 12 11 12 11 12 9 1 12 7 11 11 8 9 8 9
split_gain=23.9568 4.9735 9.77713 6.47877 4.9902 4.77918 4.07508 4.69886 5.04488 4.26641 4.59206 4.03069 3.67682 4.10133 3.58317 4.07322 3.39831 3.33505 3.04956 6.66411 3.18664 6.42851 3.02163 3.20075 3.6203 3.0216 3.94275 2.94763 2.93752 3.93213 5.1692 4.71927 3.13633 2.88077 2.97551 2.86457 2.77408 3.23049 2.57913 3.15633 5.138 4.31278 2.47713 2.37469 2.33771 2.34541 2.2652 2.7732 2.13111 2.1035 2.97285 2.10211 2.03888 2.02181 1.95882 2.23368 1.95003 1.91563 1.87343 1.86903 1.82267 1.75817
threshold=7.5000000000000009 0 120.50000000000001 0.033483050034745887 0.084078333583032808 0.015941238779676199 1 20.500000000000004 6.5000000000000009 45.500000000000007 2 4.5000000000000009 8.5000000000000018 5.5000000000000009 27.500000000000004 15.500000000000002 2.5385722014558336 1091.5000000000002 6.5000000000000009 1358.5000000000002 4.5000000000000009 2070.5000000000005 1.2727700333532885 1.2143416051866758 0.13190443947647104 0.59995385325334571 0.76126166749334911 0.83341806473479085 0.54564838146927708 1.0147309207451427 3376.0000000000005 0.032569105437188169 1.5267591937765206 14.500000000000002 2.5000000000000004 6467.0000000000009 0.032276553101837642 2070.5000000000005 0.025807015916012883 0.07312876884921006 0.020830239126798777 1.3279846617083153 1210.5000000000002 50.500000000000007 111.50000000000001 1.3516993895396803 8.5000000000000018 0.046616209398076432 0.013033898512873314 0.040184133973233678 0.012843146526283411 0.066128879253653086 0.79549678945589741 780.50000000000011 0.052088141175246634 1784.0000000000002 0.032710533887625508 0.015660012194421143 1.3478433128918903 0.97828052519852193 1.2040272107900558 0.71191046425939586
decision_type=2 9 2 2 2 2 9 2 2 2 9 2 2 2 2 2 2 2 2 2 2 2 2 2 2 10 2 2 10 2 2 2 2 2 2 2 2 2 2 2 2 2 2 2 2 2 2 2 2 2 2 2 8 2 2 2 2 2 2 10 2 8
left_child=-1 2 3 5 6 -2 9 8 61 10 17 -12 13 -3 28 25 -7 53 20 -20 21 -6 23 24 -21 26 -16 -10 57 31 32 -30 -31 36 42 -27 37 -29 39 54 -41 -42 -35 59 45 -18 47 58 -15 56 -51 -52 -13 -4 55 -14 -28 -9 -36 -24 -23 -8
right_child=1 12 4 -5 18 16 7 14 27 -11 11 52 38 48 15 -17 44 -19 19 22 -22 60 43 -25 -26 35 49 33 29 30 -32 -33 -34 34 46 -37 -38 -39 -40 40 41 -43 -44 -45 -46 -47 -48 -49 -50 50 51 -53 -54 -55 -56 -57 -58 -59 -60 -61 -62 -63
leaf_value=-0.04803886217903907 -0.016435035707103782 -0.02762751999266648 0.019899017081288495 -0.023973644679795167 -0.036213903537141129 -0.01096356616446654 -0.025498630030990038 -0.0064942762206525563 -0.025769392402875659 0.046443449288087101 0.028936548518347174 -0.033718618090607548 -0.030334671166061936 -0.011660387191030139 -0.044607139046248974 0.034998195889943927 0.1564963374414183 0.033334127718444108 0.07449776797539831 0.012179724676089833 -0.053554003644413942 -0.010281753482270652 -0.039004955298409354 0.036348586348987882 -0.044132361578199927 -0.0061803092701107143 0.037571813669043094 -0.017167300949694434 0.044445600393947585 -0.059304914154346682 0.034948012349145678 -0.042949918358889033 -0.005052049652174294 -0.013425796689193904 0.038405468870783992 -0.046029331054934834 0.064701416362082237 0.031954477421240052 -0.042497803993090291 -0.030863017291519093 0.082364000466271084 -0.0080210769748804336 0.10530762569212909 0.0094220222300113489 -0.0073635947058051949 -0.006640535515231619 0.017513520803995139 -0.041100768125343329 0.045460756532730087 0.038214283789592969 -0.047826440527558772 0.014507216702740196 0.011128286089978481 -0.022440047330189616 -0.051989435938867373 0.011355176578479457 -0.017425441790230624 -0.062626495219859024 -0.019363669872436574 0.004596218292559808 0.10181493596419587 0.01207293043772785
leaf_weight=24.468737526040059 0.48560289912711541 3.6953995100011507 4.7294448022148554 0.91927587017198664 2.4361427892508787 0.28083587715082137 9.1774319248070206 2.423128041624298 2.4909170850914952 10.829412153598239 3.6353472747905498 11.163503845109513 6.0867726918477327 1.739536447512364 1.9030261921834632 6.6655258813334504 2.0405904760700659 27.701853346836288 1.5425244663456386 6.9279466274456336 6.1027465309562103 0.25365166837218556 12.099245231933311 4.9533364995186266 3.5171442273713183 19.939130941249463 9.9382257798570226 3.4305321647771114 4.5400199143041418 6.155116087284112 2.1669013745849943 1.2498803492126169 4.5652003283976228 0.3642709985360878 1.9643406059985884 4.9904812586610197 4.9973144868126829 17.207918137399247 10.024508079539372 2.9025243539508656 2.1481805335133686 1.9932986642525063 0.28265227707743179 4.1791117694592677 0.16678445801517217 0.15222481567980128 8.4440232793349406 4.3043699113077309 5.2429948890312517 1.691468159911891 2.6756860014611448 1.5486518024408722 2.675774513685611 4.5540998212236445 3.703445233139063 5.134317868083599 1.2894748395192426 4.6633829773672915 1.8075322298682293 2.7836827708742922 0.55216577017199597 3.7789679762463502
leaf_count=590480 4521 10589 4197 8336 26916 5956 945 213 1943 1046 141 957 9038 214 1020 89 2726 215 2319 102 4207 229 457 173 265 6545 826 1557 1008 1038 22 1066 1070 1366 333 40 1648 192 25916 10969 2058 1316 57 59 31 314 116 860 578 128 711 268 1210 149 3298 65 360 816 120 86 263 1221
internal_value=-0.00152896 0.00251896 0.00522189 0.0743517 0.00399658 0.102069 0.00739373 0.00154685 0.0122472 0.0165216 0.0128205 -0.00825649 -0.0115775 0.0104595 -0.00646393 0.00133111 0.122391 0.019717 -0.0108183 -0.00383027 -0.0347688 0.00488165 -0.00933839 0.0069277 -0.00898132 -0.00443654 0.0102566 0.0200343 -0.0212633 -0.00976642 -0.0246106 0.0220323 -0.0386038 0.0232273 0.00680479 -0.0156249 0.0335563 0.0233734 -0.0225357 -0.0119731 0.0142769 0.0457626 0.0708938 -0.0221686 0.136801 0.146639 0.000391957 -0.0174666 0.0315523 0.0184697 -0.00520093 -0.026572 -0.024882 -0.0010331 -0.024481 -0.0118908 0.030347 -0.0466095 0.0124653 -0.0310739 0.0803757 -0.0144603
internal_weight=316.478 292.009 249.338 4.04531 245.293 3.12604 199.945 134.656 58.2503 65.2894 54.46 17.4746 42.671 10.6779 76.4053 50.6417 2.64044 36.9854 45.3477 36.003 9.34471 3.24196 34.4605 15.3984 10.4451 43.9761 19.0465 45.2939 25.7636 18.6771 12.8872 5.7899 10.7203 42.803 17.1672 24.9296 25.6358 20.6385 31.993 21.9685 7.044 4.14148 0.646923 19.062 2.3596 2.19282 16.5203 8.07624 6.98253 17.1435 5.91581 4.22434 13.8393 9.28354 14.9245 11.2211 11.2277 7.08651 3.77187 14.8829 0.805817 12.9564
internal_count=744974 154494 90453 21884 68569 13548 33493 25578 10358 7915 6869 2308 64041 11381 15220 9987 9027 4561 35076 3461 31615 27408 1142 540 367 9898 3313 8192 5233 4204 2130 2074 2108 6249 2852 6585 3397 1749 52660 26744 14343 3374 1423 602 3071 3040 1429 1313 792 2293 1107 979 2167 4346 12401 9103 1186 1029 453 543 492 2166
cat_boundaries=0 4 5 9
cat_threshold=536871424 17041408 1350697088 32850 33297 536870912 16777216 1350696960 2
is_linear=0
shrinkage=0.05


Tree=67
num_leaves=63
num_cat=4
split_feature=1 1 12 6 19 16 9 13 21 17 15 16 13 21 3 16 13 13 10 6 12 9 7 12 3 16 16 16 9 9 11 16 9 16 13 9 11 16 6 13 13 10 15 13 12 10 13 13 11 13 12 13 12 10 16 7 9 9 1 6 1 1
split_gain=21.9678 8.01575 4.76915 3.98768 3.30123 4.62015 5.09289 6.34141 4.41199 4.75076 4.21153 5.12808 4.44509 4.08468 5.32246 4.68421 3.9317 5.12215 3.75784 3.33262 4.55027 3.90636 3.49037 3.3111 3.25599 2.96495 4.07658 2.95726 2.86842 4.26311 2.71145 5.26009 4.51028 3.59103 3.03071 2.69358 2.68259 2.68222 2.74887 2.62977 2.62825 2.62545 2.47706 2.45652 2.23703 2.21986 2.18688 2.17812 2.14252 2.11193 2.32952 2.01665 1.97304 1.95978 1.93804 1.91605 1.87135 4.15807 1.80546 1.79293 1.76696 2.86885
threshold=26.500000000000004 2717.5000000000005 0.23095290751466799 0.74495285710404058 0 2.5000000000000004 0.41680509413067562 11.500000000000002 1 2 1745.5000000000002 39.500000000000007 47.500000000000007 3 3117.0000000000005 33.000000000000007 75.500000000000014 81.500000000000014 4.5000000000000009 1.0715467002677588 0.04892322274395728 0.45186734852006821 2592.0000000000005 0.047741083324146623 2810.0000000000005 10.500000000000002 4.5000000000000009 19.500000000000004 0.6078658841726946 0.5192554874431482 0.01129583369996009 20.500000000000004 0.84629120879120889 43.500000000000007 43.500000000000007 0.85419703595724006 0.023711863982801642 4.5000000000000009 0.54530791788856325 11.500000000000002 18.500000000000004 3.5000000000000004 134.50000000000003 1.5000000000000002 0.045536294381250182 3.5000000000000004 35.500000000000007 7.5000000000000009 0.015660012194421143 44.500000000000007 0.01944874238406941 54.500000000000007 0.041295148686813006 12.500000000000002 33.000000000000007 1507.5000000000002 0.76671134941912433 0.71191046425939586 145.50000000000003 2.5385722014558336 1630.0000000000002 838.50000000000011
decision_type=2 2 2 2 9 2 10 2 9 9 2 2 2 9 2 2 2 2 2 2 2 8 2 2 2 2 2 2 10 10 2 2 10 2 2 10 2 2 2 2 2 2 2 2 2 2 2 2 2 2 2 2 2 2 2 2 8 8 2 2 2 2
left_child=43 2 3 37 10 -6 7 36 24 18 12 16 13 25 15 46 27 -18 60 21 -21 -14 58 -20 -8 26 -5 -12 29 47 31 -27 41 34 39 -35 -7 -2 -39 52 48 -32 -23 -1 -26 -17 -15 -11 -4 50 -31 -44 59 -28 55 -53 57 -43 -22 -34 61 -10
right_child=1 -3 40 4 5 6 8 -9 9 28 11 -13 19 14 -16 45 17 -19 23 20 22 42 -24 -25 44 30 53 -29 -30 49 32 -33 33 35 -36 -37 -38 38 -40 -41 -42 56 51 -45 -46 -47 -48 -49 -50 -51 -52 54 -54 -55 -56 -57 -58 -59 -60 -61 -62 -63
leaf_value=0.012562023886052648 0.02352987925066341 -0.031487088962123586 0.055538660199646199 0.031086952049564926 0.044624821301775842 0.041859502517922684 -0.0063051182882792704 -0.049979843929880405 0.052232388816329647 0.026361343033191393 0.053919617449530936 -0.0098211642083161892 -0.038400806724014656 -0.038048020703182223 -0.028252477583066257 -0.0078979467164544473 -0.023644917544528136 0.029195289017798071 -0.018619406493591357 -0.055034022707722591 0.035922026730952121 -0.034682021180267496 0.027034362594262087 0.025559864665999157 0.054155993534389241 0.096954986504907359 -0.044278461156867607 0.015939015658897975 -0.026578417077114919 0.033945216831641367 -0.01763954471918033 -0.014939724955181139 0.047422473286198391 -0.025971590256574997 0.040823017445840243 0.066575336725618731 -0.028692345189015228 0.023789620440508804 -0.036256871479232546 -0.046634827500886454 -0.041461004749280966 0.040877920018086558 0.053108604995499034 -0.048035133848024221 0.013878994555530617 0.062568943548660369 0.027520503313237823 -0.04063258331893211 -0.02396167155664837 0.053019244481675179 -0.035263540930722502 -0.012108724215881016 -0.034212531482459577 0.015104169001465479 -0.026726634469996725 0.043031716592356654 0.068255178542940137 -0.022726214022765132 -0.038302727174114481 -0.011532183731703925 0.093795667947960654 -0.021675641052117528
leaf_weight=1.3967712967423747 2.374573640896414 15.036748618229465 0.72044105870372532 4.1566218761181499 4.4295240143546826 2.8812384734337675 5.6485887888484347 9.8131063415567024 2.136664386947817 0.82100923604229858 17.808864223206914 9.0454883067686733 2.705710536080006 2.9132538613121164 12.761957000999244 1.178916002911137 5.9759638912219115 12.819230321612848 7.5666821546146803 6.1783532906483734 0.16198752350100942 0.97634715622189183 4.4541007950901985 7.4222875277919229 7.7702420181158214 2.5281179949270149 3.9021625026580296 8.5635799943993316 27.268827966297977 1.3566059958211556 1.4979515149534588 1.1561798645197994 1.7769026415662648 0.47237454264177303 1.3029354807840707 1.8895004069308923 1.2158665883216597 1.5547934092755884 10.83749650766549 4.6013148989040928 7.171537765483663 12.618668126800912 3.723151189296912 24.422029473498696 7.1942704382527154 3.9285635937812913 1.0371349252709476 4.3273828464880353 0.85418334257337847 3.0638655440270668 1.5153787135241144 1.9351435734533877 1.4248315850236393 1.3628384114708749 1.7948553315363822 3.2499769704299979 4.7874881354982781 2.4839649821515204 4.2982448516704608 1.8214787441465887 0.91196069307625283 1.5160740049759622
leaf_count=8222 1180 212 1274 473 1387 1039 7633 5179 2344 346 194 102 704 3316 196 1409 98 237 119 1047 1594 486 25 136 109 101 956 108 23890 226 1338 246 401 10 92 755 1287 6068 7499 957 25750 575 124 622123 167 449 258 1357 5118 483 1095 765 668 14 282 25 142 105 1110 577 8 49
internal_value=-0.00112069 0.00289067 0.00488734 0.0061299 0.00764104 -0.00019595 -0.00281951 -0.0296139 0.00223998 -0.00534994 0.0118094 0.023662 0.00633246 0.0131711 -0.00580356 0.0197196 0.030435 0.0120489 0.0112719 -0.00971728 -0.025403 0.00732132 -0.00138669 0.00348778 0.0172957 0.0190597 -0.00202155 0.0426195 -0.0144478 0.00316911 0.0289993 0.0661478 0.023309 0.000218074 -0.012661 0.0458463 0.0194009 -0.0183302 -0.0275093 -0.0230623 -0.0295171 0.0370058 0.0201067 -0.0444107 0.0368749 0.0476737 -0.0187518 -0.0273992 0.019856 0.02981 -0.00224837 0.027641 0.00268796 -0.02895 0.00910352 0.0238222 0.0417686 0.0296551 -0.0295219 0.0215619 0.0518683 0.0234911
internal_weight=314.522 288.704 273.667 264.921 250.154 96.8596 92.4301 13.9102 78.5198 57.9067 153.294 54.2131 99.081 69.6032 21.8198 9.05787 45.1676 18.7952 19.5537 29.4779 15.0927 14.3852 8.91433 14.989 20.6131 47.7833 9.42162 26.3724 38.3531 11.0842 38.3617 3.6843 34.6774 13.2893 10.9275 2.36187 4.09711 14.7669 12.3923 9.62453 8.74616 21.3881 11.6795 25.8188 14.9645 5.10748 3.95039 5.14839 1.57462 5.93585 2.87198 10.7031 5.02321 5.265 6.97998 5.18512 19.8901 15.1026 4.46023 3.59838 4.5647 3.65274
internal_count=744239 113894 113682 81540 66793 46854 45467 7505 37962 30053 19939 739 19200 13038 5628 5432 637 335 2656 6162 3776 2386 2729 255 7909 7410 1443 302 27397 3507 5967 347 5620 3460 2695 765 2326 14747 13567 2603 32142 2160 1682 630345 276 1858 3574 1703 6392 1804 1321 1196 1646 970 1072 790 822 680 2704 978 2401 2393
cat_boundaries=0 1 3 7 9
cat_threshold=108704 4720645 33024 0 16777216 128 16 2294098 131072
is_linear=0
shrinkage=0.05


Tree=68
num_leaves=63
num_cat=3
split_feature=1 17 12 16 21 9 13 13 11 17 9 9 8 6 8 12 13 16 8 12 11 12 1 11 1 1 13 9 9 2 8 3 16 12 3 16 12 8 13 8 12 4 3 10 2 16 6 16 11 10 6 8 13 8 11 13 11 10 1 8 8 9
split_gain=22.3748 4.35332 5.61455 4.44316 7.74769 4.11811 4.11013 3.97884 3.73903 3.61557 3.56535 6.16583 5.91958 3.54347 3.43262 4.27926 3.28849 3.42256 3.25188 3.23338 2.89368 2.77922 2.7299 2.78432 2.71118 2.68972 2.66192 3.93478 2.95916 2.85354 2.62139 2.48846 2.40455 3.39233 2.395 2.25405 2.81752 3.42467 2.58477 2.20746 2.07825 3.54424 2.88265 2.11875 2.05263 2.62627 2.01866 1.97434 1.93861 1.92876 3.06474 2.93469 1.80775 1.80358 2.504 1.79969 1.74534 1.70741 1.61309 1.59437 3.12373 2.40637
threshold=72.500000000000014 0 0.050858379379780556 19.500000000000004 1 0.89294019933554825 66.500000000000014 85.500000000000014 0.032276553101837642 2 0.74520761881430675 0.42514367816091958 1.3182500682500684 0.96555214295686176 1.3249548736462096 0.14848921936597273 1.5000000000000002 41.500000000000007 1.2344758482482208 0.041295148686813006 0.032859209103860032 0.010170830126307264 967.50000000000011 0.023578743004084881 1237.0000000000002 1630.0000000000002 35.500000000000007 0.12523062730627307 0.47391890584564783 2741.5000000000005 1.339709653268448 1638.5000000000002 50.500000000000007 0.064492346086301902 4966.0000000000009 49.500000000000007 0.023804706893023778 1.1964675608234561 59.500000000000007 1.48392682586231 0.042318307653190008 8373.5000000000018 1957.5000000000002 3.5000000000000004 2395.5000000000005 48.500000000000007 1.9502186588921286 51.500000000000007 0.033483050034745887 21.500000000000004 1.1005550252494152 1.1980981373199111 2.5000000000000004 1.3335933437337495 0.024922082076218693 64.500000000000014 0.047830508244023101 8.5000000000000018 1865.5000000000002 1.2778277378097525 1.2501231527093599 0.98990563530037223
decision_type=2 9 2 2 9 10 2 2 2 9 10 10 2 2 2 2 2 2 2 2 2 2 2 2 2 2 2 10 10 2 2 2 2 2 2 2 2 2 2 2 2 2 2 2 2 2 2 2 2 2 2 2 2 2 2 2 2 2 2 2 2 10
left_child=16 5 3 9 -5 6 8 49 10 19 11 32 -12 44 59 25 17 -1 -9 -3 -19 31 23 47 -21 30 27 -11 -28 53 -16 -15 33 -2 46 36 37 -10 -38 -35 42 -42 43 -23 45 -6 -30 -7 -22 50 51 -8 -25 57 -55 -17 -54 -29 -20 60 61 -4
right_child=1 2 14 4 13 22 7 18 35 26 12 -13 -14 21 15 55 -18 20 58 24 48 40 -24 52 -26 -27 28 29 34 -31 -32 -33 -34 39 -36 -37 38 -39 -40 -41 41 -43 -44 -45 -46 -47 -48 -49 -50 -51 -52 -53 56 54 -56 -57 -58 -59 -60 -61 -62 -63
leaf_value=-0.03018391603413614 -0.017000664253447397 -0.04614441616314565 -0.032919615293311145 0.021827587442359613 -0.038594104455204607 -0.024479640360455565 0.0056644335521541279 0.051408516598193524 -0.033360741728897157 0.079493238014972406 -0.052381324830208326 0.039163624714961022 0.018592400027981432 -0.018380255649089555 0.02129229559002736 0.059188847523697463 -0.048189940183524238 -0.016391808203131891 -0.040363726113529674 -0.028786059894310934 0.12702115216676918 -0.030878840552056294 0.014784793292168016 -0.01344361276151484 0.052096111668172351 0.0057362257386447098 -0.0086974825040535345 -0.033425504309469688 0.063581920354643745 0.035568506271022579 -0.04029963912797957 0.03474347591303055 -0.040840426656730759 0.046402305697404736 0.012509532358819589 0.039725154205564217 -0.033508182012268455 0.041300685805169428 0.015440521072213737 -0.02362237548745268 -0.024418654064968605 0.046813295004689018 -0.037275112929661597 0.028456143709874433 0.022283567438753746 0.04378556242662282 0.0040654107614718094 0.048465855037296939 -0.0082362026884190941 0.011356636334305985 0.0027047368533162156 -0.061786543529792251 0.079148576127666709 -0.0099539685717794299 0.050511900093474837 -0.013176761154845019 -0.011928212345929366 0.02300423147736446 0.018645687223842633 -0.048154942296947729 0.017936909717720096 0.021627063212264635
leaf_weight=1.5150025906768889 5.8852512511366495 4.9478367264346161 17.936037214254622 11.363775281450215 2.7874272022199871 1.728685685648091 1.8119158556255586 2.6617566898348732 1.4382772254175566 0.7833420936549399 3.5303235527462657 24.986843850976584 7.4258480098906148 3.7870048473159832 1.4782355682036774 2.5409948190499558 26.571556399681867 0.4806523957158787 1.5652576837237577 1.0442112987730072 0.12799065041326685 1.5237771216452554 17.260920207838353 0.35973789458512317 1.2600506842136381 10.96669563045725 2.8772393411272814 6.5421147795023007 9.7870976944395824 3.6206942051649085 7.8338675490194873 3.1400362736603711 2.2081330789333142 4.4703998241529916 5.3579209550516671 1.3452182460969186 11.262877139321061 3.5205294171973947 2.8158721920663075 0.75683267692147627 3.8538022176653604 1.728415662422776 26.959876842287485 2.7707374676283507 8.074017789680509 0.39038525951764302 1.8057010981538031 0.40541773081713461 0.19705347837589215 2.2722035103070075 3.886020217978511 7.1664194212717121 5.0443014708143892 4.6843095859221648 1.4966030174982732 0.71858635903845414 0.31212711474290689 0.89146858728054201 1.3047893224284051 6.6455350711148631 3.8660415347803783 1.5757974517800892
leaf_count=6753 541 993 15144 994 2626 1502 220 275 335 140 607 1553 183 1172 200 901 678703 1073 266 257 38 3547 242 200 7 91 202 3555 818 22 1272 83 123 802 39 166 1611 183 133 88 1253 15 630 954 52 30 157 21 1086 34 344 426 2907 350 202 308 1129 11 20 1802 1559 3833
internal_value=-0.00221268 0.00216265 -0.00309221 0.00312813 -0.00508654 0.00912047 0.00478888 -0.014334 0.0105864 0.0150671 0.0179325 0.0249826 -0.00674527 -0.0125861 -0.0164254 -0.0019418 -0.0433368 0.0100088 0.0195469 -0.0118104 0.060447 -0.021173 0.0274123 0.0503696 0.017824 -0.0110246 0.0186326 0.00878377 0.0356772 0.00138692 -0.0294057 0.00704587 -0.00249548 0.00786666 0.0432743 -0.00717705 -0.0123084 0.0176811 -0.0233433 0.0340984 -0.0265255 0.00139813 -0.0314016 0.00554713 0.00954208 -0.0204158 0.0553706 0.000420384 0.100691 -0.0271601 -0.0342916 -0.0489708 0.0661786 -0.00951524 0.00968216 0.0438874 0.0727998 -0.0247329 -0.0156507 -0.0273519 -0.0197055 -0.0276748
internal_weight=309.358 280.466 165.04 111.478 66.3793 115.426 90.3148 20.6684 69.6464 45.0986 49.2636 38.3075 10.9562 55.0155 53.5618 23.5384 28.8923 2.3207 5.5318 7.2521 0.805697 43.7637 25.1112 7.85027 2.30426 20.2788 37.8465 18.0185 19.828 17.2352 9.3121 6.92704 13.3206 11.1125 16.9507 20.3828 19.0376 4.95881 14.0787 5.22723 36.8366 5.58222 31.2544 4.29451 11.2518 3.17781 11.5928 2.1341 0.325044 15.1366 12.8644 8.97834 5.71617 13.6145 6.18091 3.25958 5.35643 7.43358 2.87005 30.0234 23.3779 19.5118
internal_count=744783 57130 43219 18109 11356 13911 7910 1585 6325 6753 3897 3107 790 10362 25110 2772 687653 8950 561 1257 2197 7654 6001 5759 264 1563 5496 4280 1216 4140 1472 1255 1554 1431 1014 2428 2262 518 1744 890 6399 1268 5131 4501 2708 2656 975 1523 1124 1024 990 646 4236 4118 552 1209 4036 3566 286 22338 20536 18977
cat_boundaries=0 4 6 9
cat_threshold=512 17041408 1082146816 64 2754640 131072 8192 0 268435456
is_linear=0
shrinkage=0.05


Tree=69
num_leaves=63
num_cat=3
split_feature=0 19 4 15 16 6 16 2 8 3 10 15 2 4 2 11 12 16 11 11 22 12 13 12 0 16 8 2 15 8 0 4 3 16 8 19 16 11 3 12 15 10 12 12 12 10 11 6 6 0 0 16 10 8 16 8 13 2 13 12 8 16
split_gain=22.0326 5.12203 8.26781 5.67016 6.09693 4.52276 4.48352 4.13191 3.59983 3.50908 5.98452 4.09561 3.62977 3.44956 4.10361 3.31894 6.11677 3.36512 3.0732 2.96674 2.75397 4.38912 2.94958 3.99046 2.74458 2.6883 3.99357 3.29232 3.00854 2.61183 2.51709 2.47956 2.34537 2.33292 2.15833 2.27867 2.62529 5.85998 4.17797 2.3956 2.32174 2.13865 2.09272 1.70184 2.7884 3.17616 1.64316 2.92577 1.87644 1.62416 1.61939 1.5841 2.83359 2.39516 1.61459 1.53609 1.66739 1.49949 1.49936 2.71398 1.49381 1.43687
threshold=7.5000000000000009 0 53.500000000000007 4342.0000000000009 19.500000000000004 0.96555214295686176 27.500000000000004 4316.5000000000009 1.4243514279485505 2380.0000000000005 10.500000000000002 1377.0000000000002 2741.5000000000005 195.50000000000003 75.500000000000014 0.032276553101837642 0.025000001765398575 33.000000000000007 0.033483050034745887 0.013243139532971243 1 0.022723834561654891 52.500000000000007 0.12500000737557468 460.50000000000006 41.500000000000007 1.1930102154119477 1822.0000000000002 2500.5000000000005 1.7075359389038636 991.00000000000011 1211.5000000000002 2810.0000000000005 21.500000000000004 1.3624192886201623 2 45.500000000000007 0.031550275956225754 2588.5000000000005 0.022723834561654891 2849.5000000000005 2.5000000000000004 0.11444343960333699 0.027749316851897802 0.041295148686813006 10.500000000000002 0.013033898512873314 1.846297896859695 2.7005674653215643 87.500000000000014 258.50000000000006 19.500000000000004 3.5000000000000004 1.1852039286249816 3.5000000000000004 1.4077206925915415 95.500000000000014 3190.0000000000005 43.500000000000007 0.25031591729664698 1.131883551434534 13.500000000000002
decision_type=2 9 2 2 2 2 2 2 2 2 2 2 2 2 2 2 2 2 2 2 9 2 2 2 2 2 2 2 2 2 2 2 2 2 2 9 2 2 2 2 2 2 2 2 2 2 2 2 2 2 2 2 2 2 2 2 2 2 2 2 2 2
left_child=-1 2 18 4 7 32 -7 9 15 13 12 -12 19 14 -3 20 17 -17 33 -11 21 30 31 24 -24 27 -27 51 -29 42 -4 -23 -6 -2 35 36 37 39 -38 -8 46 -16 -10 -34 -45 -46 57 -48 -49 -43 -39 54 -53 -54 -22 56 -18 -37 -44 -60 -19 -21
right_child=1 3 8 -5 5 6 34 -9 29 10 11 -13 -14 -15 41 16 55 60 -20 61 25 22 23 -25 -26 26 -28 28 -30 -31 -32 -33 43 -35 -36 40 38 50 -40 -41 -42 49 58 44 45 -47 47 48 -50 -51 -52 52 53 -55 -56 -57 -58 -59 59 -61 -62 -63
leaf_value=-0.047751030832758647 -0.0063072740137962453 -0.027132182881541973 -0.044962178194594117 0.039077688863727665 -0.033838257063624554 -0.040365396417701593 0.0030281314106566956 -0.036767153834455356 0.034390702328296649 0.045396951363324244 -0.024200266691287324 0.017668645150012919 0.056314176050732717 -0.020820345837008473 -0.013481008560037009 -0.031294227063900934 -0.037195237376385012 -0.0094960543119100224 -0.0098805424364891824 0.010333028563005916 0.039409255736575249 -0.023434304703023687 -0.030921896728544118 -0.031889755873978354 0.027740864730291401 -0.014069639614653595 0.049335803490603833 -0.032818659277657584 0.0056696137183009409 -0.02977161528426055 0.030043025193143058 0.04465354506175661 -0.012075007265467759 0.16695285971150642 -0.03014524171553741 0.029688581587447829 -0.02689794083235332 -0.01689258458368775 0.063611433409822643 -0.049348689411942037 0.030009361087065672 0.11073274899140853 -0.048345489483138382 0.041955144463518577 -0.035830453732736606 0.026991864792912379 -0.047748738121424952 0.023989792020743327 -0.032481339595238315 0.0043004623360909698 0.053621612606971659 -0.024345491401261802 -0.016972980992334408 0.076363351057721296 -0.017722277810443176 0.018851101406109905 0.032090291185024981 -0.028884727545378727 0.038013448722531415 -0.040437641964081381 0.046347588187800805 -0.028837629523835669
leaf_weight=21.214843416899384 0.14420358670031319 1.1806180310340999 2.9293216428559385 6.7652282288981942 2.0705262357878409 18.547036236184795 3.7946999966443418 4.1173367835581294 23.099196751878488 4.3464464681965209 9.98336027327605 11.484927279321708 9.654729484820562 12.957292787254117 0.36869677037975623 1.5347060461208473 13.364953946635064 1.0993145448810535 0.24607793878385564 7.0391381426052231 0.67640055771699081 0.84214065534615912 1.4166808695990827 3.3228158428937595 16.549652883724775 3.9079741486675612 4.4678874987694144 13.415970192116221 7.4362140429439014 1.2233026715839503 0.76905492832884181 16.94712763314601 4.1756366853660465 0.38011991846360615 10.11713347616387 1.7535512929716817 1.1358236850210222 0.50733306416805168 3.4618470891873585 3.814913873498881 1.245781676891055 0.78940967241214799 0.46861760047613588 6.8230994409022951 2.7847247676400002 3.3029362583620241 8.8022844518745824 2.710458718102017 1.4399060645264397 0.55310045587248169 3.3496440615635947 0.78650635675512637 0.47916292974696295 2.0891730517287215 3.7571204590713023 0.88363994114843158 0.18545623286263513 0.85047364979982365 2.0290711488960373 0.7749311966508684 5.4667995941163099 2.3047764338043635
leaf_count=589934 1075 13700 746 112 22590 13116 770 28 1035 113 135 122 77 23029 2610 1972 13150 387 2129 280 651 6479 1538 3983 134 1316 780 296 67 277 5 1679 116 1200 2277 2720 4302 2893 63 3912 14 725 278 118 192 56 5977 2459 2611 44 101 3064 767 597 3614 104 28 6 360 413 719 184
internal_value=0.000203507 0.00395483 0.0107204 -0.00242682 -0.00477637 -0.0138739 -0.0204009 0.00659391 0.00999158 0.0100855 0.0171409 -0.0020121 0.0341133 -0.00969705 0.0326862 0.00554702 -0.0110599 0.022027 0.119118 0.0156891 0.0103159 0.0169027 0.0257619 0.0123047 0.0217287 -0.00157268 0.021407 -0.00931911 -0.0194618 0.0257025 -0.0262906 0.0403546 0.00706249 0.146424 -0.0110646 -0.00447446 0.00779835 -0.00122877 0.040441 -0.0259118 -0.0130417 0.068742 0.0292695 0.0136157 0.0221954 -0.0027462 -0.0259706 -0.0328457 0.00189534 0.0874384 0.0427781 0.016961 0.0384171 0.0590734 -0.00335718 -0.0298533 -0.0341067 0.00785194 -0.00646667 0.0114015 0.0369787 -0.00118265
internal_weight=304.141 282.926 130.694 152.233 145.468 80.6878 61.5309 64.7798 129.923 60.6625 44.8134 21.4683 23.3451 15.8491 2.89182 102.328 22.5349 8.10082 0.770401 13.6904 79.7932 42.7768 39.0784 21.2891 17.9663 37.0164 8.37586 28.6405 20.8522 27.5951 3.69838 17.7893 19.1569 0.524324 42.9839 32.8667 16.0643 11.4666 4.59767 7.60961 16.8025 1.71121 26.3718 17.0864 12.9108 6.08766 15.5567 12.9526 4.15036 1.34251 3.85698 7.78836 3.35484 2.56834 4.43352 14.4341 13.5504 2.60402 3.27262 2.804 6.56611 9.34391
internal_count=744229 154295 48843 105452 105340 64293 41221 41047 44439 41019 911 257 654 40108 17079 42076 16360 3078 4404 577 25716 14564 13813 5655 1672 11152 2096 9056 363 2363 751 8158 23072 2275 28105 25828 12041 7676 4365 4682 13787 3379 2086 482 366 248 13773 11047 5070 769 2994 8693 4428 1364 4265 13282 13178 2726 1051 773 1106 464
cat_boundaries=0 1 2 3
cat_threshold=108674 33587216 262216
is_linear=0
shrinkage=0.05


Tree=70
num_leaves=63
num_cat=5
split_feature=1 21 11 20 4 15 9 0 1 12 17 16 11 7 4 2 1 9 12 2 11 11 10 12 16 11 11 10 16 17 16 15 1 16 16 11 4 16 0 12 17 12 11 10 12 12 4 7 1 7 9 12 0 16 10 11 16 15 10 10 0 16
split_gain=22.6688 6.58392 4.05124 3.31126 5.47444 5.24496 3.60091 3.38059 3.48433 3.0389 3.03408 4.84775 3.39723 3.26326 3.25171 3.36672 3.23207 3.03103 4.62248 2.97773 3.77614 7.57928 2.8513 2.64369 2.84828 2.70101 3.51707 3.41423 2.79995 2.49987 2.9876 3.06291 2.49987 2.40774 2.37378 2.3211 2.27455 2.23738 2.17635 2.16547 2.16147 2.87376 2.16838 2.11279 4.60625 2.89568 2.30585 2.07759 2.00058 2.04093 1.99936 1.99846 1.97341 1.91883 1.83359 1.79276 1.58982 1.56112 2.18561 1.55882 1.39308 1.3689
threshold=26.500000000000004 0 0.043354991934233873 1 120.50000000000001 1377.0000000000002 0.5192554874431482 991.00000000000011 2132.5000000000005 0.054527256148654675 2 45.500000000000007 0.016177966026589278 1207.5000000000002 8373.5000000000018 2173.5000000000005 1155.0000000000002 0.71444879321591659 0.10496776995564779 1360.5000000000002 0.013135593477636577 0.027440678514540198 3.5000000000000004 0.076476069227078017 9.5000000000000018 0.016593219805508857 0.015844067137760043 7.5000000000000009 15.500000000000002 3 33.000000000000007 1745.5000000000002 1451.5000000000002 12.500000000000002 23.500000000000004 0.022018644430985057 5041.5000000000009 42.500000000000007 282.50000000000006 0.045536294381250182 4 0.047741083324146623 0.042022450434926313 4.5000000000000009 0.021609900607523717 0.036403463649642705 1356.5000000000002 1507.5000000000002 1630.0000000000002 1507.5000000000002 0.82808964932126705 0.039357368758373208 149.50000000000003 11.500000000000002 1.5000000000000002 0.015941238779676199 6.5000000000000009 562.50000000000011 7.5000000000000009 7.5000000000000009 309.50000000000006 50.500000000000007
decision_type=2 9 2 1 2 2 10 2 2 2 9 2 2 2 2 2 2 10 2 2 2 2 2 2 2 2 2 2 2 9 2 2 2 2 2 2 2 2 2 2 9 2 2 2 2 2 2 2 2 2 10 2 2 2 2 2 2 2 2 2 2 2
left_child=-1 2 3 4 53 34 19 8 10 -7 12 56 14 43 15 51 47 18 29 22 -21 37 -6 24 50 26 28 -28 -26 36 31 60 33 -25 40 -13 38 -22 -3 -18 41 -5 -42 44 -14 -45 -47 -15 49 -36 -19 -8 -24 -2 -55 -56 59 61 -59 -12 -31 -4
right_child=1 17 57 5 6 9 7 -9 -10 -11 11 35 13 16 -16 -17 39 23 -20 20 21 -23 52 32 25 -27 27 -29 -30 30 -32 -33 -34 -35 48 -37 -38 -39 -40 -41 42 -43 -44 45 -46 46 -48 -49 -50 -51 -52 -53 -54 54 55 -57 -58 58 -60 -61 -62 -63
leaf_value=-0.047879728168183859 0.0016398868717922459 -0.020563239420240884 -0.044286240389010044 0.053541340068215162 -0.019309527638113097 0.034218201761255472 -0.0285146068881331 0.030551929806803182 -0.027055992426425448 -0.012112929091301091 -0.029665665476854026 0.06363161365866879 0.034758352719524641 0.010380692372407633 -0.016096125826637959 0.075968167028353156 -0.00043624059690783296 -0.029493677429138495 -0.050888456528658969 0.01796787186893321 -0.045858845629059203 0.017152352969422937 -0.02003969968429499 -0.026512794904733857 0.013660931299833416 -0.052770508007497531 -0.029654284486460167 0.04636708079833133 -0.053891101759168142 0.01123815153132908 -0.048500491174339355 0.018593071413896441 -0.023623611706937511 0.04401796659105054 -0.038290473027904559 -0.016214473941791537 0.0067849815089600571 -0.0062631501353855937 0.051680289256383051 0.026517069813654426 -0.047023540212740765 -0.01460357768559299 0.029605063994354287 0.0026151415239661895 -0.035987137623716983 -0.0081621880345618281 0.086119852634645 -0.039372584810124428 -0.060958391089547197 0.0068092828756794802 0.030825649678080581 0.032643441546940793 0.049286763179826221 -0.0088066940092385079 -0.0075498023260369071 0.12274574845412507 -0.04276906192675195 0.039887711206547043 -0.029895529830578083 0.027204530740785576 -0.03457102955245743 0.019808894490992365
leaf_weight=22.540784715733025 0.70781215094029848 0.68705814767236262 5.2058571730958629 3.4956066613158328 2.0569062862887204 8.9062455204730195 1.0976124329936245 30.194177535442577 4.7505378906062097 4.8623567309950877 1.2601754209608755 1.5545309900990099 6.4456973931628436 2.7236278645505072 1.5414454400597613 5.4896006377966842 15.582947291608436 1.2778048449581576 3.2007527625464709 10.934991193207678 12.263886251639638 10.493784803475135 0.65224332232173754 0.91278994460299046 1.6267997344402845 10.538733623336155 1.6170260954531839 2.6277768572690547 4.703032180928858 1.6907415495443299 3.3469848942186209 8.1040665265027183 3.5770347667858005 3.3883976282850199 4.2054880857103836 0.89460433924250526 14.797122277239394 5.3637529297266147 5.4213144167733844 13.225858712685293 4.5311317090599932 1.8193550763389792 0.40535053998974024 2.1222138158373118 2.4031306922734075 0.56949411620371426 3.3985413559457811 4.8820327692301362 3.6965404343791297 4.3481893515418051 2.5777873654915311 3.0299979883202468 5.7126117577063269 0.21361913896180329 0.17405646528277419 1.2088819718774173 6.5394746927267988 1.2623977010007368 1.2529108228518451 1.581616078270599 5.4299689675535774 0.38316031029899011
leaf_count=630092 946 1484 16322 799 6985 140 262 303 34 378 1693 722 1440 243 23 58 139 220 4969 180 318 123 2473 2008 171 6436 570 57 628 3105 2132 102 56 6085 11319 1185 151 66 99 138 8621 1180 67 265 9216 640 603 202 28 69 829 2880 768 1697 388 1119 9640 240 124 33 114 823
internal_value=-0.000757916 0.00320695 0.00770925 0.00956377 0.0122182 -0.00423507 0.0115587 0.016515 0.0108417 0.0181441 0.0135904 -0.00821034 0.0164786 0.0131327 0.0430834 0.0531913 0.00473231 -0.0087299 -0.000985225 4.48289e-05 -0.00590497 -0.0154861 0.0253355 -0.0210453 -0.0287517 -0.0357141 -0.0156251 0.0172749 -0.0370347 0.0042181 -0.00789977 -0.00140397 0.00386663 0.0268723 -0.0199201 0.0382209 0.0126733 -0.0347937 0.0418048 0.0124122 -0.0016851 0.0122298 -0.0137099 0.0320274 0.0138424 0.0527705 0.0736692 -0.0224198 -0.0339011 -0.0170514 0.00887776 0.013991 0.0404261 0.0769828 0.0968894 0.11006 -0.0307548 -0.0246636 0.00651149 0.000828271 -0.0236496 -0.0375527
internal_weight=301.51 278.97 203.444 195.34 159.07 36.2703 156.765 109.287 79.0931 13.7686 74.3426 11.8304 62.5122 51.3535 11.1587 9.61721 36.4145 75.5252 42.678 47.4782 39.0564 28.1214 8.42176 32.8472 24.969 21.1134 10.5746 4.2448 6.32983 39.4773 18.5718 15.2248 7.87822 4.30119 22.5017 2.44914 20.9055 17.6276 6.10837 28.8088 10.2514 5.31496 4.93648 14.9391 8.84883 6.09025 3.96804 7.60566 12.2502 8.55368 3.85559 4.12761 6.36486 2.30437 1.59656 1.38294 9.38127 8.10433 2.51531 2.84179 7.12071 5.58902
internal_count=744200 114108 84892 67383 44782 22601 40632 29719 29416 518 29382 13273 16109 12886 3223 3200 722 29216 12156 10913 687 507 10226 17060 8911 7862 1426 627 799 7187 5453 3321 8149 8093 22083 1907 1734 384 1583 277 10667 1979 8688 12164 10656 1508 1243 445 11416 11388 1049 3142 3241 4150 3204 1507 11366 17509 364 1726 3219 17145
cat_boundaries=0 2 3 7 10 14
cat_threshold=557320215 131328 20 536871040 16777216 1350696960 32850 0 262144 277020672 0 0 196608 2050
is_linear=0
shrinkage=0.05


Tree=71
num_leaves=63
num_cat=1
split_feature=1 17 16 13 11 10 2 3 10 6 9 13 13 11 9 6 16 7 13 16 11 7 16 16 11 10 1 7 13 11 5 6 6 11 11 11 11 11 16 11 2 13 9 7 13 5 13 6 13 11 10 11 10 11 13 5 11 13 6 9 1 3
split_gain=20.8218 6.14742 7.8163 6.83574 6.21041 6.23205 15.3627 5.93163 5.09189 3.87643 4.77502 3.54023 4.85473 3.47775 3.55579 3.3809 7.27458 4.19023 3.10186 3.57675 3.07503 3.0447 2.90411 6.54204 2.75866 3.56363 2.58604 2.54302 2.53569 2.63778 2.53158 2.30792 2.27496 2.21374 2.46798 2.25929 2.16715 2.16456 2.22263 2.03889 1.98701 1.84268 1.72825 2.52838 2.21771 1.69552 1.63738 2.338 1.64908 1.94565 2.54997 2.00812 2.76983 1.59474 1.57814 2.16784 2.29745 1.93948 1.53186 1.60342 1.52538 1.48365
threshold=52.500000000000007 0 14.500000000000002 66.500000000000014 0.032038135454058654 4.5000000000000009 2395.5000000000005 119.50000000000001 10.500000000000002 2.1821897448600454 0.61396735080945619 72.500000000000014 75.500000000000014 0.030491525462518137 0.81375929682217729 1.1248293903548683 33.000000000000007 1507.5000000000002 54.500000000000007 15.500000000000002 0.031338982439289502 2226.0000000000005 44.500000000000007 22.500000000000004 0.037444406382977184 8.5000000000000018 1237.0000000000002 1145.5000000000002 85.500000000000014 0.032569105437188169 1.1936328322918428 1.2860424414788889 2.8737579931136259 0.032569105437188169 0.045580980005777545 0.040237288083881148 0.016718913144855341 0.03323023111914241 33.000000000000007 0.012939026289157244 1968.0000000000002 1.5000000000000002 0.99033037244818456 969.50000000000011 43.500000000000007 1.818720538720539 54.500000000000007 1.6669143140168401 56.500000000000007 0.0081186441405277174 16.500000000000004 0.015844067137760043 9.5000000000000018 0.02898228018911499 29.500000000000004 1.3848076923076926 0.016593219805508857 9.5000000000000018 2.2116086468276257 0.91263598081646991 414.50000000000006 6467.0000000000009
decision_type=2 9 2 2 2 2 2 2 2 2 10 2 2 2 8 2 2 2 2 2 2 2 2 2 2 2 2 2 2 2 2 2 2 2 2 2 2 2 2 2 2 2 8 2 2 2 2 2 2 2 2 2 2 2 2 2 2 2 2 8 2 2
left_child=41 3 32 4 5 6 7 -2 20 10 24 40 -13 14 -14 16 17 60 -12 -20 21 22 23 58 25 -6 39 -24 29 -15 -26 -9 42 -11 35 37 -33 38 -35 -16 -5 -1 43 -3 -45 -37 47 -17 -48 50 -50 -51 -53 -44 55 -49 57 -57 59 -7 -4 -10
right_child=1 2 15 11 9 8 -8 31 61 33 18 12 13 28 26 46 -18 -19 19 -21 -22 -23 27 -25 30 -27 -28 -29 -30 -31 -32 36 -34 34 -36 45 -38 -39 -40 -41 -42 -43 53 44 -46 -47 48 54 49 51 -52 52 -54 -55 -56 56 -58 -59 -60 -61 -62 -63
leaf_value=0.0027939735734947525 0.092250928905444174 -0.01736863243288142 -0.012395470323931167 0.0046084182824537665 -0.044871504626706436 0.037865167480029265 0.12970688359049687 -0.032680646334673859 0.016860824972486504 -0.018962481387166663 -0.03703129185591441 0.037508886262579533 -0.044767973457179061 0.027915656317924954 0.066534088465286259 -0.051602173879879788 -0.049764386289178134 0.00042254240014396059 0.050609700897960644 -0.02260616812063793 0.032953526363014712 -0.012996437165143827 -0.024000814420042718 -0.037340816092033741 0.046891091898198692 0.014864053288593118 -0.022963077445386809 0.047676726879885674 0.04833968215785827 -0.044540117945009512 -0.023690110944105183 0.034875701680293414 -0.027250259005160399 -0.019984218426259647 -0.019377161330623574 0.089713488648594575 -0.002283488210540694 -0.028649054131159785 0.048242588560614835 -0.010145114063711123 -0.03612291338091473 -0.047847540924265422 -0.013791388935540345 0.00013883194877278583 0.036626456576415438 0.00076185090084746336 0.033682536795252599 -0.047968958971107575 -0.033647652556946121 -0.051400361820683499 0.041759562386891429 -0.033373751169878223 0.0359666846984018 0.069798065193314357 0.01463898759789942 -0.013015035920701771 -0.034845038441268239 0.046875156514911955 -0.016931374785166743 -0.0026635724982604228 0.07101507410430502 0.038560152013418371
leaf_weight=1.8311122658124102 1.5836261553049613 4.5563798288967616 0.32947296172278884 3.5783967675888588 2.9328109370289877 8.1230443057829724 3.2068756952794493 1.8157831560674846 19.119540857860557 2.0743699666491002 14.961620202102496 6.1087836886727045 7.5029976131954763 1.5246167558943846 1.2126137768209457 11.15205706705092 4.4698959574088795 9.5674358320466109 1.7358952060603758 3.3218259722707444 6.9077565010411481 24.409101441502571 0.86264420281076937 6.4123473912804902 5.0402886740157546 5.9433359974718769 2.585003487765789 5.9830950919422321 2.572273973688425 1.5711154895361685 0.94738739315653209 7.0614634647099574 2.1461959461339566 0.99670247200992701 1.4445414563597285 1.9003434376099906 7.4200158108433243 1.1269376932759767 3.4917480197218538 1.0457114179916969 12.505917746049816 22.204642953598523 0.36053880580220621 6.9984336664056199 9.3115038750693184 0.67823850201966696 0.89126040201881451 4.9529328043245169 0.91916594599751844 3.7287600211384415 1.8748214184743117 2.1539570371351151 1.6529282175033584 1.618647714731196 2.2313477487223272 2.0316332949296343 2.54945132773355 1.7075030104315372 1.6382854539333482 3.1607468887596051 2.7170940098330902 16.91619478771463
leaf_count=8681 1047 5462 3223 1465 796 885 126 8376 421 460 7679 625 946 151 180 3542 3577 107 211 798 260 165 789 1576 1340 77 37 90 458 388 405 2703 844 324 2748 461 5930 688 183 791 128 663375 524 146 107 262 300 3385 330 955 24 1588 147 375 646 459 1821 157 86 415 386 137
internal_value=-0.000343923 0.00355879 -0.00781552 0.0079683 0.0129498 0.0191617 0.043187 0.021622 0.0133454 -0.00241219 -0.0107705 -0.00990148 0.00233885 -0.010933 -0.0252148 -0.0195722 -0.00111981 0.0185071 -0.0261814 0.00672908 0.00395742 -0.000563904 0.0110793 0.000634896 0.0103277 -0.00741838 0.00755349 0.0367366 0.0192923 -0.010753 0.0339314 0.0098224 0.013872 0.0213696 0.0310162 0.0410415 0.0169184 0.0175131 0.0322115 0.0388114 -0.0273218 -0.044032 0.0187159 0.0129092 0.0218825 0.0730676 -0.0280974 -0.0351825 -0.0109422 -0.0174257 0.014622 -0.029629 -0.00204755 0.0550529 -0.0189648 -0.0262859 -0.00496982 0.0184544 0.0208082 0.0272199 0.0611606 0.0278132
internal_weight=303.381 279.345 77.9214 201.424 161.217 114.621 21.0878 17.8809 93.5328 46.596 34.8832 40.2074 24.1231 18.0143 12.3463 52.9297 17.0839 12.614 20.0193 5.05772 57.497 50.5893 26.1802 19.3344 14.8638 8.87615 4.84333 6.84574 5.66801 3.09573 5.98768 16.2973 24.9917 11.7129 9.63851 8.19397 14.4815 5.61539 4.48845 2.25833 16.0843 24.0358 22.8455 20.8663 16.3099 2.57858 35.8458 24.6249 11.2209 10.3296 2.79399 7.53565 3.80689 1.97919 13.4729 11.2415 6.28859 3.73914 12.9221 11.2838 3.04657 36.0357
internal_count=744768 72712 28105 44607 39438 23006 18182 18056 4824 16432 11306 5169 3576 2951 1954 20647 7293 3716 8688 1009 4266 4006 3841 2962 2618 873 1008 879 997 539 1745 17009 7458 5126 4666 1918 8633 1195 507 971 1593 672056 6614 5715 253 723 13354 10010 3344 3044 354 2690 1735 899 6468 5822 2437 616 1386 1300 3609 558
cat_boundaries=0 4
cat_threshold=538977024 17041408 1350566016 32848
is_linear=0
shrinkage=0.05


Tree=72
num_leaves=63
num_cat=3
split_feature=0 12 21 17 17 12 16 8 13 10 13 13 2 9 9 16 16 2 16 6 12 12 12 8 16 13 12 9 12 5 13 12 16 8 10 6 6 10 2 5 5 11 0 5 0 12 16 5 5 9 8 7 16 16 10 0 3 9 0 11 0 12
split_gain=19.927 4.63198 4.13819 4.8577 4.55739 6.5969 5.79952 5.48423 7.48292 7.61965 4.60478 4.40309 4.23981 4.10489 3.61414 3.59672 3.40521 3.78494 3.3678 3.35612 3.09851 3.08145 3.92851 2.81492 2.81044 4.67835 2.63253 3.46808 3.1192 3.07641 2.61716 2.48961 2.45164 2.82826 2.34453 2.30442 3.12075 2.42929 2.24231 2.07486 2.07389 3.98272 3.80418 3.59529 2.21581 2.06106 1.9519 1.80172 1.75452 1.74997 2.68099 1.72372 1.72145 1.71718 1.66928 1.60881 1.60432 3.51377 1.56683 1.49705 1.48084 1.47941
threshold=26.500000000000004 0.17054074499048924 0 1 2 0.01944874238406941 49.500000000000007 1.4286197237515699 13.500000000000002 8.5000000000000018 66.500000000000014 54.500000000000007 2741.5000000000005 0.70005512679162074 0.99976076555023929 14.500000000000002 14.500000000000002 3190.0000000000005 46.500000000000007 1.0465522612452764 0.01822012458626027 0.01822012458626027 0.082407444830221124 1.3685792637907397 46.500000000000007 11.500000000000002 0.08884603289894967 0.82808964932126705 0.03742350405782769 1.3764837313224414 19.500000000000004 0.034244899543090908 29.500000000000004 1.1087337909992374 3.5000000000000004 1.3846583136336841 0.89065624404875277 11.500000000000002 4316.5000000000009 2.5895721925133697 1.3946161274746502 0.031892655324190861 1061.0000000000002 0.9063854910426008 750.50000000000011 0.10010004227533488 33.000000000000007 1.0323452484742808 0.70598618970977645 0.071611721611721621 1.2727700333532885 935.50000000000011 10.500000000000002 3.5000000000000004 10.500000000000002 690.50000000000011 4966.0000000000009 0.77784748361912748 721.50000000000011 0.024090357611571276 937.50000000000011 0.062968437532223157
decision_type=2 2 9 9 9 2 2 2 2 2 2 2 2 10 8 2 2 2 2 2 2 2 2 2 2 2 2 8 2 2 2 2 2 2 2 2 2 2 2 2 2 2 2 2 2 2 2 2 2 10 2 2 2 2 2 2 2 10 2 2 2 2
left_child=-1 2 4 14 6 34 7 8 21 15 11 19 47 24 26 59 17 23 61 -11 -18 32 40 -5 25 31 27 28 29 35 -16 -7 33 -2 55 36 46 -37 45 -35 41 42 43 -23 -42 -27 -4 -9 -30 -34 -51 -50 -36 -49 -28 -6 57 -12 -32 -10 -8 -17
right_child=1 -3 3 16 5 13 60 12 9 10 56 -13 -14 -15 30 18 20 -19 -20 -21 -22 22 -24 -25 -26 38 54 -29 48 -31 58 -33 49 39 52 37 -38 -39 -40 -41 44 -43 -44 -45 -46 -47 -48 53 51 50 -52 -53 -54 -55 -56 -57 -58 -59 -60 -61 -62 -63
leaf_value=-0.045873436891831709 0.051436220163912465 -0.024861511258385694 0.037703488030355753 -0.031644344685534835 -0.033337323363732116 -0.0082340059238440733 0.058158131504853952 0.034006991189682235 -0.028256924591106972 -0.017383206729472005 -0.034488724495781262 0.036538611155442623 0.054917306885210238 -0.042799131906363447 -0.022409991972925179 -0.056252435046070803 0.012178524685156438 -0.053402151330244722 0.015440667243785131 0.020353386106406295 -0.046903482708521647 0.024944086393242845 -0.031087093961913205 0.032997124209011179 -0.03069486128204631 -0.028071887355474556 0.010357202938412904 -0.038646400420753527 -0.021943723357366725 0.024479562895187153 0.075798048418616218 0.053961740553350485 -0.021299912573661314 -0.031823791943352102 -0.00071266444854195836 -0.019685796521421328 -0.046650266455764103 0.034523515575619834 0.029294004572749839 0.013103373038528888 -0.018612754968263406 -0.0098606604345202187 -0.0069302548331667867 0.10798132282969025 0.038074668807732519 0.035205841130137659 -0.026430048596979356 0.025486295738325494 -0.013448632249364836 0.064179528093486801 -0.0083628535229943058 0.027587749761027472 0.047932311379757106 -0.024329897047405263 -0.04706386031737872 0.031555416392722233 -0.02829090610052817 0.045727169232256275 0.0033253188826410096 0.022906271771093473 -0.0069551446984145145 -0.017398449720091577
leaf_weight=22.675970275209693 0.8438267955716573 14.258938300506996 1.6619843776134131 1.417820193135414 1.8746299774611537 1.9512271235762515 7.2968055992205318 2.9112000368877506 1.0794822107454844 10.737283441951151 1.6369141088616737 14.669921023501955 10.094467699032974 9.7987026290429622 0.69468544431219825 10.195786830288855 2.1513013824587714 1.5431241993792353 2.1059290865669018 10.837734595465006 15.254427679996295 2.6908808877851715 1.1276463235953986 5.2721652316322434 6.9902199567150083 10.18478429180322 1.3332885066592997 3.4668318556286968 1.599052215860868 5.1447847452473061 2.3814182923670164 4.4134229300325387 0.66207674643373948 5.981877535748934 2.352088806084792 3.4658698079583692 7.1392504223294964 2.8882845509433537 1.7093686275184161 3.3623715499816171 2.0448805842061111 1.5157980961484998 1.1755657056346533 4.5159749613812892 3.4296091722790152 0.59647138946456912 1.214629973099363 1.6431901845098762 2.3006837059583658 3.1234021894451871 1.5403561793718834 20.542709641726105 6.6062203912297264 4.2377672246548173 3.4552967735507991 0.51458795432699833 8.9137361660832521 1.8752048937349171 1.0789071405306456 3.8470081258019491 0.75258369743823994 4.6693779479683135
leaf_count=673151 242 20156 117 1601 2184 358 1078 448 587 191 203 195 128 7596 600 3891 951 18 666 143 5791 994 684 283 1137 2726 755 858 203 395 315 503 66 1278 109 386 354 30 14 513 1550 2062 7 772 39 638 137 37 1232 607 246 230 311 528 208 4 76 90 8 1436 4 2310
internal_value=-0.00185792 0.00192765 0.00348337 -0.0053733 0.00758069 -0.0052398 0.0122782 0.0102473 0.00552958 -0.00361442 0.0074395 0.0163637 0.0343053 -0.0168655 0.00315519 -0.0274354 -0.0199069 -0.000580002 -0.0378648 0.00163483 -0.0393362 0.0251844 0.0396359 0.016964 -0.0058053 0.00450322 -0.000115408 0.00355277 0.00749133 -0.00626788 0.0436934 0.0363652 0.00834465 -0.00627351 0.0254428 -0.0167842 -0.0306708 0.0062989 -0.0132243 -0.0159536 0.0464056 0.0594412 0.0716884 0.0837943 0.0172959 -0.0218799 0.0107912 0.00744871 0.0193728 0.0328797 0.0429738 0.023064 0.0363711 -0.00872978 -0.0320488 -0.0141741 -0.0178713 0.00898274 0.0590132 0.00881924 0.0519745 -0.0459137
internal_weight=297.452 274.776 260.517 84.0065 176.51 46.9917 129.519 121.469 102.583 70.5684 48.6708 36.2449 18.8866 35.6442 58.3677 21.8976 25.6388 8.23311 16.9711 21.575 17.4057 32.0143 16.5004 6.68999 25.8455 18.8553 54.2127 49.4241 45.9572 21.5148 4.15501 6.36465 15.5139 10.1881 11.3475 16.37 10.0159 6.35415 12.4906 9.34425 15.3727 9.89822 8.38242 7.20686 5.47449 10.7813 2.87661 8.79216 24.4424 5.32584 4.66376 22.8434 8.95831 5.88096 4.78859 2.38922 12.4259 3.51212 3.46033 4.92649 8.04939 14.8652
internal_count=744430 71279 51123 14472 36651 15580 21071 19989 18848 9788 898 529 1141 12972 5828 8890 8644 1902 6867 334 6742 9060 6108 1884 5376 4239 4905 3942 3084 1419 923 861 2952 2033 2608 1024 608 416 3378 1791 5424 3835 1773 1766 1589 3364 254 1013 1665 919 853 1462 420 565 963 2188 369 293 323 2023 1082 6201
cat_boundaries=0 2 6 10
cat_threshold=2623511 131328 1792 17039360 276889632 2050 538976896 17039360 1073873024 32848
is_linear=0
shrinkage=0.05


Tree=73
num_leaves=63
num_cat=1
split_feature=0 17 2 0 13 15 4 6 12 15 13 4 8 13 5 8 8 11 11 6 13 4 15 6 5 10 6 10 13 11 8 11 12 16 11 13 0 8 10 0 10 15 6 10 10 10 11 10 8 5 0 5 16 0 7 15 6 16 16 8 0 11
split_gain=19.0234 4.34233 4.54848 3.24206 3.20664 2.7697 3.24238 5.66491 2.97882 3.04529 2.65104 5.11027 4.33283 2.64914 3.39285 2.86356 3.27792 3.35454 2.83448 4.84756 3.95134 3.50682 3.13484 2.77413 3.17778 3.01216 2.74996 2.6018 2.50492 2.47418 2.46219 2.4304 2.33691 2.60598 2.29861 2.06531 4.18949 2.02097 1.99587 1.91172 1.90648 1.88238 1.86086 1.68956 1.58981 1.55475 1.4679 1.45184 1.4444 1.43608 1.41166 1.54856 1.36278 1.59597 1.96951 1.35886 1.22912 1.87881 1.18249 1.17498 1.16357 1.14552
threshold=86.500000000000014 0 442.50000000000006 1526.0000000000002 1.5000000000000002 3332.5000000000005 5041.5000000000009 2.6156139431267205 0.043377477378121261 1103.5000000000002 55.500000000000007 8373.5000000000018 1.3054142760504099 12.500000000000002 1.1853268182140078 1.3624192886201623 1.2189447789214736 0.015844067137760043 0.02342260198213704 1.6000299132515707 63.500000000000007 8373.5000000000018 1745.5000000000002 1.164721209850472 1.0667096635493929 9.5000000000000018 1.3640099626400999 7.5000000000000009 27.500000000000004 0.040237288083881148 1.3033798526451943 0.015376588737126442 0.050858379379780556 18.500000000000004 0.032569105437188169 20.500000000000004 385.50000000000006 1.4375188593844299 8.5000000000000018 790.00000000000011 11.500000000000002 2500.5000000000005 0.88254107613194543 5.5000000000000009 9.5000000000000018 13.500000000000002 0.028071125902767696 7.5000000000000009 1.1579550020088392 0.82719607367565029 286.50000000000006 1.3132820744761047 21.500000000000004 27.500000000000004 10.500000000000002 1543.5000000000002 1.3335401157981805 48.500000000000007 3.5000000000000004 1.2024666632865186 645.50000000000011 0.047150114418972024
decision_type=2 9 2 2 2 2 2 2 2 2 2 2 2 2 2 2 2 2 2 2 2 2 2 2 2 2 2 2 2 2 2 2 2 2 2 2 2 2 2 2 2 2 2 2 2 2 2 2 2 2 2 2 2 2 2 2 2 2 2 2 2 2
left_child=4 2 37 13 52 6 7 8 49 45 11 28 -12 14 15 16 -4 -18 19 20 21 35 23 24 34 43 42 -11 -8 30 -16 41 -26 -34 38 56 -37 50 60 -33 -21 44 -24 -25 -22 -10 -9 -36 -48 -3 51 -2 -1 54 -54 -29 57 -15 -53 -50 -20 -60
right_child=1 5 3 -5 -6 -7 10 46 9 27 12 -13 -14 18 29 -17 17 -19 22 40 31 -23 26 25 32 -27 -28 55 -30 -31 -32 39 33 -35 47 36 -38 -39 -40 -41 -42 -43 -44 -45 -46 -47 48 -49 59 -51 -52 58 53 -55 -56 -57 -58 -59 61 -61 -62 -63
leaf_value=-0.02318592303573842 -0.013584028142873562 -0.013531949496382792 -0.0076598338147624151 -0.024660181768672861 -0.046036371107410455 0.017247737557777764 -0.037401954599121441 -0.043673768408753214 -0.03851715382345159 0.052190495997876209 -0.056696128551203873 0.013894871581187285 -0.0098694511577272371 -0.022229542172098403 -0.031207552393805321 -0.017121675334573799 -0.014059645921232884 0.076048746644558587 -0.032001882631653454 -0.031363809972216702 -0.030645582969150625 -0.00058253025765367394 0.01881077425311228 -0.0052676117490086478 -0.041014587340131831 0.0017555014018664262 0.034726535391153605 0.020881421334790914 -0.0013415051760776373 0.049792180862900097 0.014135528748461166 -0.041047608104782585 0.033780971334852243 -0.02625032370535639 0.020738323847657926 -0.031262222685391229 0.044644131039137017 -0.019594658485151628 0.034556528784802691 0.016660343994367045 0.015869055578868231 0.038492813769490236 -0.010222176256028231 -0.049459311741862258 0.017920401409970321 0.015811939870628313 -0.031956191315284904 -0.029094907793670105 0.029190693966419004 0.029902059199511194 -0.014003659689812842 -0.0010911471398366195 -0.01359004935427547 -0.017242518127560651 0.087363223232724802 -0.030141867143880754 0.10026274886814952 0.05476378410992444 0.074220882863757831 -0.016190424858452915 0.018560231036732835 -0.0091206172405246862
leaf_weight=0.85953548804536994 0.37244674285102419 1.5520225285945404 1.6543224626293538 6.9321468205889678 24.024670914130184 11.615560062229632 11.498281306943683 5.0481887751448067 5.0042799747461668 2.1713272422930459 7.7153746800540857 15.716169841689405 12.639898529610944 0.74584624854469728 4.2498720345465681 1.2431333774220537 0.86962161516566983 6.5816970373416552 1.480576872145327 5.8205656676582276 2.0181397361520776 4.6064569342706809 8.3930206773511653 3.1871575233308276 4.947896901809143 7.4651479443564304 8.2158279663053673 1.4190628110081891 7.9596039348034529 1.4537324746052025 6.0459186034713639 3.2625417000090229 2.5922962464028387 2.655356427312654 1.3529794546047913 1.4383601407680533 10.026020390971096 0.59805235797830381 9.9154273693711712 1.4922234704717992 2.3781403278408106 4.2105675788916415 12.404375977726884 8.0101635933606286 2.8452961735747522 1.0874074945677419 2.4266914521285798 3.332188028289238 2.2759375874666152 17.295633065477887 0.37756487986189302 0.61401957697671594 0.37316103756165808 0.51552428108698223 0.45351550990017131 1.9494824246285132 2.1134490753465798 0.64553781731956406 5.1061704363746685 1.6717563204838368 1.2172193657606838 0.22285649180412281
leaf_count=4213 1198 618 709 118 709831 175 280 869 5516 238 181 148 143 321 549 133 65 820 533 627 232 65 135 1220 248 127 74 100 118 229 246 319 97 216 414 844 181 209 173 13 55 47 154 439 52 179 431 209 239 2160 88 144 3845 366 547 150 91 29 2077 527 7 524
internal_value=-0.00109479 0.00302565 0.00813201 0.00656234 -0.0408783 -0.00448361 -0.0076788 0.00279998 0.0140221 -0.00563178 -0.0154956 -0.00683392 -0.0294422 0.00828607 0.0237893 0.0433134 0.0524421 0.0651132 0.00517512 0.0154789 0.0238272 0.0377252 -0.00065595 -0.00868737 0.00151495 -0.0230303 0.0119848 0.0194383 -0.0234374 0.00454439 -0.00568689 0.0029362 -0.0195215 0.00406504 0.0143029 0.0488119 0.0333766 0.044752 0.0248999 -0.0231888 -0.0174276 0.0175686 0.00181985 -0.0383439 -0.00402211 -0.0279569 -0.0258627 -0.0135876 -0.00774763 0.0258239 0.0523013 0.0576376 0.0122046 0.0350914 0.0593003 -0.00878769 0.0806843 0.0214547 0.0634147 0.0105847 -0.0103389 0.0698452
internal_weight=288.367 262.141 153.094 145.803 26.2264 109.047 97.4311 41.9018 30.4792 11.6316 55.5293 35.1741 20.3553 138.871 22.0983 10.3488 9.10564 7.45132 116.773 41.6031 33.4044 19.5757 75.1696 46.1564 27.4939 18.6625 29.0132 5.53987 19.4579 11.7495 10.2958 13.8288 10.1955 5.24765 17.2984 14.9692 11.4644 7.29111 12.6132 4.75477 8.19871 9.074 20.7974 11.1973 4.86344 6.09169 11.4226 4.68517 6.37439 18.8477 6.69306 6.31549 2.20174 1.3422 0.826677 3.36855 3.50483 1.39138 5.94305 3.94769 2.6978 5.32903
internal_count=744905 26103 14031 9791 718802 12072 11897 11027 8961 6183 870 546 324 9673 2751 1727 1594 885 6922 2876 2194 1531 4046 3683 1897 1786 363 488 398 1024 795 663 561 313 1336 1466 1025 4240 713 332 682 331 289 1659 284 5695 2066 623 1197 2778 4031 3943 8971 4758 4392 250 441 350 2745 766 540 2601
cat_boundaries=0 4
cat_threshold=536879488 17041408 1082130432 32848
is_linear=0
shrinkage=0.05


Tree=74
num_leaves=63
num_cat=3
split_feature=0 12 21 19 15 9 16 21 15 11 9 0 8 3 12 8 7 13 13 2 16 16 3 5 13 13 8 8 11 7 1 16 16 1 12 12 8 5 16 15 11 9 2 13 16 3 15 16 10 0 11 13 13 13 12 8 1 13 11 13 15 5
split_gain=17.42 3.80981 4.51554 4.39151 4.77506 3.83404 3.27629 4.17828 3.01124 2.99372 2.85466 3.54805 2.64165 2.5417 4.29968 3.95898 5.93186 3.74184 4.53819 3.02348 3.76421 2.79131 2.53586 2.47292 2.46871 2.89902 2.29226 2.66612 2.5682 2.2658 2.17355 2.05729 3.21672 2.58488 2.42377 1.99297 1.9206 1.87419 2.16387 1.84027 1.72101 2.67433 2.13322 1.85728 1.71974 1.61516 1.61066 1.56255 1.56141 1.5505 1.73188 1.52124 1.51129 1.48459 1.47438 2.12918 1.54984 2.20137 1.63951 1.6076 1.45058 1.43511
threshold=7.5000000000000009 0.0050056277306836936 0 1 3332.5000000000005 0.44455046649703139 15.500000000000002 2 410.50000000000006 0.031550275956225754 0.99687986760124614 385.50000000000006 1.4243514279485505 4966.0000000000009 0.10820247281256935 1.2024666632865186 2592.0000000000005 74.500000000000014 95.500000000000014 2173.5000000000005 19.500000000000004 28.500000000000004 474.50000000000006 2.5895721925133697 67.500000000000014 24.500000000000004 1.1792011104895688 1.2667306461932184 0.016504590038172239 647.50000000000011 72.500000000000014 45.500000000000007 24.500000000000004 1047.5000000000002 0.047741083324146623 0.027749316851897802 1.3548576627118003 1.8676399026763992 14.500000000000002 320.50000000000006 0.016504590038172239 0.64829441391941411 3190.0000000000005 25.500000000000004 2.5000000000000004 4966.0000000000009 2500.5000000000005 42.500000000000007 19.500000000000004 286.50000000000006 0.04162711929529906 44.500000000000007 59.500000000000007 7.5000000000000009 0.031734106841437799 1.2416990020188716 780.50000000000011 46.500000000000007 0.024455595899424153 60.500000000000007 2241.5000000000005 3.5022123893805315
decision_type=2 2 9 9 2 10 2 9 2 2 10 2 2 2 2 2 2 2 2 2 2 2 2 2 2 2 2 2 2 2 2 2 2 2 2 2 2 2 2 2 2 8 2 2 2 2 2 2 2 2 2 2 2 2 2 2 2 2 2 2 2 2
left_child=-1 26 3 10 6 24 7 45 39 31 13 52 -13 14 17 -15 36 19 -19 22 -21 46 30 -16 25 -4 28 -28 -2 -24 -3 32 34 -33 -8 -10 -17 38 -32 40 41 -7 43 53 -9 51 -18 -39 -34 50 -30 -5 -12 -43 55 -31 57 58 -56 -58 -36 -29
right_child=1 2 5 4 -6 8 9 44 35 -11 11 12 -14 15 23 16 21 18 -20 20 -22 -23 29 -25 -26 -27 27 61 49 54 37 33 48 -35 60 -37 -38 47 -40 -41 -42 42 -44 -45 -46 -47 -48 -49 -50 -51 -52 -53 -54 -55 56 -57 59 -59 -60 -61 -62 -63
leaf_value=-0.047194151351619883 -0.018674674526504148 -0.019466454340058208 -0.025840076211164478 0.0039858257874291411 0.033171091513221812 -0.041592195310326902 0.039619173753093227 0.007814754249365086 0.0040432702126425059 -0.053900442000258245 -0.035030662289732256 0.01597598559120814 0.061148162505565679 -0.017411231280592986 -0.031045329367960051 0.0017970709839600645 -0.0080581837530292449 -0.04152768862132767 0.052612493622135173 0.054408482741574074 0.014586462859364114 0.031828794997986527 -0.025765589065238338 0.041669390334146302 -0.032598707139716701 0.050718878457032907 -0.033799637301364233 0.038530554884410373 0.094698015700877658 0.014379153984466285 0.098902934527124051 -0.029997089272961269 -0.050778180789456132 0.029977044342899217 -0.041834186030845155 -0.053592468953185604 -0.023019146506162644 -0.024302108001229408 -0.011623537420044855 0.037468161050827863 -0.035911504483171645 0.026187572373687171 -0.028480022762887709 0.047648353146378344 -0.039278165152087936 0.0010068757233538421 0.018392485740725644 0.040456042516903393 0.014021972965413677 0.0084836248677784241 -0.0099294270542616397 0.065180168159411384 0.025184060585494189 -0.032715494403546194 0.065211872698038673 -0.025684866099665145 -0.0055779420545926028 -0.0069501187802889905 0.00068913994975800994 0.027676777406573951 0.022107476172156221 -0.0048040240337902142
leaf_weight=16.810997649594356 0.58124927162134454 0.63725777541367179 0.98521665153930627 1.4544087727954318 4.8267564430971097 1.9492120282320655 1.948460573956259 2.1384726709402475 1.6167239469395998 6.4303484477622979 2.2046631993325749 7.9919797765760432 5.8799486179486848 21.229054899071343 6.6496212154888772 16.184988031396646 10.30160549428547 4.3353433292031687 0.76023818404973997 11.129471810301768 13.632522372674428 19.956702571333153 3.8319866600650121 0.4904845591263437 1.0552685471393486 3.6620025295142113 1.5932613223412753 4.8266918255303608 2.35427466964211 6.707606695628785 1.5143891018378783 1.8888002329240396 6.66237730377361 3.8863563480699668 1.6379057201011167 8.6651110490711272 13.80753913434455 0.91879002553105216 0.30258150613008172 0.9098742111600594 4.9776214097237252 1.0664980633500829 1.3881940385326741 3.1928186429613561 7.3935964394131588 2.1339897140860558 10.917978384066371 0.88622344049872481 0.6300721898296614 1.1145210196555124 0.24721940944982623 3.8878960353613365 0.70143073748295126 1.2509514315242993 3.7051892121780865 4.8377976447154651 8.4751708755284181 1.8994637041505482 1.272276960302406 5.0344666048185891 0.58266742007435812 2.5421359243409825
leaf_count=590054 415 13099 3226 1211 137 858 1206 1727 76 16262 13886 233 84 173 26767 153 79 2123 166 80 200 154 6731 1050 929 2571 1089 470 1174 494 1230 3283 8793 28 3215 1042 111 543 2554 229 14533 578 11 1731 11249 15 127 192 19 25 723 788 2791 922 384 384 301 338 351 56 55 915
internal_value=0.000738172 0.00382112 0.00244369 0.00488872 -0.00788993 -0.01301 -0.0153347 0.00146452 -0.0254036 -0.0269774 0.00827744 0.02784 0.0379475 0.00667382 0.0133195 0.00105086 0.00672289 0.0171354 -0.0211553 0.0204229 0.033902 0.0188532 0.0114605 -0.0215449 0.0176284 0.0327866 0.028999 0.0120294 0.0554378 0.00649544 0.0439886 -0.0145286 -0.0260623 0.00882975 0.00801885 -0.0449747 -0.0100016 0.0569492 0.0829046 -0.00975709 -0.0151828 -0.00105848 0.0142104 0.027688 -0.0148625 0.0179437 0.00576657 0.0105805 -0.0441636 0.068532 0.084759 0.0517756 -0.0177703 -0.00588537 0.0110317 -0.00311781 0.0188161 0.036594 0.0515938 0.00786806 -0.0234014 0.0247931
internal_weight=292.489 275.678 262.418 231.699 45.5021 30.7195 40.6754 17.0084 25.017 23.667 186.197 16.778 13.8719 169.419 77.0209 92.3979 71.1688 69.8808 5.09558 64.7852 24.762 41.1763 40.0232 7.14011 5.70249 4.64722 13.2594 8.96209 4.29726 35.764 4.25924 17.2366 11.4615 5.77516 4.16903 10.2818 29.9925 3.62198 1.81697 14.7352 13.8253 8.84767 6.89846 5.51027 9.53207 7.47629 21.2196 1.80501 7.29245 3.71602 2.60149 5.3423 2.90609 2.31745 31.932 11.5454 20.3866 6.87693 4.97747 13.5096 2.22057 7.36883
internal_count=744393 154339 149528 122822 47988 26706 47851 14990 19980 32861 74834 16994 317 57840 57043 797 624 29226 2289 26937 280 360 26657 27817 6726 5797 4811 2474 2337 9039 17618 16599 13288 3311 4476 1118 264 4519 3784 18862 18633 4100 3242 3231 12976 2014 206 735 8812 1922 1897 1999 16677 1500 2308 878 1430 1073 735 357 3270 1385
cat_boundaries=0 2 3 5
cat_threshold=558891063 164096 106729 4194308 33024
is_linear=0
shrinkage=0.05


Tree=75
num_leaves=63
num_cat=1
split_feature=0 3 9 17 1 12 4 11 11 12 5 12 10 8 10 8 11 15 16 9 8 7 12 10 10 9 0 16 12 1 7 11 11 12 12 5 7 11 0 10 7 11 7 0 0 10 12 1 15 1 8 16 12 9 15 11 9 16 8 0 8 8
split_gain=15.4173 3.9553 6.9691 5.35154 5.33079 4.99213 4.24078 3.4387 6.30106 4.30684 3.6636 3.40634 5.0601 3.16955 3.32786 3.07241 2.95834 2.82328 2.27743 4.1982 3.60516 2.83785 2.31458 2.26629 2.25862 3.52871 3.41609 2.22993 2.03566 1.92129 1.68451 1.65805 1.6253 1.60917 2.75176 2.36108 2.0214 1.51213 1.44305 1.43667 1.80653 1.43378 1.4255 1.37407 1.3676 1.3242 1.27118 1.43011 1.16392 1.13751 1.0832 1.00885 2.05096 1.38142 0.937861 0.93052 0.882402 0.862759 0.82812 0.751049 0.717037 0.709
threshold=26.500000000000004 4107.5000000000009 0.34492053164792275 0 2717.5000000000005 0.13190443947647104 1587.0000000000002 0.016177966026589278 0.032428340662519144 0.055639799779182382 1.8880993788819878 0.045536294381250182 7.5000000000000009 1.1726039400531789 3.5000000000000004 1.2857771076768441 0.02342260198213704 1.0000000180025095e-35 37.000000000000007 0.32701294033069739 1.4137369426036168 1338.5000000000002 0.039357368758373208 10.500000000000002 7.5000000000000009 0.65386992488352202 690.50000000000011 13.500000000000002 0.061735449636469882 109.50000000000001 280.50000000000006 0.024279270225919164 0.010152542090509089 0.080160713258880315 0.054527256148654675 1.1375455692047205 837.50000000000011 0.023962818609816673 385.50000000000006 3.5000000000000004 1338.5000000000002 0.032859209103860032 969.50000000000011 385.50000000000006 666.00000000000011 12.500000000000002 0.013151387499121871 1155.0000000000002 1745.5000000000002 323.50000000000006 1.339709653268448 40.500000000000007 0.069943534608871996 0.71444879321591659 2241.5000000000005 0.023062686394956528 0.91683135704874841 43.500000000000007 1.1539295845152679 937.50000000000011 1.2088017346638038 1.2245038511272279
decision_type=2 2 10 9 2 2 2 2 2 2 2 2 2 2 2 2 2 2 2 10 2 2 2 2 2 10 2 2 2 2 2 2 2 2 2 2 2 2 2 2 2 2 2 2 2 2 2 2 2 2 2 2 2 10 2 2 10 2 2 2 2 2
left_child=29 3 -3 7 5 11 37 30 10 13 16 24 -13 14 -10 43 17 27 20 -20 21 32 -23 48 26 31 -4 59 -6 -1 -2 -26 -8 34 36 -35 -34 -5 60 -29 -41 46 -22 -12 -24 -14 49 -48 -18 58 -17 52 53 -32 -43 -19 -55 -15 -39 -9 -38 -21
right_child=1 2 4 6 28 -7 18 8 9 -11 15 12 45 57 -16 50 23 55 19 61 42 22 44 -25 25 -27 -28 39 -30 -31 51 -33 33 35 -36 -37 38 41 -40 40 -42 54 -44 -45 -46 -47 47 -49 -50 -51 -52 -53 -54 56 -56 -57 -58 -59 -60 -61 -62 -63
leaf_value=-0.045178684560704674 -0.017593407897608649 -0.043706864300229589 0.039723385802656747 -0.044030561479222102 -0.0067875547540723813 -0.027190121760743775 -0.021342031188390675 -0.028490277939388416 -0.030414484682839041 -0.030637658025016553 -0.032023961420976889 -0.013366908210729715 0.013193508266485608 0.094520244643647278 0.047840510971657924 0.077220589350548305 -0.039444733814390127 -0.035870151335438076 0.043554418886716448 -0.0023433836313405932 -0.040750272445133628 0.02191776980506286 -0.040190614043680434 0.017299178616045241 -0.007179796167215681 -0.022102134886912001 -0.0041971057209718434 -0.012590454279253458 -0.044117061907557244 0.030427795352637843 0.058050735730649443 0.014118402600723189 -0.022702632568353504 -0.014736495886190802 -0.024315804393110523 0.084387340410561715 0.010412210697643934 0.056615423569453011 0.016916595704726978 0.092371786244075715 0.0067958064183769309 -0.038956882211192562 -0.0023286067122941807 0.014852500063368055 0.0027042856102060132 0.031930294316122092 -0.033905589116538633 0.03341530816243201 0.011370467336203154 -0.00781129546205191 0.023089517776759369 0.070124483328296336 -0.023876096622314748 -0.015804656855785418 0.018298006154924478 0.017975164932368663 0.02704996605024201 0.0055129459536492975 -0.0026761962103717327 0.0206973129387963 0.066119324449595868 -0.040847986766470154
leaf_weight=19.723467832292958 0.52994412920997902 9.064387657097539 6.4601541512238354 5.4232502496470252 6.9100524218083574 11.964697255098143 0.69447901141393842 0.93614266531222401 1.3274924589750283 0.89085569780763751 1.6086923272941911 11.675068214884957 21.163712827357813 3.5353515293281821 2.6208105616678949 1.4928297814185496 8.9066025390220567 1.8494521540196731 1.3615459589964283 1.6278895427676614 2.3718773039254293 5.581825471002956 2.7234452660850366 1.9807117046912015 17.68360762973316 21.182202308089472 10.476875503547488 0.3334264688091938 7.9113277377618942 0.21557151407978281 3.5381768193656153 16.978628997516353 0.80239790305131364 0.41620501632496543 1.6765056337826525 2.102316088443331 1.134018039527289 1.1551225433358907 5.3060606256767642 1.3464892024858275 1.0681282669393111 3.2615739281773135 8.9768985713453713 2.949490676575806 3.4750981149700237 20.420738445303869 2.0039384338469977 0.19004403131839342 0.83349603762326374 1.5543951681174801 3.6531935453058395 4.0372243026140495 0.80970191573214823 1.2162602802782205 0.25014781959180243 0.41991942953973183 1.8579909835134456 0.42679665354808083 0.69112704930012103 0.39983543753623962 3.9425374064594507 5.3724654481484322
leaf_count=672770 2748 137 204 15315 115 231 284 838 1194 1486 1300 199 177 1014 223 162 5778 1165 217 912 526 131 291 61 125 183 86 1131 105 538 217 111 1325 1581 653 382 207 280 141 645 50 16678 194 102 70 159 8215 12 70 111 249 423 919 69 8 90 214 181 326 2 256 1174
internal_value=-0.00160074 0.00156993 -0.00340522 0.00881342 -0.000746281 0.00238863 -0.00210116 0.0190993 0.0146061 0.0490801 0.00235751 0.00538838 0.0148722 0.0604886 0.0207004 0.0256962 -0.0108634 0.0151141 0.00487851 -0.0174756 0.00996258 0.019448 0.000525284 -0.0250261 -0.00165917 -0.00651935 0.0138358 0.0369446 -0.0282423 -0.0429471 0.0453322 0.00335607 0.0324727 0.0360573 0.0252277 0.0684737 0.0340398 -0.0251463 0.0400342 0.0571006 0.0675929 -0.010656 -0.0130083 -0.00447644 -0.0191074 0.0229283 0.00537553 -0.019438 -0.0344425 0.0221636 0.0488019 0.0494207 0.0311699 0.0401614 -0.0317268 -0.0234562 0.0103777 0.0879757 0.041278 -0.0112109 0.0574367 -0.0333061
internal_weight=292.495 272.556 161.891 110.664 152.827 138.006 62.0952 48.569 36.5797 8.80131 27.7784 126.041 53.2595 7.91045 3.9483 9.70421 18.0742 6.35339 47.5656 8.3619 39.2037 27.8549 11.7804 11.7208 72.7815 55.8444 16.937 4.08402 14.8214 19.939 11.9893 34.6622 16.0745 15.38 12.8615 2.51852 11.185 14.5296 10.3826 2.74804 2.41462 9.10635 11.3488 4.55818 6.19854 41.5845 5.59463 2.19398 9.7401 3.40064 5.14602 11.4594 7.42213 6.61243 3.51172 2.26937 3.07425 3.96215 1.84625 1.33598 5.07656 7.00035
internal_count=744760 71452 1832 69620 1695 1475 49289 20331 15741 4098 11643 1244 535 2612 1417 1813 9830 3921 8344 2303 6041 5321 492 5909 709 419 290 2666 220 673308 4590 236 4829 4545 2582 1963 1929 40945 604 1826 695 25630 720 1402 361 336 8944 8227 5848 717 411 1842 1419 500 16686 1255 283 1195 606 840 463 2086
cat_boundaries=0 4
cat_threshold=8320 16779264 1342324736 16
is_linear=0
shrinkage=0.05


Tree=76
num_leaves=63
num_cat=2
split_feature=7 3 1 2 11 1 22 3 21 12 10 16 8 11 10 5 16 6 9 15 9 11 15 16 16 11 8 16 8 11 5 16 12 16 2 8 16 16 3 12 16 6 16 11 5 6 2 1 6 9 5 7 12 12 1 3 8 11 10 11 5 8
split_gain=15.2493 3.65851 3.39308 3.67623 3.26292 3.23353 2.42546 3.66476 3.22775 2.37694 3.86662 2.32258 2.22147 2.20363 3.1249 3.37023 2.08501 3.12524 4.50171 3.11467 2.79911 2.36723 2.05282 2.21571 3.12848 4.85156 4.58431 3.4224 2.95367 3.34248 2.92772 2.76968 3.15762 2.91037 2.41807 1.98967 1.98769 1.85348 1.8492 1.61094 2.58884 1.58167 1.49614 1.48817 1.46434 1.4022 2.27835 1.37796 1.31758 1.46029 1.25433 1.23794 2.13381 1.78651 1.23135 1.05979 1.0526 1.26187 0.984131 0.97063 0.968013 1.19291
threshold=64.500000000000014 113.50000000000001 2717.5000000000005 4316.5000000000009 0.024164245596953803 147.50000000000003 0 4966.0000000000009 1 0.15668148135604862 4.5000000000000009 16.500000000000004 1.6007662835249044 0.029780569203597097 12.500000000000002 1.2647379170824713 21.500000000000004 2.6669648181276089 0.38473507819980857 3332.5000000000005 0.34492053164792275 0.024455595899424153 2849.5000000000005 3.5000000000000004 46.500000000000007 0.024922082076218693 1.3214602892666838 24.500000000000004 1.2416990020188716 0.023829978727422506 1.3342566943674978 44.500000000000007 0.071456409160766857 27.500000000000004 1596.5000000000002 1.3283205186190263 44.500000000000007 50.500000000000007 6467.0000000000009 0.054527256148654675 20.500000000000004 0.95245629897528639 11.500000000000002 0.048197104564898625 1.0197189357329337 1.6878795546558707 2173.5000000000005 1333.5000000000002 2.9978292329956591 0.88573664207467029 0.94120236692519854 837.50000000000011 0.047741083324146623 0.12500000737557468 1333.5000000000002 2221.0000000000005 1.2727700333532885 0.016087950954144087 10.500000000000002 0.031892655324190861 3.9921875000000004 1.0896706355342511
decision_type=2 2 2 2 2 2 9 2 9 2 2 2 2 2 2 2 2 2 10 2 10 2 2 2 2 2 2 2 2 2 2 2 2 2 2 2 2 2 2 2 2 2 2 2 2 2 2 2 2 10 2 2 2 2 2 2 2 2 2 2 2 2
left_child=60 4 3 5 11 -3 9 8 13 22 54 -2 -10 16 15 47 17 18 -8 21 56 51 23 -7 25 27 30 28 29 -25 59 32 33 39 -35 -4 -29 45 -34 40 44 50 -30 -17 -27 55 -47 -15 -19 -50 -9 53 -53 -20 -11 -22 57 -18 -43 -26 -1 -62
right_child=1 2 35 -5 -6 6 7 41 12 10 -12 -13 -14 14 -16 43 20 48 19 -21 37 -23 -24 24 26 31 -28 36 42 -31 -32 -33 38 34 -36 -37 -38 -39 -40 -41 -42 58 -44 -45 -46 46 -48 -49 49 -51 -52 52 -54 -55 -56 -57 -58 -59 -60 -61 61 -63
leaf_value=-0.047135150159739514 0.10769398081955105 -0.039742402121044081 -0.037699360377376159 0.019737209783315054 -0.019139330357710385 0.0334315127707073 -0.040384158061050127 -0.014162634764720225 -0.039824547044356173 -0.010122550404667995 -0.037491371404443107 -0.011409152780343448 0.011268254480682187 -0.024814963054370739 0.054915597504713004 0.034583118517070195 0.05043044970104367 -0.041557771751562403 -0.02890902979921748 -0.025261215377014895 0.0012834193208416023 -0.013458876334306862 0.029250741881873678 0.04332991530827237 0.03344911025987609 -0.016726705412970676 0.066572099529772541 -0.050237864875445397 -0.035449590961643837 -0.028143647943010941 -0.03062865418924357 -0.023064755451456059 -0.036751200126674245 -0.001597757582910427 0.060873020086188993 -0.0021510487155799421 0.006206008050228827 0.019124448885665318 0.023026586137503777 0.037606146239835353 -0.041498747938424202 -0.02837858049385188 0.0026074840266103916 -0.013819129789690635 0.032407004563984099 -0.030088183704384291 0.02046203667846155 0.012460377155206988 0.025299810212561426 -0.028653922330015243 0.01175670028498273 0.051450289672001062 0.00878519462698517 0.041660230720384203 0.081421487937629614 -0.044046075940336243 -0.018700909056515017 -0.0060329142167313953 -0.0095429765561737007 -0.0072443040940699801 -0.031173826177432071 0.01977974697224491
leaf_weight=16.432582017270764 0.98770472363321349 3.7703329248452055 7.221757532170157 28.668519274331629 0.60543114049505664 6.3117182319183476 2.0408111944671026 8.254215035063682 7.8301861837426241 0.25366355953155917 4.634089012433833 0.29327625133737456 2.3097206107413513 5.7083834548175272 4.2405089340682016 9.6419968421723734 2.2184441573517724 2.5104696990529183 1.2983524103729092 2.0055923279869594 1.474331608289505 2.1389522151475822 12.052027186306075 4.3592919758630186 4.4530007231842301 1.6364409987254562 3.5266573688131748 7.2530895350973861 4.920549397596913 1.5502118230833728 2.9390234750826494 3.5159816146187941 2.6455991605289446 1.8772731760654986 6.6825510070193559 7.7984339036484016 1.6718090212598324 2.1581265470122153 1.1786650568246844 2.1105462039049598 2.0982277638941014 16.375356135336919 4.353273185006401 1.3120406616362732 3.0688447681277466 3.5980985633286755 3.3756452409143094 3.1594843435668736 1.8991188254294684 1.2151549754453299 8.4255372358020377 11.837146034573381 4.409199847297713 0.4720876591563864 0.1391470511443913 6.9053236692816427 0.5114931868520215 1.1477274913595463 14.023915324825792 1.5808179685918728 1.6445389300406525 1.1402064398280343
leaf_count=612584 519 59427 51 183 2735 252 575 128 3301 1525 921 1291 77 4454 96 1539 533 308 1515 39 2596 630 125 565 289 295 78 855 214 208 201 190 492 578 78 171 89 341 7 185 277 183 462 646 374 1492 49 34 78 325 76 207 283 813 23 694 205 510 88 200 31961 5349
internal_value=-0.000757175 0.00240825 0.00179103 0.00320991 0.0584053 0.000987514 0.00187299 -0.00242726 0.00356875 0.00790291 -0.0217639 0.0873785 -0.0148706 0.00721813 0.0203184 0.0106351 0.00217442 0.0105718 0.0183281 0.025245 -0.00948471 0.0312271 0.0109966 0.00737028 0.00419955 -0.00164776 0.0255123 -0.0172658 -0.0021922 0.023221 0.00431721 0.013607 0.0204238 0.0291886 0.0484384 -0.0205291 -0.0401048 -0.0180125 -0.0173732 0.00768234 -0.00523001 -0.013659 -0.0190701 0.0281146 0.0153822 -0.0240829 -0.00612182 -0.0116175 -0.0205311 0.0024 -0.00114543 0.036961 0.0410519 -0.0018465 0.0574815 -0.0367842 0.0248242 0.0342063 -0.0202699 0.0232735 -0.0426266 -0.0105972
internal_weight=285.873 266.655 264.769 249.749 1.88641 221.08 217.31 132.497 85.4184 84.8125 5.0269 1.28098 10.1399 75.2785 24.0624 19.8219 51.2161 29.8269 24.2021 22.1613 21.3892 20.1557 79.7856 67.7336 61.4219 48.9224 12.4995 24.1082 15.1833 5.9095 8.97284 24.8141 21.2981 17.4739 8.55982 15.0202 8.9249 17.5115 3.82426 8.91406 6.80351 47.079 9.27382 10.954 4.70529 15.3534 6.97374 8.86787 5.62474 3.11427 16.6798 18.0168 16.2463 1.77044 0.392811 8.37966 3.87766 3.36617 30.3993 6.03382 19.2173 2.78475
internal_count=744569 94675 90130 89908 4545 89725 30298 21815 21340 8483 2469 1810 3378 17962 6769 6673 11193 4773 4062 3487 6420 3448 6014 5889 5637 4869 768 2393 1449 773 690 2476 2286 1787 656 222 944 5172 499 1131 946 475 676 2185 669 4831 1541 4488 711 403 204 2818 490 2328 1548 3290 1248 1043 271 489 649894 37310
cat_boundaries=0 1 3
cat_threshold=2131473 4327719 33024
is_linear=0
shrinkage=0.05


Tree=77
num_leaves=63
num_cat=3
split_feature=0 21 4 17 13 11 16 8 9 11 9 11 9 13 19 16 7 8 13 15 2 11 9 13 9 16 9 8 15 13 10 16 0 11 13 11 7 11 8 11 10 7 8 13 8 9 16 7 9 13 13 9 16 11 0 0 8 4 10 8 10 9
split_gain=14.6361 4.385 4.58543 3.70182 6.98319 7.16836 4.40694 4.94939 3.98629 5.07163 3.64733 3.57664 4.30324 3.5235 3.51387 4.33766 4.21381 3.20511 3.10953 3.05953 3.22827 3.15662 3.52118 2.74296 2.72185 3.31714 4.34563 4.65859 3.14775 2.9665 2.57574 2.50321 2.49421 2.27382 2.23335 3.0287 3.30313 2.20453 3.60857 2.14985 2.14233 2.06017 2.00624 2.00302 1.92469 5.201 1.92095 1.81876 1.71572 1.68854 2.26484 1.59904 1.65405 1.55022 1.47576 2.42498 4.13078 2.05284 2.01681 1.64387 2.35413 1.46756
threshold=10.500000000000002 0 27.500000000000004 1 66.500000000000014 0.031892655324190861 43.500000000000007 1.312549840510367 0.68966213019398304 0.038296621413478123 0.42884882108183081 0.046640057736242725 0.71444879321591659 18.500000000000004 2 27.500000000000004 3376.0000000000005 1.2891757708801308 21.500000000000004 2241.5000000000005 2173.5000000000005 0.013033898512873314 0.66002832861189809 60.500000000000007 0.38473507819980857 43.500000000000007 0.73345498783454999 1.4077206925915415 688.50000000000011 9.5000000000000018 13.500000000000002 33.000000000000007 379.50000000000006 0.039706543111457673 4.5000000000000009 0.024559322201336425 2592.0000000000005 0.02342260198213704 1.1980981373199111 0.02922308950668626 3.5000000000000004 1784.0000000000002 1.161326979472141 63.500000000000007 1.4546536796536798 0.5192554874431482 21.500000000000004 1145.5000000000002 0.48098168738026453 38.500000000000007 47.500000000000007 0.46853461224386184 49.500000000000007 0.033483050034745887 750.50000000000011 394.50000000000006 1.3516993895396803 2643.5000000000005 2.5000000000000004 1.3283205186190263 8.5000000000000018 0.73345498783454999
decision_type=2 9 2 9 2 2 2 2 10 2 10 2 10 2 9 2 2 2 2 2 2 2 8 2 10 2 10 2 2 2 2 2 2 2 2 2 2 2 2 2 2 2 2 2 2 10 2 2 10 2 2 10 2 2 2 2 2 2 2 2 2 10
left_child=-1 18 46 4 5 6 14 17 13 -10 -9 12 -11 -7 15 16 54 43 40 20 -6 -21 -23 42 -5 26 32 37 29 -29 48 -14 -26 51 -27 36 -36 38 -28 -24 -2 -35 -16 61 45 -34 -3 -40 -17 -31 -51 52 -15 -48 55 56 57 58 -4 60 -57 -8
right_child=1 2 3 24 19 8 7 10 9 11 -12 -13 31 33 23 30 -18 -19 -20 21 -22 22 39 -25 25 34 27 28 -30 49 -32 -33 44 41 35 -37 -38 -39 47 -41 -42 -43 -44 -45 -46 -47 53 -49 -50 50 -52 -53 -54 -55 -56 59 -58 -59 -60 -61 -62 -63
leaf_value=-0.046964505006573086 -0.0081531773445995062 -0.011265520643585233 0.00076652573045868377 -0.034724057098352287 -0.0029319014798883073 -0.032998232080083643 0.033144416268758102 -0.0048272120916752542 -0.047574945763480724 -0.035647892355835896 0.072599286054946352 -0.030795556253631496 0.064196284594080708 -0.038454973492222988 0.021260900662660984 0.012211095072270002 -0.015593220936194006 -0.046576903463856803 -0.024714751712592978 0.027731730522650475 -0.053332924212481481 -0.043718741232326858 -0.020503862903935896 0.026553905527314917 -0.022099402356212685 0.018281438918353869 0.039967210288464734 0.022440293363405611 0.030151657070893942 -0.051031839663650429 0.037518858954505505 -0.019780284307490899 -0.012404939772448869 0.023711141037319274 -0.027726446075871609 -0.054840954033956918 0.040258709802601655 -0.041700317182639043 0.014789054018125176 0.022645975170132997 0.065938689718705035 -0.039344074496282952 -0.03865074865517934 -0.031459556454484325 -0.0083224302131475417 0.030839256732086612 0.11421728304232109 -0.034471323769823585 -0.02722651741411582 0.030928598969051421 -0.035782539963551088 0.036922803789374653 0.031788973442567446 -0.0074826824382514178 0.047785142123223261 -0.034060333088695653 -0.02763150374307323 -0.00036310349378504138 0.080357923264700773 0.027028965629977648 0.016140700439268713 -0.021900666834230045
leaf_weight=15.464804845641991 0.8750405463506431 0.28986705289571446 0.95304248860339313 7.8991365202655279 5.3225852608684345 3.1503888473307624 10.203515977564164 1.6666420554683998 9.5520408046686516 1.2419419325851757 8.5538532732971344 3.5293215634847002 3.4397098397075752 1.0129787716377894 0.99156546445374161 3.2598610217028172 4.6288333488628259 1.0111860483630142 0.74188569968828311 5.0771084596199243 7.3582827742793597 5.3121273045344397 4.1919695496380882 1.8079302178430214 4.8399652740499723 1.7630312903420406 1.9132546518503684 3.3082936952851032 6.8399789532559216 3.1917653026157495 1.7788637943594938 0.61487333555851353 9.1874593282700534 1.4138011934701347 4.5997349677418224 6.7127310293508344 1.6424995244015006 12.143482001283699 1.8262089590461963 5.5386732181341358 7.1616492380835552 1.9801306978770297 8.1909422636235814 0.7620588057561698 7.845517666428349 22.742073144683673 0.51533858887160022 6.9455834082145884 8.1653476211358775 1.6257370123730654 1.4703302305915711 9.34851789409913 0.49693669369298721 0.17576527654455276 10.905699673690831 3.1768532404676062 1.1244073286998171 1.2768341673581742 4.5074799925168918 5.583391676795145 4.3744344278238714 0.66937349138424984
leaf_count=615448 1491 1401 5639 12740 7221 2345 2251 145 4352 111 949 8783 3014 464 2666 1288 40 258 1130 93 96 101 161 396 8968 896 5721 382 173 482 25 1335 120 1272 3879 5252 13 18338 3519 74 211 19 3426 278 82 334 938 155 4231 111 682 410 37 812 137 218 929 353 5216 110 33 2441
internal_value=-0.00120372 0.00159718 -0.000182905 -0.000767329 0.00416577 0.010051 0.0180029 0.0363016 -0.00851113 -0.0241691 0.0606685 0.00342635 0.0274992 0.00843903 0.010636 0.0147336 0.0263278 0.0136057 0.0242601 -0.0156837 -0.0339386 -0.00311604 -0.0146071 -0.010838 -0.00748102 -0.00572285 -0.00175123 -0.0137039 0.00642173 -0.0117419 -0.00656594 0.0500675 0.00883782 0.0191614 -0.0268061 -0.0338124 -0.0067489 -0.0278553 -0.00989839 0.00387854 0.057862 -0.013659 -0.0307286 0.0221085 0.013052 0.0183973 0.0755937 -0.0237518 -0.015897 -0.0303379 -0.00175396 0.0297066 -0.0118821 0.0971436 0.0326994 0.0230475 0.0433931 0.0572857 0.0687354 0.00866128 -0.00649234 0.0281965
internal_weight=283.895 268.43 259.651 258.67 152.174 119.373 83.5921 22.8666 35.7806 18.3779 10.2205 8.82585 5.29653 17.4028 60.7255 49.735 36.531 12.6461 8.77858 32.8007 12.6809 20.1199 15.0428 10.9904 106.497 98.5976 83.8796 39.2646 16.4361 9.59613 13.2041 4.05458 44.615 14.2524 14.718 12.955 6.24223 22.8285 10.685 9.73064 8.03669 3.39393 9.18251 11.6349 39.7751 31.9295 0.980971 8.77179 11.4252 6.28783 3.09607 10.8584 1.50992 0.691104 31.9021 20.9964 7.86176 6.73736 5.46052 13.1347 7.55129 10.8729
internal_count=744195 128747 125915 122764 60917 53171 31029 6322 22142 17595 1094 13243 4460 4547 24707 18219 12675 5228 2832 7746 7317 429 336 6488 61847 49107 39067 29563 1830 1657 5544 4349 9504 2202 10040 9144 3892 27733 9395 235 1702 1291 6092 4970 536 454 3151 3674 5519 1275 793 911 501 1750 12635 12498 12137 11208 10855 361 251 4692
cat_boundaries=0 2 6 7
cat_threshold=2097168 131072 536879616 17041408 1082146944 32848 65643
is_linear=0
shrinkage=0.05


Tree=78
num_leaves=63
num_cat=4
split_feature=0 12 21 11 16 0 11 8 17 21 15 13 11 8 16 11 16 15 12 11 12 12 0 12 8 12 13 16 13 12 10 11 16 21 11 1 10 0 16 10 12 12 15 2 16 16 2 16 10 8 13 11 11 11 13 13 16 13 8 0 11 11
split_gain=15.0071 4.0342 5.18869 5.08554 5.62783 4.44818 4.2694 4.14814 4.13537 4.16374 4.04639 4.45452 4.23984 3.83035 7.0775 5.46146 4.18313 3.28629 3.08005 3.07988 4.80732 2.96583 3.34142 2.75796 2.66268 2.79308 2.41228 2.40241 4.10511 2.54595 2.29649 2.25096 3.33795 2.54334 2.16666 3.20736 2.1284 2.09324 2.07822 4.37032 3.84855 3.08305 2.10907 2.02487 2.00542 1.90573 1.88514 2.97418 1.76962 2.38045 1.71796 1.6974 1.86891 1.55648 1.52254 1.49953 1.44914 1.43043 1.41716 1.41555 1.36193 1.36336
threshold=7.5000000000000009 0.026680003361569841 0 0.032276553101837642 15.500000000000002 12.500000000000002 0.032569105437188169 1.1964675608234561 1 2 457.50000000000006 74.500000000000014 0.0081186441405277174 1.2000986193293888 15.500000000000002 0.01442229787988419 8.5000000000000018 551.50000000000011 0.040184133973233678 0.024279270225919164 0.013151387499121871 0.09116799422498241 645.50000000000011 0.045536294381250182 1.1781099218013422 0.078411853232571008 85.500000000000014 42.500000000000007 24.500000000000004 0.07312876884921006 15.500000000000002 0.016411622287705544 14.500000000000002 3 0.020949152749821998 1865.5000000000002 22.500000000000004 385.50000000000006 21.500000000000004 6.5000000000000009 0.054527256148654675 0.08884603289894967 2031.0000000000002 4316.5000000000009 44.500000000000007 7.5000000000000009 4316.5000000000009 20.500000000000004 9.5000000000000018 1.259295641417449 16.500000000000004 0.037444406382977184 0.040434615120965883 0.049847458065910781 15.500000000000002 58.500000000000007 44.500000000000007 69.500000000000014 1.4286197237515699 460.50000000000006 0.02342260198213704 0.015523336818935633
decision_type=2 2 9 2 2 2 2 2 9 9 2 2 2 2 2 2 2 2 2 2 2 2 2 2 2 2 2 2 2 2 2 2 2 9 2 2 2 2 2 2 2 2 2 2 2 2 2 2 2 2 2 2 2 2 2 2 2 2 2 2 2 2
left_child=-1 5 17 8 18 -2 19 51 13 38 -11 34 -13 16 21 37 -4 27 -5 31 58 22 -15 44 25 54 -9 28 -3 -30 -19 32 45 -34 35 57 -25 -16 40 60 43 -42 -41 -10 46 59 47 -17 49 -20 -22 -6 -53 -8 -18 -46 -56 -12 -21 -7 61 -40
right_child=1 2 3 4 7 6 53 26 9 10 11 12 -14 14 15 23 24 30 48 20 50 -23 -24 36 -26 -27 -28 -29 29 -31 -32 -33 33 -35 -36 -37 -38 -39 39 42 41 -43 -44 -45 55 -47 -48 -49 -50 -51 -52 52 -54 -55 56 -57 -58 -59 -60 -61 -62 -63
leaf_value=-0.046665142033134717 0.095535516887769067 -0.034462047954760294 0.031586507655601705 -0.020432139532394117 -0.034878761934529719 -0.032408211619886836 0.038834353063968791 -0.050421272787678544 0.051442822196027506 -0.038469272525560143 -0.03687292130483389 0.032904704447132192 -0.060051922783871628 -0.017982435442182886 -0.00185772811680682 0.032229345704817024 -0.010325931570329829 -0.054120377361100071 -0.019078938893512896 -0.04583700394806281 -0.010177885154202274 -0.037257930346121716 0.023324497677328807 0.034090992553111703 -0.037960098581805657 -0.030749781589354899 0.02600586785311465 -0.037698367998324656 0.045554997192418803 -0.02507301123885743 0.0084135153747937931 0.032402442445747665 0.011842120011473204 -0.018389114732876865 0.034287761031074664 0.041251554517183403 -0.02071346869648933 0.074219291760112188 -0.012345958766903059 -0.042862069979617251 -0.039974780951759152 0.037812186146806842 0.005103616691816297 -0.0093810755484117908 0.053531352274106242 0.037776622839464591 0.018289149769041054 -0.039499760534598728 -0.0014984088064954333 0.063222593649431266 0.025694615106844662 0.029813289044415232 -0.029056650005833618 -0.019666385795122625 0.0002033919608844326 -0.0075715687258254396 0.049015103299479036 0.021283857488066896 0.0047366568397916326 0.017450587480375569 -0.015102293399405079 0.06746143648622395
leaf_weight=13.987922434986102 0.69809669289315834 2.7158524965943815 5.8470692739538235 3.2845644794597337 1.2267051377493796 1.4364266104912551 14.605047072971498 12.03771464283636 7.8870692844157038 12.904831851194105 3.9656068274198351 0.94139797718525997 3.7011634184764262 7.4637453846025954 0.95893541948134764 1.0729115698450167 3.0199801409580704 8.4757477711918892 0.60429077949629562 6.5526363082899497 5.0977239540679857 3.9023602292454589 10.740324159793088 26.597737656369649 6.2139158163845414 3.8050302815536261 0.5226110198855175 3.0706514521643831 4.6176661801091541 0.95200358855981893 1.4458736560773093 11.106890142025803 4.1824408439479193 7.5631793830743792 5.7173049614939373 1.5587422959506509 1.2504419463075453 7.4290020722764893 0.31880533215189544 3.966027739807032 2.5671651432676295 1.0476677777824077 3.9023311385717534 1.2880954095162449 1.7343292260848095 7.191460081770856 3.2200313368812203 5.0678973303474777 2.3996235326667374 3.5510415502321848 6.7899501424071786 4.2127377375782089 0.93769611787320162 0.63583949717394794 2.4939181708414253 1.2392607462461454 2.9296790976150078 0.63976411656949483 1.4811905156038845 2.4528502393513918 0.39951363640284387 1.9242519704766889
leaf_count=590465 4662 5031 4238 2780 2945 372 6575 10024 756 29942 1004 62 1091 1370 2478 220 1893 1002 6848 1695 1799 3207 92 5921 2309 12014 389 3484 1456 3837 12 2760 252 1677 632 10 32 126 1323 383 578 1375 54 12 209 635 26 668 169 1637 759 2842 11099 3289 1996 41 458 216 90 17 814 930
internal_value=0.00203647 0.0047468 0.00107476 0.00416242 -0.014503 0.0149899 0.0128248 -0.0299105 0.00815164 -0.00350073 -0.0139916 -0.00175504 -0.0387116 0.0135431 0.0207722 0.0312666 -0.00211403 -0.0175599 0.0151744 0.00592701 -0.0093846 -0.00264054 0.00633399 0.0225325 -0.0138615 0.000306492 -0.045558 -0.00603283 0.00849864 0.0315039 -0.0450714 0.0149275 0.00542137 -0.0126764 0.0145696 -0.00595242 0.0309974 0.0662505 0.00998699 -0.00243057 0.0268703 -0.0141218 -0.0211803 0.042821 0.00252928 0.0240664 -0.00923585 -0.024209 0.0333591 0.0498747 0.0107155 0.00290644 0.0161136 0.0353331 0.0160759 0.0325694 0.0300959 -0.0264382 -0.0370206 -0.00382592 0.0438856 0.0558092
internal_weight=281.553 267.565 197.771 176.493 28.777 69.7937 69.0956 18.9375 147.716 52.7297 29.4288 16.524 4.64256 94.9866 70.677 48.5705 24.3096 21.2778 9.83952 53.8547 19.9215 22.1064 18.2041 40.1826 18.4625 12.2486 12.5603 11.3562 8.28552 5.56967 9.92162 33.9332 22.8264 11.7456 11.8814 6.16411 27.8482 8.38794 23.3009 10.5109 12.79 3.61483 7.86836 9.17516 12.3344 11.0807 9.36084 6.14081 6.55496 4.15533 11.8877 6.37714 5.15043 15.2409 8.44358 2.97359 5.4236 4.60537 8.03383 3.88928 2.64257 2.24306
internal_count=745082 154617 130035 115213 38733 24582 19920 27299 76480 39182 32957 3015 1153 37298 14390 9721 22908 14822 11434 10056 4343 4669 1462 7117 18670 16361 10413 13808 10324 5293 1014 5713 2953 1929 1862 1230 5953 2604 6225 3504 2721 1953 437 768 1164 1024 914 888 8654 8485 2558 16886 13941 9864 4347 250 2454 1220 1785 389 3067 2253
cat_boundaries=0 2 6 8 9
cat_threshold=21178560 1280 536871424 17041408 1350565888 32848 536871169 32768 2230273
is_linear=0
shrinkage=0.05


Tree=79
num_leaves=63
num_cat=2
split_feature=0 20 6 4 17 9 9 11 8 6 15 11 1 15 6 10 11 0 8 4 15 3 3 3 2 11 0 9 15 1 5 6 9 11 3 6 15 8 5 0 0 8 7 4 9 10 0 9 6 5 15 6 8 11 1 10 0 8 3 8 10 6
split_gain=12.6435 4.00882 5.5413 5.40644 4.30003 4.31616 4.2397 4.03097 6.21825 3.69807 3.38622 3.3432 3.93532 3.21364 4.14323 2.94048 2.76481 3.14184 2.64414 2.58562 2.62664 2.54622 2.5057 3.89621 4.20966 2.25995 2.25575 2.07614 2.38991 3.36891 3.5815 3.32167 4.17836 2.81076 2.6696 2.54518 2.81086 2.18267 2.03859 1.83824 1.75357 2.62457 1.75156 1.731 1.68214 2.73483 1.78608 1.60295 1.56542 1.88758 1.56161 1.40998 1.47205 1.37843 1.3533 1.27986 1.2482 1.24542 1.23569 1.17179 1.08072 0.998849
threshold=7.5000000000000009 0 1.5871263687481505 120.50000000000001 1 0.99976076555023929 0.81823556813702669 0.0081186441405277174 1.4640029617816257 1.6576733954451348 1745.5000000000002 0.032569105437188169 902.50000000000011 1745.5000000000002 0.96555214295686176 8.5000000000000018 0.015941238779676199 58.500000000000007 1.339709653268448 8373.5000000000018 3332.5000000000005 3117.0000000000005 4966.0000000000009 1259.5000000000002 851.50000000000011 0.033483050034745887 721.50000000000011 0.97974340737498644 2500.5000000000005 2717.5000000000005 1.5194938440492478 1.2632787942290646 0.51191545601916399 0.023062686394956528 4107.5000000000009 0.70594324686396315 722.50000000000011 1.2245038511272279 1.2815737624795722 362.50000000000006 690.50000000000011 1.1249178712220764 1041.5000000000002 1165.5000000000002 0.5192554874431482 7.5000000000000009 394.50000000000006 0.21347992113210376 2.6156139431267205 2.5010402219140091 410.50000000000006 1.5563087160751568 1.3624192886201623 0.031550275956225754 646.50000000000011 4.5000000000000009 86.500000000000014 1.3335933437337495 4107.5000000000009 1.4640029617816257 2.5000000000000004 1.875540345821326
decision_type=2 1 2 2 9 10 10 2 2 2 2 2 2 2 2 2 2 2 2 2 2 2 2 2 2 2 2 10 2 2 2 2 10 2 2 2 2 2 2 2 2 2 2 2 10 2 2 10 2 2 2 2 2 2 2 2 2 2 2 2 2 2
left_child=-1 3 7 6 5 9 16 10 13 11 47 27 42 14 21 40 -2 25 -16 20 50 -9 23 -6 -25 -18 39 28 29 30 33 32 -30 44 43 -35 38 -29 51 54 41 60 -13 -32 46 -46 -5 -3 55 -50 -10 52 58 57 -26 -7 -8 -15 -37 -4 -11 -41
right_child=1 2 59 4 22 48 56 8 19 15 -12 12 -14 53 18 -17 17 -19 -20 -21 -22 -23 -24 24 26 -27 -28 37 31 -31 34 -33 -34 35 -36 36 -38 -39 -40 61 -42 -43 -44 -45 45 -47 -48 -49 49 -51 -52 -53 -54 -55 -56 -57 -58 -59 -60 -61 -62 -63
leaf_value=-0.046513551600818027 -0.013070439081635335 0.033004073898827445 -0.040464016622547033 0.012006014418658012 -0.030655128011566109 -0.013033191121835173 -0.027277395658003547 -0.031688994743462047 0.0091236375772420619 -0.015402300382363236 0.048061656710122358 -0.023550389644970721 -0.036958756874592186 0.028310389219382188 -0.043639445035385943 0.040374436635395292 0.14274008247972081 -0.00074510342449490364 0.0067015212576139981 -0.067724859540110927 0.042551647173945162 0.026218616150469082 -0.023872625985788053 0.073682976133919442 -0.015737864821031008 -0.0074310632226289933 0.022911499749339238 0.031804794112260289 -0.031188141813547017 -0.039534342969777418 -0.013740810992307985 0.044124167634390588 0.023299137209370064 -0.037911907870707307 -0.0067716275027202609 -0.0017700732061696678 -0.013770826884428912 -0.042316906278830287 -0.01630321104112406 -0.02926628243669881 0.021288073724188117 -0.014396272077655642 0.038837919760542121 0.074599276724184496 -0.031612729653235201 0.014456952801189402 -0.039105480116106206 -0.024013955605265123 -0.024546016586979479 0.034177860649212258 -0.044714925302531155 -0.011724458984711542 -0.0065749291729801903 0.038637339171231314 0.037188237648509939 0.057124102745861077 0.030388768014709751 -0.011578990502402528 0.040937395655172404 -0.0046285401058810266 0.044141738762227649 0.00078884275569900445
leaf_weight=13.33670216192513 0.34946355436477405 0.78378750024421462 12.774886158997104 1.6704942440064785 7.1245211588811825 0.35199395226118024 1.1986555661278542 1.5166211947853314 1.5383084696913991 0.4389715302058933 5.7251589180687006 0.87470602173379974 9.7002836700266908 2.2714033762003947 7.5798532059525296 10.530148876656311 1.3002303237244635 0.55919344481299038 3.4038583657020354 4.0312112830579281 0.71167810261249531 7.7887721385632176 17.906564724384225 1.3023496465320956 1.2158091968631226 0.17424201981702925 7.61820673845068 0.50235245646945204 4.451569577113335 3.7089160690084091 0.32459277760244676 7.8661697833795179 8.9694193976883962 1.6166259648816801 1.7149987854063509 1.8165093110183193 6.3465291035372493 3.2330303967009968 2.3779268644175309 6.8322837742598477 14.733701676042982 10.881315352253294 2.4547992136067478 2.7225412693842372 3.8547062185371024 8.5795158890996372 6.9883619923784863 3.1838199981921207 1.5611917404858107 2.0254130150788114 3.2755055202123913 1.5904575219883543 1.9597207375099959 5.5700864157297474 2.2361746120914177 6.0706735264720919 0.64544931714772236 3.9517764407937648 14.107961949004675 3.0694391581582741 2.3823706821385713 4.1929832761561556
leaf_count=590043 3201 479 17839 2412 40137 4204 16872 15711 1333 949 61 8081 112 256 12720 126 2443 106 1358 50 3 185 201 1575 1219 1558 125 717 100 28 922 110 210 1788 16 1860 182 835 229 487 167 3939 141 222 3613 250 113 1261 753 246 286 101 76 110 334 320 119 53 149 975 415 144
internal_value=-0.000772225 0.00168456 -0.00813062 0.00516891 0.00405932 0.008055 0.0556392 -0.00113502 -0.00799788 0.00612161 0.0263378 0.000858905 -0.021771 0.00286864 -0.00912332 0.0189298 0.0889145 0.104971 -0.0287814 -0.0412935 -0.0145867 0.0146215 -0.00795838 -0.000685485 0.00932257 0.129163 0.00250292 0.00456645 0.00638364 0.00112398 0.00448254 0.0203466 0.00431694 0.000248836 0.0418444 0.0100021 0.0139533 -0.0277373 0.0222554 -0.00902291 0.00988688 -0.00298629 0.0207939 0.0641189 -0.0133665 -0.00111506 -0.0290228 -0.00837381 0.0387692 0.00883771 -0.0289002 0.0275298 0.0314567 0.0226001 0.0191994 0.0520413 -0.00350564 0.00488402 0.036249 -0.0342087 0.0332711 -0.018721
internal_weight=279.577 266.24 67.1762 199.064 194.837 146.408 4.22723 51.3318 41.6391 136.399 9.69277 97.4322 13.0298 32.0824 20.2891 38.9665 2.38313 2.03367 10.9837 9.5567 5.52549 9.30539 48.4289 30.5223 23.3978 1.47447 22.0955 84.4024 80.667 59.3799 55.6709 21.2872 13.421 50.9088 4.76213 29.8157 28.1991 3.73538 21.8526 14.4773 28.4364 13.7027 3.32951 3.04713 21.0931 12.4342 8.65886 3.96761 10.0093 3.5866 4.81381 19.4746 17.8842 11.7933 3.45198 6.42267 1.8441 6.22318 15.9245 15.8443 2.82134 11.0253
internal_count=744630 154587 52680 101907 77608 33386 24299 33866 32065 27863 1801 22267 8334 30393 29974 5596 7308 4107 14078 1672 1622 15896 44222 44021 3884 4001 2309 13933 12381 11961 11933 420 310 10773 1160 4385 2597 1552 2415 2184 5470 5303 8222 1144 6388 3863 2525 1740 5523 999 1619 2186 2085 419 1553 4524 16991 309 2009 18814 1364 631
cat_boundaries=0 1 5
cat_threshold=20 536871040 17041408 1350647936 66
is_linear=0
shrinkage=0.05


Tree=80
num_leaves=63
num_cat=1
split_feature=0 1 17 16 0 3 5 5 16 2 1 16 16 16 2 8 10 1 10 8 1 1 13 10 10 5 5 9 1 6 6 16 5 2 8 8 3 5 5 16 6 13 2 5 0 5 9 15 13 13 8 1 13 16 15 16 8 5 8 4 0 16
split_gain=13.2319 6.34554 2.52722 4.18281 4.04046 5.5866 4.05532 3.28724 3.46683 3.16141 3.68548 5.81185 3.47747 4.29249 3.13286 3.04429 3.04964 2.95673 2.79579 3.03306 2.20299 2.19464 2.1722 2.08492 1.93249 2.69933 3.2711 1.87917 1.82034 1.58969 2.38717 1.6966 1.41903 1.79842 1.40327 1.39465 1.35705 1.32996 1.3201 1.26856 1.19576 1.06034 1.04243 1.01194 0.958863 0.889821 0.886626 0.774168 0.827032 0.715997 0.712823 0.674604 0.65561 0.905197 0.655429 0.638234 0.774653 0.68581 0.582744 0.577946 0.560609 0.525504
threshold=26.500000000000004 2717.5000000000005 0 3.5000000000000004 1173.5000000000002 4966.0000000000009 1.0667096635493929 0.86492804903091292 44.500000000000007 2741.5000000000005 1006.5000000000001 9.5000000000000018 9.5000000000000018 33.000000000000007 4316.5000000000009 1.2272975658221561 6.5000000000000009 1047.5000000000002 3.5000000000000004 1.1781099218013422 1451.5000000000002 47.500000000000007 12.500000000000002 10.500000000000002 5.5000000000000009 1.3946161274746502 0.82719607367565029 0.66002832861189809 109.50000000000001 2.2904315605928516 2.8737579931136259 30.500000000000004 1.3342566943674978 1297.5000000000002 1.3283205186190263 1.3810839252828206 3518.5000000000005 0.70598618970977645 2.2571224277383304 20.500000000000004 0.84723748473748495 43.500000000000007 686.50000000000011 3.6679197994987471 362.50000000000006 0.28220211161387637 0.5263592148688554 799.50000000000011 1.5000000000000002 73.500000000000014 1.4994845360824745 708.50000000000011 1.5000000000000002 46.500000000000007 1881.5000000000002 26.500000000000004 1.1500495049504951 1.8676399026763992 1.0789925845541692 2448.5000000000005 690.50000000000011 48.500000000000007
decision_type=2 2 9 2 2 2 2 2 2 2 2 2 2 2 2 2 2 2 2 2 2 2 2 2 2 2 2 10 2 2 2 2 2 2 2 2 2 2 2 2 2 2 2 2 2 2 10 2 2 2 2 2 2 2 2 2 2 2 2 2 2 2
left_child=28 2 4 37 5 9 7 8 14 10 11 15 -12 35 41 16 58 43 19 -13 22 -20 -19 24 25 26 45 -15 52 -21 39 -32 33 -26 -3 -14 44 -4 -27 -31 -28 -7 -40 49 -35 -23 -39 48 -17 -5 -25 -42 53 -1 -49 57 -57 -34 -2 -18 -60 -45
right_child=1 34 3 17 -6 6 -8 -9 -10 -11 12 18 13 27 -16 47 59 20 21 29 -22 23 -24 50 32 38 40 -29 -30 30 31 -33 55 36 -36 -37 -38 46 42 -41 51 -43 -44 61 -46 -47 -48 54 -50 -51 -52 -53 -54 -55 -56 56 -58 -59 60 -61 -62 -63
leaf_value=-0.024308765306446919 0.013022047357800895 -0.040737146360055439 -0.015656434216811732 -0.040809745423861524 0.028342325813793718 -0.0090706755086025614 -0.023194079667665755 0.015512468141433471 0.017107432283488041 0.033876885299304042 0.022569590615017635 -0.036417727558309153 -0.0393384149624064 -0.0085075666483323212 0.0062388664088650842 0.013975490768298827 0.056254206608090988 0.041226788802772384 0.10266281972082043 -0.016410453664318602 -0.014361169147728607 0.026733205905740343 -0.0061481760081247144 0.059246479376590992 -0.036047268399298227 -0.02852202751235456 -0.010128574013910168 0.026566026856160913 0.029500633385161873 0.087313680496166737 -0.028461114977168758 0.030705703458984712 0.051206234339924599 0.040925751151589383 -0.0097945199724680816 -0.0077742263827764073 -0.02148523591861641 0.059737729841502565 -0.012122934834816756 -0.0088018420608968941 0.081034599451385733 -0.03443267980906458 0.03629829555359159 -0.011822206040512562 -0.0010958236865621581 -0.027554213644286552 -0.0097147585978524156 0.011790987381032269 -0.040434158068392373 0.0050383243874790769 0.011347710566909024 0.023684022483067124 -0.04685065558082499 0.030484650830518125 -0.023704945309169955 0.022172369442484487 -0.022418903307843963 -0.0033069332127994575 -0.035448368612806203 0.013099275607328223 0.012726820027180572 0.030050315605894058
leaf_weight=0.94458271380427195 0.47712509787197577 7.5495111093114229 0.41809970664871743 9.4279446173786674 20.548146184388315 7.1410639018722604 19.857048833859153 26.281765099673066 10.438354839978272 14.680530272293252 9.3621380017211759 2.5510463626378606 9.4639581116134668 6.9249958482978382 10.88359257951379 0.29709353043290132 1.84052931444603 3.6883541790593899 0.29856332296003429 1.4511402300158804 12.691902360231323 0.22898669362985469 4.5396063892949314 6.0550858994211003 2.2154694337023084 1.2770865254678936 0.25264483246792213 6.6189218525250908 0.22077368678946996 0.99230420655658214 1.2930411066554373 1.5824907684109346 1.7328602162851887 2.0763144342490705 7.8774887671170291 6.1516567790822583 1.6643962110101709 2.3107858592138659 1.1812745051938693 0.20976463173428783 4.0827382295301504 12.998658683849497 1.8548967608949167 1.0033314119209524 2.338948042364791 1.1744408808335718 0.23996724025164429 1.9893068957280777 5.3131595805243705 0.70323939630907339 1.4906051761536216 1.7824149259977273 14.868838489146581 0.24215093831298873 1.3470112002287349 1.1794812040279792 0.77136923990474304 0.58493126099710924 2.1341113032412982 2.1708073154950398 0.21347022056579579 0.23343349304559513
leaf_count=7063 768 53 456 27157 151 138 141 200 90 146 107 8254 369 90 78 35 279 94 281 6195 137 41 127 762 3198 1083 866 140 530 319 1151 648 303 169 170 98 159 433 304 546 1784 141 36 825 106 2245 983 191 2538 2341 211 116 663922 1185 66 122 334 119 3093 159 1 100
internal_value=0.000927782 0.0036474 0.00558464 -0.00599855 0.0074166 0.00547549 -0.0039118 0.00199542 -0.00673632 0.0129659 0.00940138 0.0174662 -0.00248934 -0.0110165 -0.0150427 -0.00790234 0.01594 -0.0132482 0.0273466 0.000858675 -0.00170642 0.0337589 0.0172549 0.0300181 0.0213662 0.0350825 0.0514044 0.009281 -0.0414935 0.0210022 0.0349263 0.00362136 0.00681211 -0.00547733 -0.026495 -0.0281202 0.00918072 0.0412035 0.00230317 0.0741608 0.0653417 -0.0262944 0.0191232 -0.0326327 0.0225735 -0.011259 0.052308 -0.0258912 -0.0358745 -0.0374606 0.0522195 0.0695944 -0.0441421 -0.00430042 -0.00470189 0.0272006 0.00291852 0.0405988 -0.0199807 0.0401743 -0.0285745 0.00598242
internal_weight=284.416 268.139 252.712 35.2567 217.456 196.908 87.6005 67.7434 41.4617 109.307 94.6266 56.1049 38.5217 29.1595 31.0233 15.7826 6.83604 32.2878 40.3223 8.07979 20.9199 32.2425 8.22796 31.9439 24.3983 11.8345 7.52123 13.5439 16.2763 5.52874 4.0776 2.87553 12.5638 8.29513 15.427 15.6156 6.07966 2.96885 4.31326 1.20207 6.1178 20.1397 3.03617 11.3679 4.41526 1.40343 2.55075 8.94657 5.61025 10.1312 7.54569 5.86515 16.0556 1.18673 3.33632 4.26864 1.95085 2.31779 2.82471 4.01134 2.34758 1.23676
internal_count=743947 71247 71024 32653 38371 38220 788 647 447 37432 37286 36482 804 697 357 7130 4300 30781 29352 17113 358 12239 221 11958 10985 6475 5052 230 672700 8859 2664 1799 4510 3632 223 467 434 1872 1423 865 2766 279 340 30423 275 2286 1416 2830 2573 29498 973 1900 672170 8248 257 878 456 422 3862 438 3094 925
cat_boundaries=0 4
cat_threshold=8576 17039360 1350713472 32850
is_linear=0
shrinkage=0.05


Tree=81
num_leaves=63
num_cat=4
split_feature=10 21 16 15 5 13 6 17 0 5 6 9 11 10 13 9 10 5 0 13 9 3 11 9 17 10 13 22 13 9 0 5 13 8 10 5 2 9 5 4 4 6 4 10 9 3 2 11 11 11 5 13 16 9 9 11 3 2 3 16 6 11
split_gain=11.3783 4.25009 5.69691 6.28681 6.07835 5.30852 5.00452 5.91892 8.37792 5.47467 4.19017 4.16242 3.76 3.55807 4.09943 3.14789 3.00321 2.99467 2.90547 2.82106 2.60375 3.75499 2.60838 3.22535 3.16765 3.1385 2.96917 2.70073 2.44907 2.43355 2.7928 2.55258 2.34123 2.49839 2.28473 2.23157 2.12457 2.07378 2.06583 2.50493 2.15625 1.99687 1.97655 3.45303 1.93146 1.88676 1.88427 1.78741 2.71892 1.78068 1.80265 2.93995 2.55533 2.22644 1.68728 1.67491 1.5288 1.52823 1.429 1.40436 1.33078 1.32596
threshold=1.5000000000000002 0 30.500000000000004 799.50000000000011 2.1036721898790867 66.500000000000014 1.4825096952549903 1 394.50000000000006 1.3946161274746502 0.83341806473479085 0.55563197310102408 0.015523336818935633 8.5000000000000018 12.500000000000002 0.92319980339149688 9.5000000000000018 1.1549594808767683 1337.0000000000002 6.5000000000000009 0.38473507819980857 3117.0000000000005 0.032569105437188169 0.62413727450140433 2 13.500000000000002 78.500000000000014 3 31.500000000000004 0.66002832861189809 877.00000000000011 0.81029204930917531 14.500000000000002 1.3750584658559404 6.5000000000000009 1.7147096227214924 52.500000000000007 0.70005512679162074 0.85723765285809084 3791.5000000000005 8373.5000000000018 1.3846583136336841 8373.5000000000018 11.500000000000002 0.98903503498689516 2810.0000000000005 2395.5000000000005 0.013135593477636577 0.012716577372619916 0.046640057736242725 1.8676399026763992 9.5000000000000018 33.000000000000007 0.49983860555196907 0.56251870137642135 0.032428340662519144 4966.0000000000009 4316.5000000000009 4107.5000000000009 40.500000000000007 1.0678545493873897 0.015941238779676199
decision_type=2 9 2 2 2 2 2 9 2 2 2 10 2 2 2 8 2 2 2 2 10 2 2 10 9 2 2 9 2 10 2 2 2 2 2 2 2 8 2 2 2 2 2 2 10 2 2 2 2 2 2 2 2 10 10 2 2 2 2 2 2 2
left_child=-1 2 3 10 12 -5 18 8 36 38 37 -10 58 14 15 -13 17 -7 20 -14 21 28 24 42 29 27 -27 34 -3 30 31 -22 46 55 -26 41 -8 56 40 -40 -9 -29 43 -24 -16 61 -31 48 -12 50 51 52 -38 -52 -47 59 -2 -11 -4 -34 -33 -21
right_child=1 6 4 5 -6 16 7 9 11 57 47 13 19 -15 44 -17 -18 -19 -20 45 22 -23 23 -25 25 26 -28 35 -30 32 -32 60 33 -35 -36 -37 49 -39 39 -41 -42 -43 -44 -45 -46 54 -48 -49 -50 -51 53 -53 -54 -55 -56 -57 -58 -59 -60 -61 -62 -63
leaf_value=-0.043500814753252792 -0.014478224534014102 0.032813322382866418 0.015790814579242606 0.046257839306663835 0.079515649096891294 0.041288766481019153 -0.017144552913143943 -0.038554492352673157 -0.033047533561723984 -0.041675861958674315 -0.0349680346283276 0.032492143350041074 -0.024827218638944125 0.038356361120586185 -0.047311768289140979 -0.015021600661284388 -0.024319068212407539 -0.019627392616896611 -0.035103898415212324 0.030323240567195615 -0.0054870798341543729 -0.048975328713553118 -0.031255155929992208 -0.044512693990876706 -0.016869667602148981 0.019180908754339712 -0.021945057262640674 -0.043964722628884144 -0.03143711149760503 -0.021098482514345492 -0.015082141217261825 0.059881682296770905 -0.041078185037392197 0.013426438313921391 0.074528841944904264 0.013559016219195067 0.12240760817727821 -0.024014391650271819 -0.0098499060817542373 0.02803355515543305 0.02069553522029079 -0.0036460656755471625 -0.029753667952214638 0.049930346059982443 0.0039986362368538827 0.049803592089338308 0.049988670093063466 -0.049630138473642865 0.036730962381209209 -0.014365479586868461 0.060940683028656829 0.02849601570967171 -0.009920066986722367 -0.0034559327026115008 0.019876147062548047 0.030544873162864895 0.065133569649918469 0.019742648809411182 -0.042319841832859348 1.2920079091246666e-05 0.016454953896681571 -0.025817139914414252
leaf_weight=13.931101641386702 0.3938553907173622 2.6648220051010849 0.90650422518592977 7.5898557528780684 3.8103724924330882 4.2556738678231323 0.51937378425827674 3.7428667938002063 4.5043874971161122 10.996415824545689 2.1340096078256461 9.4645614881446853 1.9607816752195528 9.2402589168632385 3.7782481388931037 4.507860987985624 7.2211742453073384 2.5097165643655899 9.2170354214031232 0.63273339777515802 2.7492719372094134 6.9576784177152149 1.2208240728177755 7.026941511870973 0.48679550100860103 11.82637556836926 5.7084718654623421 16.354038924773715 1.527088072061815 0.63767437723982157 2.7874654449988148 6.1290124097395147 6.1957743928305717 7.2081298889643213 1.7764707432779685 1.9604760666843493 2.8198849350410424 0.79976459274803335 6.7592715840601185 9.5397160288339347 1.513697099406272 3.9638001447128763 1.8193373841713762 2.6185241527382459 2.7412136652419576 8.8585558149497974 2.5009077149443328 8.3736309458618035 1.3023680584738029 0.40125539571090563 1.7060374104730724 2.6449878507082758 0.24582538431423007 2.4632651339252334 13.661250030934751 0.50987225917197143 1.3346135957690419 0.53129618335515338 2.4563887347321725 2.9234784795153246 3.6669577792599739 2.0902680519011483
leaf_count=525378 3134 9705 2409 471 1013 411 10911 10806 71 9349 1881 163 681 95 132 210 167 160 122 220 1956 227 3108 26839 1972 229 95 41209 17229 1544 19 1573 10665 1620 117 4319 1721 6254 7854 77 12 1887 19 61 107 82 14 14804 244 2129 156 4118 517 1047 198 146 12 8 28 4414 586 8486
internal_value=-0.00105844 0.0013844 0.0109348 -0.00151823 0.026711 0.0153049 -0.00265172 0.00684233 0.0164694 -0.00865471 -0.0261813 0.00729482 0.017818 0.0142831 0.00214832 0.0171835 -0.0034576 0.0190736 -0.00960666 0.0240615 -0.0069642 -0.0287186 -0.00398551 -0.0241074 -0.000421483 -0.0086719 0.0053307 -0.0218889 0.00786043 0.00922585 0.0260824 0.0356671 5.90881e-05 -0.00780467 0.0137105 -0.0222644 0.0564251 0.025129 0.00391039 0.0126619 -0.0209119 -0.036639 0.00411137 0.0229911 -0.0280748 0.0286604 0.0339375 -0.0382698 -0.00564018 0.0613319 0.065444 0.0833135 0.111967 0.029586 0.0332656 -0.0234657 0.0483352 -0.0374952 -0.0266265 -0.0292056 0.0466555 -0.0081311
internal_weight=272.78 258.849 70.2915 35.9147 34.3769 21.5764 188.558 78.1204 45.0372 33.0833 14.3382 34.2365 30.5665 29.7321 20.4919 13.9724 13.9866 6.76539 110.437 27.2036 101.22 11.1496 90.0706 12.6856 77.385 42.0764 17.5348 24.5416 4.19191 35.3085 15.3327 12.5452 19.9758 16.8373 2.26327 22.2783 10.8006 2.52823 21.5556 16.299 5.25656 20.3178 5.65869 3.83935 6.51946 25.2428 3.13858 11.81 3.43638 10.2813 9.88 5.7107 3.06571 4.1693 22.5198 9.62913 1.72847 11.5277 3.36289 9.11925 9.79597 2.723
internal_count=745191 219813 40655 27538 13117 1209 179158 49483 21377 28106 26329 778 12104 707 612 373 738 571 129675 9667 129553 27161 102392 30027 72365 49828 324 49504 26934 22537 4134 4115 18403 16845 2089 47415 20599 9400 18749 7931 10818 43096 3188 3169 239 8986 1558 16929 2125 9688 7559 6356 2238 1203 280 15225 3146 9357 2437 15079 2159 8706
cat_boundaries=0 2 6 10 11
cat_threshold=1572949 131072 538968960 17039360 1073872896 80 536870912 17039360 65664 80 2098176
is_linear=0
shrinkage=0.05


Tree=82
num_leaves=63
num_cat=3
split_feature=0 22 4 17 13 0 2 6 13 0 11 9 15 13 5 9 12 2 11 15 8 5 11 12 11 8 8 12 9 9 17 7 8 12 0 8 12 9 11 4 8 15 12 16 6 11 11 11 2 5 11 16 16 8 7 5 5 11 11 5 11 5
split_gain=12.024 3.19068 5.7976 3.17598 4.8626 4.26349 4.07392 3.30749 4.18614 4.15724 3.36387 3.15456 2.89087 2.73391 2.59729 2.57517 5.52511 2.55583 2.5031 2.4611 2.42448 2.39423 2.33577 2.32713 2.28855 2.16029 2.36328 3.0362 2.61487 2.29299 2.11521 2.07731 3.02855 2.0109 1.97902 2.30229 1.9618 2.51941 1.81026 1.70735 2.49491 1.69042 1.66042 1.61642 1.57787 1.57585 1.52927 1.43831 1.42776 1.41537 1.51125 1.39551 1.38661 1.80993 1.29453 1.26346 1.23386 2.57694 1.94334 1.83234 1.56732 2.94735
threshold=10.500000000000002 0 112.50000000000001 1 66.500000000000014 1173.5000000000002 2173.5000000000005 1.5006251736593501 60.500000000000007 721.50000000000011 0.039390087150529315 0.84216632067407504 2849.5000000000005 66.500000000000014 1.9053221288515407 0.71191046425939586 0.15668148135604862 3190.0000000000005 0.032859209103860032 111.50000000000001 1.2917176039119806 1.1111665281241343 0.028071125902767696 0.011701610565146849 0.02342260198213704 1.1905492258252997 1.2416990020188716 0.027749316851897802 0.56251870137642135 0.79549678945589741 2 2592.0000000000005 1.269013793541826 0.084078333583032808 620.50000000000011 1.1665510864539994 0.021609900607523717 0.77784748361912748 0.033483050034745887 1305.5000000000002 1.3685792637907397 2241.5000000000005 0.041295148686813006 2.5000000000000004 2.0005154639175262 0.013135593477636577 0.015941238779676199 0.032859209103860032 2741.5000000000005 1.4287326668816513 0.032038135454058654 12.500000000000002 43.500000000000007 1.1539295845152679 1338.5000000000002 1.9263137483032773 0.99536250582374663 0.016254236979875717 0.015767172713370334 0.96009650180940909 0.0081186441405277174 0.57176079734219276
decision_type=2 9 2 9 2 2 2 2 2 2 2 10 2 2 2 10 2 2 2 2 2 2 2 2 2 2 2 2 10 10 9 2 2 2 2 2 2 10 2 2 2 2 2 2 2 2 2 2 2 2 2 2 2 2 2 2 2 2 2 2 2 2
left_child=-1 2 24 4 7 25 49 8 9 10 34 12 13 15 21 17 41 22 19 39 -21 31 30 -23 -2 -5 28 36 -27 -30 33 32 44 -4 35 -3 45 -38 -26 -13 -41 -17 48 -32 -9 -28 -45 -47 51 50 -6 -37 -16 -54 -44 -51 57 58 59 60 -29 -62
right_child=1 3 11 5 6 -7 -8 14 -10 -11 -12 18 -14 -15 52 16 -18 -19 -20 20 -22 23 -24 -25 38 26 27 56 29 -31 43 -33 -34 -35 -36 42 37 -39 -40 40 -42 -43 54 46 -46 47 -48 -49 -50 55 -52 -53 53 -55 -56 -57 -58 -59 -60 -61 61 -63
leaf_value=-0.04627145520850607 -0.011733280173125117 0.041961488704901836 0.03470603273258565 -0.034488867626960511 -0.031870370511709982 0.018546890385121636 -0.029346858605121953 -0.018476958860841122 0.033138185092971187 -0.023961964499346941 -0.037592609828402589 0.00091317236274082194 0.026316112101835726 -0.039698833228252461 -0.011470014121035876 -0.049284942290995809 0.051319172049847456 -0.0085000799121416233 -0.029347111803647182 -0.031789472778962505 0.022184280678872952 -0.017267791375360428 0.029700073557545798 0.051232876847251196 0.11763856980135907 -0.019507814722436297 0.012570181818563489 0.0066575002586734822 0.045987204030742496 -0.023499662859821985 0.020947624331602816 0.035314699271850068 -0.031821452464671045 -0.026190676960508148 0.039479179123968977 0.015327649841629272 0.050174382923655662 -0.017495054954813946 -0.0080499432324257214 0.066235186159812845 0.010041521879669002 0.019870231321156367 0.008550815543858838 0.01256296035174144 0.051888213490478979 -0.031231056446215384 -0.043609131575416529 0.019360057887857628 0.039995680923684447 0.05233835283785792 0.018032244858405239 -0.031889899098965745 0.063172024967513202 -0.012408746398933761 -0.036835333978918167 -0.016611612218843903 -0.037312187905184188 -0.043464861374679663 0.026592631670169301 0.033864374642452962 0.0270565686748536 -0.054647672963201999
leaf_weight=12.406244081419571 0.30366082175714737 2.3582341959700051 7.1488403753792209 11.105572005930297 1.5747341000005715 10.039311232452745 15.529864185111363 0.57082109408839299 7.6152081990894649 16.066387850994943 2.4506040316136923 2.1102015474152784 9.8758173209807847 3.3948988846732382 6.7768550304754154 5.9388844801342193 1.1025909914587826 18.308368765283376 1.2126976823310531 2.036870703823296 5.7208674023331696 0.89850595704046909 13.056220831329481 11.4371640216832 1.0464951633603048 3.1442861413815972 4.5427391014090954 2.5902429686775594 4.2871289526847249 0.85811809533151961 0.92164503483400295 3.8770105257281102 3.7649108305358823 0.86706088761457056 5.2683974330284391 2.8920418303514435 2.7836333767481838 1.5237678506637164 0.19170994535124908 6.6317886255401373 3.2140443497373781 0.46872971329503332 1.879846258965699 1.0259694518281319 1.4445917361808822 6.0468922175859916 5.3542142256028455 1.0345000162578797 1.8346596969349773 1.9535692179633772 2.7100737713590206 1.637885471616755 0.67103869244601788 0.99406255980466085 3.7006566089621629 0.34453047178794793 11.459575670667617 4.2330086511046821 3.3409863758442953 0.79225354222944577 0.77189455300322141 3.7396824341030879
leaf_count=615946 2377 7159 606 34760 2812 94 193 2104 1666 151 6850 5896 188 1675 3415 1433 883 115 4128 1365 403 399 2767 3791 1436 805 214 471 941 4991 277 41 1727 792 40 387 128 506 1950 813 115 5 5309 1309 2568 964 2300 801 14 631 1399 1543 293 585 124 405 5347 2607 238 116 237 853
internal_value=-8.86989e-05 0.00227949 0.00928188 -0.00187723 0.00386308 -0.00915856 -0.0159222 0.010242 0.00161874 -0.0053696 0.0086461 0.00806556 0.00266871 -0.00176661 0.022728 0.00128589 -0.0240764 0.00578551 0.0245488 0.029121 0.00600122 0.0314371 0.0149789 0.0453227 0.0849208 -0.0152969 -0.0105484 -0.0152469 0.0127702 0.0324601 0.00138001 0.0111121 -0.00793544 0.012301 0.0159817 0.00531253 0.00204751 0.02745 0.103276 0.0425013 0.0505086 -0.0422266 -0.00460539 -0.0115505 0.0324405 -0.00879432 -0.034098 -0.0223592 0.0120724 0.0154417 -0.00286799 -0.0044243 -0.000887693 0.030325 -0.0225705 0.0400989 -0.0251859 -0.0144819 -0.000902112 -0.0142202 -0.0231021 -0.038296
internal_weight=272.883 260.477 89.9316 170.545 98.2517 72.2936 22.1128 76.1389 45.7039 38.0887 22.0223 88.3897 67.4632 57.5874 30.435 54.1925 7.51021 46.6823 20.9265 19.7138 7.75774 21.993 28.374 12.3357 1.54187 62.2543 51.1487 42.8592 8.28953 5.14525 15.3177 9.65733 5.78032 8.0159 19.5717 14.3033 15.9315 4.3074 1.23821 11.956 9.84583 6.40761 11.9451 7.30183 2.01541 11.6241 6.38018 7.08139 6.36459 6.58291 4.28481 4.52993 8.44196 1.6651 5.5805 2.2981 26.9276 15.4681 11.2351 7.89407 7.10182 4.51158
internal_count=744458 128512 30833 97679 43606 54073 5440 38166 23243 21577 21426 25070 12350 12162 14923 10487 2321 8166 12720 8592 1768 10630 8051 4190 5763 53979 19219 12482 6737 5932 5284 6440 6399 1398 14576 14536 2613 634 3386 6824 928 1438 7377 3886 4672 1979 3609 1765 1944 5247 4211 1930 4293 878 5433 1036 9869 4522 1915 1677 1561 1090
cat_boundaries=0 1 5 9
cat_threshold=42499 553656320 17041408 65536 33872 0 262144 8388608 18
is_linear=0
shrinkage=0.05


Tree=83
num_leaves=63
num_cat=4
split_feature=10 12 0 21 16 16 21 10 9 9 19 0 16 0 12 11 11 15 11 11 10 13 13 13 15 9 12 7 3 4 13 9 2 1 1 7 20 12 4 11 12 11 11 16 16 11 10 12 0 0 13 12 11 13 9 4 10 12 1 11 11 7
split_gain=10.7852 5.17238 4.41793 4.11889 4.36333 8.27695 3.99571 4.12225 3.58854 5.61571 3.45198 3.29199 3.71884 3.12828 2.95366 2.76256 2.71559 2.60672 2.43546 2.26565 2.40441 2.24852 2.24806 2.20666 3.98458 2.11986 2.77566 2.44687 2.10291 2.0597 1.97356 2.42506 3.92467 2.43761 2.68217 2.42371 1.87588 2.96431 2.34716 2.24957 1.8495 1.83788 1.92294 1.68441 2.27454 1.66378 1.48837 2.75268 1.46817 1.45514 2.50308 1.69384 1.42044 2.00265 1.39826 1.73282 1.22293 1.18321 1.18042 1.16869 1.96372 1.16086
threshold=1.5000000000000002 0.025607531421540711 87.500000000000014 0 45.500000000000007 21.500000000000004 1 4.5000000000000009 0.81823556813702669 0.79072596616307378 2 572.50000000000011 33.000000000000007 877.00000000000011 0.036403463649642705 0.013135593477636577 0.03323023111914241 2849.5000000000005 0.032038135454058654 0.016254236979875717 8.5000000000000018 75.500000000000014 4.5000000000000009 66.500000000000014 562.50000000000011 0.56900854897010744 0.078411853232571008 1636.0000000000002 4966.0000000000009 2295.5000000000005 48.500000000000007 0.84629120879120889 3190.0000000000005 1155.0000000000002 725.50000000000011 1003.5000000000001 3 0.054527256148654675 6213.5000000000009 0.03109322092495859 0.069943534608871996 0.033483050034745887 0.015941238779676199 43.500000000000007 2.5000000000000004 0.0082212297741371485 11.500000000000002 0.029728935226302603 94.500000000000014 487.50000000000006 56.500000000000007 0.038322349237967297 0.032569105437188169 75.500000000000014 0.49983860555196907 112.50000000000001 19.500000000000004 0.021609900607523717 1091.5000000000002 0.012843146526283411 0.023578743004084881 3376.0000000000005
decision_type=2 2 2 9 2 2 9 2 10 8 9 2 2 2 2 2 2 2 2 2 2 2 2 2 2 10 2 2 2 2 2 8 2 2 2 2 1 2 2 2 2 2 2 2 2 2 2 2 2 2 2 2 2 2 10 2 2 2 2 2 2 2
left_child=-1 2 22 4 5 10 7 16 9 14 36 12 15 57 19 -8 29 30 25 -7 -21 -19 41 24 -12 26 59 58 -16 43 31 32 33 34 35 -5 38 45 48 -40 -11 42 -2 44 -4 -38 47 -20 -3 50 51 -50 -47 -54 61 -56 -39 -9 -27 -6 -61 -32
right_child=1 3 6 17 18 8 11 13 -10 40 23 -13 -14 -15 28 -17 -18 21 46 20 -22 -23 -24 -25 -26 27 -28 -29 -30 -31 54 -33 -34 -35 -36 -37 37 56 39 -41 -42 -43 -44 -45 -46 52 -48 -49 49 -51 -52 -53 53 -55 55 -57 -58 -59 -60 60 -62 -63
leaf_value=-0.042986411546411155 -0.010850362121324212 -0.019670945412747245 0.027834573333201842 -0.027225782838872239 0.053741167416626538 -0.063463130041200078 0.024178479870773917 -0.038336320356728709 -0.04284406766150034 0.0042645058479465073 -0.030358282658908803 0.047518039565726963 0.04278328935785547 0.0087933900017787888 -0.02609674391232128 -0.040487995973657633 0.061027292266361138 0.030889748709775629 0.029235192273004775 -0.040549638426866139 0.0098479572823068819 -0.014704646458027488 -0.015771670222378169 -0.050129696625279142 0.039487049273195067 0.020149623358654195 -0.030733566040073008 0.055377387088707167 0.0027929047547757581 0.032883384962612644 -0.01807187727500676 -0.038467574674070401 -0.033510260660432015 0.032491095961178107 -0.040489878768564157 0.041892958170741686 0.045802772745930732 -0.050446494556728165 0.023618021093325572 -0.0059296435903246555 0.077886275946479511 -0.011871359821541166 0.094568918896575996 0.02989405924107498 -0.029175983286326587 -0.032132183081701002 0.02102854092358309 -0.045168873223797049 0.017353645423916885 0.021451273809587806 0.0053643163280566513 0.078237995463186369 0.042757960963203501 -0.027309381142370096 0.027640531008266373 -0.042661261632331013 0.0081082749674568858 -0.0066143083965759172 -0.029592622282669435 -0.021323644995137319 0.037655547493950517 0.02902369067794568
leaf_weight=12.865070067558916 0.27413356334727756 0.64837178938251128 1.4413470838917399 1.1804062315914108 1.42627921974418 3.598899577295013 1.7956780793538216 9.666125969510178 9.0402631278793688 1.5633385587771038 4.2175895418658893 13.136113678221589 3.2272129000411951 7.8912248304113737 7.8314896173105835 3.4627453315952152 1.9028571215276304 4.4503679476383677 1.0443892200601106 3.7474447384865925 4.0977397128117445 4.5011217472128919 0.46073254204384273 3.267063216686438 2.3605902758354205 2.6275145763884207 2.2723802674154285 8.3855321242881455 21.408271059728577 3.9913008391595204 4.4999805903917176 4.5401293735594654 5.2658840959411455 6.9236200741288485 2.5061937799619045 2.3694563646349707 1.3642330638904221 3.2208021265523712 13.709290821936522 10.875798619556006 1.2708374650519543 0.31045185563380062 2.5880398787630838 1.5606764065450986 6.2193629587745818 1.6790184446490455 2.3079131198683172 2.7293112648821989 2.2708123144257133 12.153687432110017 2.6275696300144773 4.9933041412914463 1.5071259508968071 0.8500613210544542 0.27473231114527052 13.608274522634018 0.8141751670045777 4.72577348606137 0.79202326771337528 2.108133924830327 1.622948629372331 0.75717842578887928
leaf_count=524856 633 18503 36 15215 263 427 83 464 26669 288 22628 116 311 55 26375 844 462 155 197 1631 89 78 14211 8497 588 10920 3379 82 205 305 6891 17464 47 87 164 164 120 8197 150 101 1165 1617 2396 132 1274 1536 79 6608 339 206 487 1068 338 32 7571 6623 24 202 18 578 473 5
internal_value=-2.31277e-05 0.00227723 0.0146566 -0.00174836 0.00277602 -0.00109486 0.0107638 -0.00193048 -0.0157664 -0.00930535 0.0105523 0.0226684 0.00714361 -0.0158307 -0.0144434 -0.0180704 0.0170739 -0.0125201 0.0213935 -0.0348893 -0.0160884 0.00878948 0.0619199 -0.0114944 -0.00339095 0.0297566 0.0073918 0.0421559 -0.00555193 0.00689537 -0.0200853 -0.0094936 -0.000659708 0.0141116 -0.00852773 0.0179771 0.0140667 -0.00583955 0.0183917 0.010826 0.0489801 0.0742783 0.084277 -0.00646968 -0.0164742 0.0123244 -0.00552418 -0.0227665 0.0335474 0.0358982 0.0500496 0.0636081 -0.00583915 0.0168819 -0.031597 -0.0395063 -0.0393676 -0.0290264 0.00453948 0.0264534 0.00686774 -0.00773437
internal_weight=270.83 257.965 62.6538 195.312 144.434 119.118 59.0204 37.3987 52.5583 43.518 66.5595 21.6217 8.48564 22.2831 40.6838 5.25842 15.1155 50.8773 25.3164 11.4441 7.84518 8.95149 3.63336 9.84524 6.57818 19.2348 7.42974 11.8051 29.2398 13.2127 41.9259 22.7857 18.2456 12.9797 6.05606 3.54986 56.7143 9.43542 47.2788 24.5851 2.83418 3.17263 2.86217 9.22139 7.66071 5.40044 6.08161 3.7737 22.6937 22.0454 9.89169 7.26412 4.03621 2.35719 19.1402 13.883 4.03498 14.3919 3.41954 5.15736 3.73108 5.25716
internal_count=744721 219865 23141 196724 142260 119663 4284 2930 56849 30180 62814 1354 1238 721 28727 927 2209 54464 22597 2147 1720 233 18857 31713 23216 15713 4693 11020 26580 1747 54231 33141 15677 15630 15543 15379 31101 10247 20854 251 1453 4646 3029 1442 1310 2026 6884 6805 20603 2100 1894 1407 1906 370 21090 14194 8221 666 10938 1314 1051 6896
cat_boundaries=0 2 4 5 6
cat_threshold=524598 163840 17826082 32768 100450 28
is_linear=0
shrinkage=0.05


Tree=84
num_leaves=63
num_cat=5
split_feature=10 20 21 10 3 17 4 12 15 21 19 15 15 10 4 13 11 9 13 0 3 9 5 12 11 12 0 11 16 13 9 0 9 10 9 12 3 5 2 3 12 5 16 11 9 13 9 13 12 11 9 0 10 13 10 9 5 0 3 5 0 13
split_gain=9.98951 4.05193 5.46841 8.19959 5.31492 4.85602 6.33256 4.47934 4.12825 3.9526 3.33309 3.27529 3.12916 3.12291 5.4 2.92451 3.13769 2.86148 3.40673 2.78695 2.712 2.60762 2.54128 2.49865 3.70635 2.435 2.7057 2.39833 2.38065 2.6454 2.28972 1.93593 1.90949 1.90104 2.33103 1.88186 1.863 1.80218 2.23571 1.79562 1.73429 1.6322 1.5638 1.52998 1.48215 1.45272 1.39249 1.38407 1.63437 1.70812 1.33227 1.16449 1.15126 1.13676 1.08602 1.07939 1.26416 1.0202 0.956796 0.940363 0.912835 1.42493
threshold=1.5000000000000002 0 1 14.500000000000002 3518.5000000000005 2 112.50000000000001 0.035319885133315694 799.50000000000011 3 4 2500.5000000000005 1745.5000000000002 11.500000000000002 6213.5000000000009 66.500000000000014 0.039390087150529315 0.75724789915966395 21.500000000000004 10.500000000000002 2380.0000000000005 0.59557189542483668 1.2308989492800626 0.046616209398076432 0.030805084600367332 0.034244899543090908 690.50000000000011 0.024784522727354753 33.000000000000007 74.500000000000014 0.63163009564728156 362.50000000000006 0.26939799331103681 4.5000000000000009 0.97144555800917287 0.041295148686813006 3518.5000000000005 0.88141870684243584 1707.5000000000002 4107.5000000000009 0.044460196184112184 1.0006418485237487 44.500000000000007 0.032038135454058654 0.58982977806507231 35.500000000000007 0.51191545601916399 63.500000000000007 0.041295148686813006 0.016254236979875717 0.071611721611721621 96.500000000000014 21.500000000000004 15.500000000000002 7.5000000000000009 0.68966213019398304 1.3015451980969226 94.500000000000014 3518.5000000000005 0.28220211161387637 991.00000000000011 62.500000000000007
decision_type=2 1 9 2 2 9 2 2 2 9 9 2 2 2 2 2 2 10 2 2 2 8 2 2 2 2 2 2 2 2 10 2 10 2 10 2 2 2 2 2 2 2 2 2 10 2 10 2 2 2 10 2 2 2 2 10 2 2 2 2 2 2
left_child=-1 4 8 42 5 6 19 -5 22 10 11 17 21 14 39 -10 -17 35 -19 -2 32 36 46 41 30 26 31 55 29 37 -25 53 50 -34 43 -6 52 -27 44 -11 -30 -12 -4 -35 -39 -24 -3 48 49 -44 59 -21 -9 -8 -47 -22 -57 -46 -48 -7 61 -42
right_child=1 2 3 7 9 20 25 12 15 13 23 -13 -14 -15 -16 16 -18 18 -20 51 27 -23 45 24 -26 28 -28 -29 40 -31 -32 -33 33 34 -36 -37 -38 38 -40 -41 60 -43 47 -45 57 54 58 -49 -50 -51 -52 -53 -54 -55 -56 56 -58 -59 -60 -61 -62 -63
leaf_value=-0.042904662963591966 -0.011480307548859736 0.012798911218042672 -0.048941382916038931 -0.033707747933176206 0.011607060060522451 0.027061485047600881 0.023965255548111214 -0.021717654680677288 0.050025355842295595 0.024675818404566383 -0.033448581013713966 0.033991503711004109 0.042410840045931437 0.0069218599688939189 -0.043014217780557001 -0.026237687449383096 0.033949580026091185 0.046364282997819764 -0.00072058846334150783 0.12391646014900193 0.0028117430921392778 0.023759098919603233 -0.015741249865692367 0.008975464129611135 0.030145219274954338 -0.002571173176634084 0.03723488889533956 -0.032691421534433093 0.037040171094922393 -0.021664853337795133 -0.031319297844541558 -0.021463774784600105 -0.035804883933401636 -0.032742850026199713 0.036862702116149726 -0.017888883779227632 -0.043832399551701179 0.022470929443282574 0.012539029895004522 -0.01449688712765318 -0.038652832770993337 -0.0042727507341365619 0.031153832221697098 0.022042842805603327 -0.0064638811372096042 0.047671395890812963 -0.0031503982600208503 0.022149198384300163 -0.046156068765541201 -0.030407473787909534 0.0425885872387744 -0.0051114421754298364 0.035300691715606056 -0.022740619030281611 -0.011595370850031194 0.050585993552195667 0.0033895159602096272 0.090777890093113836 -0.050576383068782864 -0.028238896303910518 0.017491071938921424 0.023675361009805596
leaf_weight=12.483004578398321 0.29802725047556977 1.1238937130710853 17.150871199324687 5.2850984453180017 8.3428628147812578 0.24602667497675357 5.3278108749400435 0.70027398863748835 6.9644594912060693 4.3377966725202004 9.2234792250092159 14.59751288150437 5.6117251660325556 9.8156198534270498 15.505990205769193 3.330825392737097 3.3500680846009345 6.5786679545562929 7.7296913200407289 1.7056629915277879 4.1014539979478268 4.0842950055211995 1.5477253043809467 6.3483556621213229 7.8625032320705932 1.1036433288827545 5.234528101515024 1.3504596122456849 2.3811773672205154 0.69104038281148028 6.0668472811812535 6.0345800160866929 8.7529965692337992 3.5834981671505366 1.7839421268636213 12.051784542323729 3.1393619528098498 2.0208293904743169 2.3173216450959444 5.5077543439838337 2.2105878536476675 9.6596345287107379 1.4522172594297438 0.97119242582084542 0.14843981459307531 2.0784326168432021 1.567819219542798 1.0550163849929957 3.0834101184445899 1.0938039598877365 1.3380581689980315 0.10460798867279653 1.0074817246349992 0.79760706122215186 0.58708454308725766 3.7289426430306776 2.2445554841251578 5.2298564615521173 3.5730490997957531 1.251505101288785 1.232973246835172 0.51761213665304229
leaf_count=524259 15388 2148 72167 74 101 1301 2428 207 123 135 162 146 86 119 271 189 54 101 137 2210 361 122 2122 138 74 6774 41 307 544 1556 101 183 54581 2712 877 152 33 1525 62 105 6477 92 423 741 3282 1431 7007 1163 12702 2293 4102 8 47 1539 43 299 65 988 87 7027 11 498
internal_value=-0.000947525 0.00123929 -0.00848081 -0.0178676 0.00491367 0.0164313 0.0249879 0.00200938 0.00878414 -0.000988867 0.00477085 0.0124416 0.0163229 -0.0129476 -0.0255249 0.02953 0.00443336 0.00616335 0.0225425 0.101254 -0.00237342 -0.00268848 -0.0107988 -0.00549669 0.00525378 0.0246522 0.0104337 0.0151077 0.037217 0.0499988 -0.0115819 -0.00305621 -0.0149781 -0.0219498 -0.000545398 -0.00584439 -0.0252259 0.0560214 0.0622955 0.00344587 0.0103684 -0.0194892 -0.0410124 -0.0191957 0.0745305 0.0169273 -0.0292087 -0.016947 -0.0265099 0.00358957 0.0181755 0.117295 0.0125342 0.0155456 0.0350156 0.0238881 0.0358809 0.0875014 -0.0389811 -0.0119561 -0.00989911 -0.023649
internal_weight=270.607 258.124 67.7869 43.6636 190.337 66.7089 37.3563 19.8282 24.1234 123.629 88.4613 49.3005 14.5431 35.1672 25.3515 13.6454 6.68089 34.703 14.3084 2.1083 29.3526 8.93141 10.478 39.1608 20.2777 35.248 17.3945 11.4254 17.8535 11.5111 12.4152 12.16 17.9272 15.0916 6.33863 20.3946 4.84712 10.8201 9.71645 9.84555 6.34235 18.8831 23.8353 4.55469 7.39913 4.21324 6.26476 6.68445 5.62943 2.54602 2.83559 1.81027 1.70776 6.12542 2.66552 10.075 5.9735 5.3783 5.14087 1.49753 3.96117 2.7282
internal_count=744501 220242 102521 89317 117721 115887 43514 569 13204 1834 1204 637 495 630 511 366 243 491 238 17606 72373 409 12838 567 313 25908 4191 1032 21717 14187 239 4150 71341 58911 4330 253 287 12631 5857 240 7530 254 88748 3453 5795 3596 9242 16581 15418 2716 12430 2218 254 3967 1474 725 364 4270 7094 8328 6986 6975
cat_boundaries=0 1 2 6 8 9
cat_threshold=20 5 640 16777216 268648448 80 538443842 163840 106656
is_linear=0
shrinkage=0.05


Tree=85
num_leaves=63
num_cat=4
split_feature=0 12 22 11 15 5 1 2 17 6 11 1 9 9 6 22 12 17 11 9 15 6 13 15 13 11 9 5 5 9 11 12 13 13 12 8 9 11 1 13 9 13 2 2 13 9 8 15 5 6 8 2 11 0 11 11 9 8 15 15 13 11
split_gain=10.3829 2.68827 2.79254 4.32943 4.9734 3.91547 2.60005 3.14983 2.30275 4.30927 3.64081 3.65292 3.53964 2.62328 2.56031 2.50513 2.82998 2.20549 2.4557 2.94466 2.19549 3.29734 2.19422 2.19019 2.40868 2.18659 2.14156 1.91385 2.38541 1.84542 1.82797 2.0399 1.78838 1.88057 1.77205 2.37165 2.08589 2.2181 1.71611 1.70664 1.56384 3.39795 4.40073 3.95931 3.14379 3.00456 2.7346 2.16195 2.05433 2.12149 1.56119 1.48631 1.4685 1.79828 1.7637 1.46813 1.43571 1.41232 1.40541 1.39232 1.34029 1.47736
threshold=10.500000000000002 0.0030011090632081077 0 0.023962818609816673 2849.5000000000005 1.7546633381873658 1006.5000000000001 1503.5000000000002 1 1.8004739336492894 0.015523336818935633 1630.0000000000002 0.99687986760124614 0.63163009564728156 1.5563087160751568 2 0.01822012458626027 3 0.024922082076218693 0.79549678945589741 823.50000000000011 1.3005622413847566 16.500000000000004 3.5000000000000004 17.500000000000004 0.016254236979875717 0.72734476300244932 1.3132820744761047 0.9796705567472892 0.58982977806507231 0.022762712401648368 0.03742350405782769 20.500000000000004 85.500000000000014 0.039357368758373208 2.0119047619047623 0.72621310881767165 0.013033898512873314 1091.5000000000002 52.500000000000007 0.57900856793145661 70.500000000000014 2741.5000000000005 3190.0000000000005 29.500000000000004 0.48865711534630457 1.4546536796536798 2241.5000000000005 1.0323452484742808 1.4534522605806732 1.2555668244309219 823.50000000000011 0.032710533887625508 790.00000000000011 0.04162711929529906 0.031892655324190861 0.82360045467462351 1.3638105189829328 868.50000000000011 2500.5000000000005 82.500000000000014 0.007844721520419368
decision_type=2 2 9 2 2 2 2 2 9 2 2 2 10 10 2 9 2 9 2 10 2 2 2 2 2 2 10 2 2 8 2 2 2 2 2 2 10 2 2 2 10 2 2 2 2 10 2 2 2 2 2 2 2 2 2 2 10 2 2 2 2 2
left_child=-1 52 8 59 5 6 7 -5 9 12 -11 25 13 14 40 27 56 18 20 32 21 22 -15 24 -14 26 -12 28 38 -27 -29 -32 50 -34 36 -36 39 -38 -10 -19 41 42 44 45 51 -43 47 58 -46 -50 -20 -3 53 -2 -54 -26 57 -17 -42 -4 61 -25
right_child=1 2 3 4 -6 -7 -8 -9 15 10 11 -13 23 17 -16 16 -18 34 19 -21 -22 -23 -24 60 55 29 -28 30 -30 -31 31 -33 33 -35 35 -37 37 -39 -40 -41 46 43 -44 -45 48 -47 -48 -49 49 -51 -52 -53 54 -55 -56 -57 -58 -59 -60 -61 -62 -63
leaf_value=-0.045816242810544944 -0.005122102446607683 -0.017955616892475532 -0.049454905348029321 -0.034134589236657374 0.030211923231160145 0.025303009008452435 -0.035848914352709343 0.033353026391963976 -0.019459895570546989 -0.030433781280333902 0.055933554321740624 0.04892331348538638 -0.018816895866499702 0.060383563002320562 -0.021522155015736521 -0.020731505697821041 -0.043399168397181623 4.3580230957693006e-05 -0.027756073626914315 0.011031562963980489 0.040554491606750009 -0.028761479205282242 -0.00090314901988627113 0.025671593995172565 0.073890504396411177 -0.022561567275895332 -0.0092643087373153309 0.056703200391419142 -0.025038598250251412 0.013172007395311823 0.027537702291918265 -0.022716145131692362 -0.049230322596711146 0.017844410393400369 -0.037713920759864732 0.028470391615300513 0.033205367262577994 -0.015469312442139402 0.026227491676891708 -0.048937029157859975 0.019679604797220886 -0.032587782781749154 -0.021343558625759249 0.053405600238315046 0.019377054988257772 0.033606597661896213 -0.017621519268603652 -0.015970397227308544 -0.028847183777562152 0.031378171297734 0.0357207957143705 0.044421780701842495 0.071758882194246795 0.051009848162155695 -0.014133760108470712 -0.011860533785835996 -0.028411211812274285 0.04031610780392722 0.057987073451399529 -0.013187575397575617 0.031513540474559752 -0.034788190575804734
leaf_weight=10.948286169848869 4.5261285564502023 0.55165127108193956 6.7720141411045898 2.0250842183613811 8.0937880030196521 4.2652535649212941 12.159567436639916 3.0641639572568238 2.1239655780718767 2.2471090479612021 3.5111938251266173 10.781312739767598 0.55576185161407732 1.6706170820925779 6.3802737123460238 0.65593746060767433 10.197947845706947 3.2987026867631375 0.79692432297452054 8.6147575702889281 5.4514057211963509 3.860090638148904 3.1591274879974662 0.67664895111556722 3.3671967715945361 4.090385096631505 1.3959959169187639 1.8958694471839388 6.8277713822008081 11.530651067998406 3.8548364902035246 2.5125125691083667 5.5950757117498142 0.71546410122209625 13.098524215081849 0.77610402103164311 3.8544683566597087 3.6751061082541128 5.6740616492679692 2.8542734983384435 6.8391535793562088 2.9663801537099044 16.200716292834841 5.6976303020492196 5.3512394234458025 2.0317904861003626 2.788828061458843 1.5322072990111326 6.4573614259388705 0.94861640766612243 1.180390179484675 6.3211720204853918 1.7953023000845862 0.98692293115891505 0.39319514922499355 0.27915744678284671 1.109615216613747 1.9824008920950289 4.8486766966689174 5.4830669468628912 1.4618688252594436 1.9417203325228909
leaf_count=616160 1500 4182 7973 11780 108 2598 183 175 6738 1902 283 103 1571 474 1179 1055 37235 282 441 3737 450 845 2295 62 1490 1919 415 1877 3112 6936 924 2175 807 65 5942 31 156 1472 74 86 1050 1220 111 43 2533 273 73 35 1635 95 57 444 551 10 1125 564 2046 53 86 149 288 1302
internal_value=-0.000255397 0.0018658 0.000903866 -0.00948409 -0.00102903 -0.013602 -0.0240818 0.00530314 0.00334484 0.00582247 0.021932 0.0265159 0.00213613 -3.35742e-05 0.00653674 -0.00676595 -0.0184403 -0.00774039 0.00283905 -0.00893673 0.01845 0.00182889 0.0270175 0.0319462 0.0534875 0.0130218 0.0389576 0.00402375 -0.00523139 0.00302068 0.0235453 0.0073161 -0.0286456 -0.040225 -0.0150607 -0.0323466 -0.00678054 0.0104195 0.0129861 -0.0263428 0.00969318 0.00483196 -0.00273351 0.0282429 0.0129155 -0.00456262 0.0227066 0.031855 -0.00224693 -0.0183179 0.00940771 0.0377703 0.0291838 0.0112155 0.0567341 0.0661858 0.00547014 0.0236121 0.0388892 -0.0354476 0.0035997 -0.0163872
internal_weight=266.703 255.755 248.054 41.8629 29.6079 21.5141 17.2488 5.08925 206.191 169.356 33.5566 31.3095 135.799 127.517 68.9157 36.8349 13.9459 58.601 31.0439 16.9026 14.1412 8.68984 4.82974 8.28235 4.20212 20.5282 4.90719 22.889 14.6258 15.621 8.26322 6.36735 8.28785 6.31054 27.5572 13.8746 13.6826 7.52957 7.79803 6.15298 62.5354 46.5266 35.8308 10.6958 19.63 4.99817 16.0089 13.22 12.7572 7.40598 1.97731 6.87282 7.70155 5.51305 2.1885 3.64635 3.74795 2.63834 11.6878 12.2551 4.08024 2.61837
internal_count=744535 128375 125189 22966 14844 14736 12138 11955 102223 46934 11558 9656 35376 30099 12959 55289 40389 17140 9171 5107 4064 3614 2769 5277 3625 9553 698 14900 9924 8855 4976 3099 1370 872 7969 5973 1996 1628 6812 368 11780 10536 9000 1536 8889 1493 1244 1171 4263 1730 498 4626 3186 1510 1676 2054 3154 1108 1136 8122 1652 1364
cat_boundaries=0 1 5 6 10
cat_threshold=33588753 8448 17041408 1350647936 32850 32769 8192 0 1342177280 64
is_linear=0
shrinkage=0.05


Tree=86
num_leaves=63
num_cat=3
split_feature=10 22 5 8 10 12 16 13 16 10 12 15 10 5 4 16 13 13 13 5 12 13 13 15 10 13 13 11 8 12 6 17 5 11 5 13 13 10 8 7 12 16 8 6 7 8 11 4 6 8 6 10 4 7 15 10 17 12 6 10 8 5
split_gain=8.60505 4.05758 3.53563 3.2767 3.0751 3.06719 2.75711 2.62117 5.89234 3.75441 2.90617 3.04353 2.81383 2.75628 3.92736 3.6445 3.09207 2.56607 2.50679 2.30618 2.28401 2.44333 4.32683 2.7632 2.44427 3.74755 3.65798 2.4718 3.45081 3.14845 2.68122 2.15662 3.34966 2.49484 2.26432 2.13539 2.25178 1.89216 1.8546 2.15413 1.85116 3.19162 1.84226 1.83022 1.82938 1.77309 1.67084 1.85265 1.5828 1.57823 1.75099 1.51873 2.24776 2.81163 1.51688 1.49211 1.42679 1.40172 1.3953 2.00522 1.61337 1.9403
threshold=1.5000000000000002 0 1.6523618052684983 1.1964675608234561 3.5000000000000004 0.13502654714336623 49.500000000000007 69.500000000000014 27.500000000000004 18.500000000000004 0.025607531421540711 2500.5000000000005 20.500000000000004 1.1936328322918428 8373.5000000000018 18.500000000000004 10.500000000000002 1.5000000000000002 5.5000000000000009 1.08668887653118 0.21431703077467865 75.500000000000014 82.500000000000014 2241.5000000000005 6.5000000000000009 14.500000000000002 8.5000000000000018 0.026203390024602417 1.1781099218013422 0.040184133973233678 1.3846583136336841 1 0.76942551119766323 0.032186440285295256 1.1202409638554218 19.500000000000004 8.5000000000000018 9.5000000000000018 1.3214602892666838 2592.0000000000005 0.023804706893023778 19.500000000000004 1.3182500682500684 0.76126166749334911 2226.0000000000005 1.1980981373199111 0.024784522727354753 4301.0000000000009 0.83341806473479085 1.3283205186190263 1.3096114492801805 4.5000000000000009 2643.5000000000005 680.50000000000011 2241.5000000000005 5.5000000000000009 2 0.0030011090632081077 0.80775494863442765 6.5000000000000009 1.1249178712220764 1.060304208961832
decision_type=2 9 2 2 2 2 2 2 2 2 2 2 2 2 2 2 2 2 2 2 2 2 2 2 2 2 2 2 2 2 2 9 2 2 2 2 2 2 2 2 2 2 2 2 2 2 2 2 2 2 2 2 2 2 2 2 9 2 2 2 2 2
left_child=17 2 4 18 -2 7 -7 9 10 13 -9 45 54 16 15 35 19 -1 -3 -5 21 24 -23 -24 25 26 -6 29 -29 30 -26 33 -33 38 46 36 56 -30 43 -40 -35 -42 -37 -18 -31 -12 47 -34 -43 -17 -51 52 53 -4 -10 -52 -15 -20 59 -59 61 -60
right_child=1 3 51 5 20 6 -8 8 12 -11 11 -13 -14 14 -16 49 31 -19 57 -21 -22 22 23 -25 27 -27 -28 28 37 44 -32 32 34 40 -36 42 -38 -39 39 -41 41 48 -44 -45 -46 -47 -48 -49 -50 50 55 -53 -54 -55 -56 -57 -58 58 60 -61 -62 -63
leaf_value=0.020186705596105331 -0.034285255521561302 0.013806777545451988 0.0490498880050452 0.013105913116457325 -0.021314242200789826 -0.038165946864542895 0.010982388392668661 0.030634121249041215 0.0061667053433544852 0.04921095175575603 0.020976265785251608 -0.011941427690580049 -0.020481756391495257 0.014960821661770774 -0.038046154679807098 -0.032082470738293956 -0.021129589690469571 -0.04579275209547428 0.026915640288087156 0.071171918629489406 -0.035383262982922069 -0.045791484895544937 -0.030143529352036041 0.044029778341998088 -0.027256270042604443 -0.034866132226909763 0.038594543005605352 0.033925190267079956 -0.026889153538091001 0.023121187031503041 0.030184085538512952 -0.047123592400995104 -0.025593248756154242 0.026636756116903356 -0.032296544362702566 0.00014322826857930262 -0.042315948669042619 0.0097563893930885919 -0.00083665420445886123 0.034827225380879463 0.018064793877648169 0.012776975109646982 0.044946484999096606 0.044968605368193214 0.063205735427450921 -0.060599485117074026 -0.0308510467686611 0.031063996445375525 -0.051586779276067501 -0.033771142891206661 -0.01347475104662945 0.014473492685225429 0.10942675026116894 -0.011299445960416384 0.064159508579415325 0.032045225083795766 -0.0098963454774387786 -0.032136743388486287 -0.037532693369884643 0.026373073224805105 -0.042413971614555353 0.015147399296110996
leaf_weight=1.1178102056110208 2.961877883584747 4.8131021324679777 5.6813556595188839 4.2430524995434089 3.3020674779545498 7.2253456734579213 3.8060737208834325 1.50487217952105 1.9108369379955537 4.339843378547811 0.25484040139599784 11.890391588411147 1.5154827616061082 3.8826451450077002 6.1240320103242984 6.3935217357648053 0.58309106927663634 10.358874493689653 0.52722941900720144 2.7044069652511098 1.5879745249621908 3.6515566788366405 1.0345410227619143 2.833034001328997 2.8293415691114232 4.4566647484298292 5.690034316474339 7.611032761082245 5.3437038904285128 6.9870298239584354 3.3443195631662093 3.5987186362344792 0.95922055651862681 2.45144783665455 2.4188136597422263 3.2703474229620024 1.5613148791617275 7.0860194274137029 11.433456261929679 5.6820495845749965 3.2615291925721976 0.76526871461464896 6.739381536410292 9.5870585826178267 7.4936299966648221 5.8519279119645944 0.85372586316953025 7.2675590609578649 3.7733409398715594 1.663038439424781 2.3239643261586025 6.8783879694055932 0.53306651532329841 2.2607060154914507 2.9112249093013816 3.3527039443652029 2.4751152291155512 1.6359380786761932 2.0078152832265941 2.2948489282425726 11.295025487725068 3.2780023485920537
leaf_count=7780 39847 4619 8174 4423 405 20661 2212 363 554 57 26 204 17 515 50 3463 717 517091 972 505 4345 407 568 60 180 3478 770 228 203 851 59 3939 1197 477 420 889 767 126 1345 51 1079 604 755 1411 65 3081 1555 151 1019 830 1228 677 44 98 33 96 1222 44149 21020 868 18280 13434
internal_value=0.00226314 0.00430111 0.0125819 -0.000583109 0.00880783 0.00246257 -0.0217053 0.0047054 -0.00926712 0.00831085 -0.0227342 -0.0285743 0.0296245 0.00600614 -0.00448865 0.00296812 0.0126259 -0.0382636 -0.0166103 0.0418202 0.011328 0.0130764 -0.0123912 0.0220725 0.0167737 -0.00164369 0.0166635 0.0227537 0.00952649 0.0345553 0.00372972 0.00806465 -0.00680637 0.0125714 0.0031262 0.0174014 -0.00213949 -0.00682713 0.0235084 0.0122721 -0.00486753 -0.0166705 0.0316511 0.0396266 0.0466076 -0.0547227 0.0148297 0.0224001 -0.0403868 -0.0157768 0.000570756 0.0350177 0.048404 0.0325289 0.0461851 0.0141828 0.0121371 -0.0238797 -0.0263758 0.000443099 -0.0323973 -0.00765068
internal_weight=257.475 245.998 81.5663 164.432 66.2128 138.58 11.0314 127.548 25.8396 101.709 19.502 17.9972 6.33754 97.3688 37.7861 31.662 59.5827 11.4767 25.852 6.94746 63.2509 61.663 7.51913 3.86758 54.1438 13.4488 8.9921 40.6951 20.0408 20.6543 6.17366 52.6353 15.098 37.5372 11.4993 17.9288 7.91908 12.4297 27.2857 17.1155 10.2516 7.80014 10.0097 10.1701 14.4807 6.10677 9.08051 8.22678 4.53861 13.7332 7.33971 15.3535 8.47513 7.94206 4.82206 5.67667 6.35776 21.0389 20.5116 3.93079 16.5808 5.28582
internal_count=744714 219843 60585 159258 51592 55916 22873 33043 4278 28765 3674 3311 604 28708 9815 9765 18893 524871 103342 4928 11745 7400 1035 628 6365 4653 1175 1712 557 1155 239 13965 7262 6703 3323 4148 2504 329 3524 1396 3179 2702 1644 2128 916 3107 2903 1348 1623 5617 2154 8993 8316 8272 587 1324 1737 98723 97751 45017 52734 34454
cat_boundaries=0 1 5 9
cat_threshold=2130945 8448 262144 1342177280 32848 536870912 16777216 131072 2064
is_linear=0
shrinkage=0.05


Tree=87
num_leaves=63
num_cat=4
split_feature=0 21 5 19 1 17 6 5 11 8 12 12 8 8 11 10 12 5 8 12 10 6 11 12 11 5 6 2 11 11 8 7 3 21 12 10 6 10 8 12 10 5 8 10 8 5 11 10 7 8 1 11 6 10 6 6 5 1 10 1 8 6
split_gain=9.6811 4.25456 6.75848 3.4086 3.8609 3.21421 6.11028 3.42529 2.8948 3.18979 2.70993 3.09039 2.95321 2.5201 2.54578 2.25859 2.29221 3.88767 2.76788 2.21467 2.12396 2.63527 2.16123 2.09142 2.28894 3.13001 2.33775 2.07068 2.00989 2.13722 2.86603 1.95618 2.23391 1.88103 3.64379 2.24014 2.12611 2.50714 3.90179 2.77286 2.35325 2.69332 1.87529 1.85792 1.73216 1.66192 1.63133 2.04238 1.60892 1.59781 1.73213 1.52604 1.48288 1.46933 2.35135 1.75308 1.41946 1.37603 1.67792 1.3514 2.2902 1.21528
threshold=7.5000000000000009 0 2.0016920473773268 1 2717.5000000000005 2 2.4440765268579843 1.818720538720539 0.032859209103860032 1.1449544744356448 0.045536294381250182 0.09116799422498241 1.212158167036216 1.727819055944056 0.0080037833346674869 3.5000000000000004 0.045536294381250182 1.1765543824367357 1.1964675608234561 0.3097551086222613 14.500000000000002 1.2500816459830177 0.023829978727422506 0.2500963488548274 0.031550275956225754 1.0435436417129782 1.5267591937765206 2741.5000000000005 0.033483050034745887 0.024922082076218693 1.2702819399710592 2592.0000000000005 3117.0000000000005 3 0.01822012458626027 18.500000000000004 0.73588032940685921 8.5000000000000018 1.3685792637907397 0.0085671581817798898 7.5000000000000009 1.7397942250248923 1.2555668244309219 10.500000000000002 1.2272975658221561 1.0911648126838001 0.039706543111457673 19.500000000000004 2592.0000000000005 1.2608814057023778 1006.5000000000001 0.015844067137760043 0.99120874874410703 12.500000000000002 0.95925722567340677 0.68193928629097378 1.6257059803216629 1091.5000000000002 12.500000000000002 936.50000000000011 1.038585607940447 1.3640099626400999
decision_type=2 9 2 9 2 9 2 2 2 2 2 2 2 2 2 2 2 2 2 2 2 2 2 2 2 2 2 2 2 2 2 2 2 9 2 2 2 2 2 2 2 2 2 2 2 2 2 2 2 2 2 2 2 2 2 2 2 2 2 2 2 2
left_child=-1 2 15 4 8 6 10 42 9 -3 12 56 -5 33 -15 -2 53 18 46 -19 21 -7 44 24 26 -26 -20 -25 29 30 -4 32 -22 36 -35 57 -11 38 40 -40 41 49 -8 -24 59 -14 47 -18 -46 50 -38 -39 -13 54 55 -17 -12 58 -36 60 -23 -56
right_child=1 3 28 5 -6 20 7 -9 -10 13 11 52 45 14 -16 16 17 19 23 -21 31 22 43 27 25 -27 -28 -29 -30 -31 -32 -33 -34 34 35 -37 37 51 39 -41 -42 -43 -44 -45 48 -47 -48 -49 -50 -51 -52 -53 -54 -55 61 -57 -58 -59 -60 -61 -62 -63
leaf_value=-0.045219801712804576 -0.034076582304558789 0.062969926533552656 -0.02931629770296474 -0.040403866090235947 -0.026457785349364472 -0.042683928540961931 0.10150327541199036 0.0027824361282912206 -0.024077770394902585 -0.025441423594572611 0.040467243282857383 0.012206328280232123 0.032223502696427 0.073424235431968354 -0.00020143294963937756 -0.012857466464959114 -0.042093467285150704 -0.03184533189393355 0.041278062344980646 0.035423963039238192 0.018557245310034672 0.042702179955421006 -0.031326058910368049 0.028917702713511868 -0.038215109342656067 0.038827900699002472 -0.0088314836967340309 -0.045058630385295041 -0.0076275538357731447 0.076441978266989716 0.046791143308138744 0.021772064785257873 -0.039940273972847197 0.039974762248827449 -0.019315545825880059 0.016300376424883436 0.027796473073078184 0.0087035152790507341 0.019072531503505141 -0.045244726426800122 -0.033034847592668191 -0.016764633507445524 0.0079795664218343162 0.01883687898119241 -0.022735748282673687 -0.019068054399050006 0.030139585411735531 0.02704723864827633 0.027370602855673477 0.04029468656601172 -0.03350644065613289 0.037092040142426917 -0.044582489524723559 0.00060901858573486666 0.00033020040823799517 0.055634369675135999 -0.021864708782089928 -0.032696648354459124 0.029111919154513829 0.037303674932516927 -0.033770172473962953 0.023344878151112382
leaf_weight=9.4581251576628329 2.0883091970517844 1.9422963941869955 1.195392974203058 6.5479347327000195 7.4582287995144716 11.155625857736593 1.8426785969040786 2.3188450521356572 5.2037912858941118 2.4206539484493979 5.4735634571388783 1.413722907587726 2.3773505124299845 1.9613321645538229 1.9363537462450038 0.69631786143509344 4.0150490862524775 9.1254767672126 12.156776927004108 0.55768814847033432 1.9402357132312298 0.55178020625499113 14.521569868706136 0.66714149327890426 2.3577594378803037 1.2035982156030511 2.4471763079400253 1.52953532023821 1.0670604468850786 5.2013098093339067 2.1088552242654259 5.2554289773106575 3.1120688555820379 2.6110042353375347 4.0180645750460888 3.9503956988155542 1.3886151728893339 7.9756056989081143 1.7517867353253667 4.4675507934061898 1.2725251166757523 2.902313181930368 0.88576693067807344 1.4276921284417756 6.8795291611349967 2.0650049776631931 0.57234509390764277 0.62029156535936625 1.114719051402062 10.046173114322299 1.2303554468162472 14.229538830308227 1.6804732396030884 9.4581301630132639 9.3280245964833757 5.9453095712015056 0.42130955638276635 10.348650379746685 1.7842360911636204 3.2302035894972505 1.7112011706412884 14.016846739290484
leaf_count=590489 25485 6109 1849 2061 130 34456 852 866 10567 2723 1746 1928 414 82 278 403 2607 1635 1135 433 220 3042 19476 897 548 117 220 19 2424 1179 512 37 81 193 3317 60 3524 132 97 1155 101 1102 178 83 3203 306 356 8 10 2188 40 248 2158 90 755 585 236 125 79 59 8655 910
internal_value=0.00193035 0.00387802 0.0120795 -0.00112645 0.0052496 -0.00831151 0.00552633 0.0517295 0.00907577 0.0116212 -0.00542095 0.0141005 -0.0212321 0.00946031 0.0442744 0.00818475 0.00980081 0.000467902 0.0106976 -0.0250178 -0.0148883 -0.0227952 -0.0141033 0.0189177 0.0245176 -0.00937354 0.0328534 -0.0205737 0.0510167 0.0584023 0.0188433 0.00234522 -0.0181211 0.00693965 -0.00480218 -0.0145129 0.0112016 0.0160899 0.00421368 -0.0269961 0.0166072 0.0224141 0.081425 -0.0259893 0.000776048 0.00925819 -0.0193126 -0.0296835 -0.0134826 0.031962 -0.00230347 0.02771 -0.021992 0.0179241 0.0231896 0.0477107 0.0334873 -0.0225606 -0.00233336 0.0204074 -0.0077516 0.0145401
internal_weight=260.643 251.185 86.3584 164.826 88.8995 75.9267 25.0266 5.04729 81.4412 76.2375 19.9794 8.98907 10.9903 74.2952 3.89769 76.7858 74.6975 35.2528 25.5697 9.68316 50.9001 40.5923 29.4367 20.362 18.1653 3.56136 14.604 2.19668 9.57262 8.50556 3.30425 10.3077 5.0523 70.3975 22.7124 20.1013 47.6851 45.2645 23.0593 6.21934 16.84 15.5675 2.72845 15.9493 13.4874 4.44236 5.20769 4.63534 7.99425 12.6651 2.61897 22.2051 3.0942 39.4446 29.9865 6.64163 5.89487 16.151 5.8023 5.49318 2.26298 23.3449
internal_count=744973 154484 42167 112317 32250 80067 10745 1896 32120 21553 8849 6068 2781 15444 360 36203 10718 7975 5907 2068 69322 68984 34528 2936 2020 665 1355 916 5964 3540 2361 338 301 15084 3774 3581 11310 8587 8207 1252 6955 6854 1030 19559 14969 720 2971 2615 3213 5752 3564 380 4086 2743 2653 988 1982 3521 3396 11756 11697 1665
cat_boundaries=0 2 3 7 8
cat_threshold=20449301 164096 100392 2097408 16779264 4195328 16 536871170
is_linear=0
shrinkage=0.05


Tree=88
num_leaves=63
num_cat=3
split_feature=0 20 6 8 0 3 12 8 21 7 10 8 13 16 9 8 10 6 1 16 1 16 17 5 9 5 5 5 13 13 16 1 8 0 10 9 8 9 9 3 0 5 9 16 15 1 9 1 12 12 5 5 6 9 1 9 5 6 9 5 3 8
split_gain=8.97332 2.99216 6.14945 4.78201 4.45731 3.55491 3.15564 2.92993 3.68662 3.04166 3.12882 2.40922 2.40327 2.49198 2.4015 2.38455 2.35352 2.24936 3.19954 2.61104 3.56738 2.76655 2.55612 2.28817 2.46687 2.38304 3.20438 2.39496 1.93421 6.3896 2.29863 2.60815 1.87915 1.80993 2.77061 2.1807 1.78769 1.66598 1.64493 1.61034 1.55926 1.81072 1.97913 1.4557 1.37439 1.37351 1.23682 1.33574 1.83853 1.44617 1.22255 1.17891 1.34189 1.16121 1.14613 1.13946 1.234 1.12191 1.10644 1.57564 1.0912 1.08052
threshold=7.5000000000000009 0 1.4286320640310455 1.48392682586231 373.50000000000006 119.50000000000001 0.039357368758373208 1.4243514279485505 1 1507.5000000000002 4.5000000000000009 1.2967320036285555 63.500000000000007 11.500000000000002 0.47391890584564783 1.3332101047443008 2.5000000000000004 1.1906915640418791 1451.5000000000002 41.500000000000007 1630.0000000000002 8.5000000000000018 2 1.9990281827016523 0.34492053164792275 1.778156350558395 1.3015451980969226 0.66709292412617238 43.500000000000007 20.500000000000004 15.500000000000002 1333.5000000000002 1.5389676113360327 539.50000000000011 12.500000000000002 0.39320212042532149 1.4727960207052735 0.74520761881430675 1.0000000180025095e-35 3117.0000000000005 827.50000000000011 0.99536250582374663 0.64829441391941411 14.500000000000002 2500.5000000000005 284.50000000000006 0.92319980339149688 1451.5000000000002 0.038322349237967297 0.0030011090632081077 3.0033557046979871 1.0527428507844665 1.4825096952549903 0.71444879321591659 1630.0000000000002 0.99976076555023929 1.5194938440492478 1.2144303065355699 0.64829441391941411 1.818720538720539 2588.5000000000005 1.3516993895396803
decision_type=2 1 2 2 2 2 2 2 9 2 2 2 2 2 10 2 2 2 2 2 2 2 9 2 10 2 2 2 2 2 2 2 2 2 2 10 2 8 10 2 2 2 10 2 2 2 8 2 2 2 2 2 2 10 2 8 2 2 10 2 2 2
left_child=-1 5 3 4 -3 16 44 8 17 10 -10 -6 -8 -14 -12 -16 38 18 33 21 40 37 23 24 -23 26 27 -26 29 30 -9 -32 51 34 35 39 -4 -19 -2 60 41 42 -21 -34 -5 -43 47 48 49 -24 -25 -30 57 -13 -39 56 -37 -53 -38 -60 -7 -18
right_child=1 2 36 6 11 7 12 28 9 -11 14 53 13 -15 15 -17 61 19 -20 20 -22 22 46 50 25 -27 -28 -29 32 -31 31 -33 43 -35 -36 55 58 54 -40 -41 -42 45 -44 -45 -46 -47 -48 -49 -50 -51 -52 52 -54 -55 -56 -57 -58 -59 59 -61 -62 -63
leaf_value=-0.045022960683687795 0.037636496382493737 -0.033988951653342488 -0.038496036434924732 -0.0076448271369740084 -0.001619177045250721 -0.0076118112152297182 -0.029997945718190151 0.0016452455832884579 -0.027269431439808811 -0.028332300305561116 -0.021054234837863488 0.037145220710071973 -0.024981193807785743 0.044011635411652844 0.056634877538288865 -0.019759240005082637 0.076534346411476675 0.034160451019564039 -0.016086811695113109 -0.043310576355282585 0.057345052098961326 -0.034866595503931098 0.028617169659051641 -0.03573419839339189 -0.027134555050201955 0.059463272483243484 -0.018351223065214858 0.029331735985590357 0.046486559253391624 -0.051843287271322008 -0.0010185821687097481 0.085677704767286644 0.029087608879845291 0.021369218878994692 0.034013199300570528 -0.040180172846931428 -0.027818832574964439 0.01171180496060339 -0.027620032070900188 -0.019032399663095206 -0.031479212104586152 -0.018075541904332193 0.017936643436949288 -0.02293710698284734 -0.073708496517476005 0.042547268974911158 -0.04319191728524438 -0.022487912443199601 0.036211770481259259 -0.029209719484695015 0.011881584178787489 0.018605596756551164 0.035996999994445243 0.010784657180698711 -0.036113267193136199 0.011582343843457993 0.018161666373917324 -0.024411736816298973 0.031226795095333517 -0.030523922398094795 0.052774347229607513 -0.0087894081679171822
leaf_weight=9.0446515178164173 0.70202526905450113 3.5678500420226547 13.925132195839071 1.3673263843556909 9.4334627940479567 0.75283024824784983 3.2452478068062192 4.5539903519966192 3.3781695614434302 16.992994949054264 1.3420176568852182 13.100525830814151 1.2399736303977991 2.6559623882458254 3.7463808592547139 0.75927276192305715 2.4534597820002095 10.975265412325822 21.445272101060254 1.3032797893702066 5.787578772957203 1.2981899543920068 0.6255407770513578 2.7661189805403401 1.3266270517524485 2.4746974874869911 5.1900016350846263 15.923986426763802 9.0076338097169408 2.8846133769384323 1.3146497215639104 1.4245928724121766 1.1882624212921649 13.745361043867886 2.8671672416076026 6.5482499462668757 1.4983386802323355 3.5247791082365447 1.2328294539393025 1.4237161819983155 1.0870258553622978 0.54846436316620373 2.1949805681470025 2.5143348748697463 2.3056986248120666 4.3478822939596284 2.9698000151111037 7.5587187791461474 2.1473765925256885 2.7150847443790553 1.4832106753019614 2.0696400809101752 3.3357986490736948 7.4803493877407154 0.73474548012018193 1.0962981106495142 0.45381147909210984 2.0125122812678455 2.4105894829535832 0.57620440705795761 1.4532453715146403 0.20091219658570469
leaf_count=590853 2937 28686 20941 331 174 5061 779 245 14535 331 639 138 199 252 1197 157 4747 1370 143 528 52 646 25 547 1377 206 751 2356 461 438 297 25 127 167 132 18477 157 2150 24329 117 25 1479 2087 317 18 483 3842 77 2162 1094 227 151 113 154 4 3242 1495 55 531 447 46 502
internal_value=0.00132663 0.00317112 -0.00578202 0.00350067 0.0128122 0.00615883 -0.0240521 0.00525654 0.00238795 -0.0119411 0.0063906 0.0192921 -0.00275157 0.0214357 0.0269784 0.0425106 0.0458275 0.005895 -0.00191097 0.0116589 0.0295426 0.00683363 0.000613714 0.00822655 0.0163952 0.0203085 0.013638 0.0237405 0.0191986 0.00117397 0.0258661 0.0549245 0.0278259 0.00899851 -0.00327499 -0.0143469 -0.0301732 0.0246031 0.00081348 0.0151188 0.00872015 0.0167223 -0.00943679 -0.00360595 -0.0560142 0.0338427 -0.0115469 -0.0100019 0.00801077 -0.0142832 -0.0200168 0.0347115 0.0165893 0.0285079 -0.00183553 -0.0277639 -0.0346019 -0.00323252 -0.00202566 0.0146458 0.0362207 0.0694382
internal_weight=259.735 250.69 62.8067 44.3964 33.5822 187.883 10.8142 183.294 152.988 26.2188 9.22584 30.0143 7.14118 3.89594 5.84767 4.50565 4.58923 126.769 49.786 76.9834 15.2692 61.7141 46.4794 30.4628 26.2135 24.9153 22.4406 17.2506 30.306 10.1778 7.29323 2.73924 20.1282 28.3407 14.5953 11.7282 18.4103 15.2348 1.93485 3.62979 9.48163 8.39461 3.49826 3.7026 3.67303 4.89635 16.0165 13.0467 5.488 3.34063 4.24933 16.4256 7.41795 20.5809 4.25952 8.09836 7.00206 4.08215 4.48513 2.98679 2.20608 2.65437
internal_count=745631 154778 52807 30731 29152 101971 1579 69456 67227 16859 16528 466 1230 451 1993 1354 32515 50368 28880 21488 4654 16834 13310 6110 5336 4690 4484 3733 2229 1005 567 322 1224 28737 28570 28438 22076 3524 27266 5224 4602 4577 2615 444 349 1962 7200 3358 3281 1119 774 780 319 292 2154 23214 19972 206 1135 978 5107 5249
cat_boundaries=0 1 3 7
cat_threshold=20 7997554 163840 538968576 262144 1350565888 32834
is_linear=0
shrinkage=0.05


Tree=89
num_leaves=63
num_cat=2
split_feature=0 12 1 0 0 17 13 11 13 9 4 15 11 1 16 9 12 17 9 0 11 16 13 6 1 6 16 12 6 6 11 12 6 9 1 9 12 1 8 6 10 10 13 9 9 16 16 0 1 11 12 0 8 12 6 16 15 11 13 9 2 4
split_gain=8.86031 2.89139 3.79942 3.06798 2.33187 2.31556 2.73635 2.39359 2.37136 2.20189 6.32963 2.33138 3.16918 2.08356 2.03045 1.98143 1.92401 2.11396 4.40781 3.54144 2.9275 2.69783 2.73764 2.31874 3.4452 2.59235 1.96885 1.7611 1.73662 3.62094 1.71825 1.70077 1.69354 2.01626 1.68009 2.25187 1.6632 1.62927 1.61984 1.61226 1.49446 2.37857 2.13522 1.47008 1.43014 1.36929 1.36474 1.33706 1.9961 1.29442 1.54977 1.25111 1.21082 1.49568 1.15656 1.12349 1.10492 1.10305 1.08921 1.07506 1.04072 1.01915
threshold=10.500000000000002 0.13502654714336623 2717.5000000000005 12.500000000000002 2123.5000000000005 0 43.500000000000007 0.020949152749821998 74.500000000000014 0.38473507819980857 5041.5000000000009 1745.5000000000002 0.0082212297741371485 238.50000000000003 6.5000000000000009 0.031435276679841903 0.11771698468763643 1 0.74520761881430675 479.50000000000006 0.032276553101837642 10.500000000000002 63.500000000000007 1.8004739336492894 1155.0000000000002 1.1005550252494152 18.500000000000004 0.022723834561654891 1.2413930924226138 1.6000299132515707 0.016718913144855341 0.045536294381250182 0.82764261271763262 0.45729483282674777 1006.5000000000001 0.79072596616307378 0.151684308236923 1451.5000000000002 1.4077206925915415 0.65952226838995265 14.500000000000002 8.5000000000000018 27.500000000000004 0.32701294033069739 1.0000000180025095e-35 33.000000000000007 51.500000000000007 258.50000000000006 271.50000000000006 0.016254236979875717 0.0085671581817798898 790.00000000000011 1.3516993895396803 0.031734106841437799 0.80775494863442765 46.500000000000007 586.50000000000011 0.016033897791914217 62.500000000000007 0.63641519405024305 1094.0000000000002 27.500000000000004
decision_type=2 2 2 2 2 9 2 2 2 10 2 2 2 2 2 10 2 9 10 2 2 2 2 2 2 2 2 2 2 2 2 2 2 10 2 10 2 2 2 2 2 2 2 10 10 2 2 2 2 2 2 2 2 2 2 2 2 2 2 10 2 2
left_child=-1 2 3 44 28 9 14 55 60 10 15 13 -13 61 -7 46 17 18 23 21 31 -19 32 25 27 38 -22 -25 39 36 52 51 -23 -34 35 -14 58 -38 45 -3 41 42 -27 49 -2 56 -5 48 -35 -17 -51 -21 57 -54 -16 -8 -15 -20 -30 -36 -9 -11
right_child=1 4 -4 5 -6 6 7 8 -10 11 -12 12 34 16 54 43 -18 19 30 20 26 22 -24 24 -26 40 -28 -29 29 -31 -32 -33 33 47 59 -37 37 -39 -40 -41 -42 -43 -44 -45 -46 -47 -48 -49 -50 50 -52 -53 53 -55 -56 -57 -58 -59 -60 -61 -62 -63
leaf_value=-0.045107507060642996 0.095735656783014655 0.015378142484396579 -0.022514796345779357 -0.029184057449144665 0.042831781303609713 0.0080559603195165721 -0.039718940014425844 -0.014901423149250085 -0.021583692159556831 0.020091549216056437 -0.037530774349345514 0.043067386400084985 -0.0036547383200762661 0.049207913527063413 0.014316615957696933 0.055807546354828423 0.040837029836575528 -0.0045757978473731616 0.029168271761715991 0.015780450333255515 0.0072845364934412925 -0.0023243702677157468 -0.023728729774283603 0.014273924889755756 0.040171893412006172 -0.025394648589596405 -0.029343300715052922 -0.037215734344330162 -0.036847860382710401 -0.043766289711856046 -0.041559417922394863 0.02860835309287147 -0.017040722585559834 0.052143461543396157 0.01693331437920376 0.052280431781069281 -0.0077680508966190033 0.045859915512128258 -0.017512286957382949 -0.040772286974912059 0.012610857139787143 -0.048195043100543913 0.026066084072961904 -0.010285642140014567 -0.0090370052471881821 0.00090173231921231655 0.035277147770750465 0.068160514120718538 -0.025626024377162805 0.04097561670943619 -0.013622557132333835 -0.0098281145003129115 0.0075767516012495428 -0.045511964694565116 -0.045129169497387191 0.017131161615416744 0.0058000126410496294 -0.017821796308588194 0.019009221568493693 -0.00024267584776852132 0.033555744789362595 -0.033868611860350541
leaf_weight=9.2180505799615258 0.35051847734939556 0.95234661855466285 11.797030109271871 2.5120874176609536 0.6824173117056479 2.4620412008371222 2.6875843483248896 0.70120866564684359 2.4522527363087647 0.37674800551212584 8.9584367020797782 9.0609477925208903 2.6009194469115746 3.5741811430198158 0.44838824594444293 3.2695455812445271 2.9159259518855825 3.6922999903799782 2.2784248358329919 8.8553393308247959 5.855085648770908 1.3307961833088455 0.84611733323254235 2.80990834183467 8.2903006180422363 3.589567875103965 7.5490652844018769 2.0483621892817609 1.2690540960647902 2.8214660147668837 7.0783107750103227 10.51301917832461 0.48779709692826045 0.41931197240410067 14.344589621352496 4.0596489247200225 1.7323207247691241 3.2937463167727401 2.9043193872712427 8.2985368907338835 2.6649164253321933 4.825431874844071 2.6047598016484699 1.6223603009620999 0.22055018952232786 5.4645883778794087 0.16351771404515592 7.9482028096390422 1.0262576716741021 1.2608188748981777 2.2398523660231149 8.3096205932088179 1.9191045453553672 2.0386223910754779 7.3733875427833482 0.5161579617015376 2.5976536551970639 1.1788743154756955 0.63613005647857779 22.354517732572276 7.2538429110936704 3.831412354738859
leaf_count=615950 515 9438 194 1847 10 1788 2670 3151 998 982 224 103 163 214 2677 1004 271 595 156 146 74 361 400 172 58 294 149 265 284 12094 1439 171 108 345 115 259 7780 39 71 17328 37 87 110 1144 6213 245 54 741 1512 116 2443 70 80 132 14683 433 58 147 121 188 164 30624
internal_value=0.000528462 0.00239742 0.004002 0.00554209 -0.0155231 0.00501209 -0.00781348 0.00387431 0.0155252 0.00669601 -0.0083416 0.00886897 0.0175742 0.00494666 -0.0291797 0.016436 0.00629115 0.00504603 -0.00231334 0.0107385 0.00457374 0.0319955 0.0426864 0.00567387 0.0222033 -0.00252245 -0.0139489 -0.0100823 -0.0196551 -0.00409883 -0.025502 0.0137176 0.0492309 0.0557497 0.0113961 0.0328122 0.0155307 0.0291543 0.0118018 -0.0340555 -0.0175099 -0.0252372 -0.00313976 0.0276605 0.0752753 0.0199251 -0.0167187 0.0608054 0.00902976 0.0369071 0.0107769 0.00352468 -0.00705664 -0.0234334 -0.0404848 -0.0286634 0.0342942 0.0127419 -0.018074 0.00674199 0.0280974 -0.0261075
internal_weight=257.439 248.221 228.535 216.738 19.686 216.166 23.8949 13.611 10.4073 192.272 20.0266 172.245 52.4206 119.824 10.2838 11.0682 115.616 112.7 55.8673 56.8329 41.0821 15.7508 12.0585 41.374 13.1486 28.2254 13.4042 4.85827 19.0036 9.75272 14.4933 27.678 11.2124 9.88157 43.3597 6.66057 6.93125 5.02607 14.5407 9.25088 13.6847 11.0198 6.19433 8.39258 0.571069 11.6364 2.67561 9.39377 1.44557 6.77022 3.50067 17.165 7.41503 3.95773 7.82178 3.20374 6.17183 3.4573 1.90518 36.6991 7.95505 4.20816
internal_count=744304 128354 81260 81066 47094 74338 26564 7416 4313 47774 6832 40942 828 40114 19148 6608 8508 8237 3565 4672 610 4062 3467 1611 495 1116 223 437 47084 20318 1954 387 3067 2706 725 422 8224 7819 588 26766 528 491 404 4707 6728 517 1901 2598 1857 3563 2559 216 515 212 17360 3103 272 303 405 303 3315 31606
cat_boundaries=0 4 8
cat_threshold=536879872 17039360 1350713344 32850 8960 262144 1342177280 2
is_linear=0
shrinkage=0.05


Tree=90
num_leaves=63
num_cat=3
split_feature=0 4 20 6 16 8 6 17 10 16 11 9 16 8 17 9 10 15 6 5 8 16 11 6 8 2 8 16 8 0 16 13 9 6 3 5 16 8 6 0 10 15 16 0 5 9 16 13 11 11 1 7 0 5 11 16 2 13 16 11 8 11
split_gain=8.42672 2.9418 2.35357 4.56409 2.74478 2.70228 2.5947 3.15905 4.40942 4.85248 3.2915 2.81415 2.69462 3.40495 2.99427 4.17974 2.95313 2.38889 2.33252 2.6091 2.17413 3.18305 2.31755 2.07438 2.0492 2.01035 1.95817 1.89943 1.7717 1.88075 2.21686 1.72376 1.66835 1.78035 1.63048 2.24536 2.92352 3.60183 1.88087 1.90942 1.63243 1.59 2.02587 1.79916 1.53696 1.53453 1.52632 1.51472 1.65241 1.50828 1.4555 1.42099 1.37672 1.37605 1.37469 1.37072 1.36567 1.34855 2.6301 2.15747 1.32969 1.51799
threshold=10.500000000000002 27.500000000000004 0 1.2632787942290646 2.5000000000000004 1.2608814057023778 1.3989427817270228 1 10.500000000000002 42.500000000000007 0.010387283631103165 0.99747792789354517 28.500000000000004 1.4375188593844299 2 0.6078658841726946 9.5000000000000018 3332.5000000000005 0.97305078591067085 0.82124241432276601 1.3576555592527455 8.5000000000000018 0.0081186441405277174 0.75012742099898067 1.2330725186951119 1360.5000000000002 1.48392682586231 25.500000000000004 1.3624192886201623 827.50000000000011 44.500000000000007 66.500000000000014 0.45729483282674777 1.2751132930513598 4966.0000000000009 1.8880993788819878 21.500000000000004 1.2727700333532885 2.4707866952448998 355.50000000000006 14.500000000000002 2500.5000000000005 12.500000000000002 937.50000000000011 2.5010402219140091 0.82808964932126705 8.5000000000000018 7.5000000000000009 0.023711863982801642 0.031550275956225754 1333.5000000000002 2592.0000000000005 258.50000000000006 1.1549594808767683 0.012939026289157244 21.500000000000004 3190.0000000000005 37.500000000000007 40.500000000000007 0.03109322092495859 1.4640029617816257 0.031550275956225754
decision_type=2 2 1 2 2 2 2 9 2 2 2 8 2 2 9 10 2 2 2 2 2 2 2 2 2 2 2 2 2 2 2 2 10 2 2 2 2 2 2 2 2 2 2 2 2 10 2 2 2 2 2 2 2 2 2 2 2 2 2 2 2 2
left_child=-1 55 4 5 54 46 11 34 9 10 -9 12 13 18 28 23 -15 31 19 -6 -7 -22 -23 -16 25 -21 -12 -24 32 30 -30 57 33 -14 35 36 40 38 39 -38 -8 42 43 45 -37 -20 -4 48 -11 -34 56 -39 -46 -26 -3 -2 -44 59 -59 -5 61 -61
right_child=1 2 3 17 6 20 7 8 -10 47 26 -13 14 16 15 -17 -18 -19 41 24 21 22 27 -25 53 -27 -28 -29 29 -31 -32 -33 49 -35 -36 44 37 51 -40 -41 -42 -43 50 -45 52 -47 -48 -49 -50 -51 -52 -53 -54 -55 -56 -57 -58 58 -60 60 -62 -63
leaf_value=-0.044905890190694971 -0.011232214791133524 -0.021192398173469171 0.010543327920666652 -0.048721025712759145 -0.039881626128565204 0.028612705302151022 0.047335539439769286 0.023549859771675372 0.025912711499023557 0.061072274803444543 -0.048181872366205851 0.031793616165992397 -0.021108421900576352 -0.032403595639350524 -0.030221339881321471 -0.041333361499433813 0.037423775303056336 0.014237460968884112 -0.031793895995741894 -0.02222667180858328 -0.030597115013871037 0.041522086055260712 -0.026348143955174631 0.014595188353589467 0.0071794514099632889 0.044938705845231991 0.011664781437232 0.013354605052754121 -0.04649421848155802 0.032925891511165477 0.022656793508674 -0.050761655357699886 0.047836956610681478 0.040382524462549446 0.0029338639146460127 -0.018596140531043946 -0.021310684628642759 -0.034363279958859766 -0.00351167246688371 0.042678883455913905 -0.014184622373777876 -0.0059483310506452123 -0.027721747358807936 0.031131986622325743 -0.011882129940104659 0.020770840795564911 -0.038959652170106135 -0.021247617188652188 -0.0081713076405245787 0.0021141058676410868 -0.058180885031913647 0.025583854990889551 0.028760011876996883 -0.038696844442532269 0.035014270939935956 0.075917066684455178 0.031843136042597718 0.019825296233124644 -0.032585849384555547 0.022556927029567631 0.039066703196330155 -0.033394791138818165
leaf_weight=8.8138060845558339 0.28819867500533181 0.56119652505185413 1.754578164387566 5.2281261686948799 2.311279803641809 9.9311415935208078 14.191410377388816 1.5634208778501548 5.9118518626055439 1.7651019008353612 11.250922731738681 4.5370401194413708 2.555446344342275 1.2224883877770469 2.3420056556997251 6.7058914895314947 4.5324070346814551 3.2251361806793275 6.2043075752735657 0.77738923109063574 4.9081960546573127 3.7776539566821148 3.5225845768654827 10.570244898315648 3.9327768766797817 3.9191238715757208 1.1499535684033606 8.0220018056124882 2.1650743345362566 1.2649979710113255 1.0751332532781814 5.6185612351464433 8.474572826695292 0.76014532171029703 16.992291779286461 4.4067723433181509 0.71537801795057276 3.6822574831267039 3.9097962251853451 8.7790218616864859 0.72805178235285062 7.0176618530367696 1.8099656059639513 0.98472214420326043 2.493497304894845 0.98771665668209596 3.9424806684000941 0.61645868681171112 0.94316271635761939 2.3455566059728872 7.8755548780609388 0.47472171625122417 5.0439773185571539 1.5318090563150688 8.7622064925690193 0.93730611040336953 0.50481746532022942 4.6987463396790181 3.1331601219599179 1.0464196933999126 0.53880638378359424 2.3497909968446038
leaf_count=616200 1427 653 2845 7300 4697 2994 4851 1252 99 425 13006 6709 1477 469 1781 6372 106 52 1939 6897 527 272 742 3021 691 76 116 1196 222 23 194 2483 3368 81 142 1629 3711 1402 1797 182 14 165 4827 8 1858 1742 12456 1787 1129 1458 87 3 260 576 2864 1777 3 2772 1748 178 184 5353
internal_value=0.000524848 0.00234791 0.00181415 -0.00602998 0.00459519 0.00456291 0.00331669 0.00948931 -0.00605463 -0.0211153 -0.0337353 -0.00276747 -0.00504328 -0.0134061 0.00458828 -0.00818601 0.0199895 -0.0225997 -0.0188666 -0.000969688 0.0106444 0.000891549 0.0122349 0.00487844 0.0106616 0.031871 -0.0421759 0.000105509 0.014533 -0.00464373 -0.0236172 -0.0282338 0.0301497 -0.000920094 0.0140786 0.0212822 0.0279258 0.0129513 0.0252399 0.0362862 0.043631 -0.0272899 -0.0347159 -0.013728 0.00245434 -0.0229206 -0.0244159 0.0274346 0.0412573 0.0389427 -0.0488249 -0.0238839 0.0154981 -0.00967709 0.0299059 0.0595844 -0.00904405 -0.0183791 -0.00245736 -0.0304069 -0.00113243 -0.0149457
internal_weight=252.086 243.272 242.047 61.6974 180.35 35.8586 171.026 84.618 23.2009 17.289 13.9643 86.4081 81.8711 43.612 38.2591 19.6181 5.7549 25.8387 37.8571 12.4724 30.1616 20.2304 15.3222 12.9123 10.1611 4.69651 12.4009 11.5446 18.6409 4.50521 3.24021 22.6136 14.1357 3.31559 61.4172 44.4249 32.4806 17.5612 13.4042 9.4944 14.9195 25.3847 18.3671 8.17675 11.9442 7.19202 5.69706 3.32472 2.70826 10.8201 10.1903 4.15698 7.53747 5.46459 9.3234 1.2255 2.31478 16.995 7.83191 9.16314 3.93502 3.39621
internal_count=744675 128475 125271 41102 84169 21032 80652 33663 17814 17715 14374 46989 40280 22283 17997 11174 575 20070 21708 12937 5731 2737 2210 4802 8240 6973 13122 1938 6823 439 416 20018 6384 1558 15849 15707 11960 7095 5690 3893 4865 8771 8606 3689 3747 3681 15301 3341 1554 4826 4917 1405 2118 1267 3517 3204 4830 17535 4520 13015 5715 5531
cat_boundaries=0 1 5 9
cat_threshold=20 538968064 17041408 277037056 32850 2105984 0 1082196096 80
is_linear=0
shrinkage=0.05


Tree=91
num_leaves=63
num_cat=3
split_feature=0 0 12 21 12 11 13 16 13 13 19 11 5 12 9 3 4 11 0 3 0 3 5 7 7 5 11 13 2 4 0 13 2 19 16 9 7 0 11 13 8 9 6 6 8 11 6 0 11 12 11 12 8 0 5 0 9 7 5 5 11 9
split_gain=8.34271 2.96422 2.666 2.99265 3.44781 2.51085 2.45947 3.20914 3.29897 2.37489 3.41081 3.40524 5.36952 2.77085 3.03948 2.46803 2.35696 2.23241 2.22543 2.8217 4.73839 2.24926 2.20442 2.159 1.9745 1.89893 1.8625 1.83814 1.98246 1.8304 1.81933 1.8149 1.65844 1.64761 2.6627 2.00168 2.19554 2.18232 1.76109 1.64606 1.64522 1.53008 1.51561 1.50585 1.41045 1.40361 1.36867 1.33847 1.26729 1.23612 1.2318 1.17224 1.14823 1.06464 0.944653 0.943843 2.94238 0.92082 0.912764 1.01465 1.29388 0.89829
threshold=10.500000000000002 2123.5000000000005 0.066128879253653086 0 0.042318307653190008 0.019568660496526061 85.500000000000014 9.5000000000000018 52.500000000000007 66.500000000000014 1 0.012364406720735134 1.3848076923076926 0.078411853232571008 0.99818669033997509 6467.0000000000009 112.50000000000001 0.023829978727422506 991.00000000000011 4966.0000000000009 721.50000000000011 2810.0000000000005 2.5895721925133697 1945.5000000000002 1507.5000000000002 0.74782491740990753 0.015941238779676199 16.500000000000004 2741.5000000000005 8373.5000000000018 827.50000000000011 57.500000000000007 322.50000000000006 2 2.5000000000000004 0.98621217721920063 245.50000000000003 460.50000000000006 0.016177966026589278 99.500000000000014 1.1951513370555393 0.97224487946347671 2.0005154639175262 1.2855578727841503 1.3548576627118003 0.023578743004084881 0.80775494863442765 539.50000000000011 0.024164245596953803 0.022723834561654891 0.02898228018911499 0.076476069227078017 1.3685792637907397 602.50000000000011 1.4547727272727276 666.00000000000011 0.69447496947496956 1266.5000000000002 1.060304208961832 1.1936328322918428 0.032569105437188169 0.64294755877034371
decision_type=2 2 2 9 2 2 2 2 2 2 9 2 2 2 10 2 2 2 2 2 2 2 2 2 2 2 2 2 2 2 2 2 2 9 2 8 2 2 2 2 2 10 2 2 2 2 2 2 2 2 2 2 2 2 2 2 10 2 2 2 2 10
left_child=-1 2 3 4 6 40 7 50 -9 10 15 53 -13 23 22 24 17 26 19 21 25 33 30 -12 32 -21 -5 42 -29 -20 47 -26 -4 35 -35 38 -37 45 54 44 -6 51 48 -14 -36 -38 -7 -15 -23 55 -2 -34 -46 -11 -18 56 58 -54 -40 -60 -61 -53
right_child=1 -3 9 16 5 46 -8 8 -10 11 13 12 43 14 -16 -17 18 -19 29 20 -22 27 -24 -25 31 -27 -28 28 -30 -31 -32 -33 41 34 39 36 37 -39 49 -41 -42 -43 -44 -45 52 -47 -48 -49 -50 -51 -52 61 57 -55 -56 -57 -58 -59 59 60 -62 -63
leaf_value=-0.044702192929300444 -0.02333347505448783 0.047038047245747845 -0.023727741461564134 -0.012556446284675627 -0.023988298282978091 0.023972745555629661 0.021820383153532734 -0.010582332047545674 -0.069147317515272366 -0.019864661796894389 -0.024023115000107401 -0.05405377964232471 0.049263111950144552 -0.034689351428275034 0.029335303707504395 0.037638216223740084 0.036883316696989209 0.0022878276528450745 0.0056532555651567654 -0.0090098162160135477 -0.024559895081847007 -0.036574733564900951 0.03368750635996158 0.03122675253380075 -0.031651248396635287 0.019677568988216289 0.083380560674204351 0.016603840937037966 0.04995439824253934 0.029666718812756444 -0.051986983433005944 0.012183549049374472 -0.014374680875748289 0.02698620974524369 -0.042306881304984251 -0.022398972086444445 -0.011258129950613947 -0.0048714876784301496 -0.019819084004992799 0.031168713590365812 0.040028292264581017 -0.020340446005999449 0.017047042269315815 -0.018798658866457565 0.02627047521312556 0.072852476971616703 -0.028673068839145322 0.00024365323886216565 0.005615619920185117 -0.024188199408622477 0.032587889419852911 0.0028158052230182209 -0.029184180818082769 0.025750455428351957 -0.0065509019310088712 0.028032275502797604 -0.039671971586428795 0.015659190227040518 0.054118492244667332 -0.020979268611360444 0.028452161141005707 0.060439540229677895
leaf_weight=8.4365593629163396 0.70673616056956534 2.8012067450326859 0.82554156779133858 0.33071090668545311 0.52452954746877178 0.84119742077018589 1.5223160577061197 4.4507338497360234 5.5856905139871742 1.0064515677504449 1.8334307304103266 8.3639974231664365 1.2414054482987911 4.5174261026877591 1.6066337930587895 7.4768928959965697 3.481872885550735 2.2469396687893095 15.45745181548409 8.658178584926647 18.671774209709838 2.6109387624310312 0.5087885103721409 4.0651553479401628 4.2986258211640234 13.886207781208212 1.7373775816231498 23.216458408278417 5.2484286792168851 16.664535744814202 7.2566187468837589 3.5149274850846268 0.37295288045424957 2.2568224067654219 6.6859088867640786 0.80319464474177849 0.28815986055269638 1.3658594970038391 0.61548085071990311 0.45009674584798709 4.6999251386396281 0.53845816885677766 5.8971986409451347 0.61418682279327175 1.0193374373402546 2.9581849700789462 3.5814290148882719 5.4237146534505882 3.0592430461911135 5.1079161303059655 1.5970376237401067 0.93327469209180014 3.2361973672377644 3.0820099502452649 1.3666800189175772 2.0124321840703487 2.6302514104336296 0.85180686996318389 0.98593823991177476 1.509026930179971 1.8686959355618453 3.0540332291111554
leaf_count=616926 439 71 18519 1048 942 468 160 4327 647 3031 3086 6403 1070 23977 5493 66 2043 8260 124 129 117 130 1095 35 192 147 1406 786 52 156 76 32 219 403 13072 4902 505 80 829 34 342 1075 83 1161 232 1494 1989 153 206 10372 503 1079 1365 24 388 17 1501 15 180 322 152 1341
internal_value=0.00143866 0.0032098 0.00250875 0.00554631 -0.00894986 0.00980197 -0.0278027 -0.0351012 -0.0464883 -0.00650082 -0.000829946 -0.0235712 -0.0379769 -0.0110923 -0.0242096 0.0113222 0.00782831 0.0411971 0.00713353 0.00394693 -0.00656693 0.00940986 -0.0303765 0.0130607 0.00298688 0.00874544 0.0689469 0.0176087 0.0242398 0.0186307 -0.0340189 -0.0127872 0.0232179 0.000869613 -0.0091632 0.00747012 0.0345959 0.0467439 0.00228059 -0.0242803 0.0307798 0.0338106 0.000660669 0.0280411 -0.0286675 0.0644934 -0.0160854 -0.0173502 -0.0163825 -0.00653995 0.0135626 0.0430449 -0.00680872 0.0128243 0.0256136 0.00422411 -0.00459702 -0.0185991 0.0174677 0.0254414 0.00662058 0.050221
internal_weight=252.461 244.025 241.223 180.689 23.5096 9.64708 13.8625 12.3402 10.0364 60.5345 46.2265 14.3081 10.2196 25.2118 19.3132 21.0147 157.179 4.31503 152.864 120.742 41.2162 79.5261 17.7065 5.89859 13.5378 22.5444 2.06809 40.0323 28.4649 32.122 17.1978 7.81355 5.72426 39.4939 14.5002 24.9937 5.4154 4.6122 19.5783 12.2433 5.22445 4.89872 11.5674 1.85559 11.7933 3.24634 4.42263 9.94114 5.67018 14.7297 2.30377 4.36026 5.10734 4.08846 4.84855 9.62183 7.60939 4.088 4.97914 4.36366 3.37772 3.98731
internal_count=745491 128565 128494 60367 9817 3741 6076 5916 4974 68127 56438 11689 8634 33915 30794 22523 50550 10714 39836 39556 393 39163 25301 3121 22457 276 2454 1257 838 280 24206 224 22233 37906 15121 22785 6981 2079 15804 14718 1284 3714 419 2231 14684 1999 2457 24130 336 13373 942 2639 1612 3055 2431 3001 2984 1380 1483 654 474 2420
cat_boundaries=0 2 3 4
cat_threshold=45146528 66560 491523 346313
is_linear=0
shrinkage=0.05


Tree=92
num_leaves=63
num_cat=3
split_feature=1 21 8 17 3 12 4 4 12 0 6 15 8 3 7 6 5 8 8 8 16 13 16 1 16 16 19 7 8 5 16 5 12 16 5 1 16 16 15 7 1 16 1 0 13 6 8 1 8 13 16 12 5 0 12 5 12 13 8 0 8 5
split_gain=8.45385 3.15579 4.29611 3.60918 3.23078 3.12828 2.96612 2.20311 3.71188 2.40688 2.31583 2.93934 2.11797 2.18954 2.75624 2.08673 1.99781 1.90514 2.69242 2.45367 2.7106 2.4371 1.96332 3.78279 2.62378 2.66502 2.18875 2.99025 1.89782 3.82612 2.80788 2.0033 1.94295 1.86195 1.85897 1.85521 2.41426 1.74037 1.73442 1.69658 1.78427 2.80354 1.69263 2.08782 1.62774 1.62331 1.5687 1.56571 1.34632 1.60315 1.29814 2.53142 2.27454 2.19368 1.4228 1.2769 1.28735 1.25739 1.16171 1.12896 1.37689 1.12498
threshold=26.500000000000004 0 1.4243514279485505 1 3518.5000000000005 0.10496776995564779 120.50000000000001 6213.5000000000009 0.035319885133315694 552.50000000000011 1.0385132804415318 1745.5000000000002 1.3624192886201623 1210.5000000000002 1338.5000000000002 1.3005622413847566 0.64520492652754002 1.2088017346638038 1.1836885865457296 1.176508489993936 46.500000000000007 57.500000000000007 41.500000000000007 1333.5000000000002 37.000000000000007 26.500000000000004 2 1507.5000000000002 1.3576555592527455 1.7397942250248923 15.500000000000002 3.2744588744588747 0.086511057402937977 18.500000000000004 1.427160072205689 271.50000000000006 5.5000000000000009 25.500000000000004 2031.0000000000002 2226.0000000000005 1333.5000000000002 17.500000000000004 1630.0000000000002 525.50000000000011 4.5000000000000009 0.80007347538574591 1.1951513370555393 226.50000000000003 1.2667306461932184 38.500000000000007 45.500000000000007 0.043377477378121261 0.87557114825934124 937.50000000000011 0.10207031664349965 0.87557114825934124 0.015725122597073374 10.500000000000002 1.3054142760504099 430.50000000000006 1.312549840510367 1.6000652848049619
decision_type=2 9 2 9 2 2 2 2 2 2 2 2 2 2 2 2 2 2 2 2 2 2 2 2 2 2 9 2 2 2 2 2 2 2 2 2 2 2 2 2 2 2 2 2 2 2 2 2 2 2 2 2 2 2 2 2 2 2 2 2 2 2
left_child=-1 2 3 6 35 7 -2 9 -9 10 -3 -12 13 -5 15 45 42 18 19 44 -21 61 24 59 25 26 27 58 29 32 -30 -31 39 38 -16 47 -37 -6 -14 40 41 -28 43 57 -18 -15 -23 -4 49 -26 51 53 -52 -46 -53 -27 -57 -8 -19 60 -24 -20
right_child=1 5 4 12 37 -7 16 8 -10 -11 11 -13 33 14 34 -17 17 22 21 20 -22 46 23 -25 48 55 28 -29 30 31 -32 -33 -34 -35 -36 36 -38 -39 -40 -41 -42 -43 -44 -45 50 -47 -48 -49 -50 -51 52 54 -54 -55 -56 56 -58 -59 -60 -61 -62 -63
leaf_value=-0.045050590705564268 0.048642723591005133 0.018895759027969576 -0.016645218855038231 -0.037933690944385978 0.041628473015035132 -0.041894282324638835 0.016487927857164974 -0.038881264320038238 0.0010641475524454816 0.019559844486611327 -0.043489132127541408 0.023750228243282365 -0.0291350441246922 -0.016714539593061579 -0.022203754188762297 -0.0068373285173402524 0.02422051857579802 0.030096077320944149 -0.050212543559179638 0.048892224409670171 -0.029421374872254321 -0.01898417074281452 -0.021014318369157868 0.04361850023304345 -0.023114247996971555 -0.0034488880259940929 -0.0034202846780031788 -0.028254408088195029 0.021666608538340914 -0.041972066434837495 -0.038582575657585848 0.027303599125069994 -0.017032905944380821 -0.052457090645433371 0.014574298024408584 0.018472468257424733 -0.030515603383432312 0.010460481837628667 0.035119727086647033 0.050421241174301336 -0.01580962634264017 0.059130419176328025 -0.045334727760903186 0.032995511582148737 -0.04156354207976292 0.054893307265569985 0.031744027715933869 0.060101296004148888 -0.039399761135484296 0.038459731791749774 0.03501679645522323 0.018989537166767274 -0.014916388586352865 0.011688027904967065 -0.023292996468951548 0.0029635052179402062 0.05297992059246124 -0.035448878587548208 -0.010521887590108303 -0.024612969599026879 0.042550130625738952 -0.0072238168204679532
leaf_weight=9.0865466292689216 2.8950759169319999 3.2763310585442031 0.48369787257888919 3.8141230526316603 14.172169155339363 5.7097407443807233 0.99140027895009408 9.0591190389532148 13.663922476669539 12.702399217698256 5.2275990683228883 1.479452974261221 1.255184506296245 0.48650375603574803 11.358417410367109 3.020135958240644 4.363235913633619 3.3739819059464944 4.7198884033177801 4.1680609289360282 0.68784264129681094 2.0855430635747325 0.69776644939520227 9.5772594225709309 1.3856147882634098 1.7068109509709737 3.2381490223088019 10.062965746095868 2.9868590640144239 2.4424299101847278 2.829490974514556 0.69934529864258355 1.383603064186899 4.7053971063087374 3.9660861323645795 3.3212338561897905 5.3232554345631797 7.557095515105174 0.96628782251718792 8.3417057604528946 2.381687673041597 2.7429191630108107 2.5514895107189659 1.8452105850446967 7.214549469797026 3.338657905233049 2.0859427131781558 0.90043438841894385 3.395944237099684 0.91919366473848629 3.5312347041563035 5.8621109291925668 3.7570887295496505 2.0416780873201787 1.8555591433714651 1.7751641999402634 5.2552475696102192 2.7648136165080359 2.2753730170961717 2.978843632445205 0.96120058189990232 2.5941338905449811
leaf_count=630875 5061 4948 2455 33839 174 11028 2123 100 196 170 10732 106 521 814 410 920 593 1680 1877 761 103 208 1812 79 293 419 1071 127 276 480 201 70 1111 703 73 118 749 114 11 54 25 768 21 16 3179 1265 256 144 552 143 715 2779 1264 12 5770 152 813 7273 890 100 678 437
internal_value=-0.00019355 0.00165993 0.00455505 0.00141081 0.0212924 -0.00836675 0.00521842 -0.00514192 -0.0158288 0.00577883 -0.0119399 -0.0275002 -0.0112672 -0.00736785 -0.000699012 0.0236868 0.00424515 0.00596916 -0.00207193 0.00517815 0.0346692 -0.0219286 0.0109912 0.0270262 0.00661012 0.0102716 0.00477447 -0.00806373 0.0111529 0.0218488 -0.00900334 -0.0236825 0.0305836 -0.0373335 -0.0123756 -0.00214098 -0.0117304 0.0317259 0.00104008 0.0352669 0.01638 0.0296265 -0.0183276 -0.00102178 -0.000825968 0.0442093 0.00761556 0.0375491 -0.0230615 0.00564934 -0.00611071 -0.0134685 0.0105824 -0.0298233 0.00731776 0.0339205 0.0422926 -0.0211564 0.0146144 -0.00889693 0.0179664 -0.0376681
internal_weight=252.3 243.214 192.095 160.337 31.7579 51.1186 127.426 45.4088 22.723 22.6858 9.98338 6.70705 32.9108 25.9839 22.1698 6.8453 124.531 116.378 44.9669 33.4814 4.8559 11.4855 71.4116 14.2151 57.1965 51.4957 42.7585 15.7123 27.0462 21.2298 5.81635 3.14178 18.0881 6.92687 15.3245 10.0286 8.64449 21.7293 2.22147 16.7045 8.36276 5.98107 8.15291 5.60142 28.6255 3.82516 4.17149 1.38413 5.70075 2.30481 24.2622 16.9739 7.28832 9.25623 7.71767 8.73722 7.03041 3.75621 5.64935 4.63781 1.65897 7.31402
internal_count=744707 113832 86552 82798 3754 27280 44242 16252 296 15956 15786 10838 38556 37321 3482 2999 39181 29748 17954 15176 864 2778 11794 2669 9125 8137 6753 2697 4056 3579 477 550 3029 1235 483 3466 867 288 532 1918 1864 1839 9433 9412 14312 2079 464 2599 988 436 13719 11740 1979 3191 8549 1384 965 9396 2570 2590 2490 2314
cat_boundaries=0 2 6 7
cat_threshold=540540951 164096 538968576 17041408 1350565888 82 196738
is_linear=0
shrinkage=0.05


Tree=93
num_leaves=63
num_cat=4
split_feature=0 21 13 19 1 9 8 16 11 17 13 9 21 15 5 10 8 13 11 11 11 10 5 9 9 9 13 5 16 7 13 10 16 5 8 3 5 10 8 3 16 4 4 4 13 0 5 16 7 11 13 11 5 5 8 15 16 9 9 10 1 8
split_gain=6.47683 3.31822 4.55706 2.55564 3.71929 2.52725 3.8624 2.49823 2.34532 2.1694 2.4798 2.09913 2.34583 3.42853 2.09211 2.0722 2.63183 1.9997 4.05097 2.36666 1.82704 1.8004 2.03261 1.74642 3.77123 1.85716 1.7597 1.6829 1.6546 1.58753 2.57412 2.29535 1.58194 1.60324 1.54788 1.51678 1.50333 1.48074 1.41484 1.39634 1.36343 1.32333 2.08355 1.8081 1.80265 1.96888 2.38039 1.61896 1.33118 1.26751 1.24598 1.09934 1.31233 1.48922 1.72204 1.56379 1.68658 1.92029 1.73111 1.06806 1.32676 1.02853
threshold=7.5000000000000009 0 21.500000000000004 1 2717.5000000000005 0.99687986760124614 1.4243514279485505 1.5000000000000002 0.032038135454058654 2 9.5000000000000018 0.98078154240126081 3 2849.5000000000005 3.6291005291005294 14.500000000000002 1.48392682586231 14.500000000000002 0.016504590038172239 0.031892655324190861 0.012939026289157244 5.5000000000000009 1.6257059803216629 0.48865711534630457 0.61820420958351996 0.76933041052212048 24.500000000000004 1.1765543824367357 6.5000000000000009 1945.5000000000002 56.500000000000007 8.5000000000000018 37.000000000000007 1.818720538720539 1.3576555592527455 4107.5000000000009 0.74082004917122701 3.5000000000000004 1.2204386959359652 1210.5000000000002 47.500000000000007 53.500000000000007 1305.5000000000002 3390.0000000000005 8.5000000000000018 620.50000000000011 0.95245757192659852 41.500000000000007 1507.5000000000002 0.013033898512873314 63.500000000000007 0.04000000006312298 0.8887259693711308 1.08668887653118 1.3249548736462096 1312.5000000000002 45.500000000000007 0.40994947932776582 0.78387225195735843 6.5000000000000009 1155.0000000000002 1.1867642985736049
decision_type=2 9 2 9 2 8 2 2 2 9 2 10 9 2 2 2 2 2 2 2 2 2 2 10 10 10 2 2 2 2 2 2 2 2 2 2 2 2 2 2 2 2 2 2 2 2 2 2 2 2 2 2 2 2 2 2 2 10 10 2 2 2
left_child=-1 2 8 4 5 11 34 -5 37 10 32 12 13 17 -8 29 -17 18 20 -20 -3 -19 23 38 35 28 -27 -28 -26 30 31 -14 33 -9 39 49 -12 -2 50 -7 -10 47 -43 -44 -45 48 -47 -11 -46 -25 -23 52 -38 54 -54 56 57 -55 -59 60 -41 -13
right_child=1 3 -4 7 -6 6 14 9 40 41 36 61 15 -15 -16 16 -18 21 19 -21 -22 22 -24 24 25 26 27 -29 -30 -31 -32 -33 -34 -35 -36 -37 51 -39 -40 59 -42 42 43 44 45 46 -48 -49 -50 -51 -52 -53 53 55 -56 -57 -58 58 -60 -61 -62 -63
leaf_value=-0.043918836910303641 -0.0021296846667820581 0.027163947763149829 -0.030871925022535735 0.033846202015168601 -0.023406721310284304 -0.024000733533820796 0.058750634641083779 0.055817206954962444 0.028679863457836081 -0.021214044156524725 -0.032329346799421371 0.026172148241867116 -0.027900894738738264 0.030662206391309489 -0.018532016543265341 0.020102802999314051 -0.021279888922264581 -0.028491376864403825 0.05730059123930608 -0.013406548163171599 -0.030751454039429457 0.02498802539737539 0.030112572960937091 0.022377418576665337 0.013139064320537245 -0.024483506204534763 0.028950975666481145 -0.012007054807008838 -0.03095451035382479 -0.046115115469414505 -0.039322185409963573 0.038067486519954431 -0.012757267995665806 0.0053333699511796022 -0.02814715050702676 0.039253082192399535 0.02354359484132635 0.077779684132120275 -0.045350702661009872 0.059431110632285788 -0.027119307907872672 -0.036777493263756872 0.0041740082085635127 -0.050679334763436418 -0.0027918622163976255 0.012691347471622611 -0.016548795584346722 0.047737990618982713 -0.04601597881699878 -0.029761505963502494 -0.021861294381504047 -0.028631381630532235 -0.033040092572778644 -0.024404874586351055 0.019202387188793347 -0.01976393861670192 -0.014617120523825817 0.048805535944277764 -0.0086226839692426383 -0.0074644681804009851 -0.0064049606842206371 -0.026769862398973401
leaf_weight=7.221335983971584 0.58624618167232068 1.1375420423464655 1.2892767634548352 2.7135266712275543 10.112552369246258 0.9163953415973064 6.0994323600943972 3.35438917869942 2.2423870352549788 0.73231969624884985 3.0007628328030505 0.2465710146479968 1.1559901996506616 16.110434421972968 0.5316001355931802 8.5692052005470014 5.4402068296840289 3.8227622059512205 5.4993289160265704 1.0410333058771355 3.0888380592032263 1.5756015323267996 5.2519080077945537 1.461834555924723 2.137701403284157 2.6446227207634356 6.5353053021844953 3.0788304167626848 8.330313215399654 3.9871973875560798 2.4829959199350924 2.7867603802442318 1.5377488548610925 2.825316565792491 2.2370378861069184 7.1814887022483163 5.3590107646796303 4.7686786613530785 2.5534453864902389 1.6858391053538078 0.73245768627657515 9.1705144433817605 13.316447555633202 2.705029608012409 2.6681074418574999 9.879110127687456 18.678065475403855 0.96019019084906176 5.3275245006298064 1.2233477769714225 2.1628104931151029 1.9025992935194143 4.9942656147804909 0.80243302921007664 1.3997962394760177 3.0593876985558373 2.4712112893212179 5.0507860460747906 1.3320678623977071 1.1841207566794762 0.82027355267928204 6.2228007174444429
leaf_count=590400 891 242 2723 2245 174 7192 1165 2336 1349 7381 4011 818 2924 291 130 145 132 12347 866 1606 445 220 190 43 73 83 677 171 465 55 2822 205 1797 1212 834 58 1754 210 329 282 260 67669 7266 40 998 72 199 2387 269 298 258 2178 2159 1499 119 129 948 881 2506 47 28 3238
internal_value=-0.000272239 0.00120449 0.0204006 -0.000524469 0.00402071 0.00685735 0.0264782 -0.00605658 0.0526611 -0.00805299 0.00242506 0.0041321 0.00600184 0.00966209 0.0509384 -0.00642602 0.00368575 0.00510195 0.0235731 0.0457607 -0.0129485 0.000558506 0.00365002 -0.000589427 0.00423969 -0.00706553 0.00602972 0.0159391 -0.0215895 -0.0247917 -0.00713203 0.0169943 0.0265074 0.0366939 -0.000694569 0.0285339 -0.00376844 0.0700729 -0.0227562 0.0152793 0.0115748 -0.0125504 -0.0157948 -0.0115167 -0.0168105 -0.0130213 -0.00634627 0.0211052 -0.033506 -0.00300682 -0.00100961 0.000543838 0.00384747 -0.002572 -0.0205529 0.00730878 0.0169358 0.0282476 0.037276 0.0280712 0.0422016 -0.0215183
internal_weight=249.397 242.176 9.61905 232.557 129.316 119.204 13.4747 103.241 8.32977 100.527 37.0898 105.729 99.2595 74.8371 6.63103 24.4224 14.0094 58.7267 10.7667 6.54036 4.22638 47.96 44.1372 38.8853 32.5934 22.7268 12.2588 9.61414 10.468 10.4129 6.42575 3.94275 7.71745 6.17971 6.84367 9.86667 29.3723 5.35492 6.29186 4.60663 2.97484 63.4373 61.7448 52.5743 39.2578 36.5528 28.5572 1.69251 7.99563 2.68518 3.73841 26.3716 24.469 19.1099 6.39406 12.7159 9.6565 7.18529 6.38285 3.69023 2.50611 6.46937
internal_count=744741 154341 5433 148908 38853 38679 9678 110055 2710 107810 21529 29001 24945 18662 1295 6283 277 18371 3159 2472 687 15212 2865 2675 1868 1469 931 848 538 6006 5951 3129 5345 3548 8383 399 16184 1101 807 7549 1609 86281 76513 8844 1578 1538 271 9768 1267 341 478 12173 9995 8241 2278 5963 5834 4886 3387 357 310 4056
cat_boundaries=0 2 3 7 8
cat_threshold=2099216 131072 239648 2101248 16787456 138499201 1040 538116103
is_linear=0
shrinkage=0.05


Tree=94
num_leaves=63
num_cat=2
split_feature=0 13 12 0 15 19 5 5 11 8 13 12 12 9 16 5 11 0 16 16 12 5 15 2 0 9 21 4 16 4 2 16 6 11 8 8 8 0 12 7 6 16 16 5 16 0 12 13 6 13 9 9 8 0 2 11 6 13 13 9 5 6
split_gain=7.45481 3.3489 2.79935 2.02155 1.96562 1.94295 3.85019 3.195 7.44162 2.99089 3.07043 2.71018 2.50122 2.20993 2.20234 2.15452 2.03753 1.92592 1.87785 2.09997 3.85765 2.27692 2.1155 1.8651 2.42813 2.24555 2.62924 2.64345 1.82916 1.74893 1.74331 1.74142 1.82907 1.69095 1.63825 1.61835 1.58147 1.54528 1.53289 1.52943 1.56851 1.52659 1.92797 1.914 1.43849 1.43425 1.29284 1.276 1.26516 1.13433 1.58863 1.36153 1.1988 1.43752 1.22674 1.10324 2.40232 1.09801 1.07903 1.05289 0.95233 0.947387
threshold=26.500000000000004 75.500000000000014 0.050007125422893324 1061.0000000000002 2031.0000000000002 0 2.2228132387706858 1.0911648126838001 0.024279270225919164 1.3478433128918903 12.500000000000002 0.031734106841437799 0.029728935226302603 0.46853461224386184 45.500000000000007 2.1341907824222939 0.032186440285295256 470.50000000000006 18.500000000000004 45.500000000000007 0.082407444830221124 0.97306967074408945 4342.0000000000009 4316.5000000000009 790.00000000000011 0.98810534400517436 1 309.50000000000006 12.500000000000002 8373.5000000000018 1360.5000000000002 5.5000000000000009 1.5424814758230847 0.007844721520419368 1.1449544744356448 1.2222944661176134 1.3516993895396803 373.50000000000006 0.047741083324146623 2592.0000000000005 1.5563087160751568 10.500000000000002 3.5000000000000004 0.96009650180940909 43.500000000000007 470.50000000000006 0.034244899543090908 46.500000000000007 0.40917991929741282 13.500000000000002 0.58982977806507231 0.91263598081646991 1.2105846656552692 991.00000000000011 3190.0000000000005 0.016177966026589278 1.0534471170003363 31.500000000000004 29.500000000000004 0.82360045467462351 1.8676399026763992 0.89065624404875277
decision_type=2 2 2 2 2 9 2 2 2 2 2 2 2 10 2 2 2 2 2 2 2 2 2 2 2 8 9 2 2 2 2 2 2 2 2 2 2 2 2 2 2 2 2 2 2 2 2 2 2 2 10 10 2 2 2 2 2 2 2 10 2 2
left_child=-1 5 4 17 28 6 7 9 -9 10 14 -11 44 58 46 18 29 -4 23 20 21 22 49 24 25 26 33 -28 -3 -14 34 57 -33 -7 -23 -8 60 48 -27 40 -32 42 45 -43 -12 -29 -2 -39 -21 50 -20 -52 54 -54 -51 -35 -57 -15 -10 -58 61 -36
right_child=1 2 3 -5 -6 15 35 8 13 11 12 -13 16 31 -16 -17 -18 -19 19 37 -22 30 -24 -25 -26 38 27 41 -30 -31 39 32 -34 55 36 -37 -38 47 -40 -41 -42 43 -44 -45 -46 -47 -48 -49 -50 52 51 -53 53 -55 -56 56 59 -59 -60 -61 -62 -63
leaf_value=-0.040421356920696469 0.0075439092290361656 0.021860497638493494 0.0064531565863603889 0.0069038686632462076 0.0089593341796332642 -0.018956625222776444 0.0049486608893460878 0.031780871929012709 -0.014610644106263724 -0.0055314467095671348 -0.014062313396436606 0.045142679906403943 -0.035898151425682166 -0.019667042405605534 -0.024462588525304457 -0.018236318681413143 -0.045884554516895951 -0.054072665961087667 -0.033384245991198533 0.028435258727218415 -0.04638499595752725 -0.017239735107386269 0.031574532838700591 -0.019350681447606367 0.031793290433770903 0.05469091820760015 0.045888214231411102 -0.030754480299625776 -0.043660589740350621 0.0068555108040003927 -0.024856541734980909 -0.052516598167442675 -0.013860638238120102 0.039041094675686505 -0.0094877362560804469 0.056915990585232071 -0.017281457302376312 -0.00049489643869574573 0.00345915885705339 0.014955867654573613 0.0066659957031172225 0.030891194946140274 -0.036837898483049331 -0.02112938522018315 0.041016684258835562 0.016474588907722007 0.06187956814660435 0.026348269620628802 -0.035475958865878232 0.023019986583769681 0.034818175200192501 -0.022456151600968508 -0.047912580023902494 0.0029534730220408673 -0.030041578670571913 0.035703283930999717 -0.027965325234282041 0.026797577931097917 0.041236566726093639 0.019349167961237743 -0.010615129317598816 0.063410777776444341
leaf_weight=9.4293372310703472 1.9186965991375498 0.764664649012054 1.3555435874468438 2.1887746435531881 12.775801574192881 1.7266166551016819 2.2307806347489523 8.3313125527565735 0.79892157674840092 3.1113974550262347 1.1075440172753612 11.158530584603794 2.1376668611337637 1.5744324648767389 0.70574450861022331 12.277914081972993 2.8674912734823002 6.4387371974080452 1.3218889266227059 0.22045203347261422 4.8364263699841095 0.95232211263464961 1.132369063714578 4.2587238382548085 11.242825440334853 2.6806446726859567 0.84393068821009265 1.4482445298235713 2.9577978881243325 9.1753406082061701 7.5370311366859841 6.8231327510402462 6.6209180010609998 6.79339349762631 0.23215440286912858 5.3237643614884291 0.51389526368075156 7.2017950046247305 2.6589893659711379 8.5706631522625667 6.7102130172170291 2.5402965247194507 9.8630540813246608 2.5717095052368677 2.9457789535736083 3.6811883458867669 3.0925559540573886 10.34263406863465 1.9877105757141178 1.5281199706678301 2.2357404333615709 0.71969955430813559 6.7408656127454361 1.5566703770309684 0.91389638185501088 3.4421679179558851 2.9830765501083083 1.5382900782860813 1.0939290530732249 0.85564260765568168 0.26471811592000438 3.1685597185269216
leaf_count=672769 788 142 3946 39 200 217 801 1502 317 191 308 660 2443 233 340 7064 1431 167 498 161 7778 2694 16 33 93 1803 1603 1773 1192 100 178 1190 1220 661 719 625 577 138 3224 59 125 922 3816 755 133 28 774 131 6575 2082 719 1732 1494 14 8 579 576 101 141 514 301 2618
internal_value=0.000961549 0.00276644 -0.0136754 -0.0332345 -0.00061728 0.0048836 0.0108308 0.00801595 -0.0051282 0.0171219 0.00582768 0.0344551 -0.00458211 -0.0225723 0.0347681 0.000875225 -0.0145145 -0.0440095 0.00293087 -0.00264402 -0.00816593 -0.00303878 -0.017422 0.00951164 0.0121301 0.00626174 0.00147968 -0.00875897 -0.0284223 -0.00348244 0.00558658 -0.028427 -0.0357569 0.0125254 0.0292574 0.0439429 0.0411354 0.0107703 0.0337488 -0.000741763 -0.0105465 -0.0172688 -0.0249083 0.0055458 0.0261622 0.000297934 0.0457915 0.0158969 -0.0222208 -0.0228573 -0.000657486 0.0187197 -0.0308898 -0.0390785 0.000203607 0.0256981 0.0100372 0.00422799 0.0207626 -0.0155998 0.0512742 0.0574092
internal_weight=247.023 237.594 26.4813 9.98306 16.4983 211.112 72.5562 65.0017 26.7809 38.2207 23.9508 14.2699 18.2338 18.4496 5.717 138.556 14.1805 7.79428 126.278 68.6878 48.9352 44.0988 16.1493 57.5905 53.3318 42.089 36.7493 20.9484 3.72246 11.313 27.9496 16.5568 13.4441 15.8009 5.13165 7.55454 4.17933 19.7526 5.33963 22.8179 14.2472 20.1045 14.9925 5.11201 4.05332 5.12943 5.01125 17.5444 2.20816 15.0169 4.27733 2.95544 10.7396 8.29754 2.44202 14.0743 7.28089 3.11272 1.89285 3.83872 3.66543 3.40071
internal_count=744031 71262 5686 4152 1534 65576 13298 11872 4704 7168 6317 851 4415 3202 1902 52278 3974 4113 45214 28617 21612 13834 6563 16597 16564 16471 11444 8897 1334 2543 7271 2744 2410 2547 6909 1426 4215 7005 5027 362 303 7294 5617 1677 441 1801 1562 269 6736 6547 2949 2451 3598 1508 2090 2330 1669 334 458 1090 3638 3337
cat_boundaries=0 1 3
cat_threshold=98432 542769153 33024
is_linear=0
shrinkage=0.05


Tree=95
num_leaves=63
num_cat=3
split_feature=1 20 4 21 17 8 1 9 1 16 13 13 15 6 13 6 12 9 9 10 13 5 8 16 5 10 13 6 4 10 10 9 10 10 8 4 9 12 10 13 16 5 6 5 6 1 6 10 5 9 15 13 10 4 6 8 1 1 7 5 16 10
split_gain=5.84736 3.44656 4.30073 3.08387 4.27659 3.99845 4.07396 3.54986 4.31296 3.53778 3.51092 2.95306 2.86216 2.56698 2.96311 2.51274 2.77461 2.44744 2.28844 2.19041 3.29628 2.37408 2.43303 2.17216 2.00092 1.9638 1.68638 1.68222 1.64577 1.80323 1.5445 1.53907 2.19388 1.98693 1.53705 2.14843 1.49942 1.47157 1.4757 2.94711 1.43194 1.36536 1.30885 1.29566 1.53086 1.22367 1.22213 1.2174 1.20665 1.20414 1.1357 1.13371 1.51093 1.0911 1.08547 1.05602 1.19578 1.02463 0.995576 1.36469 0.994819 0.947091
threshold=10.500000000000002 0 120.50000000000001 1 2 1.4077206925915415 1451.5000000000002 0.34492053164792275 1047.5000000000002 18.500000000000004 79.500000000000014 24.500000000000004 80.500000000000014 1.7369237679147445 57.500000000000007 1.2855578727841503 0.054527256148654675 0.67506345177664995 0.73916228698837405 3.5000000000000004 17.500000000000004 1.7147096227214924 1.2416990020188716 43.500000000000007 0.84853898520714077 8.5000000000000018 75.500000000000014 0.91611397961068552 2855.0000000000005 4.5000000000000009 7.5000000000000009 0.53895279869789514 18.500000000000004 9.5000000000000018 1.4640029617816257 5041.5000000000009 0.96281155015197573 0.035319885133315694 15.500000000000002 66.500000000000014 12.500000000000002 1.4912824251260559 2.5385722014558336 1.08668887653118 1.5006251736593501 1333.5000000000002 0.82764261271763262 6.5000000000000009 2.5010402219140091 0.8985904308119913 2500.5000000000005 35.500000000000007 6.5000000000000009 5041.5000000000009 0.85729115175481974 1.2272975658221561 902.50000000000011 110.50000000000001 1507.5000000000002 1.5194938440492478 8.5000000000000018 19.500000000000004
decision_type=2 1 2 9 9 2 2 10 2 2 2 2 2 2 2 2 2 10 10 2 2 2 2 2 2 2 2 2 2 2 2 10 2 2 2 2 10 2 2 2 2 2 2 2 2 2 2 2 2 10 2 2 2 2 2 2 2 2 2 2 2 2
left_child=-1 2 40 7 5 6 19 60 -9 -8 43 28 34 14 53 16 24 -11 26 23 58 22 25 -5 46 -22 -17 61 29 55 -30 32 -16 36 -3 41 -33 -35 39 -39 -2 -36 -42 -7 49 -46 -13 -26 -25 -45 -38 52 -24 -14 -27 -6 -57 -44 59 -21 -4 -18
right_child=1 12 3 4 11 10 9 8 -10 17 -12 15 13 -15 31 18 27 -19 -20 20 21 -23 51 48 47 54 -28 -29 30 -31 -32 33 -34 37 35 -37 50 38 -40 -41 42 -43 57 44 45 -47 -48 -49 -50 -51 -52 -53 -54 -55 -56 56 -58 -59 -60 -61 -62 -63
leaf_value=-0.043166531853191276 0.0048431162518974688 -0.032147498132939982 0.017906300881321911 -0.025899350392062637 -0.037629632171101671 0.047124212675721498 0.011195530890350769 -0.017963260870556382 0.044253793712045519 -0.035139684631885146 -0.021221254149866739 -0.015847467502084638 -0.018014953291825082 -0.041997680725817083 -0.012109880623751132 0.028895392531077771 -0.027500555144551339 -0.0044905906569000483 -0.034567875173682518 0.06359213091435921 -0.02426015950959207 0.039005884143869449 -0.028538004997570501 -0.015585414621661527 0.023147843325788991 0.0046196868685940695 -0.024773679378802191 -0.05313870077549742 -0.047861972422015911 0.016691868569037989 -0.010321735385799564 0.031577607253355934 0.038184880246844077 -0.038873883144586674 -0.015080893533352799 -0.033650408870892545 -0.03651449966843167 0.011269001486817674 0.0088379447212922537 -0.050223047176063511 -0.010827563577214538 0.045531954803488268 0.077651753638392218 0.017164659516838841 0.0072838298456214777 0.050478695878370262 0.038548635532249985 -0.021817797762342075 0.052514611332645546 -0.032049180905637263 0.016078434648678034 -0.029646936993999246 0.025214715552255657 0.033208005951671213 0.039400481284139338 -0.0245755898904517 0.031132144306083437 -0.0081840118620247811 0.014712826908635488 0.015956206024859861 -0.039215619265007461 0.018257251597931515
leaf_weight=6.3163027167538521 1.6127277527175454 14.030649006672322 0.39993999815397119 5.3571719872516033 3.4209696953776092 9.0654675870400805 13.319919858338833 2.7784639588826421 15.535633511968625 12.156310751037383 2.6858346321632771 0.74794226823269649 0.55245507257131876 2.5438356470212957 3.5222451451572878 10.454970361257434 1.0272579644697537 13.570357768359825 1.1036449980938403 4.5697240297822628 1.7694113176130546 3.4980916315726054 1.2083057232803169 0.45004476308622521 1.051243304201307 4.3377877605053055 0.90456298627577858 3.9570702317396353 8.0789993777780165 3.8002898245713368 4.8902404809014106 3.2679077452958181 3.4437990254155011 5.2866831602914344 0.81807704553648353 1.4937486702983731 1.2162058474677908 2.9989848597233486 6.0449830028683209 3.3210168289388093 0.27640041132144721 1.6874496205600733 2.7507112475341278 1.5590971085266558 3.5752951304129965 2.8166757734725252 3.3191478450862633 5.8458153169322031 0.79920132802180888 1.5212106064727775 1.1132490166783098 6.195411703456557 2.2338988263236388 7.2815884417486814 4.4244651253829943 0.91550822049885006 0.96076578619249631 0.18620981622007082 4.6806429088464938 3.2479673778361757 1.6585893005458272 1.5690081483917309
leaf_count=557761 9467 50606 219 25428 15427 997 111 5702 183 104 187 713 2436 1738 2316 1684 7839 131 2329 913 4175 432 491 5247 1652 186 489 3172 676 499 93 2874 76 103 1614 33 2422 101 127 298 17087 771 8036 130 241 39 578 226 182 259 27 1600 98 97 172 2757 43 68 136 209 769 17
internal_value=0.000871409 0.00221075 0.00551871 0.00439351 0.00114751 0.00686095 0.00238135 0.0186373 0.0343734 -0.00917479 0.0263332 -0.00938737 -0.00754465 -0.00127698 0.00245126 -0.00078267 -0.0127092 -0.0197458 0.0156794 0.0128995 0.0176884 0.00615592 -0.0011149 -0.0121952 0.00308572 0.014846 0.0229631 -0.036045 -0.0246069 -0.00715675 -0.0354591 -0.00484792 0.0144265 -0.0109798 -0.0248118 0.00220651 0.013312 -0.0189835 -0.00820703 -0.0234904 0.0481243 0.0270848 0.0635416 0.0339567 0.0180581 0.0305719 0.0273918 -0.0129008 0.0319595 -0.00903773 -0.0141002 -0.0183124 0.00416937 0.0279654 0.0244191 -0.0241997 0.00485632 0.0715131 0.0374528 0.0478552 -0.0258917 -0.00246024
internal_weight=245.228 238.911 180.288 175.462 155.09 103.042 81.8187 20.3726 18.3141 39.0466 21.2236 52.0474 58.6229 40.593 38.0491 29.9807 17.5175 25.7267 12.4632 42.7721 36.1657 23.6674 20.1693 6.60642 10.9641 10.5317 11.3595 6.55334 22.0668 9.09753 12.9692 30.2151 6.96604 23.249 18.0299 3.99928 5.59736 17.6517 12.365 6.32 4.82605 2.50553 3.21332 18.5377 9.47228 6.39197 4.06709 6.89706 1.24925 3.08031 2.32945 9.63762 3.4422 7.83404 8.76225 5.29724 1.87627 2.93692 12.4983 7.81769 2.05853 2.59627
internal_count=744593 186832 121193 86535 79662 41468 39615 6873 5885 346 1853 38194 65639 12615 10877 18699 14197 235 4502 39269 8412 7154 6722 30857 3169 4533 2173 11028 19495 18726 769 8344 2392 5952 53024 2418 5323 629 526 399 34658 2385 25191 1666 669 280 1291 1878 5429 389 2449 2189 589 2533 358 18227 2800 8104 1258 1122 988 7856
cat_boundaries=0 1 3 7
cat_threshold=20 1048592 163840 538976640 16777216 1073889408 32848
is_linear=0
shrinkage=0.05


Tree=96
num_leaves=63
num_cat=3
split_feature=1 21 17 6 16 16 16 15 10 8 16 1 8 17 5 9 8 9 16 9 5 6 9 5 16 16 15 13 10 12 8 4 12 12 9 6 8 13 16 13 9 4 8 16 13 12 6 8 13 8 10 16 13 16 16 1 10 7 6 6 5 13
split_gain=5.43493 3.66602 3.94045 5.82853 2.90231 2.77732 4.00897 3.67927 3.40135 3.29815 3.04739 2.64383 2.62785 2.31673 2.12474 2.35192 3.31363 2.07104 2.06084 2.45115 2.18076 2.03218 2.05771 2.0236 3.21066 2.3516 2.01275 2.00244 1.9694 1.93952 1.93511 1.92902 1.85975 3.7105 3.29951 1.90269 1.80397 1.76141 1.56006 2.51903 2.03336 1.54775 1.47737 1.47167 1.48705 1.44043 1.41006 1.33228 1.30316 2.07089 1.96368 1.46403 1.43829 4.11826 2.34381 1.32795 1.28037 1.26097 1.25868 1.24183 1.11545 1.11072
threshold=10.500000000000002 0 1 2.2904315605928516 26.500000000000004 28.500000000000004 21.500000000000004 1745.5000000000002 10.500000000000002 1.3335933437337495 30.500000000000004 2717.5000000000005 1.4137369426036168 2 1.7147096227214924 0.92319980339149688 1.208083509855312 0.99033037244818456 47.500000000000007 0.40021037868162695 1.5003234152652007 1.4406878202601499 0.73916228698837405 0.9796705567472892 2.5000000000000004 10.500000000000002 2849.5000000000005 18.500000000000004 6.5000000000000009 0.22057177240029649 1.339709653268448 8373.5000000000018 0.045536294381250182 0.09116799422498241 0.72734476300244932 0.99120874874410703 1.5568475452196384 44.500000000000007 39.500000000000007 61.500000000000007 0.77784748361912748 2855.0000000000005 1.2555668244309219 5.5000000000000009 58.500000000000007 0.013151387499121871 1.8993794666871591 1.1212372898419412 66.500000000000014 1.4243514279485505 12.500000000000002 13.500000000000002 24.500000000000004 44.500000000000007 46.500000000000007 1865.5000000000002 27.500000000000004 3376.0000000000005 0.70594324686396315 1.4660875600583234 0.95245757192659852 23.500000000000004
decision_type=2 9 9 2 2 2 2 2 2 2 2 2 2 9 2 8 2 8 2 10 2 2 10 2 2 2 2 2 2 2 2 2 2 2 10 2 2 2 2 2 10 2 2 2 2 2 2 2 2 2 2 2 2 2 2 2 2 2 2 2 2 2
left_child=-1 13 3 11 36 6 7 23 26 10 -7 18 28 14 29 16 -16 57 19 47 59 -12 37 25 -25 -4 -9 -27 -11 41 32 -29 34 46 43 -35 -5 -23 39 40 -32 45 -6 -21 61 -2 -34 -3 51 50 -50 -43 54 55 -53 -54 -8 -15 -41 -20 -14 -45
right_child=1 2 5 4 42 9 56 8 -10 12 21 -13 60 17 15 -17 -18 -19 20 30 -22 22 -24 24 -26 27 -28 31 -30 -31 38 -33 33 35 -36 -37 -38 -39 -40 58 -42 48 -44 44 -46 -47 -48 -49 49 -51 -52 52 53 -55 -56 -57 -58 -59 -60 -61 -62 -63
leaf_value=-0.042899941443457566 0.023707572084146897 0.011808499382531696 -0.025757520754714897 0.04754922511923846 0.020603267836770318 0.02997485269618428 -0.046716433196412825 0.010759204985282787 0.030185307304733323 -0.019303870380999136 -0.036671045678064562 -0.033904431113534667 -0.017383616850940909 -0.031575690610588396 0.0097330661639443029 -0.011671148852770831 0.072165391275928956 0.022594515605374167 0.040437280296585089 0.022683012857995899 -0.021209231578832234 -0.01029200113703924 -0.032032663302208185 0.017291691034335314 -0.037351850742787643 -0.025382093110773503 -0.040283188969910663 0.054512737429601138 0.053546545026146156 -0.026076838910386275 -0.01458963732618032 -0.015053211048702501 0.044977473486214559 0.022869248553229551 0.030286657746245615 -0.028752122719780039 -0.024803828678750112 0.035233690110050141 -0.037786041557411804 0.019903404343470012 0.034834598076565741 0.037366882994051519 -0.033798213729898288 -0.012106438632347798 0.0177065626646539 -0.035103756567484483 -0.016585225750531108 -0.037599866309853652 -0.025642007313252137 0.026943040137507392 0.01277486532426343 0.039632001425321799 -0.036157282943387138 0.035042486312989916 -0.0045444027690197926 0.0013281365539894762 0.017246682987860033 0.019597406528636382 -0.040605186444131587 -0.010553016486147905 0.018172771931501571 -0.050448809781640784
leaf_weight=6.0416499867487792 0.72471970435708444 1.2227653389109026 3.7002488514617671 11.283914181557517 1.533531093456076 2.8459266230120219 10.631557514851917 3.0992417533352619 7.9325362899253378 0.58205935635669259 7.8666223285245023 4.5804435422178349 3.7258316277429913 7.7863574777747964 4.1640220954623111 1.7724110487815785 4.2716034455324916 2.0557178120443504 6.5597252284251208 1.170085602505426 1.5972029519662099 3.7569753125908374 3.0342100289444716 2.580355680089272 16.167058899641233 0.93562989000565711 2.9921894139633878 2.6743326255145807 4.7059965065518554 2.400839097575953 2.7735259542023396 0.87048149132169772 8.4742186498970078 2.0147018903771814 4.2337482556558816 3.555027222055287 0.32919466825114874 3.0452151187319032 3.2916335230975156 0.43412219523270357 4.1018436544782162 9.1011726680826524 1.5314451431258929 4.8600137355260795 1.1669821857467457 2.1615824888340285 0.52737046479069327 5.428550938004264 6.1975251816547843 5.2850178879307341 5.3345464581652777 8.0878158112445835 4.0485966463529603 4.7436080843726804 4.2015107633342259 4.3125307438895106 0.34761728905141431 0.71044508640261472 3.2484325913237626 0.99074672251754226 3.1382720975298071 3.3587767510562117
leaf_count=557253 531 3449 11162 4923 2251 3762 14987 200 148 1227 19578 67 756 15838 1010 1707 306 7333 2672 128 974 3714 6936 1869 16988 3905 93 5679 171 6326 223 8 5499 8140 4994 7129 94 965 1015 163 1848 154 1214 813 160 9921 466 1806 195 68 82 234 186 133 81 41 4 6 951 678 862 343
internal_value=0.000401393 0.00166356 -0.00269576 0.00507768 0.0330246 -0.0096418 -0.0178456 -0.0101175 0.0101783 0.000668337 -0.0113938 -0.000998418 0.0203806 0.00984773 0.0134308 0.0355398 0.045645 -0.00811379 0.00207824 -0.00206221 0.022626 -0.0192913 -0.00329052 -0.0206733 -0.029336 0.000211758 -0.0164584 0.0224454 0.0437332 0.0112273 0.00250116 0.0378764 0.0096848 0.0217561 -0.00283303 -0.00944068 0.0436943 0.0119927 -0.0123547 -0.00184273 0.0155759 0.0133222 -0.00820652 -0.0175881 -0.0243091 -0.0180363 0.0400731 -0.0281605 0.0153972 0.00368755 -0.00826966 0.0208412 0.0137271 0.00182793 0.0253234 -0.0187464 -0.0434206 -0.0256839 -0.0307449 0.0332948 -0.00088353 -0.0315485
internal_weight=246.302 240.26 162.9 78.268 14.6781 84.6324 51.9312 40.9521 14.024 32.7011 20.5489 63.5899 12.1522 77.36 66.8075 10.208 8.43563 10.5525 59.0095 49.8618 9.14767 17.703 9.8364 26.9281 18.7474 8.18069 6.09143 4.48044 5.28806 56.5995 43.2105 3.54481 29.3609 14.5713 14.7896 5.56973 11.6131 6.80219 13.8496 10.5579 6.87537 54.1986 3.06498 10.5559 9.38577 2.8863 9.00159 6.65132 51.3123 16.8171 11.5321 34.4952 25.3941 13.1047 12.2893 8.36113 10.9792 8.4968 3.68255 7.55047 6.8641 8.21879
internal_count=744419 187166 143014 50000 8482 93014 55043 40052 441 37971 34955 41518 3016 44152 20975 3023 1316 23177 41451 37127 4324 31193 11615 39611 18857 20754 293 9592 1398 17952 31872 5687 27672 21234 6438 15269 5017 4679 4200 3185 2071 11626 3465 1444 1316 10452 5965 5255 1174 345 277 829 675 360 315 227 14991 15844 1114 3350 1618 1156
cat_boundaries=0 2 6 10
cat_threshold=6817813 163840 536870912 16777216 8519808 80 8960 262144 1342242816 32834
is_linear=0
shrinkage=0.05


Tree=97
num_leaves=63
num_cat=2
split_feature=7 4 11 17 8 16 15 12 16 6 11 0 9 16 6 16 0 16 2 15 4 2 8 4 6 6 6 8 16 11 22 12 6 8 7 16 11 11 11 12 0 11 16 9 0 9 4 7 2 7 0 0 1 16 6 12 8 6 12 12 6 11
split_gain=5.20669 2.91368 2.46308 2.09141 1.97661 3.30674 1.82874 2.87013 2.05666 1.4252 2.49501 2.05479 1.49857 1.31506 1.28969 2.35377 1.8109 1.59566 1.57346 1.47997 1.46336 1.27916 2.88875 2.07492 2.68927 1.70106 3.11653 3.43938 3.72746 2.42195 2.22451 2.15163 1.97546 1.69633 1.52647 1.44977 1.4356 1.41191 1.32679 1.27634 1.27556 1.24504 1.71916 1.12851 1.10333 1.05559 1.5894 2.55145 1.01055 1.00152 0.986814 0.983006 0.955354 0.904989 0.852293 0.81669 0.766099 0.706792 0.725433 0.684814 0.657515 0.655232
threshold=64.500000000000014 120.50000000000001 0.024164245596953803 0 1.3182500682500684 41.500000000000007 457.50000000000006 0.026680003361569841 28.500000000000004 0.83341806473479085 0.032186440285295256 991.00000000000011 0.99066871771057075 16.500000000000004 1.2751132930513598 10.500000000000002 645.50000000000011 26.500000000000004 4316.5000000000009 2500.5000000000005 5041.5000000000009 1707.5000000000002 1.3810839252828206 1587.0000000000002 2.5723960012899072 2.4707866952448998 1.6342132743252822 1.2174300550259634 46.500000000000007 0.0082212297741371485 1 0.027749316851897802 1.0234834558823531 1.2891757708801308 2226.0000000000005 39.500000000000007 0.03323023111914241 0.03001427743463592 0.016033897791914217 0.043377477378121261 620.50000000000011 0.031728814356029041 19.500000000000004 0.45729483282674777 394.50000000000006 1.0000000180025095e-35 12.500000000000002 10.500000000000002 3190.0000000000005 280.50000000000006 309.50000000000006 406.50000000000006 936.50000000000011 8.5000000000000018 2.6156139431267205 0.01944874238406941 1.3810839252828206 2.8053751803751807 0.086511057402937977 0.059239465091469663 1.7676883951278279 0.022762712401648368
decision_type=2 2 2 9 2 2 2 2 2 2 2 2 8 2 2 2 2 2 2 2 2 2 2 2 2 2 2 2 2 2 9 2 2 2 2 2 2 2 2 2 2 2 2 10 2 8 2 2 2 2 2 2 2 2 2 2 2 2 2 2 2 2
left_child=45 2 13 4 9 6 7 56 44 10 51 12 14 -2 15 16 53 19 -17 -16 -19 22 23 24 -5 26 27 32 29 -29 34 -31 -23 -33 -28 43 41 59 -37 -39 -10 42 49 50 -9 46 47 -1 -7 -26 -25 -3 -24 -11 -44 -40 -6 58 -14 -35 61 -45
right_child=1 3 -4 21 5 48 -8 8 40 11 -12 -13 57 -15 17 18 -18 20 -20 -21 -22 25 52 35 36 -27 30 28 -30 31 -32 33 -34 37 -36 38 -38 39 55 -41 -42 -43 54 60 -46 -47 -48 -49 -50 -51 -52 -53 -54 -55 -56 -57 -58 -59 -60 -61 -62 -63
leaf_value=-0.020144300134279251 0.079365961389893672 -0.014171931101715139 -0.019443050222729606 -0.035200604508011421 -0.0081386435011609973 0.070208246444956407 0.02506443631408144 0.0034436523819418585 -0.01938646796566695 -0.033103484223992424 -0.025766115186329704 0.017972117981833891 0.047529390691696982 -0.0099796568673172492 -0.033099508409057496 -0.045537779399621614 0.033293159790956234 0.028582462823320828 0.0096257832869111187 0.023212774142917756 -0.015814557855104796 -0.0061254340665444504 -0.033335883485551235 0.02138903562882364 -0.01889755571431323 -0.027451015763246541 0.0094398627752026038 0.0098777728413756219 0.02036160611986268 0.0044522844272168946 -0.0087422923941868486 0.0028629399525377974 -0.041807390626913105 -0.022496294763464247 0.041096469600445329 0.024624929747225296 -0.028312106558435818 -0.024787957664272525 0.012807366032447379 0.0029246836635842197 0.046610330196528889 0.034637471200501528 0.017959364709645695 0.050620651257261444 -0.048283498940213054 -0.043953456558491595 -0.029379459893158669 0.082120131208495137 0.0089159852922043002 0.031461449963469321 -0.020955502748770585 0.042711090832595042 0.0049146721594589635 0.017349858186837243 -0.03690496055545496 -0.034792071377418757 0.031282274146170394 -0.013758815514600078 -0.011354694436763619 -0.046921967384820476 0.0037813439142371664 0.020630666197308439
leaf_weight=0.67460123445380071 1.5408845821493735 0.39355469197744142 0.62061835568056256 3.9041715048506367 1.1909888425852893 2.5683968188286594 8.9482657039725364 1.1465482311823505 0.55635094310036926 1.9215668705219351 1.4084870601363944 7.5929497217148301 1.1922089146928545 0.24710899649107876 3.7664560142147803 7.3918684846339584 1.950679153203964 4.4156121578598686 1.1607900857925413 0.76144981826837455 2.0413568695366848 6.6945486666154492 4.9970855892697719 1.7871040145946673 0.58605626626012819 7.5709403259425008 8.0573675668165361 13.432147300278301 12.368925739807308 12.621546442504039 7.5906737034929419 7.2081294776107816 9.723037324522009 12.0430307835195 7.8349992529692818 1.3998107187881021 1.2649316358983913 7.364112218259832 0.66587141022500906 7.8820932850649115 0.66440499917371199 3.8510343804991862 0.26689349774824256 4.8400381072569854 3.8754839946122956 7.2397571632509434 1.379657200585825 0.13481259096533904 1.2295204587280748 2.8471134313658695 1.7179218628843953 4.485359524784144 1.9235972365277119 0.54901064120349463 2.0468379026224284 2.1269575456208258 3.7480025352742814 0.36881238684964035 0.25728084396087059 6.0370640249311682 1.9891488023022237 6.1791976678350693
leaf_count=59254 438 3239 2775 52814 269 434 504 926 265 572 567 56 1305 1054 1896 2598 14 1679 6 42 22 118 3833 1229 777 191 200 133 156 166 153 175 202 183 98 522 3100 71 84 135 6 841 87 1631 143 558170 33116 161 12 449 194 42 66 159 1616 1737 180 433 693 135 263 2788
internal_value=-0.00115997 0.000373784 0.0462664 -0.000298019 0.00676686 0.0188482 0.00943856 -0.00409714 -0.0249361 0.000857479 0.0209236 -0.00342205 -0.0101598 0.0678675 -0.013748 -0.0238265 0.00523836 -0.000849854 -0.0378269 -0.0211435 0.0143079 -0.00319354 0.00406584 0.00992462 -0.00427188 -0.00589115 -0.00430027 -0.00831632 -0.00382766 -0.00855566 0.0116841 -0.01331 -0.0284445 -0.0188149 0.0166809 0.0197796 0.00887432 -0.0234504 -0.0054621 -0.0111627 0.0213469 0.0159842 0.000203404 0.0261342 -0.0378632 -0.03573 -0.00327862 0.03286 0.0563597 0.0205413 0.000590018 0.0364925 -0.023426 -0.0201231 -0.0270664 -0.0230588 0.0220065 0.0252227 0.036709 -0.0326839 0.0324835 0.036919
internal_weight=244.245 234.816 2.40861 232.408 63.5854 23.928 20.13 11.1818 6.24279 39.6574 6.2874 33.37 25.7771 1.78799 23.9588 12.9739 4.42126 10.9849 8.55266 4.52791 6.45697 168.822 42.3938 35.4731 14.767 126.429 118.858 95.3746 78.957 66.5881 23.483 53.156 16.4176 40.5344 15.8924 20.7061 10.8629 33.3263 4.19264 15.2462 1.22076 9.59794 5.7469 16.5134 5.02203 9.42883 2.18907 0.809414 3.79792 3.43317 3.50503 4.87891 6.92068 2.47058 2.31373 2.79283 4.93899 1.8183 1.44949 18.0801 13.0084 11.0192
internal_count=745177 94476 4267 90209 16062 2739 2293 1789 1340 13323 3848 9475 9419 1492 6988 3349 745 3639 2604 1938 1701 74147 72031 68132 59684 2116 1925 1474 1154 998 451 865 320 699 298 8448 6870 524 2343 206 271 3770 2929 6105 1069 650701 92531 59415 446 1226 1423 3281 3899 731 1703 1821 449 2431 1998 318 4682 4419
cat_boundaries=0 3 4
cat_threshold=8320 17041408 1082261504 33587200
is_linear=0
shrinkage=0.05


Tree=98
num_leaves=63
num_cat=3
split_feature=10 17 13 13 15 11 13 12 11 6 12 21 12 8 13 11 11 10 4 21 7 10 13 13 12 10 10 7 11 11 7 6 7 13 6 13 12 13 8 5 12 12 8 5 4 10 5 1 11 11 10 13 1 0 10 1 4 12 12 7 5 12
split_gain=5.1963 3.60973 3.29597 3.48805 3.18966 2.56315 2.76222 2.4916 2.48237 2.55924 2.43246 2.37199 2.49038 2.53192 2.12081 3.33218 2.17557 4.60595 1.73372 1.6613 1.89569 2.20497 2.1685 2.43997 1.51308 1.46559 1.29712 1.6934 2.23105 1.43194 2.69552 1.22909 1.19295 1.15349 1.12875 1.84344 2.27979 2.2625 4.68974 1.81231 1.78936 2.02501 4.44036 1.54239 1.42382 1.38933 1.80619 1.30901 1.28849 1.52825 1.24532 1.12049 1.09443 1.15484 1.03643 1.02748 1.01148 0.93899 1.13628 0.922877 0.915748 0.952284
threshold=1.5000000000000002 0 66.500000000000014 82.500000000000014 2241.5000000000005 0.02342260198213704 43.500000000000007 0.052088141175246634 0.046640057736242725 1.0234834558823531 0.027749316851897802 1 0.032752393707455314 1.3548576627118003 74.500000000000014 0.0081186441405277174 0.011573799226122601 16.500000000000004 6213.5000000000009 2 3376.0000000000005 6.5000000000000009 5.5000000000000009 11.500000000000002 0.034244899543090908 11.500000000000002 13.500000000000002 376.50000000000006 0.018229885381246098 0.010387283631103165 1266.5000000000002 1.4825096952549903 935.50000000000011 75.500000000000014 2.7699657030867226 11.500000000000002 0.046616209398076432 28.500000000000004 1.2088017346638038 0.72743726861373925 0.060407705093395055 0.034244899543090908 1.2088017346638038 2.4008547008547012 8373.5000000000018 5.5000000000000009 1.0795160490285725 967.50000000000011 0.031728814356029041 0.03109322092495859 7.5000000000000009 8.5000000000000018 26.500000000000004 279.50000000000006 10.500000000000002 902.50000000000011 6213.5000000000009 0.040184133973233678 0.054527256148654675 2592.0000000000005 0.28220211161387637 0.015725122597073374
decision_type=2 9 2 2 2 2 2 2 2 2 2 9 2 2 2 2 2 2 2 9 2 2 2 2 2 2 2 2 2 2 2 2 2 2 2 2 2 2 2 2 2 2 2 2 2 2 2 2 2 2 2 2 2 2 2 2 2 2 2 2 2 2
left_child=-1 2 8 10 -5 14 -7 31 11 55 -4 26 13 -13 16 -16 17 60 33 20 21 22 -18 -24 -17 -14 27 28 -2 30 -29 -8 -25 57 35 40 44 38 -38 47 41 42 -31 -36 45 -37 -47 -39 49 50 -40 -43 -30 -54 -26 -10 -34 -12 -59 -28 -3 -62
right_child=1 5 3 4 -6 6 7 -9 9 -11 18 12 25 -15 15 24 19 -19 -20 -21 -22 -23 23 32 54 -27 59 29 52 34 -32 -33 56 -35 43 36 37 39 48 -41 -42 51 -44 -45 -46 46 -48 -49 -50 -51 -52 -53 53 -55 -56 -57 -58 58 -60 -61 61 -63
leaf_value=-0.038334045821810533 -0.02343726355658016 0.019042560417139229 0.020966409668255439 -0.023463484161233773 0.037343633181327565 -0.038247649157121387 -0.0060057830017487737 -0.040969255111786174 0.036531356987541001 -0.039953370465317176 -0.017151712492057606 -0.02595618053730106 -0.042439264889987956 0.040267778643009428 0.029519580172735635 -0.0043968721518197282 0.030183778388863599 0.034542197592492017 -0.03608360694956439 -0.010054194249887537 -0.013686818919458901 0.034324781632925912 -0.033288974411298244 -0.024395153074828976 -0.0081640827598460034 -0.0041601281419216185 0.0083641579047546832 -0.015656984173959759 -0.013862402635150421 -0.026024675577944491 0.058749721250410482 0.034861335623204308 0.036308153598158907 -0.033336790368622603 -0.027775563652327043 0.012738413305105521 -0.045174611155167146 0.026444955975705287 -0.017459528946711149 0.029304087524685097 -0.014341003035320828 0.01399214108863125 0.039667186666772464 0.012998367526464797 0.0054725925843789568 -0.044340480504496377 -0.0021916326854734135 -0.02335162313008364 -0.014556353643778412 0.059871829938348622 0.034049999219276934 0.061689426869151548 0.051618668439252946 -0.013648540867961086 -0.061284167656672064 -0.018698132099647852 -0.0043557937124635744 0.037452038106232786 -0.013538370193279048 0.039987873133598806 -0.00088326347110500463 -0.039960066801464141
leaf_weight=7.4958983524966234 0.87607341181137499 0.28238045467241946 2.4646566102464993 2.4364566033991641 5.3879370363811177 11.002789053742164 3.0237969157151374 1.646579223829576 1.4408554656674812 3.9331643685000017 1.4605296096642657 1.4494959917701624 4.6323529219316679 2.8783195116338902 1.7190366662762233 2.998898952133457 4.8577420076362712 2.7427260214190019 12.13512019810514 4.7468021600898238 4.4492982673582437 12.024913020918573 4.1170479584279729 0.93191087113791571 1.5710959214602551 4.9314344938084105 4.1196596969566581 1.2982938920467852 0.38328826719225606 3.7338044443695271 2.6751641016307985 2.8798242765351461 3.0612097321109104 1.214163739032301 3.982237061882187 2.3879457935818218 3.474519615381725 1.0697856591104966 1.8364352807157049 17.871089724716512 2.0903992627791004 2.5490999971989359 4.7589324920645595 3.5088284173980355 13.450381714850664 4.7733949337343784 4.7363093995081726 2.7640789724609931 1.357398186706632 1.6195270935641017 1.0233576732189247 4.3392622188348469 6.3038239587285716 0.34313206982551481 3.6712836377892017 0.53711247502360482 2.1418960377195617 2.2661387407433726 1.0151109940434251 7.1261270418763161 1.9416573765502088 7.9909861922960772
leaf_count=524803 19867 2960 464 6224 188 28140 3368 12311 8012 8924 288 1709 12231 227 1681 488 1200 55 214 12631 44 874 1807 17504 5917 51 200 289 24131 300 36 1073 291 3987 481 672 1048 395 367 789 432 182 251 88 107 239 111 30 191 37 37 184 14658 57 299 20 68 402 7202 92 410 13470
internal_value=7.09118e-05 0.00148043 0.00577213 -0.00899849 0.0178956 -0.00677799 -0.0233426 0.000311271 0.0096515 -0.0197753 -0.0195908 0.0112747 -0.00687447 0.0173789 -0.00241467 -0.0223154 0.00197069 -0.0149148 -0.025925 0.00823127 0.0109337 0.0191999 0.00577957 -0.00743872 -0.035152 -0.0249634 0.0131369 0.0121957 0.0331828 0.00988853 0.0361782 0.0160915 0.012143 -0.00301514 0.00818023 0.0100651 0.00546103 0.0143551 -0.00584231 0.0228954 0.0238184 0.0295634 0.0110869 -0.00939541 -0.00555369 -0.0174768 -0.0255542 -0.00686034 0.0207546 0.0321588 0.00501905 0.04805 0.0422784 0.0469052 -0.0492226 0.0202912 0.0215649 0.00920271 0.0221996 0.0300322 -0.0300899 -0.0331007
internal_weight=237.933 230.437 152.635 28.3801 7.82439 77.8019 18.553 7.5502 124.255 5.91113 20.5557 118.344 13.8916 4.32782 59.2489 9.96032 49.2886 12.9578 18.0911 36.3308 31.584 27.1347 15.1098 10.2521 8.24128 9.56379 104.452 93.2066 7.90632 85.3002 3.97346 5.90362 6.13502 5.95594 81.3268 73.8357 56.3642 31.0162 9.31124 21.705 17.4715 15.3811 8.49274 7.49107 25.348 11.8977 9.5097 3.83386 5.83672 4.47932 2.85979 6.88836 7.03024 6.64696 5.24238 1.97797 5.20311 4.74178 3.28125 11.2458 10.215 9.93264
internal_count=744808 220005 115414 18969 6412 104591 44892 16752 96445 16956 12557 79489 14218 1936 59699 8385 51314 16895 12093 34419 21788 21744 20870 19670 6704 12282 65271 64979 58713 6266 325 4441 17863 11879 5941 5372 4023 2894 1680 1214 1349 917 551 569 1129 1022 350 425 632 441 404 366 38846 14715 6216 8032 359 7892 7604 292 16840 13880
cat_boundaries=0 4 6 8
cat_threshold=538968832 17041408 276971648 32832 4718647 163840 2099459 32768
is_linear=0
shrinkage=0.05


Tree=99
num_leaves=63
num_cat=4
split_feature=0 20 0 19 13 3 9 11 9 1 13 7 9 12 13 21 5 7 11 12 17 16 13 8 11 9 11 3 8 16 8 11 13 13 11 13 9 3 13 2 13 13 11 11 16 16 11 8 9 7 5 9 2 3 16 16 5 5 8 9 9 16
split_gain=5.31504 2.98584 3.94032 3.30001 3.84527 3.45341 2.9289 2.94654 2.67651 2.53713 2.48302 3.60346 2.68009 2.41783 2.9656 2.59052 2.63111 2.64071 2.23839 2.19689 2.14325 2.02975 2.43436 1.94051 1.66467 1.65708 1.62278 2.03351 3.54433 1.93066 2.66223 2.44658 4.13425 2.49009 1.58323 2.25688 1.57465 1.47323 1.49325 1.81989 1.77334 1.42026 1.36556 3.44066 1.3381 1.39108 1.24222 1.23851 1.68449 1.17528 1.06853 0.958657 1.59295 1.47701 1.15566 0.943521 0.900788 0.894289 1.86184 1.00206 0.89275 0.849459
threshold=7.5000000000000009 0 355.50000000000006 1 75.500000000000014 119.50000000000001 0.19623427255006207 0.031728814356029041 0.53895279869789514 967.50000000000011 66.500000000000014 1945.5000000000002 0.72734476300244932 0.033355570668606234 24.500000000000004 2 0.86967844202898559 1945.5000000000002 0.011573799226122601 0.041295148686813006 3 51.500000000000007 20.500000000000004 1.48392682586231 0.033033897867426283 0.84216632067407504 0.02342260198213704 4107.5000000000009 1.2757115919906619 49.500000000000007 1.1726039400531789 0.031892655324190861 26.500000000000004 23.500000000000004 0.018229885381246098 56.500000000000007 0.97224487946347671 2810.0000000000005 15.500000000000002 1596.5000000000002 60.500000000000007 61.500000000000007 0.03109322092495859 0.032038135454058654 16.500000000000004 13.500000000000002 0.013033898512873314 1.2857771076768441 0.92003717472118973 2592.0000000000005 1.4697366125937557 0.79072596616307378 4316.5000000000009 3117.0000000000005 10.500000000000002 4.5000000000000009 0.49846130538117023 1.3946161274746502 1.2702819399710592 0.51191545601916399 0.79549678945589741 18.500000000000004
decision_type=2 1 2 9 2 2 10 2 10 2 2 2 10 2 2 9 2 2 2 2 9 2 2 2 2 8 2 2 2 2 2 2 2 2 2 2 10 2 2 2 2 2 2 2 2 2 2 2 10 2 2 10 2 2 2 2 2 2 2 10 10 2
left_child=-1 3 -3 5 20 24 -7 13 -4 -9 12 -12 -10 14 25 51 17 36 -16 -11 26 22 -18 56 -2 -8 27 37 -29 30 55 32 -32 -33 35 -24 -17 38 39 57 -40 46 -22 -44 45 -37 -14 61 -49 60 -27 52 53 -15 -53 -28 -6 59 -59 -5 -35 -34
right_child=1 2 8 4 23 6 7 9 10 19 11 -13 41 15 18 16 21 -19 -20 -21 42 -23 34 -25 -26 50 29 28 -30 -31 31 33 47 49 -36 44 -38 -39 40 -41 -42 -43 43 -45 -46 -47 -48 48 -50 -51 -52 54 -54 -55 -56 -57 -58 58 -60 -61 -62 -63
leaf_value=-0.042497258653745894 0.08006280361777611 -0.040826710317032347 0.018692681065406266 0.06141148352189213 0.0061775262813611349 -0.037450468670692114 -0.024475086332016654 0.021392300759181727 0.015680939955637078 0.0058008197088362454 0.0020851972587646781 -0.04622450653263746 0.0046321709078410928 0.018485980057754012 -0.011513888786942372 -0.013861236107373068 0.076767444225985512 -2.5116972097628289e-05 0.038320288293166839 -0.026957976109561479 -0.027307128625169159 -0.011637225007124621 -0.035831899739136225 0.011226498093981796 -0.011963032096947081 0.029040968842547522 0.0055307105877264737 -0.021385578339512417 0.02391681198905472 0.037878644229903738 -0.037963773641171039 0.050620091467140665 0.016466567951486315 0.031657471994849654 0.047047566845276972 0.023652095936188458 0.067337154757336176 0.042051811703136148 -0.036895382916951741 -0.019820181017868841 0.021399074891342115 0.011152685379458994 0.040981851308067543 -0.025294383827971598 0.044417369378494317 -0.033213174439991798 -0.033827995395945498 0.04584554486754646 -0.0081973521545923213 -0.02616227313190091 -0.015383078215044841 0.017557266952458194 0.037948263910703633 -0.034262124625883239 -0.044143312781399852 -0.04495041322163134 -0.053329774117230049 -0.027274509148445526 0.033028411992726533 -0.010472912849278121 -0.020426701115321397 -0.028451062804876467
leaf_weight=5.6638430596631215 1.6885340944099874 6.6999435825246101 10.771578613326708 2.2365525179211567 0.49675871295948937 2.0340738477734694 7.5874227507001715 7.8539283490044935 13.787315659770686 9.6435368370730448 6.9563200758529984 7.446590325795114 2.5498936278163438 1.3485635813567571 2.651679431941373 0.38089061198388585 5.6263002786618079 8.8318591751594777 6.6448564049014749 9.2483621185965585 10.101716708491951 1.1077321733828274 1.0123884023114431 1.3784560757585493 0.31396816368578573 2.4064551549263355 0.89172409515959472 7.9086997900449187 7.3782260477310047 1.7385223479514014 6.0779569275309786 3.21606420707485 0.95182813350129469 1.6861315049545744 9.0035102636184074 1.3856062286704403 1.7855684272781218 6.8613301814839351 1.9735426601782822 1.2820792330603579 1.4546033324249945 3.2500092932641556 2.2964809340510319 3.8277477782567075 2.7633408872998189 0.9637585278815094 6.9865275156880671 2.9740441467147321 1.848819003862445 1.8737541809678075 1.4383168077856678 0.38448229437290171 0.94691762514412392 2.4662239368117298 2.5519465081260932 3.8961667905259674 4.7590775377384489 1.1127033003604085 2.4847806899724674 0.26219595208294766 0.3919089927276217 1.5381772741939128
leaf_count=590016 4695 51330 199 373 263 1982 471 9309 171 106 225 80 76 1059 107 2575 808 113 382 119 20640 118 606 88 5132 272 534 128 128 646 2181 1273 308 69 1453 236 1121 230 6582 33 1633 47 1166 19724 438 39 343 70 282 12 109 228 7 99 1005 5615 4277 562 235 985 654 343
internal_value=0.00154569 0.00279112 -0.00637333 0.00589828 -0.00150483 0.0120133 0.0114055 0.0129423 -0.00243142 -0.000905648 -0.00829736 -0.0242713 0.000926734 0.0189031 0.00470106 0.0258736 0.0275697 0.0140173 0.0243682 -0.010785 0.00168094 0.0455349 0.048981 -0.0355216 0.0664554 -0.0119657 0.00591294 0.0141673 0.000605563 -0.00217174 -0.00625223 0.00208256 -0.0104192 0.0238542 0.0345283 0.0121054 0.0531924 0.0252405 0.0119089 0.0236068 -0.0129137 -0.0149658 -0.010658 0.00182209 0.0259066 -0.00262679 -0.0240807 0.0142869 0.0272786 -0.00375216 0.0126772 -0.00716379 -0.00025384 -0.0156486 -0.0336566 -0.0362174 -0.047617 0.0342458 0.0125011 0.0530311 0.0183896 -0.0114825
internal_weight=239.082 233.418 58.4482 174.97 82.9 92.0702 90.0677 88.0336 51.7482 26.7458 40.9767 14.4029 26.5737 61.2878 20.7287 40.5591 32.861 10.9983 9.29654 18.8919 76.2658 21.8626 20.7549 6.63429 2.0025 11.4322 60.0398 32.9547 15.2869 27.0851 25.3466 20.5587 13.3908 7.16786 15.1286 6.12509 2.16646 17.6678 10.8065 7.37831 3.42815 12.7864 16.2259 6.12423 5.11271 2.34936 9.53642 7.31287 4.82286 3.95179 3.84477 7.69813 4.76171 3.81479 2.93643 4.78789 5.25584 6.09623 3.59748 2.49875 2.07804 2.49001
internal_count=744110 154094 52471 101623 69034 32589 22762 20780 1141 9534 942 305 637 11246 1341 9905 7507 3809 489 225 64406 3698 3580 4628 9827 852 22876 10889 256 11987 11341 5192 3184 2008 2772 1319 3696 10633 10403 2188 8215 466 41530 20890 713 275 419 1003 352 735 381 2398 1165 1158 1233 6149 4540 2155 797 1358 723 651
cat_boundaries=0 1 2 3 7
cat_threshold=20 92322 16973857 8576 16779264 1342193792 18
is_linear=0
shrinkage=0.05


Tree=100
num_leaves=63
num_cat=4
split_feature=1 13 17 4 16 12 9 9 9 11 9 11 13 8 10 11 9 13 5 9 21 17 12 11 8 10 8 1 5 8 11 12 5 11 16 16 13 5 12 10 22 8 11 5 13 4 11 4 11 5 16 16 11 1 16 7 10 9 11 12 8 12
split_gain=4.53692 3.30226 2.47995 3.7313 2.2211 2.20431 2.42642 2.78007 2.5426 3.00351 2.06965 2.0412 1.86053 2.23545 1.80442 2.09453 3.35105 1.59092 1.95022 1.57949 1.46979 1.9048 3.83978 3.92334 2.375 2.65127 2.22913 2.68611 2.86078 1.78932 1.68796 2.41361 1.61323 1.64999 1.89456 1.53725 3.08384 2.86779 3.06683 2.48393 1.65376 3.58871 2.60635 2.62591 2.39718 1.62001 1.47151 1.46449 1.65069 1.66823 1.46231 1.36226 1.34049 1.26435 1.21847 1.21078 1.16468 1.46537 1.49474 1.37391 1.1463 1.14178
threshold=10.500000000000002 66.500000000000014 0 120.50000000000001 43.500000000000007 0.055639799779182382 0.79072596616307378 0.62413727450140433 0.5192554874431482 0.012525423499755562 0.95007331378299131 0.033483050034745887 30.500000000000004 1.3182500682500684 17.500000000000004 0.014873050767928364 0.56900854897010744 62.500000000000007 0.76200284439213395 0.98020228012474242 1 2 0.07312876884921006 0.015844067137760043 1.1249178712220764 14.500000000000002 1.3283205186190263 1333.5000000000002 2.2862533692722375 1.3478433128918903 0.032038135454058654 0.043377477378121261 1.0134539969834091 0.024279270225919164 25.500000000000004 33.000000000000007 13.500000000000002 0.84853898520714077 0.053290935992391826 10.500000000000002 3 1.4727960207052735 0.011573799226122601 1.0323452484742808 6.5000000000000009 6213.5000000000009 0.031892655324190861 8373.5000000000018 0.038296621413478123 1.1375455692047205 5.5000000000000009 12.500000000000002 0.040774717383707575 1091.5000000000002 33.000000000000007 1945.5000000000002 15.500000000000002 0.82808964932126705 0.024784522727354753 0.035319885133315694 1.1566322596978174 0.029728935226302603
decision_type=2 2 9 2 2 2 10 8 10 2 8 2 2 2 2 2 10 2 2 8 9 9 2 2 2 2 2 2 2 2 2 2 2 2 2 2 2 2 2 2 9 2 2 2 2 2 2 2 2 2 2 2 2 2 2 2 2 10 2 2 2 2
left_child=-1 2 3 11 50 6 7 8 9 -3 -8 51 13 -6 15 16 -7 20 -19 -20 30 22 23 -22 46 26 32 28 -28 -24 53 -32 -26 34 -34 40 -37 38 61 -40 42 47 43 45 52 -23 -25 48 -42 -50 -4 -2 -44 -5 -35 -12 57 58 -46 -59 -56 -38
right_child=1 5 4 17 12 14 10 -9 -10 -11 55 -13 -14 -15 -16 -17 -18 18 19 -21 21 35 29 24 25 -27 27 -29 -30 -31 31 -33 33 54 -36 36 37 -39 39 -41 41 -43 44 -45 56 -47 -48 -49 49 -51 -52 -53 -54 -55 60 -57 -58 59 -60 -61 -62 -63
leaf_value=-0.04186887062153536 0.007542611710107814 0.023608149405707796 0.0034422015788676333 -0.012836393664445656 -0.0221799125295764 0.022981786693310104 0.0384254708707489 -0.035839362345915136 0.022613335529773675 -0.036900067322317723 0.014848267440956551 -0.018386196259938824 -0.015577137103150607 0.052781367164587013 0.0046778238067122146 -0.049183744345259024 -0.041504271617767596 -0.013674970251746419 0.03967108839555808 -0.014125143888606959 0.044428022877762097 0.04938497875551548 -0.042338456640900912 -0.0076639576930904105 -0.035340851577541507 0.037886509417435488 0.049664995091009217 -0.017194939473029535 -0.026248322742806168 0.0039354993744893001 0.030093734126897215 -0.033665529625093747 0.026323545796439963 -0.041004261808208708 -0.021394295197010735 0.026863917911085174 0.010755497179808973 -0.025780756222201412 -0.010791360702523361 0.058290067336476341 -0.034850875546306795 0.046111822944632092 -0.034294501598118615 -0.027688171835818898 0.050159712527464755 -0.0080732709292013222 0.046197935702331445 0.0047693674428462909 -0.029033765916226917 0.030610731049630802 -0.034682680282617263 0.072802749866070895 0.025905289254206182 0.05853582692067423 -0.034614902468505487 -0.026365452550960518 -0.010279068047501828 -0.012066004130202753 0.012867468893701654 0.025294026874748278 0.0074917935610622557 -0.030312608556389661
leaf_weight=5.148851707411267 1.330171250731836 2.281273878769758 3.0806515687536402 0.34192670176162021 0.77964074211558854 3.2838974300166246 4.7019175609348141 6.5480017867412235 6.566317824831458 5.0316370893278872 2.9659462487952633 0.57910539235854219 3.142830587536082 2.2187588747747213 4.0327504581728126 7.0045679139293497 2.8596337536328065 2.3464493540768663 8.0057716615592618 1.0892653668970531 3.6282825078642409 1.6173104283188859 7.8769154269657502 1.5892251994482638 9.0157171951586879 1.9205311093191983 3.7048484653032556 4.5312989010708407 0.97702518070946087 2.5227878283985774 3.1632032670468107 1.3426402475342909 4.4580271312916038 3.6171735793186581 2.4417786492422238 5.9172005286309313 2.1051055285515776 12.913761677605178 1.5655044782679395 2.8017900362556247 7.3781315936976224 2.0796333588677944 1.8260826284886236 4.6307748216377149 11.843653396696945 1.8577779596671462 2.5314860083262829 7.190740916033973 1.0385696304056184 1.8210549352188534 9.5451631652749693 2.8280409395129027 0.51837030516071525 4.2398810821905499 1.3069167235007624 2.2683906340971589 1.2785331715131167 2.7464985751503246 4.485369620313576 7.6421629894266516 4.5721044728925335 3.3505735954995544
leaf_count=557844 5000 235 6938 1638 8310 3618 724 593 356 1161 2012 11459 6028 663 175 12378 3441 1183 1165 312 426 732 20110 1806 5747 23 1006 46 109 1265 519 759 441 1990 290 1932 317 4472 3013 78 5036 190 711 472 1492 23 2657 66 1447 610 41704 12452 186 40 179 22 11 1104 1158 3693 758 790
internal_value=0.000529226 0.00164163 0.00466116 0.00650083 -0.00960133 -0.00998257 -0.00168046 -0.0114116 0.00174718 -0.0174551 0.0175392 0.0465782 0.00922597 0.0326176 -0.0237553 -0.0321905 -0.00864274 0.00544803 0.0226657 0.0324672 0.00399707 0.00176755 -0.00497894 0.00077016 -0.00409785 -0.00836441 -0.0119213 0.00848535 0.0319917 -0.0317527 0.0167225 0.00843106 -0.019361 -0.00904761 0.00886607 0.00610899 -0.00261156 -0.0110911 0.00881837 0.0361302 0.011428 -0.00274503 0.0153191 -0.0054604 0.0257557 0.0237278 0.0279851 -0.0122502 -0.023565 0.00703882 -0.0258104 0.0574361 -0.0172181 0.0518641 -0.0216681 -0.00437659 0.0298241 0.0320448 0.0412497 0.0152248 -0.00553983 -0.0152548
internal_weight=238.029 232.881 185.336 166.569 18.767 47.5443 30.3635 20.4272 13.8792 7.31291 9.93625 4.73732 6.14123 2.9984 17.1808 13.1481 6.14353 161.832 11.4415 9.09504 150.39 141.303 54.6941 44.2944 40.6661 36.5454 34.6249 9.21317 4.68187 10.3997 9.08765 4.50584 25.4117 16.396 6.89981 86.6086 28.6539 22.7367 9.82297 4.36729 57.9547 19.5081 38.4465 8.10586 30.3407 3.47509 4.12071 17.4285 10.2378 2.85962 12.6258 4.15821 2.34445 4.58181 9.49619 5.23434 27.9962 26.7177 16.329 10.3887 5.87902 5.45568
internal_count=745115 187271 162556 98913 63643 24715 5103 2345 1752 1396 2758 28911 15001 8973 19612 19437 7059 70002 2660 1477 67342 64386 36853 15478 15052 10589 10566 1161 1115 21375 2956 1278 9405 3658 731 27533 10602 8670 4198 3091 16931 7349 9582 1227 8355 755 4463 7159 7093 2057 48642 17452 897 1678 2927 2034 7458 7447 2650 4797 937 1107
cat_boundaries=0 4 6 10 11
cat_threshold=538968704 17041408 1342324864 32850 524304 131072 536871424 0 268566656 16 33555968
is_linear=0
shrinkage=0.05


Tree=101
num_leaves=63
num_cat=2
split_feature=10 17 5 5 16 0 7 19 10 8 11 11 13 11 15 5 10 6 8 9 0 8 7 16 13 0 11 6 15 11 6 7 16 5 5 16 8 13 2 5 11 8 8 5 16 8 8 16 11 0 8 1 7 6 16 13 8 13 11 8 11 13
split_gain=4.7686 2.67795 3.03857 2.14588 1.78875 1.71374 2.25462 2.95689 3.04235 2.90963 1.9009 1.6802 1.66617 2.93318 1.74792 1.60094 1.7429 2.02916 2.529 1.58532 1.48574 1.98 1.72007 2.41854 2.52264 1.38355 1.37965 1.92361 1.2329 1.20962 1.20908 1.1734 1.61944 1.13365 2.02528 1.95094 2.53655 1.99243 1.70389 1.42566 1.17185 1.12789 1.62615 1.12303 1.09664 1.09381 1.08384 1.04377 1.0082 1.00209 1.03469 1.00173 0.956791 0.946928 0.926461 0.916047 0.879242 0.858169 0.924054 0.834938 0.820856 0.80949
threshold=1.5000000000000002 0 1.427160072205689 1.1853268182140078 21.500000000000004 991.00000000000011 2226.0000000000005 1 6.5000000000000009 1.2204386959359652 0.025807015916012883 0.024164245596953803 19.500000000000004 0.024922082076218693 847.50000000000011 0.7132156533109183 16.500000000000004 1.6000299132515707 1.1650963094128037 0.67506345177664995 279.50000000000006 1.208083509855312 2592.0000000000005 37.000000000000007 17.500000000000004 355.50000000000006 0.032710533887625508 1.1906915640418791 3332.5000000000005 0.021572158911594138 1.0678545493873897 2226.0000000000005 9.5000000000000018 1.2177279102384293 0.80029651593773177 33.000000000000007 1.2088017346638038 87.500000000000014 1094.0000000000002 0.55929627530781523 0.024559322201336425 1.2608814057023778 1.3332101047443008 3.5022123893805315 42.500000000000007 1.444626593806922 1.1515356542420145 27.500000000000004 0.018229885381246098 430.50000000000006 1.136392081010354 646.50000000000011 935.50000000000011 1.0147309207451427 51.500000000000007 24.500000000000004 1.444626593806922 1.5000000000000002 0.016593219805508857 1.3249548736462096 0.031892655324190861 94.500000000000014
decision_type=2 9 2 2 2 2 2 9 2 2 2 2 2 2 2 2 2 2 2 10 2 2 2 2 2 2 2 2 2 2 2 2 2 2 2 2 2 2 2 2 2 2 2 2 2 2 2 2 2 2 2 2 2 2 2 2 2 2 2 2 2 2
left_child=57 2 3 5 15 6 7 8 9 29 -8 -9 13 -11 -14 -3 17 18 55 49 48 -22 23 52 -25 -10 27 46 -21 -2 -12 32 -19 34 39 36 -36 40 -37 -6 -38 -29 -43 45 -35 -34 -5 -48 54 50 -13 -20 59 -16 -4 -17 60 58 -1 -23 -27 -28
right_child=1 4 20 26 33 -7 10 11 25 12 30 19 14 -15 53 16 -18 31 51 28 21 22 -24 24 -26 56 61 41 -30 -31 -32 -33 43 44 35 38 37 -39 -40 -41 -42 42 -44 -45 -46 -47 47 -49 -50 -51 -52 -53 -54 -55 -56 -57 -58 -59 -60 -61 -62 -63
leaf_value=0.038411999374418145 0.021018033828284006 0.026468134800760212 -0.024916297043887887 0.016403900348087631 0.0094216447698887498 0.018126802986754762 -0.018320113569898884 -0.037850944863588115 -0.02568578532877145 0.078784665874045978 0.013057290626789975 -0.012143903925864322 -0.019784568212599361 -0.017797187458034498 0.059297025990722202 0.035388014450561202 0.022144415865831851 0.012175243733435297 0.0054937188781359649 -0.038358091849250764 -0.0093187639648494962 -0.025874066418368091 0.047043639946089295 0.019223511377819753 -0.042073043652419789 0.0058298094927903832 -0.039887830732426632 0.025790318585364763 0.021335859104274803 -0.030694484209083845 -0.0082393736763664831 0.032516354572499261 -0.040307631796281163 -0.042380658187577976 -0.034125171745481783 0.022178386723559849 0.04620869495315548 -0.016390884053708518 -0.040941462719723681 -0.042733608485333759 -0.0099786145445023323 -0.034543890172071268 0.013169623923290961 0.017826713193055139 -0.0043926519218059987 0.013415316913972315 -0.040884407853568484 0.0041779750488598289 0.03932840826214859 -0.013517441081986825 0.034875470724824713 -0.03819492426864194 0.028453889912165242 -0.0042940475099668462 0.027236904159570047 -0.017420607557938797 -0.0032523594614996074 -0.043424668984405723 -0.020272192448261134 0.012764071670281263 0.031879949973003592 0.014566326923589543
leaf_weight=0.13091355971482599 1.3242007458038672 3.7971020108634539 0.96962359475310023 0.79649797061666205 1.3094371082952481 16.444509490625933 19.310616138478508 4.1284376767735003 1.8928254213087736 4.7418926349000667 12.048309259116651 1.025283729014516 1.3468174405288666 0.53366653133980424 0.90009985530650716 1.4929319350321808 4.2194918990353463 6.9697585996018443 1.2403344913600438 2.6529604704483067 8.5070503582428483 1.0045655960711943 3.2896037073805919 2.1845568618737152 2.8456972318163025 6.7520729007810605 4.3887299796879224 4.0588773960680538 0.42961518912306917 1.236918973944739 12.667192537555819 1.8529396095254913 3.7105631025997354 5.8869247316679303 1.2484757481061004 0.77654203997280946 5.0902591550357101 1.5311764859261527 2.6616866072508856 4.4633963826072431 0.72349050532466197 1.9227486092731849 3.6808064884344276 0.79113476447764686 2.9720169893989805 0.66651243633168622 4.609938427725865 1.4423341857591365 7.9356176632372808 1.9336155402270376 3.374599901361762 9.1419800968251348 10.583723624426055 0.66326590297012444 0.5085443568377741 0.50070251237502805 6.3087249001837327 6.2270575360680596 0.67953208815379185 3.6323300566582475 5.4409809270582628 0.27011536575082562
leaf_count=1283 13201 15591 7062 2791 12662 191 190 20570 2243 1797 88 5133 8004 1922 163 2857 97 3131 6316 21261 478 280 43 103 151 151 4002 2459 15 15022 127 20 3377 8990 4511 6804 510 277 164 9526 424 367 484 347 5409 213 1174 805 17348 43 1811 219 220 153 309 7586 69 517273 6539 209 83 29
internal_value=-2.09563e-05 0.001303 0.00448147 0.000850658 -0.00696432 0.003799 0.000970617 0.00878612 0.0146369 0.0395309 -0.00698098 -0.00877664 0.0527095 0.0677355 0.0151137 -0.000458365 -0.00453325 -0.00945565 -0.0233993 -0.00204512 0.0163189 0.0105753 0.0178513 0.0111187 -0.0166795 0.00712592 -0.0133052 -0.00562691 -0.0268503 -0.00556312 0.00224637 0.0036166 -0.00293432 -0.0175517 -0.00937112 0.00272361 0.0152195 0.0266913 -0.0249005 -0.031259 0.0387782 0.00854884 -0.00595416 -0.0219812 -0.0313746 -0.0311535 -0.0241675 -0.0310758 0.032979 0.0120429 0.0236989 -0.0329515 0.0207676 0.0411678 -0.00322321 0.0207363 0.0116277 -0.0378774 0.00518814 0.00128814 0.0189896 -0.0347145
internal_weight=235.872 228.835 167.788 126.327 61.0469 105.157 88.7121 44.686 31.1415 10.7469 44.0261 13.5445 8.18574 5.27556 2.91018 34.3835 30.5863 26.3669 12.3759 9.41607 41.4613 32.0475 23.5405 20.2509 5.03025 20.3946 21.17 16.5112 3.08258 2.56112 24.7155 13.9909 12.138 26.6634 17.8045 12.0316 8.5934 7.34493 3.43823 5.77283 5.81375 9.66243 5.60356 5.16821 8.85894 4.37708 6.84877 6.05227 9.41379 6.3335 4.39988 10.3823 15.2206 1.56337 1.47817 1.99363 18.5018 7.0375 0.810446 4.6369 12.1931 4.65885
internal_count=744677 219582 130551 104348 89031 92237 92046 91641 42808 40262 405 48833 12039 3719 8320 39754 24163 24066 16978 28263 26203 1484 1006 963 254 2546 12111 8080 21276 28223 215 7088 7068 49277 34878 12690 5722 1211 6968 22188 934 3310 851 3937 14399 3590 4770 1979 24719 6987 6944 6535 709 316 7371 10443 303 525095 7822 489 234 4031
cat_boundaries=0 4 5
cat_threshold=538977024 17039360 1350762624 32832 338016
is_linear=0
shrinkage=0.05


Tree=102
num_leaves=63
num_cat=3
split_feature=10 12 21 11 7 21 9 19 0 10 15 8 10 4 5 13 11 10 5 11 12 9 15 5 9 4 4 13 12 9 9 13 5 0 5 4 5 5 6 12 13 10 11 10 8 6 11 10 9 13 11 11 4 11 10 0 11 9 11 5 5 9
split_gain=4.34054 2.75236 2.40271 2.40713 2.69272 2.57731 3.30661 2.7162 2.52455 2.47032 2.34421 2.46165 2.30555 2.95029 3.62753 2.78749 2.55373 2.44387 2.26496 2.13618 1.74339 1.73672 2.00447 1.85462 1.82206 1.76469 1.70007 1.97806 1.65707 1.63454 1.66776 1.59456 2.05894 1.87371 1.46721 1.41085 1.31518 1.69092 1.90013 1.48086 1.5039 1.40983 1.31801 1.28995 1.25896 1.23328 2.89825 1.72851 1.23184 1.36532 1.18108 1.16347 1.14495 1.11512 1.22912 1.10906 1.03645 1.82846 1.34702 1.07432 1.0217 0.965412
threshold=1.5000000000000002 0.066128879253653086 0 0.012939026289157244 92.500000000000014 1 0.5192554874431482 2 379.50000000000006 10.500000000000002 2241.5000000000005 1.1284632113746851 5.5000000000000009 2448.5000000000005 1.2121810404140121 66.500000000000014 0.011848063008593663 9.5000000000000018 1.6848237097598366 0.012364406720735134 0.046616209398076432 0.63163009564728156 1745.5000000000002 1.3342566943674978 0.59557189542483668 2295.5000000000005 6213.5000000000009 41.500000000000007 0.050858379379780556 0.65386992488352202 0.57900856793145661 16.500000000000004 0.92282346977569396 1173.5000000000002 2.4008547008547012 6213.5000000000009 0.96562974630140086 1.1853268182140078 1.3846583136336841 0.041295148686813006 60.500000000000007 9.5000000000000018 0.024784522727354753 7.5000000000000009 1.208083509855312 1.0147309207451427 0.026203390024602417 9.5000000000000018 0.82360045467462351 67.500000000000014 0.033033897867426283 0.010387283631103165 4301.0000000000009 0.015941238779676199 7.5000000000000009 666.00000000000011 0.029416784366023626 0.77784748361912748 0.016718913144855341 2.1341907824222939 1.272809692573972 0.99976076555023929
decision_type=2 2 9 2 2 9 10 9 2 2 2 2 2 2 2 2 2 2 2 2 2 10 2 2 10 2 2 2 2 10 10 2 2 2 2 2 2 2 2 2 2 2 2 2 2 2 2 2 10 2 2 2 2 2 2 2 2 10 2 2 2 10
left_child=-1 2 3 8 50 -6 9 29 -2 31 11 20 51 60 15 19 -17 18 -16 -15 -9 22 23 24 -4 -25 27 43 48 30 -8 52 -33 -34 35 -13 41 55 -39 56 -41 42 -31 -23 -18 47 -47 61 49 -29 -5 -3 53 -7 -55 -38 58 -58 -40 -59 -14 -21
right_child=1 12 21 4 5 6 7 10 -10 -11 -12 34 13 14 17 16 44 -19 -20 45 -22 26 -24 25 -26 -27 -28 28 -30 36 -32 32 33 -35 -36 -37 37 38 39 40 -42 -43 -44 -45 -46 46 -48 -49 -50 -51 -52 -53 -54 54 -56 -57 57 59 -60 -61 -62 -63
leaf_value=-0.038000850087498345 -0.028107736593713229 0.017933179644065718 -0.023710057703322823 0.050577631409324357 0.014365403610768858 0.023178923373291218 -0.0016258926540534482 -0.021430549956795261 0.032116808512787608 -0.050284206074395099 0.022893260069389403 -0.04303190650120816 -0.015624641613747823 -0.029561680360166057 -0.028589282560644955 0.024176786081957051 0.0060072892282376604 -0.046042282860454219 0.02533135167119397 -0.029635558888903252 0.057592184693570019 -0.033812213003891853 0.026306733107210663 -0.021609699372376983 0.02139062832088089 0.04652897133532613 -0.03003194593551553 0.025435874279415328 -0.018949467768271971 -0.045010343277402665 0.041873972727140607 0.037274394074273978 -0.035910369717089656 0.028667848901241119 0.008536238111854012 -0.0111306568528187 0.0050718405684817957 -0.031302687213350652 0.023630096338859794 -0.035577919310180804 0.020386955656131186 0.011622853756035334 0.00089988359174583514 0.019768983742438129 -0.043015409426282597 0.025662442621695994 -0.017825238285484737 0.040382495707004445 0.039409803813027638 -0.031121958878032548 -0.01420695537485619 -0.037703259415187138 -0.043828646623373949 -0.027306193454239028 0.025094266676649948 0.049008622232105219 -0.012954350044234382 0.064748504767309256 -0.022214973321633403 0.0049956637895958358 0.039976446653620268 0.023307681285796699
leaf_weight=6.9407690439975331 1.208322577288526 0.46759762303281416 9.8966511163453124 3.1546932904457203 20.877605407636111 1.3422112859752831 3.0206663581220692 0.46899331385066634 13.055276906467041 4.1750060286522048 3.0542904632166019 8.3294966901949028 0.45244261531024621 2.1802084050923467 3.155728823030584 1.6399359396900743 1.3400832377719778 7.9342485179404321 2.6801901727012591 1.1683271315951085 0.8150095156433963 4.7391031394572591 5.582254300643398 0.72980200442725562 1.9854804045535264 1.7688092583593968 10.907329294030204 1.126901553196147 2.3758320448132508 2.4391943290565923 6.4797220519067196 2.5550782244354187 2.2016976671684465 0.84068031609058369 2.4493746802545493 6.9840645852891603 2.5426245991820933 2.2771908775002876 2.4096203673725523 1.9967613415574299 1.1687352993649254 4.0548459447454661 2.7956825278215547 0.69850332320675068 5.8722622571913234 6.851300654900113 6.5241693209918594 6.0506668349426036 3.5859416342500481 1.1566064567150531 0.39628337404610636 7.6171328175041708 2.6569148902244706 4.3291280279390776 0.5805711957400489 3.2905376923736185 1.0862199940856951 2.3048515506307017 2.0311072459335264 1.2054940899615756 3.4702753349220075 0.51366317140400486
leaf_count=524834 3321 19614 5291 14660 2691 85 266 1112 216 116 54 6268 5890 241 149 70 165 163 67 406 566 8741 82 1690 373 33 154 341 1364 1053 372 968 904 6 259 100 867 495 94 349 40 47 1879 74 350 164 137 219 2614 250 12391 118229 87 1508 16 35 45 269 277 117 1544 16
internal_value=-0.00168054 -0.000374111 0.00295536 0.00639993 0.00417749 0.00245326 -0.00229169 0.00311029 0.0255077 -0.0204131 -0.00891279 -0.0193466 -0.00964281 -0.00530284 -0.00907198 0.000342921 -0.0220995 -0.0295825 -0.00374275 0.00943231 0.0319829 -0.00619629 0.00334437 -0.00669991 -0.0150983 0.0261388 -0.016191 -0.00386378 0.0112211 0.00974983 0.0292054 -0.00912759 0.0106568 -0.0153884 -0.0245638 -0.0300568 0.00594159 0.0128776 0.00298583 0.0112708 -0.0149813 -0.00900237 -0.0242801 -0.0249276 -0.0342844 0.0146149 0.004686 0.0292859 0.0244143 -0.00396473 0.0418147 -0.0328656 -0.0213792 -0.00711054 -0.0179121 0.033402 0.0210425 0.0353746 0.00243234 0.0498858 0.0316922 -0.0108053
internal_weight=227.99 221.049 163.131 118.578 104.314 100.763 79.8858 61.2045 14.2636 18.6813 22.1012 19.0469 57.9182 49.8335 45.9108 32.1406 8.85228 13.7702 5.83592 23.2883 1.284 44.5532 19.963 14.3807 11.8821 2.49861 24.5902 13.6829 8.24528 39.1033 9.50039 14.5063 5.59746 3.04238 17.7629 15.3136 29.6029 20.3131 14.48 12.2028 3.1655 9.28972 5.23488 5.43761 7.21235 21.1081 13.3755 7.73266 5.86945 2.28351 3.55098 8.08473 8.90883 6.25191 4.9097 5.83316 9.03729 4.59657 4.44073 3.51035 3.92272 1.68199
internal_count=744798 219964 72540 51533 47996 20945 18254 14564 3537 3690 8359 8305 147424 9581 2147 1768 585 379 216 1183 1678 21007 7469 7387 5664 1723 13538 13384 4569 6205 638 3574 1878 910 6627 6368 5567 2588 1686 1191 389 2979 2932 8815 515 942 301 641 3205 591 27051 137843 1696 1609 1524 902 802 431 371 386 7434 422
cat_boundaries=0 2 4 5
cat_threshold=561514519 131328 4720660 131072 100424
is_linear=0
shrinkage=0.05


Tree=103
num_leaves=63
num_cat=3
split_feature=0 21 5 17 17 7 5 1 0 11 13 5 16 12 5 9 8 8 16 13 12 9 5 16 8 12 7 12 1 7 3 8 11 15 1 13 16 12 9 9 5 15 12 11 11 11 9 9 8 5 12 5 12 3 5 8 12 9 0 8 16 11
split_gain=4.14068 2.7609 4.36456 3.12942 3.04917 2.68694 3.3023 2.12685 2.56694 2.09734 2.03984 1.6973 3.17389 2.69027 1.97307 1.68391 1.8858 2.66255 3.24308 2.06085 1.90445 1.61236 1.60225 2.3216 1.7413 3.09318 2.62555 1.92288 2.16447 1.92509 2.46276 1.55556 1.51111 1.49119 1.42994 1.79966 1.37039 1.36203 1.64931 1.7076 1.55648 1.33351 1.56133 1.31849 1.31356 2.10799 1.28896 1.93738 1.23797 1.36579 1.23145 1.25349 1.18142 1.16116 1.14077 1.18633 1.1219 1.09438 1.08476 1.05527 1.01307 0.85204
threshold=7.5000000000000009 0 3.5593869731800769 1 2 763.50000000000011 1.7147096227214924 2717.5000000000005 1337.0000000000002 0.032186440285295256 9.5000000000000018 1.1686070123189389 15.500000000000002 0.032752393707455314 1.2177279102384293 0.53895279869789514 1.3158630499828325 1.2891757708801308 43.500000000000007 22.500000000000004 0.056914034378642404 0.86673293571901933 1.3946161274746502 4.5000000000000009 1.339709653268448 0.050858379379780556 1003.5000000000001 0.038322349237967297 1237.0000000000002 2226.0000000000005 4107.5000000000009 1.2555668244309219 0.024164245596953803 1455.0000000000002 1865.5000000000002 25.500000000000004 20.500000000000004 0.045536294381250182 0.80016992353440963 0.83318209316394454 1.3342566943674978 2500.5000000000005 0.062968437532223157 0.031550275956225754 0.023245085067476069 0.013135593477636577 0.5192554874431482 0.71444879321591659 1.1920978293190607 0.65133897110641314 0.050040100745352596 2.2862533692722375 0.11771698468763643 659.50000000000011 1.0667096635493929 1.3283205186190263 0.026680003361569841 0.66655458417395208 268.50000000000006 1.0832807902480035 15.500000000000002 0.032710533887625508
decision_type=2 9 2 9 9 2 2 2 2 2 2 2 2 2 2 10 2 2 2 2 2 10 2 2 2 2 2 2 2 2 2 2 2 2 2 2 2 2 8 10 2 2 2 2 2 2 8 10 2 2 2 2 2 2 2 2 2 10 2 2 2 2
left_child=-1 2 4 9 5 -2 15 8 22 11 31 12 34 21 -13 44 17 18 19 -17 33 -14 24 -24 25 26 32 29 -29 30 -26 56 -5 -18 35 57 53 38 40 -40 -12 42 50 -21 45 -7 -28 -48 -39 -50 51 -38 -15 -16 61 59 -11 -3 -44 -56 -4 -6
right_child=1 3 60 7 54 6 -8 -9 -10 10 37 14 13 52 36 16 20 -19 -20 43 -22 -23 23 -25 27 -27 46 28 -30 -31 -32 -33 -34 -35 -36 -37 41 48 39 -41 -42 -43 58 -45 -46 -47 47 -49 49 -51 -52 -53 -54 -55 55 -57 -58 -59 -60 -61 -62 -63
leaf_value=-0.041488181341376766 -0.027314648018181394 0.039923632370536213 -0.0099811644806088919 0.045205610083073257 -0.046012389486626809 0.029344333774898791 0.0404817207664558 -0.041264593433792789 0.028542998443271531 0.044699124482955738 -0.041359098388472133 -0.037295356445272591 -0.029003524160607544 0.041288918840872026 -0.01496941620108596 0.042262856575805141 0.00244831218300509 -0.041513317203112771 -0.021980126142899806 -0.02304134650690989 -0.012336940256615607 0.029053714800860567 0.014215556546462602 -0.031840609875026467 -0.027763626601177951 -0.041786722934440364 -0.027880348442969844 -0.016751941094986535 0.02958881312523802 -0.036007795564002333 0.029578208843084482 -0.021002885455016072 -0.013134221708350222 0.028642546963692631 0.026993893025009392 -0.035917393795217044 -0.033458207785878144 0.027979959601989769 0.041964784841341557 -0.025415448974649115 0.014979491999437012 0.028078710523458325 0.014013568674368232 0.018373338810272945 0.031806805001607485 -0.015062669319328406 0.016703072938567414 -0.025835493668242223 0.028964081368758117 -0.025674462299049863 0.030094331794458102 0.019455469750190951 0.0056996372789940263 0.033399107498653734 0.013462763221575278 0.014400051433416002 -0.015719498064046333 -0.019294251558099444 -0.048098960627271051 -0.035521811244065719 0.063886016535647419 0.0086659193511262715
leaf_weight=4.8739280418908484 3.7017312662737814 0.8816130253771941 0.24616433651044589 2.6601504502932651 4.1557153599251233 3.8532717354173673 7.9904761804500586 4.6118986348301396 3.3800584498094386 2.7737935367440545 7.7193965122532973 2.200078434507307 2.4825229608022741 14.11268201818166 0.97683543604671186 4.0810033181096568 9.435047827106251 3.6969168504147083 7.6656595380136414 2.6318537256538548 5.9245405241672406 0.88484074911684718 2.7297802564153271 14.175830616361962 2.2218396158123159 6.5346638141036228 6.7693545172514833 2.6982322586418368 8.448338571310158 3.5366839282214642 3.5377315841033123 1.0037516520442293 1.0605121176704413 12.492623581172664 1.1055920564103869 4.0719658893558517 1.8348115372154992 2.0099050909884673 0.95915766601046992 0.89576393410152377 0.90801348341483379 1.311906689283205 0.40354428999671688 3.0853654866332363 10.061332760258663 5.0107095978619327 5.747066750380327 3.4367747986470931 0.64212145396413722 3.3080924321166094 1.6221002647107523 1.0166189734309226 3.1747653148731834 4.4064947293582009 0.92406316883352735 2.7915245884423712 0.42855356099516928 0.55041493478438497 2.5180308293529379 2.8875222085380301 3.0318715911098479 0.49652179840359156
leaf_count=590553 20767 348 473 5605 7305 123 136 69 31 1523 936 481 253 2597 2229 234 217 125 176 144 186 288 1609 20461 1093 31245 208 2876 86 33 46 1555 10314 112 22 2341 505 4018 78 1984 178 53 2405 99 215 181 158 233 693 3286 199 223 3902 241 2959 1202 1975 705 186 6891 1068 4729
internal_value=-3.23536e-05 0.00102232 0.00712949 -0.00350042 0.00549185 0.00867778 0.0118928 -0.0100875 -0.00884844 0.00424202 -0.00797722 0.0110361 0.0184476 0.0277785 -0.00171776 0.0079919 0.0029441 -0.00809268 0.000847299 0.019088 0.0113192 -0.0105885 -0.0112483 -0.0240253 -0.00621116 -0.0145173 -0.00387667 0.00461808 0.0179156 -0.0115176 0.00662291 0.0200043 0.0293171 0.01797 -0.0105297 -0.0210586 0.00594071 -0.0158716 -0.0259539 0.0119211 -0.0344896 -0.00631839 -0.0150383 -0.00128342 0.0202609 0.00525941 -0.0128909 -0.000189469 0.00304185 -0.0127359 0.00425629 -0.0144397 0.0354222 0.0236522 -0.0126643 -0.00757459 0.034797 0.0185881 -0.0381339 -0.0233164 0.0573025 -0.039676
internal_weight=234.79 229.916 94.1639 135.752 90.8859 79.6305 75.9288 71.5489 66.937 64.2034 20.6485 43.5548 27.2644 20.6548 16.2904 67.9383 49.013 21.1608 17.4639 9.79822 27.8522 3.36736 63.557 16.9056 46.6513 26.2085 19.6739 20.4428 11.1466 9.29626 5.75957 4.2061 3.72066 21.9277 6.60959 5.50399 14.0903 16.4425 10.4823 1.85492 8.62741 8.70701 7.39511 5.71722 18.9253 8.86398 15.9532 9.18384 5.96012 3.95021 4.47353 2.85143 17.2874 5.38333 11.2553 6.60311 3.20235 1.43203 2.92158 3.81159 3.27804 4.65224
internal_count=745166 154613 47342 107271 45801 22715 1948 74067 73998 33204 16226 16978 10456 7040 6522 1812 1293 778 653 477 515 541 73967 22070 51897 47763 16518 4134 2962 1172 1139 5053 15919 329 3416 3394 6041 11173 3176 2062 1114 3571 3518 243 519 304 599 391 7997 3979 927 728 6499 2470 23086 11052 3498 1053 2591 9850 1541 12034
cat_boundaries=0 2 6 10
cat_threshold=23791701 164096 538968064 16777216 1082130560 64 8960 264192 1342242816 32834
is_linear=0
shrinkage=0.05


Tree=104
num_leaves=63
num_cat=4
split_feature=0 0 9 21 0 12 20 6 5 0 5 6 8 1 9 9 19 10 0 11 8 12 11 9 10 13 11 1 2 9 12 6 8 12 3 10 10 8 19 11 12 9 12 8 8 8 9 11 6 8 11 8 9 9 4 11 6 12 4 9 9 6
split_gain=3.97241 2.29691 2.8127 2.24399 3.37786 2.35345 2.28162 2.06989 1.95305 2.45176 1.58331 1.57659 1.81721 1.55951 2.31919 2.27624 1.81031 2.79472 2.56919 1.71983 1.52326 1.46386 2.05638 1.4481 1.82952 1.9028 1.53772 2.6273 3.80458 1.42109 1.26527 1.41953 1.46924 1.22579 1.22575 1.22563 2.4233 2.11193 1.40276 3.12422 2.04485 1.78694 3.09815 1.20712 2.6381 1.74451 1.75325 1.54278 1.1708 1.12602 1.10508 1.08798 1.0774 1.06069 1.0385 1.03076 0.984893 0.954532 1.03433 0.952689 0.950123 0.977035
threshold=7.5000000000000009 12.500000000000002 1.0000000180025095e-35 0 2123.5000000000005 0.2500963488548274 1 1.0465522612452764 1.0386700646972065 1061.0000000000002 1.5003234152652007 0.87507094211123737 1.1781099218013422 1865.5000000000002 0.75024366471734905 0.85040460662638784 2 10.500000000000002 790.00000000000011 0.024279270225919164 1.1818984902023775 0.03742350405782769 0.012843146526283411 0.70005512679162074 6.5000000000000009 76.500000000000014 0.032276553101837642 1155.0000000000002 1135.0000000000002 0.87515133171912851 0.064492346086301902 2.9978292329956591 1.2800384985563042 0.0085671581817798898 4966.0000000000009 6.5000000000000009 3.5000000000000004 1.136392081010354 3 0.031728814356029041 0.050040100745352596 0.61396735080945619 0.066128879253653086 1.1249178712220764 1.2088017346638038 1.1074029877132505 0.48865711534630457 0.023578743004084881 2.2904315605928516 1.2967320036285555 0.010152542090509089 1.6007662835249044 0.61820420958351996 0.85419703595724006 2643.5000000000005 0.024389799695758937 2.7379079424494095 0.064492346086301902 2295.5000000000005 0.50012382367508679 0.69447496947496956 1.846297896859695
decision_type=2 2 8 9 2 2 1 2 2 2 2 2 2 2 10 10 9 2 2 2 2 2 2 8 2 2 2 2 2 10 2 2 2 2 2 2 2 2 9 2 2 10 2 2 2 2 10 2 2 2 2 2 8 10 2 2 2 2 2 10 10 2
left_child=-1 2 -2 4 5 35 13 8 11 10 -10 12 -8 14 23 20 18 33 29 -15 -16 22 -9 24 43 26 27 28 -26 -17 31 -31 -33 -18 -28 36 -3 -38 40 -40 52 42 -42 45 -45 47 -47 -5 -25 55 -22 59 -37 -35 -52 57 -50 58 -46 -13 61 -23
right_child=1 3 -4 6 -6 -7 7 21 9 -11 -12 51 -14 19 15 16 17 -19 -20 -21 50 60 -24 48 25 -27 34 -29 -30 30 -32 32 -34 53 -36 38 37 -39 39 -41 41 -43 -44 44 49 46 -48 -49 56 -51 54 -53 -54 -55 -56 -57 -58 -59 -60 -61 -62 -63
leaf_value=-0.041185446398032621 0.085134008464814309 -0.021638790598162708 -0.018423433864618761 0.019805499789883881 0.080502176430842773 -0.040716792475783893 0.028396718230358966 0.031784341905831702 -0.045875784164743576 0.031655135987710706 0.017707291213775622 -0.012269830229123582 -0.037404082511665451 0.0025203896192547443 -0.017353681416537224 -0.017022433255711716 -0.00028770152248085905 0.030607399915626332 -0.01248719158356768 -0.017477075978621994 -0.0084261138522512807 -0.024312261961045287 -0.020083640492434766 -0.036272495790515627 0.03652461559273161 -0.027086765386737006 0.010342759938219414 0.025596710260299679 -0.023619301397295622 0.046421806134626382 -0.0043677882203047164 0.029435218752711552 -0.027562335109661371 0.017398364113000015 -0.030282740191437004 0.016333940123928626 -0.022702247456863906 0.045459193192597371 -0.038769541059744436 0.019501111774717195 0.031731939124900278 0.036670416307122082 -0.044803773806083497 -0.041079706922639909 -0.010218748900648677 -0.017548272343347701 0.06071140063824141 -0.031683737853376186 0.028571492246133423 -0.024258309644175059 0.0069663586192335002 -0.015146368667112274 -0.0096848165038144959 -0.044212291938590914 0.045402028448490839 -0.022012319615641887 -0.018858099320469349 -0.017881603184454028 0.043328317587535137 0.053650399127267018 -0.044095581198193949 0.016020171000852717
leaf_weight=4.6722089289146416 0.71785482922950783 1.4965335774677422 0.58337542429671896 1.6161731938200343 0.70750347245484491 1.3630109131290726 0.95701838084823831 1.7320499427723941 3.5875370945250324 1.0446213334798811 0.67116409712707525 0.25900044678019263 1.3410355958731086 21.908661085108179 1.0197294193867481 1.0617500038215464 2.8774438330801804 1.7210688075956557 5.015503781309234 19.706883731705602 1.0666011419671111 4.6162939519872443 5.4597341625631088 4.0899282961890995 2.8451817925106315 2.7720149964734437 2.8068628655655621 18.988454444115632 7.3835859902537777 8.5032796033210598 1.8900296406645782 1.3885417387609771 1.1550668687032155 0.25625538406166004 2.9140924168750644 5.4105448767186326 0.70773644239579869 6.8552247565930884 4.9064206090251892 2.9783240375063542 1.8927154406464972 9.7930213864283342 1.4433644535674828 6.0930534686622178 0.74621703331467903 0.53162291718308541 1.1362670539738244 2.4986029598285313 1.0723035618711949 1.7468788181013222 2.6250502719831266 0.3706475172730278 9.4886127171903354 5.5360188880495116 9.0205441466732719 0.73544645370384376 1.3493082082550243 0.4985143314288506 2.8840918923233403 2.8242139917174427 8.1555469380527921 1.2674870972268761
leaf_count=590179 2760 6368 35367 7264 31 4542 2454 324 2759 9 1674 388 1996 242 2880 512 1655 77 60 156 116 2853 5323 1976 817 385 172 141 329 5186 6671 1304 574 132 31 168 792 2499 860 554 77 495 346 4789 368 936 801 5933 144 1130 1804 72 219 21395 362 395 235 597 121 1219 8931 1564
internal_value=0.000149461 0.00117224 0.0508757 0.000664973 0.00922368 0.00840621 -0.00201259 -0.0121518 0.00172778 -0.0184256 -0.0343935 0.0202863 -0.00970008 0.000896829 0.00417677 0.0129603 0.00474547 -0.00864607 0.0109692 -0.00713723 0.0290351 -0.0245978 -0.00523678 -0.00197398 0.00076856 0.0070457 0.0104321 0.0150268 -0.00512707 0.026959 0.031531 0.0375257 0.00307838 -0.0277393 -0.0117775 0.0107483 0.0262738 0.0371744 0.00622615 -0.00801745 0.00976813 0.0267607 -0.00407753 -0.0117403 -0.0198892 0.00645531 0.0385392 -0.0115419 -0.0225944 0.00247208 0.0337505 0.0379362 0.000196813 -0.0393264 0.0379742 0.0145713 0.00435623 0.0241091 0.0324918 0.0464641 -0.033508 -0.0145588
internal_weight=232.764 228.092 1.30123 226.79 47.043 46.3355 179.747 32.2864 11.0552 5.30332 4.2587 5.75192 2.29805 147.461 105.845 43.1369 29.405 10.3908 19.0142 41.6155 13.7319 21.2311 7.19178 62.7086 56.1971 37.7102 34.9382 29.2172 10.2288 13.9987 12.9369 11.0469 2.54361 8.66972 5.72096 44.9725 9.05949 7.56296 35.913 7.88474 28.0283 13.1291 3.33608 18.4869 12.7042 5.78267 1.66789 4.11478 6.51154 6.61115 12.7122 3.45386 14.8992 5.79227 11.6456 4.86427 2.42161 4.12882 3.63031 3.08321 14.0393 5.88378
internal_count=744513 154334 38127 116207 16951 16920 99256 29566 10571 4442 4433 6129 4450 69690 69292 42728 37566 23259 14307 398 5162 18995 5647 26564 24209 1875 1490 1287 1146 14247 13735 7064 1878 23182 203 12378 9659 3291 2719 1414 1305 918 423 22334 7400 14934 1737 13197 2355 2611 2282 1679 387 21527 2166 1481 379 1086 489 1607 13348 4417
cat_boundaries=0 2 3 4 5
cat_threshold=2099252 131072 20 76000 75936
is_linear=0
shrinkage=0.05


Tree=105
num_leaves=63
num_cat=3
split_feature=0 4 21 2 15 12 5 20 10 10 13 6 1 4 4 12 8 0 10 0 13 8 21 10 8 1 16 0 10 8 10 16 15 5 8 2 15 3 8 16 5 16 13 3 16 15 12 16 15 13 4 13 5 4 6 12 12 5 6 5 16 8
split_gain=3.87926 2.10257 1.76128 1.58341 2.5486 2.39471 2.87945 2.21597 1.95572 1.61805 1.58118 1.55989 1.50922 1.50715 1.48566 1.42404 1.34228 1.39581 1.23311 1.15088 1.73072 1.13718 1.00933 2.30581 2.05589 1.594 1.52334 1.40054 1.76906 1.08011 1.00073 1.53815 0.963074 0.892647 1.27626 1.5485 1.05358 0.88878 0.873553 0.847758 0.8822 0.802751 0.827359 0.780927 0.774109 0.678101 0.662605 0.655091 0.642892 0.618135 0.607086 0.606999 0.578402 0.473186 0.464971 0.443245 0.437634 0.430791 0.397601 0.382839 1.50415 0.374397
threshold=7.5000000000000009 12.500000000000002 0 2395.5000000000005 2500.5000000000005 0.078411853232571008 1.0795160490285725 1 3.5000000000000004 6.5000000000000009 21.500000000000004 1.2000471920717322 72.500000000000014 515.50000000000011 3122.5000000000005 0.036403463649642705 1.4994845360824745 645.50000000000011 8.5000000000000018 185.50000000000003 56.500000000000007 1.2400142450142453 2 10.500000000000002 1.3332101047443008 1333.5000000000002 26.500000000000004 497.50000000000006 5.5000000000000009 1.212158167036216 2.5000000000000004 48.500000000000007 13.500000000000002 1.3342566943674978 1.2222944661176134 1503.5000000000002 562.50000000000011 6467.0000000000009 1.3846868744638263 5.5000000000000009 1.8676399026763992 20.500000000000004 10.500000000000002 466.50000000000006 5.5000000000000009 1312.5000000000002 0.0030011090632081077 45.500000000000007 1153.5000000000002 67.500000000000014 2295.5000000000005 24.500000000000004 3.6679197994987471 2295.5000000000005 2.6284084202242775 0.26684458489896123 0.0030011090632081077 3.2744588744588747 2.0359116749131494 1.5003234152652007 26.500000000000004 1.0999075785582257
decision_type=2 2 9 2 2 2 2 1 2 2 2 2 2 2 2 2 2 2 2 2 2 2 9 2 2 2 2 2 2 2 2 2 2 2 2 2 2 2 2 2 2 2 2 2 2 2 2 2 2 2 2 2 2 2 2 2 2 2 2 2 2 2
left_child=-1 61 10 8 5 7 37 -5 12 15 14 38 -4 30 -3 -9 19 49 -11 20 39 48 33 24 25 27 45 28 29 46 31 43 -20 34 51 -36 -37 -7 -6 -10 55 42 54 -14 -30 -25 -24 -32 -15 -18 57 53 -42 -21 -23 -41 -33 -31 -29 -35 -61 -2
right_child=1 2 3 4 11 6 -8 9 16 18 -12 -13 13 21 -16 -17 17 -19 32 22 -22 41 23 26 -26 -27 -28 58 44 50 47 56 -34 59 35 36 -38 -39 -40 40 52 -43 -44 -45 -46 -47 -48 -49 -50 -51 -52 -53 -54 -55 -56 -57 -58 -59 -60 60 -62 -63
leaf_value=-0.040883105249404091 0.072497756700379654 -0.0018769598904332864 -0.037055465555626547 0.011268456639300586 -0.012711255960748439 -0.017669773350842809 -0.04003882670951505 -0.0099884545784724721 -0.011565817077263833 -0.025763671494728177 -0.01996551129655497 0.017191861294853058 -0.03425554820791514 -0.039431714568585387 0.053598931952561414 0.0175864406692566 -0.03525450742458329 0.019539029124282806 0.0020441419004040883 0.018945567838949531 -0.020779891963120856 0.039176534286000438 0.018139851117578067 0.015771281628418701 -0.037927337532898599 -0.035586339368098123 0.040429547765575467 0.0060261414070805087 0.0044237379148572798 -0.020375990788827059 0.034476193612746377 0.04223277769228001 -0.016303830628908781 0.043339166159303728 -0.03405610655869451 -0.0098032254734635171 0.024973537621535851 0.0057416456205701526 0.0077334660248112074 0.063112244937004874 -0.017764279661743227 -0.022084018056895492 -0.016678416914615475 0.015955934241986609 -0.039624818103878585 -0.012138936082558092 -0.028721061721982501 -0.012974718382752505 0.011997775923174215 0.0053391571373396091 0.0350882157900776 0.03597578878915008 0.024175224468494003 -0.015713941371866654 0.0026040353330042611 -0.0049073850628455207 -0.0083337632367475965 0.018440780072795527 0.032228818232298791 -0.0096215398110255229 0.034213839581841494 -0.0036829075092823073
leaf_weight=4.4841201019753489 0.22332790628388366 1.4185423197786802 2.7874572812734213 12.113138792134121 9.6062407977879065 6.8516366170224519 10.160497453223796 7.987531216422215 0.29901111293929616 12.747398308478294 0.55828748908152181 18.838810968212783 2.0964241735728173 3.1572968439504607 5.1631143404065369 8.8947780325834156 3.0731580177553037 1.5631320229731498 14.219739332795145 0.95332861838687921 0.71015407746381232 1.1974097214879298 0.32106859050692005 3.5918691363403905 3.8793556482778504 1.8355388965464943 3.6579522106731019 3.1313837698398848 1.0953370431743681 0.66827384377757004 3.5566396249359973 0.65789543390565075 12.998978703282772 3.6192629653523891 1.778981749106604 3.3135096993864863 3.666151723562507 7.6283755543408915 9.3639094545505923 2.7925277286221903 0.53437164797560377 1.6372865917010129 1.0163101869356976 0.3797636001909267 2.8576345705041604 3.1694008404228953 1.3036169423139652 0.32971228398673691 0.24810362520383922 0.90956483812624345 2.4839026959998591 3.8768148515300709 0.88048592353425192 0.99526961346782628 1.6919057763079763 0.10881071709354717 0.19546013277522434 0.2879159833828453 3.0588752700568875 2.5696566652077308 4.1824989494743932 0.079468390733381966
leaf_count=590148 458 1855 78586 81 74 136 104 122 1695 124 1413 197 10419 13057 109 154 1421 22 117 62 11662 353 6 147 584 56 157 189 85 334 3097 47 123 173 480 184 169 75 131 10668 1055 2903 1462 396 877 127 664 378 135 551 307 262 65 149 222 3226 1285 6 58 238 183 813
internal_value=0.000672023 0.00167754 0.00130441 -1.38582e-06 -0.00344586 -0.00785042 -0.0209063 -0.0029533 0.00523359 -0.00688397 0.0162451 0.00737965 -0.00863243 -0.00185767 0.0429717 0.00471093 0.00921513 -0.0127288 -0.0134577 0.0113617 0.0318649 -0.0148496 0.00889999 0.000143647 -0.00930735 -0.00105208 0.0184011 0.00505449 -0.00736551 0.0115096 0.0140999 -0.00554318 -0.00698564 0.0140136 0.010312 -0.00209018 0.00930416 -0.00576198 -0.00273757 0.0422235 0.0474245 0.000187374 0.0121224 -0.02418 -0.0289904 0.00280979 -0.0160775 0.0286191 -0.0338119 -0.0267729 0.025225 0.0265333 0.0075384 0.00191731 0.0239365 0.0599573 0.0324033 -0.00523597 0.0216556 0.0301776 0.0184423 0.0650239
internal_weight=229.458 224.974 224.671 217.532 131.411 93.6021 24.6405 68.9616 86.1205 56.8484 7.13994 37.809 18.9517 16.1642 6.58166 16.8823 67.1688 5.54585 39.9661 61.623 5.32536 8.94831 56.2976 31.3421 20.9229 17.0435 10.4192 15.208 9.01775 5.06478 7.2159 3.32954 27.2187 24.9555 14.5841 8.75864 6.97966 14.48 18.9702 4.61521 4.3162 5.54291 3.90563 2.47619 3.95297 6.76127 1.62469 3.88635 3.4054 3.98272 3.44009 5.82541 1.41486 1.9486 2.88932 2.90134 0.853356 0.95619 6.19026 10.3714 6.75216 0.302796
internal_count=744436 154288 153017 149640 1438 1036 315 721 148202 640 3377 402 112340 33754 1964 276 35862 1994 364 33868 28371 18132 5497 3597 3166 2582 431 2526 2279 1317 15622 12147 240 1900 1306 833 353 211 205 16709 15014 4940 2037 10815 962 274 670 3475 13192 1972 647 473 1120 211 575 13894 1332 340 247 594 421 1271
cat_boundaries=0 2 3 5
cat_threshold=2097168 131072 24 4325413 33024
is_linear=0
shrinkage=0.05


Tree=106
num_leaves=63
num_cat=4
split_feature=10 20 0 1 8 9 3 16 22 9 16 21 6 11 6 3 11 16 16 4 21 11 11 16 0 8 0 16 16 2 8 7 0 4 16 11 7 9 8 1 8 9 9 10 8 16 11 7 8 0 1 16 9 6 9 7 4 4 6 11 10 10
split_gain=3.44046 2.32331 2.13642 2.31917 2.18094 2.18884 2.12736 2.0874 3.37657 1.92214 2.09611 1.83662 1.83528 2.23859 1.72072 3.98911 2.18729 1.66893 1.56699 1.51195 1.37572 1.44987 1.36174 2.73882 3.01103 2.6059 1.51751 1.33994 2.21975 1.31688 2.36124 2.30816 1.59734 1.53355 1.26443 1.73972 1.21373 1.13438 1.1323 1.15552 1.0738 1.04677 1.7933 1.0838 0.983542 0.939956 0.934674 0.909484 2.65744 0.782185 0.767131 1.41055 0.706019 0.665966 0.659081 0.610875 0.603375 0.594383 0.915099 0.592892 0.555523 0.536034
threshold=1.5000000000000002 0 355.50000000000006 1091.5000000000002 1.4727960207052735 0.71444879321591659 3518.5000000000005 19.500000000000004 1 0.95648909779344582 44.500000000000007 2 0.77484206183331128 0.03323023111914241 0.95925722567340677 4966.0000000000009 0.027779661222464513 17.500000000000004 51.500000000000007 4301.0000000000009 3 0.016177966026589278 0.030805084600367332 45.500000000000007 877.00000000000011 1.3182500682500684 790.00000000000011 11.500000000000002 8.5000000000000018 1503.5000000000002 1.2433030375508254 2592.0000000000005 131.50000000000003 4301.0000000000009 22.500000000000004 0.032038135454058654 1636.0000000000002 0.61396735080945619 1.2416990020188716 1047.5000000000002 1.2667306461932184 0.76196503918022918 0.81823556813702669 9.5000000000000018 1.1792011104895688 14.500000000000002 0.016254236979875717 902.50000000000011 1.3638105189829328 414.50000000000006 780.50000000000011 45.500000000000007 0.98810534400517436 1.3171660269902195 1.0000000180025095e-35 1089.5000000000002 2295.5000000000005 1826.5000000000002 2.7379079424494095 0.03323023111914241 12.500000000000002 13.500000000000002
decision_type=2 1 2 2 2 10 2 2 9 10 2 9 2 2 2 2 2 2 2 2 9 2 2 2 2 2 2 2 2 2 2 2 2 2 2 2 2 10 2 2 2 10 10 2 2 2 2 2 2 2 2 2 10 2 8 2 2 2 2 2 2 2
left_child=54 7 59 6 5 -5 45 14 11 29 -11 12 -9 18 16 20 17 19 -14 -2 27 55 23 24 -13 26 49 28 38 32 33 46 -10 -31 56 -36 52 -15 57 -40 50 43 -43 -37 -44 -4 -32 -29 -49 -25 51 -34 -30 -48 -1 -22 -24 58 -16 -3 -12 -23
right_child=1 2 3 4 -6 -7 -8 8 9 10 60 22 13 37 15 -17 -18 -19 -20 -21 21 61 34 25 -26 -27 -28 47 36 30 31 -33 40 -35 35 41 -38 -39 39 -41 -42 42 44 -45 -46 -47 53 48 -50 -51 -52 -53 -54 -55 -56 -57 -58 -59 -60 -61 -62 -63
leaf_value=0.0015357990226584819 0.022592511207721485 -0.042010857276826775 0.0057933949646924859 0.0082683432378113098 -0.030358121998975814 -0.020494023005383763 0.029918597577116568 -0.023720325911487258 -0.028384483561806746 -0.049460094627485865 -0.014316843095890767 -0.048543279235190528 0.053120246219969594 0.019717947840286562 -0.016300365798989302 -0.012788287941849911 0.042166905450063241 0.034974892821514544 -0.013331808773793866 -0.03708238138770336 -0.015871772245736621 -0.036678441574611372 0.012179064603407511 -0.020858226376041497 0.0058489903096525207 0.04747883761226436 -0.041183220423193466 0.048810125567187397 -0.037370067307187498 0.0020239383295367927 -0.030916835964262271 0.011835889263024254 0.044711131530658255 -0.038437039668142409 0.039122040281178973 -0.031000429871233606 0.015692012898150916 -0.025657036112060241 -0.012988544756654475 0.019914339102266716 -0.015251769116031389 0.043278573371442038 0.024648467274489171 0.0079359669644987647 -0.033183433929377344 -0.028188436942071873 0.0085489160707496164 -0.01870821453983932 0.037258110046473045 0.023650472652640406 -0.0041058252212720263 -0.017698510659491427 0.010194491781404726 -0.017009500938670319 -0.041943331647166418 0.027465281441378865 -0.036322403697953899 0.045101068090275372 0.02786884571324115 -0.0037975007548167192 0.030878011206564533 0.0073747744734051143
leaf_weight=0.93938889009905224 0.77141381029468759 4.8066969288142891 4.6610712300898722 14.970223232929131 10.377299009705892 10.340740174462551 6.590346494485857 0.74232043653137125 1.2834678091621734 4.4867677580641603 0.38173927953675935 5.3485606229351124 8.6696205021075876 2.5330845431813027 1.1074533977266645 18.435238649806706 6.9949119971452092 1.0567762026512353 0.58655501436669588 2.3125735110024834 0.45127352262033937 3.6304722784875594 0.34845916810172539 0.55791449006846949 3.9214772686827928 2.18946374316738 1.3310336797148918 5.032635212206058 2.8741652126614095 2.9561940219318776 5.3672953330387854 13.260148851262782 4.0926909722702476 8.7392119065189018 3.845690150637437 2.403080008653431 1.4907682419288901 1.2638433375636848 3.4584625604056765 5.9698977536172606 1.1675756279564664 2.0082109973518532 0.25940409330360115 3.0982809248234844 1.1514253967916372 2.2843788682112063 4.1341853946651081 2.5460033816707437 4.9040701498743147 2.0951877758416231 1.3072296882801309 0.53868071968099673 0.52023946267718191 4.186055485279212 4.9859010958684848 1.3750347781970047 1.1072816447849616 4.2169595148588996 1.9545122089461984 1.4880185908018573 0.6943806828930974 0.46138187521137286
leaf_count=78530 11785 79243 109 147 120 168 158 1729 27967 12350 5682 7935 1961 152 4723 170 10170 807 87 262 1585 5102 566 2182 64 315 10 6136 2007 189 169 143 1693 240 452 1277 19 704 2276 64 588 263 1456 28 1141 431 122 320 74 33 120 443 1065 133 446436 38 33 173 472 21774 5 8
internal_value=-0.00112106 -3.41445e-05 -0.00799546 -0.00554427 -0.01215 -0.00381476 0.0115101 0.0029683 -0.00163442 -0.00919016 -0.0363924 0.00781888 0.0186629 0.0358698 0.00967762 0.00600141 0.0268826 -0.00211679 0.0480199 -0.0202786 0.0147633 -0.00690763 -0.000908167 -0.0111444 -0.0272048 0.0134019 -0.0110936 0.0160191 0.0121268 -0.0071954 -0.0110671 -0.0025904 0.00991732 -0.0288561 0.00961273 0.0149964 -0.0153257 0.00241439 0.0205661 0.00775692 0.0194833 0.0017004 0.0203306 -0.0112243 -0.0167367 -0.00752439 -0.0164205 0.0332343 0.0181815 0.0111432 0.0275264 0.0355984 -0.0294192 -0.0047553 -0.0358238 0.01493 -0.0244808 0.0342166 0.0118136 -0.0347365 0.015672 -0.0312384
internal_weight=227.065 221.14 55.5188 49.2241 35.6883 25.311 13.5358 165.621 96.0565 52.5956 5.56289 43.4609 13.7954 13.0531 69.5642 58.4286 11.1357 4.14076 9.25618 3.08399 39.9933 5.91816 29.6655 15.4436 9.27004 6.1736 3.98414 34.0752 21.5925 47.0327 38.6431 26.9477 8.38964 11.6954 14.2218 12.7661 4.88517 3.79693 16.7073 9.42836 7.10618 8.9204 3.41904 5.50136 1.41083 6.94545 13.6875 12.4827 7.45007 2.6531 5.9386 4.63137 3.3944 8.32024 5.92529 1.82631 1.45574 7.27893 3.06197 6.29472 1.07612 4.09185
internal_count=744604 219638 102150 1133 435 315 698 117488 70232 49844 18037 20388 4633 2904 47256 24232 23024 12854 2048 12047 24062 6733 15755 10539 7999 2540 2225 17329 10799 31807 996 567 30811 429 5216 4617 3091 856 7708 2340 2844 4165 2860 1305 2597 540 424 6530 394 2215 2256 2136 3072 255 524966 1623 599 5368 5195 101017 5687 5110
cat_boundaries=0 1 2 4 6
cat_threshold=20 71344145 1572881 163840 558956582 33024
is_linear=0
shrinkage=0.05


Tree=107
num_leaves=63
num_cat=3
split_feature=10 22 1 9 11 16 21 8 16 13 5 12 12 5 6 9 16 21 8 11 8 11 11 9 1 6 15 11 15 15 9 9 8 6 10 9 6 12 9 12 2 16 15 16 13 12 11 5 0 13 6 10 9 16 12 12 11 11 13 12 16 5
split_gain=3.30761 2.66125 3.93714 3.79564 1.89757 2.05819 1.89124 3.87592 4.32881 2.22356 2.12328 1.73838 3.4929 3.28597 1.97187 1.63174 2.159 1.62511 1.86334 2.96463 2.14942 1.70508 1.65408 1.5164 1.89207 1.50364 1.4964 1.46892 1.75064 1.3724 1.36946 1.3592 2.98086 2.1214 1.74221 2.4182 2.17797 2.54786 1.81371 1.7082 1.70518 1.60204 1.56749 1.54038 1.49848 1.47977 1.38847 1.33723 1.30839 1.96402 1.29196 1.40912 1.26433 1.43489 1.25773 1.23583 1.15985 1.15889 1.14477 1.13092 1.43089 1.12852
threshold=1.5000000000000002 0 2717.5000000000005 0.84216632067407504 0.027440678514540198 15.500000000000002 1 1.2143416051866758 47.500000000000007 67.500000000000014 1.2904315605928511 0.045536294381250182 0.076476069227078017 1.4912824251260559 1.5714894134825994 0.5192554874431482 41.500000000000007 2 1.3158630499828325 0.048197104564898625 1.4167412045319023 0.039706543111457673 0.0081186441405277174 0.96431754519989832 581.50000000000011 1.2500816459830177 1745.5000000000002 0.03001427743463592 1377.0000000000002 1543.5000000000002 0.73345498783454999 0.92003717472118973 1.727819055944056 2.1432996990617812 12.500000000000002 0.76196503918022918 0.95925722567340677 0.025000001765398575 0.80673871270536324 0.3097551086222613 2741.5000000000005 50.500000000000007 658.50000000000011 7.5000000000000009 64.500000000000014 0.014446521867155173 0.023578743004084881 0.72743726861373925 721.50000000000011 60.500000000000007 1.846297896859695 28.500000000000004 0.99976076555023929 46.500000000000007 0.021609900607523717 0.0050056277306836936 0.024455595899424153 0.011573799226122601 7.5000000000000009 0.021609900607523717 46.500000000000007 0.94120236692519854
decision_type=2 9 2 10 2 2 9 2 2 2 2 2 2 2 2 10 2 9 2 2 2 2 2 10 2 2 2 2 2 2 10 10 2 2 2 10 2 2 8 2 2 2 2 2 2 2 2 2 2 2 2 2 10 2 2 2 2 2 2 2 2 2
left_child=-1 3 17 6 5 -5 7 8 9 10 -2 13 14 -8 -13 -14 -17 21 19 48 23 31 26 27 -25 -11 -22 29 -29 30 57 33 42 34 35 36 45 61 -37 -39 -34 43 46 -35 -44 -3 -33 -47 49 -19 51 52 53 54 -24 -45 -48 -20 -7 -40 -61 -38
right_child=1 2 -4 4 -6 58 11 -9 -10 25 -12 12 15 -15 -16 16 -18 18 20 -21 22 -23 50 24 -26 -27 -28 28 -30 -31 -32 32 40 41 -36 38 37 39 59 -41 -42 -43 44 55 -46 47 56 -49 -50 -51 -52 -53 -54 -55 -56 -57 -58 -59 -60 60 -62 -63
leaf_value=-0.035386112098852472 0.037123504487426323 -0.030107768276266069 -0.032095469043329841 0.0013842913922844115 0.0079969659941245431 -0.0040309726980627394 -0.031743171802503432 0.04141503886408001 -0.046655522889775536 -0.044305601293749081 -0.013579370508179745 0.038697382593476708 -0.044616649466781774 0.01725425166945074 -0.017574558942451492 -0.023257230278011715 0.035919345100100801 -0.036460001713821931 -0.0093172598658532706 0.019131006883440528 -0.023497106736833528 -0.021757392393872008 -0.0015507299203126939 0.025186751891365673 -0.038245511480145357 0.021815139513229852 0.036678931066789815 -0.0015502311817355032 0.047597988417260852 -0.017375697977248371 -0.023484453377621946 -0.043662867290206769 -0.0087997677742938755 -0.0053328871709304483 0.021572118398976586 0.035752798733458685 -0.028025075312949961 -0.03628182040331681 0.025839774428485958 0.01695136321221934 0.070239885830279639 -0.026038856731144852 0.032790987671708523 0.0013006888488676423 -0.020895061203007995 -0.023922148735646111 0.020055971862785491 0.02564383701430982 -0.049926286586548067 0.0061656592859593885 0.015191097957942469 0.019409756142423611 0.016044966281580225 0.00040620926693385142 -0.046181528711229394 0.041847347255844644 -0.02166847953236143 0.044750894257319984 0.06197051964251607 -0.025396948406966987 0.026837005578890179 0.013278538055284714
leaf_weight=5.7310075853433764 6.7490076139010871 0.96793522788220965 10.285671612546137 2.2700081500124707 6.7910339417021524 0.59527119290942199 11.38146609978776 7.6972263691282015 2.9140419633818047 1.5071988085132937 2.2231116895318337 5.9267805350505096 2.5143358912655458 3.9959100267715248 1.3713159336189162 2.7990217272435984 1.5941232792292792 4.7337510554684759 0.96009713924422824 2.9695292902301835 0.75380200644667938 5.3488924848961679 1.9594815310506408 0.99113627971973928 2.2722172632275033 0.57400456509230924 1.9959995332683318 2.6202265619936034 4.4580221003052429 4.0566763140241164 0.72503960347785312 4.5986872219264097 0.79292855489620595 2.6355963908704299 9.1996362889331049 5.3448856435252283 1.1363029696367473 11.689372028288743 1.6647562054972702 1.1216949479203311 0.75572901777923107 0.74244419076785639 1.9300128063587174 2.3521202617739609 1.4355984402691317 0.81721634248106045 1.7804802249838756 7.1321356333687618 4.9703953049684051 4.6427261973840359 1.7999545826137353 1.0759426988661278 0.94785796441920034 2.8409635613502369 8.9819155514210234 9.8514750713843551 3.2686042779396303 2.5554873760934242 6.0012043745296069 4.1112635452755057 0.86605081529387451 6.5496374689751065
leaf_count=524558 2448 289 158 6646 11730 1254 3282 539 416 272 764 1944 10312 916 732 4780 1600 31351 252 6846 549 22419 152 2643 140 116 35 905 81 128 626 16877 719 659 155 2188 463 5950 248 4933 7 198 570 265 573 7276 2054 8425 76 13872 1088 11 1574 306 1592 2957 12972 465 11298 6338 940 491
internal_value=-0.000861259 0.000196099 -0.00344141 0.00778619 0.0296724 0.043781 0.00214966 0.010554 -0.00103258 0.0138681 0.0244584 -0.00572719 0.00489294 -0.0187348 0.0272802 -0.0192189 0.000894559 -0.00140237 -0.00722008 -0.0216418 -0.0022401 0.00293414 -0.0131695 0.00975894 -0.0175912 -0.0249077 0.0183158 0.0162836 0.0314646 0.00134164 0.019146 0.00517492 -0.00825424 0.0082086 0.00305747 -0.00146834 -0.00914808 -0.0178653 0.01663 -0.030731 0.0421967 0.0237435 -0.0168409 0.0277209 0.0103504 0.01067 -0.0264077 0.0184446 -0.0307777 -0.0167939 -0.0188071 -0.0233523 -0.0275111 -0.0313894 -0.0389879 0.0347228 -0.00607182 0.0311916 0.0562679 -0.00142299 -0.013339 0.00464867
internal_weight=225.326 219.595 152.69 66.9051 15.6575 8.86648 51.2475 21.6646 13.9674 11.0533 8.97212 29.583 14.2056 15.3774 7.2981 6.90748 4.39315 142.405 56.3112 17.3164 38.9948 86.0935 20.3559 18.6389 3.26335 2.0812 2.7498 15.3755 7.07825 8.2973 4.24062 80.7446 14.562 66.1825 50.6009 41.4013 29.4143 20.497 11.987 12.8111 1.54866 15.5816 13.0134 14.8392 3.36561 8.91729 9.64777 7.94935 14.3469 9.37648 17.6061 15.8062 14.7302 13.7824 10.9414 12.2036 5.04908 3.51558 6.59648 6.64207 4.97731 7.68594
internal_count=744423 219865 160816 59049 30928 19198 28121 4555 4016 3600 3212 23566 19368 4198 2676 16692 6380 160658 62692 52145 10547 97966 5307 5240 2783 388 584 2457 986 1471 1343 75547 33772 41775 37696 37541 27827 11837 9714 10883 726 4079 33046 3881 1143 15990 31903 15701 45299 45223 4723 3635 3624 2050 1744 3222 15026 717 12552 7526 7278 954
cat_boundaries=0 1 3 5
cat_threshold=33795 538443857 131072 2230275 256
is_linear=0
shrinkage=0.05


Tree=108
num_leaves=63
num_cat=3
split_feature=0 21 0 20 6 12 5 7 0 12 17 7 8 13 6 13 13 0 1 6 13 9 13 8 3 9 6 6 8 8 6 12 13 5 8 6 7 6 5 13 6 0 1 12 5 0 6 9 13 12 8 1 12 5 6 12 9 9 3 4 8 5
split_gain=3.56637 2.55793 3.24409 2.86036 3.97417 3.02433 2.73493 3.97319 2.5425 2.2314 2.20084 3.06275 2.15082 1.79306 1.70597 1.65942 1.5775 1.503 1.82317 2.45148 1.46643 1.97849 2.06516 1.45516 1.3752 1.37214 1.57829 1.40208 1.24943 1.49054 1.22489 1.15751 1.11179 2.08343 1.09793 2.25643 1.12303 1.09144 1.06824 0.974736 1.38211 1.13683 1.78636 1.13261 0.961722 0.937036 0.93243 2.09272 1.22609 1.21956 1.2657 1.00066 0.940832 0.897233 2.09559 0.885702 0.830974 0.828519 0.932977 0.771523 0.766674 0.739033
threshold=7.5000000000000009 0 2123.5000000000005 1 1.3005622413847566 0.09116799422498241 0.8887259693711308 2592.0000000000005 437.50000000000006 0.025000001765398575 2 2226.0000000000005 1.7075359389038636 41.500000000000007 1.2751132930513598 61.500000000000007 47.500000000000007 991.00000000000011 936.50000000000011 1.1372195087421251 25.500000000000004 0.39320212042532149 19.500000000000004 1.4546536796536798 788.50000000000011 0.98183193508458266 1.5006251736593501 0.72735816814764187 1.48392682586231 1.2608814057023778 0.67614292311244528 0.10820247281256935 60.500000000000007 1.060304208961832 1.2891757708801308 0.89065624404875277 2592.0000000000005 1.4072518026088783 1.5194938440492478 14.500000000000002 1.5871263687481505 385.50000000000006 1333.5000000000002 0.016914251930777616 1.4442324226545173 1337.0000000000002 0.84004870129870135 0.6078658841726946 79.500000000000014 0.025000001765398575 1.2501231527093599 967.50000000000011 0.040184133973233678 1.08668887653118 1.2230883468858216 0.041295148686813006 0.38473507819980857 0.51191545601916399 4107.5000000000009 2855.0000000000005 1.0028409090909094 0.68282008859475918
decision_type=2 9 2 1 2 2 2 2 2 2 9 2 2 2 2 2 2 2 2 2 2 10 2 2 2 10 2 2 2 2 2 2 2 2 2 2 2 2 2 2 2 2 2 2 2 2 2 10 2 2 2 2 2 2 2 2 10 10 2 2 2 2
left_child=-1 2 9 4 14 10 7 -7 24 23 11 12 30 20 28 -10 59 18 19 31 21 38 37 45 -8 27 -27 -18 29 -3 -5 56 33 61 -31 57 -37 -23 55 41 -41 -39 43 -43 -24 -2 -34 49 -49 -48 51 -51 -52 54 -20 -12 -11 -36 -59 -15 -40 -29
right_child=1 3 -4 5 -6 6 8 -9 15 17 13 -13 -14 16 -16 -17 25 -19 53 -21 -22 22 44 -25 -26 26 -28 32 -30 34 -32 -33 46 -35 35 36 -38 39 60 40 -42 42 -44 -45 -46 -47 47 48 -50 50 52 -53 -54 -55 -56 -57 -58 58 -60 -61 -62 -63
leaf_value=-0.040093623876440242 0.035028100069346341 -0.03411021064249363 0.079741766030507005 -0.019054611153535406 -0.043326759553084349 -0.031243212132045891 -0.024377860289698478 0.032536933067424945 -0.053631030846008169 -0.012215568306727712 0.04451305242347503 0.0027788857420170572 -0.028878734413738449 -0.0064077468589931082 0.041019564493917859 -0.0042249959074009335 -0.029175018039104456 0.019071686653728184 -0.018723281802877901 -0.016923741465673665 -0.028494981830252314 -0.040404794736992829 -0.0019132634908168239 -0.014687692018437337 0.032589213430023245 -0.044103381900393257 0.0025851745685159812 -0.018745842286857696 -0.034422009909836793 0.03472469485499121 0.035342929734716991 -0.0168597038468341 0.040246133981899433 -0.026373505613462314 -0.014052500658113891 -0.03449804384311659 0.0086152174832013068 -0.035016402927153405 0.025028287550047181 0.042901928756229918 -0.018622590189619963 0.022843727229071957 -0.025164952670322118 -0.012316488253093956 0.043609072970500158 -0.017256937806557286 0.028086780100336158 0.033793742592857681 -0.0092325506588943826 0.0046382434224508237 -0.017599507325900366 -0.05423867505411422 0.015343855117192468 -0.025980429710606809 0.017785074742775669 -0.0099166640328267556 0.044254255335321152 -0.012001393597273164 0.052428716428782801 0.036705188215794847 -0.023581833579735655 0.017974848139663348
leaf_weight=4.0471017159088651 11.85583349657281 1.540180926430369 0.77547128451988001 0.49212659005752968 9.2397296137401081 3.2357214015851259 0.88119337593843683 4.8143480831640773 6.4879801334172935 0.3095684193231153 2.829805841470264 22.593446041326388 0.75742931299100646 0.955284615909476 1.0083640776174423 2.433621625208616 1.6656170340202141 10.792212260304948 8.1416465447182436 3.0930209065822964 6.4985736160529077 2.7403347014092168 2.0778971951021954 1.2937128040557571 1.5842996315695925 2.1762581981542999 3.9692608559562359 0.80883932926189839 2.449391314350577 1.9010055317107779 18.70173085358374 0.49396190228844705 2.3239872532876715 4.737116310690908 0.32682904935336443 3.1149610995653347 1.8619827376678584 3.700212718576501 0.3079848338757073 1.0372342291802841 0.8758953344040491 4.7613502894528192 5.5828480151249096 2.9834612818740425 1.4163318058972434 0.33974796533584672 1.3168318602838578 7.7617048189777034 1.5859314809968053 0.81800006124740177 3.0482661257219661 1.4288944128493311 3.6644650411326438 5.4678777472217908 5.9176290581526692 0.53365109514697895 4.9838061897680745 0.30562277849594432 1.6595725080696866 4.367199942968 1.2813326384084573 6.9367210081290978
leaf_count=590310 3960 11560 19 1860 12078 17350 25294 52 308 829 1837 183 115 1106 263 91 1456 125 119 11677 3614 6993 1579 147 1471 1687 1004 297 332 742 11952 6178 380 1149 35 786 19 11799 457 157 295 104 70 195 372 2 97 892 496 1058 79 20 166 154 129 1502 4585 841 26 77 977 1012
internal_value=0.00148266 0.00241264 0.0108303 -0.000872892 -0.013895 0.00203894 -0.0157013 0.006281 -0.0304942 0.0103669 0.00502096 0.01275 0.0294556 -0.000434265 -0.00227061 -0.0419383 0.0058684 0.00405682 -0.002102 0.0156224 -0.00867288 -0.00361927 -0.00943125 0.0271584 0.0110694 0.0023246 -0.0178066 0.00613962 -0.00825045 0.000163306 0.0330737 0.0329472 0.00862321 -0.00315625 0.00870783 -0.00147275 -0.0196257 -0.0152704 0.0225452 -0.00979017 0.0180106 -0.0137395 -0.00580057 0.00943971 0.0221362 0.0323741 0.0151682 0.010391 0.0263071 -0.00513565 -0.0123483 -0.0379771 4.19289e-05 -0.0105309 -0.00319611 0.0355836 0.0395355 0.0319328 0.0417405 0.0291776 -0.00813395 0.0124352
internal_weight=227.092 223.045 53.4645 169.581 23.4076 146.173 19.4372 8.05007 11.3871 52.689 126.736 42.5447 19.9513 84.1913 14.1679 8.9216 47.5644 39.1997 28.4075 8.88036 36.6269 30.1283 25.1756 13.4893 2.46549 42.2419 6.14552 36.0964 13.1595 10.7102 19.1939 5.78734 34.4308 12.4827 9.16997 7.26897 4.97694 21.6813 4.95277 18.941 1.91313 17.0279 13.3277 7.74481 3.49423 12.1956 21.9481 19.6241 9.34764 10.2765 8.95963 2.24689 6.71273 19.5272 14.0593 3.36346 5.29337 2.29202 1.9652 5.32248 1.58932 7.74556
internal_count=744519 154209 27924 126285 26682 99603 44566 17402 27164 27905 55037 14110 13927 40927 14604 399 10976 23796 23671 23269 29951 26337 21564 4109 26765 9793 2691 7102 14341 14009 13812 11592 5646 2458 2449 1707 805 19613 4773 12620 452 12168 369 299 1951 3962 3188 2808 1388 1420 1323 1078 245 402 248 3339 5414 902 867 1183 1434 1309
cat_boundaries=0 2 3 7
cat_threshold=2623509 131072 2 536870912 16777216 8519680 64
is_linear=0
shrinkage=0.05


Tree=109
num_leaves=63
num_cat=2
split_feature=0 17 16 5 6 7 15 6 5 8 11 4 0 8 4 2 10 16 11 11 16 16 15 17 11 9 15 16 4 15 10 9 15 9 11 0 6 8 11 16 5 9 8 10 8 16 10 5 10 11 11 0 5 7 4 8 16 8 15 10 2 10
split_gain=3.24016 2.51104 2.55967 2.58303 2.83066 2.04702 1.84413 1.8855 1.77137 1.67401 1.77751 1.60857 1.78848 1.44867 1.38765 2.89324 1.97736 1.75564 2.75371 2.1574 1.70202 1.6105 1.43434 1.39528 1.63288 1.86979 1.71279 1.43268 1.43081 1.32394 1.27074 1.26973 1.76031 1.25269 1.24364 1.73143 1.97583 1.31772 1.2111 1.62594 1.20303 1.16239 1.02518 0.927672 0.921733 1.70578 1.13909 1.13378 1.33404 1.35622 0.988579 0.859854 0.859143 0.854314 1.16707 1.12177 0.905946 0.891291 0.808556 0.808042 0.789446 0.776905
threshold=7.5000000000000009 0 14.500000000000002 3.5022123893805315 1.0910220682383072 2592.0000000000005 4342.0000000000009 1.2751132930513598 1.08668887653118 1.3249548736462096 0.016087950954144087 27.500000000000004 93.500000000000014 1.1539295845152679 5041.5000000000009 4316.5000000000009 8.5000000000000018 29.500000000000004 0.022018644430985057 0.028071125902767696 11.500000000000002 21.500000000000004 2031.0000000000002 1 0.029780569203597097 0.62527533039647587 1.5000000000000002 30.500000000000004 6213.5000000000009 3332.5000000000005 22.500000000000004 0.77784748361912748 1.0000000180025095e-35 0.75724789915966395 0.0080037833346674869 362.50000000000006 2.8053751803751807 1.339709653268448 0.029620009903444645 37.000000000000007 1.0667096635493929 0.58982977806507231 1.3750584658559404 2.5000000000000004 1.2653510084385664 24.500000000000004 8.5000000000000018 1.0667096635493929 5.5000000000000009 0.016411622287705544 0.021101695050795875 827.50000000000011 1.7147096227214924 376.50000000000006 3122.5000000000005 1.444626593806922 12.500000000000002 1.2416990020188716 2500.5000000000005 6.5000000000000009 879.50000000000011 5.5000000000000009
decision_type=2 9 2 2 2 2 2 2 2 2 2 2 2 2 2 2 2 2 2 2 2 2 2 9 2 10 2 2 2 2 2 10 2 10 2 2 2 2 2 2 2 10 2 2 2 2 2 2 2 2 2 2 2 2 2 2 2 2 2 2 2 2
left_child=-1 11 30 4 5 8 7 -6 9 10 -4 -2 -13 -5 16 23 17 21 59 -20 -18 34 -17 -16 26 -26 27 -25 -28 44 43 32 -22 -27 -14 36 37 41 -21 -40 -41 -36 -37 -3 45 50 -47 -46 -49 -50 -9 -11 -10 56 55 57 -45 -55 -34 -19 -15 -42
right_child=1 2 3 13 6 -7 -8 29 52 51 -12 12 14 60 15 22 20 18 19 38 31 -23 -24 24 25 33 28 -29 -30 -31 -32 -33 58 -35 35 42 -38 -39 39 40 61 -43 -44 53 47 46 -48 48 49 -51 -52 -53 -54 54 -56 -57 -58 -59 -60 -61 -62 -63
leaf_value=-0.039768372022136594 0.052401804528322299 -0.024411254971221579 0.043263138878223695 0.054231946674052213 -0.048599038141877673 0.028533258517497908 0.02772769004242789 0.034883742978358494 -0.042670466668324192 -0.035512667774654116 -0.013733237676034691 -0.033564539916022755 0.046779743728070783 -0.025188513045752505 0.0082001784846413486 0.0035593325080413539 -0.0018811830928269183 0.051913538550596577 -0.036186421417987134 0.042486339795849953 0.03951786805849803 -0.036467378092278624 0.028953438305165998 0.017178868981587742 0.014998303662694676 -0.024292697145972444 -0.0028184168784754541 -0.019097937918855893 -0.0331229577168951 0.015804597316719817 -0.032496178570530991 0.051979462971657703 -0.026381384888645162 0.0015279589865720257 -0.0085163489508897957 -0.030263270495983621 -0.027781876910435169 -0.01412329692702774 0.039270311918376627 0.018828098296295365 -0.032423556038861233 0.049509946806912147 0.0027402310815492462 0.0089680387202883301 -0.04325731192031379 -0.032690805542511595 0.01625752094057676 -0.03902911657885532 -0.028586684171724743 0.011568407343814419 -0.017871706595184739 0.017190459409407919 0.003275659066458084 0.004212097964296879 0.015110597106223825 0.0198598703956544 0.062896946703552864 -0.037164848941356653 0.018481614254747192 0.0023049076024881411 0.023565669662043039 0.0031885383864375854
leaf_weight=3.8866710773754667 0.80851168391791262 0.94457545113937769 2.6934552840903034 1.2134610448752021 6.4430685710185562 4.2114352956414214 0.91041375717759265 2.0543535828310335 2.9243301179908485 1.6681226001892357 1.5633691198413542 1.9984067253249111 0.38670473921956983 0.98391839472424159 13.297992636340494 10.672968222457714 3.5833708622994882 4.1132083732409255 1.9056139051936032 1.5537120273766039 2.1572459497983782 2.4181815099982478 11.380242217099292 5.4032516214829247 12.676270732190462 7.0116098088692551 5.7639296823872455 3.7413177996131708 12.443841684784273 1.9083210373164536 0.94767864655295753 5.53397266290267 1.8973185105132873 11.089899665676056 0.74603723766995145 4.6050117110644333 1.1785409041185628 0.92237503162323253 1.3713583611424818 2.1054870902007679 3.0993494489048317 3.3975965994432045 3.7913355469790986 2.2761736806282928 6.4376076775665778 3.8125073428773248 0.9005972206368823 2.8223350288358215 2.1871992452206541 5.2054357175611585 0.5401468257568921 0.39970156550407399 1.1917493269634176 1.7928466661951485 13.520638924392186 1.3815738628654797 0.63841381916972739 2.4507358889641182 0.6871231432451167 1.0921310647900098 0.46362340985797346 2.1817300641305337
leaf_count=590327 1706 16533 3529 1259 6307 42 46 2744 7415 1263 11892 45675 103 1371 212 108 297 834 588 126 125 1868 161 215 138 118 166 105 237 50 15 234 425 181 542 310 510 507 160 601 692 1754 92 7692 2576 17589 164 3026 194 160 5564 3 3096 753 380 87 1069 397 24 117 6 93
internal_value=0.000505016 0.00139524 -0.00563411 -0.0126816 -0.0155114 0.00270392 -0.0233894 -0.0256188 -0.00929811 0.00735823 0.0237001 0.00505913 0.00478306 0.0285604 0.00555256 0.00194011 0.0123045 0.00561349 0.0164171 0.00243455 0.0276279 -0.00548084 0.0173511 -0.00299185 -0.0060168 0.000911647 -0.0156923 0.0019174 -0.0241758 -0.0182994 0.00688911 0.0371726 0.0138484 -0.00922182 0.00146957 -0.00264153 0.0158989 0.0289654 0.0121399 0.0029539 -0.00766702 0.0394381 -0.016655 0.0097977 -0.02154 -0.00570604 -0.0221291 -0.0277715 -0.0150252 -0.00230255 0.0219842 -0.0230426 -0.0313274 0.0122575 0.00745719 -0.0104427 0.0338304 -0.0222143 -0.0126253 0.0435539 -0.00632499 -0.0195461
internal_weight=223.39 219.503 74.4878 50.5352 47.8741 14.6522 33.222 32.3116 10.4407 6.32465 4.25682 145.016 144.207 2.661 142.209 93.4813 48.7274 34.8684 17.4226 12.2173 13.859 17.4458 22.0532 71.4281 58.1301 30.7778 27.3523 9.14457 18.2078 25.8685 23.9526 10.2757 4.74169 18.1015 15.0276 14.6409 6.24455 5.06601 10.3116 8.75792 7.38657 4.14363 8.39635 23.005 23.9602 7.3076 4.7131 16.6526 10.215 7.39263 2.5945 2.06782 4.11608 22.0604 19.1458 5.62516 2.91459 4.24358 2.58444 5.20534 1.44754 5.28108
internal_count=744573 154246 95222 68296 65660 27240 38420 38374 27198 16687 15421 59024 57318 2636 11643 1641 10002 8897 3211 2260 1105 5686 269 1372 1160 437 723 320 403 32067 26926 808 574 299 3818 3715 3313 2803 1672 1546 1386 2296 402 26911 32017 26061 17753 5956 3380 354 8308 1266 10511 10378 1617 1237 8761 1150 449 951 1377 785
cat_boundaries=0 4 7
cat_threshold=2105728 17041408 1350582400 32832 256 262144 1073741952
is_linear=0
shrinkage=0.05


Tree=110
num_leaves=63
num_cat=2
split_feature=21 5 2 3 12 9 6 4 4 6 1 7 17 12 12 6 9 16 11 16 11 5 9 9 7 4 1 5 11 16 3 16 12 5 3 11 12 9 11 11 16 16 2 5 11 11 5 16 11 6 0 5 4 11 6 9 9 12 0 11 3 1
split_gain=3.02272 4.14062 3.55901 2.6437 2.60793 2.59068 2.46689 1.93419 1.90154 1.87192 1.94979 1.7224 1.47628 2.1665 1.38437 1.35705 2.59854 2.10029 1.94341 1.82045 1.68526 1.65664 1.43788 1.83523 1.33594 1.32086 1.78897 1.28051 1.2629 2.22705 2.47107 1.92731 1.26233 1.23943 1.10002 1.29237 1.4063 1.08052 1.07286 1.24638 1.03088 1.02488 1.4117 0.995074 0.984589 0.94447 0.914188 0.888793 3.55064 0.839948 0.853734 1.06285 0.836319 1.0366 0.768382 0.748554 0.734625 0.727386 0.725177 0.69638 0.687217 0.685608
threshold=0 2.4008547008547012 86.500000000000014 3518.5000000000005 0.042318307653190008 0.99747792789354517 2.6284084202242775 27.500000000000004 150.50000000000003 2.7699657030867226 2717.5000000000005 2592.0000000000005 1 0.0050056277306836936 0.045536294381250182 1.4168204182041824 0.75024366471734905 11.500000000000002 0.031728814356029041 10.500000000000002 0.012186440732330085 0.90929159141079674 0.74520761881430675 0.58982977806507231 589.50000000000011 5041.5000000000009 581.50000000000011 3.0781440781440788 0.031550275956225754 6.5000000000000009 3518.5000000000005 45.500000000000007 0.10820247281256935 1.4005558111389498 2380.0000000000005 0.016177966026589278 0.041295148686813006 0.35244937453358804 0.016341029540346667 0.012939026289157244 3.5000000000000004 4.5000000000000009 2741.5000000000005 0.86967844202898559 0.030491525462518137 0.011847457790281625 1.8507917035825441 25.500000000000004 0.028621013153604765 1.4406878202601499 690.50000000000011 0.69185789563148059 6213.5000000000009 0.016177966026589278 1.0534471170003363 0.70595420578654922 0.32701294033069739 0.04892322274395728 1337.0000000000002 0.0082212297741371485 3518.5000000000005 1865.5000000000002
decision_type=9 2 2 2 2 10 2 2 2 2 2 2 9 2 2 2 10 2 2 2 2 2 10 10 2 2 2 2 2 2 2 2 2 2 2 2 2 10 2 2 2 2 2 2 2 2 2 2 2 2 2 2 2 2 2 8 10 2 2 2 2 2
left_child=1 4 -2 7 34 8 32 -3 56 10 11 12 28 -14 -13 16 17 21 20 -20 -18 -6 23 58 -9 26 -15 -11 31 60 33 38 49 -31 35 -1 -37 -28 39 -10 -41 -39 55 -40 -25 61 -47 52 -49 54 51 -51 53 -36 -7 -43 -4 -22 -17 -27 -30 -19
right_child=2 3 5 -5 15 6 -8 24 9 27 -12 14 13 25 -16 22 18 45 19 -21 57 -23 -24 44 -26 59 37 -29 29 30 -32 -33 -34 -35 47 36 -38 41 43 40 -42 42 -44 -45 -46 46 -48 48 -50 50 -52 -53 -54 -55 -56 -57 -58 -59 -60 -61 -62 -63
leaf_value=0.021552881197925769 -0.042001149841580848 0.070250492286849861 0.04756890223438482 0.10768383104859805 -0.027823994405421479 0.026096573576367195 -0.0081160240689506068 -0.019371017555663828 0.031111387354865058 -0.040129198701863857 -0.026137715827526272 -0.0042608355798861549 0.038859526064086207 -0.037740742581962639 0.015476626665313879 -0.036351412711867113 -0.021370225271518856 -0.020196564611669625 0.03218191074562142 -0.031725921396951705 -0.0014500414054033637 0.021253576605608185 -0.0347818148945815 -0.011589909649213925 0.026910434321543403 -0.0060875856172797069 0.024943272093294069 0.0071912019722889346 -0.006397498426216253 -0.015697726017486612 -0.030476477333470087 0.03932510784849666 -0.014673742598560777 0.035172781382202652 0.025876986489393114 -0.035169156411205126 0.030520978283825401 0.018626198092930105 -0.02151553352741287 0.016169726909070776 -0.029355358263629484 -0.028399383802138384 0.018983918585932468 0.023527562286202598 0.036870284074515952 -0.044095408213764065 0.0065233368854540827 -0.015300157932265471 0.0347531074972642 -0.0088762808660959504 0.01948848455414607 0.074792734555325119 0.036124163581292383 -0.0098344861908034459 -0.018048425525851869 -0.0053350667402186375 -0.010991873762760753 0.047452528504458337 0.01501430571620245 -0.029111637674328002 0.039839220584666324 0.02566649858382776
leaf_weight=1.6316889804206791 5.1842771793371858 0.60388507286097493 1.320392897926921 0.49937375262379635 1.4516823626713646 1.1241026311263325 5.5997985871208575 2.1219729798472144 0.50707367109680657 5.2856370021977446 8.7529067400173499 15.848580013960598 0.98446194224925321 3.0236469425499335 18.263972816755995 2.0631269576820146 0.6121882452830486 0.57100694449263734 0.77856567158232826 2.1560287710403827 0.79857211902526604 5.0299332328718265 5.4494287201869156 0.99746224304090025 2.1483009679213865 4.8305156426176863 2.3635154842886577 1.4988858550368602 0.78062326130475357 1.2401562926820582 8.1693299885846482 3.8671619111164537 0.74205970876801064 2.0071839868551251 3.5113294938782955 2.7599802545714742 0.21873681427632607 2.7191869762391461 0.70358806339027058 0.90626744598557696 4.5367422145964156 6.18039573956412 2.542605274997185 5.1157444192467665 2.130746529584485 4.8349784907818503 0.7742461075772552 6.9907708299651841 5.4342086417782411 0.20773970807567854 2.951363304106053 2.176767813513834 8.3429989702854055 2.9543069275932794 0.90516960638615263 8.0408277465976425 0.27924280914112376 5.3026478553374545 0.28866196423768986 16.170439539299878 1.8197423146339131 0.73825474828481674
leaf_count=3276 515526 10272 526 6 10960 1629 3550 2945 903 2337 126 124 90 34953 146 8947 3671 10548 2944 13103 349 2352 16408 599 60 67 154 116 615 3750 150 971 2332 508 63 26957 502 78 1677 115 1147 485 27 1695 413 29027 956 172 104 935 42 1654 101 171 1232 692 1572 19199 2 646 22 10
internal_value=-0.000536483 0.00728703 -0.00454401 0.0468152 0.00449824 -0.0032051 0.0167135 0.0233089 -0.00545533 -0.00628142 -0.00468929 -0.00277324 -0.00691409 -0.0110935 0.00644648 -0.00508357 0.00192247 -0.0120064 0.020579 -0.0109008 0.0339689 0.00801191 -0.0187806 4.32839e-05 0.00460059 -0.0153386 -0.00709635 -0.030094 0.00260533 -0.00718507 -0.0168196 0.0128521 0.0328717 0.0166235 0.0145655 -0.00682978 -0.0238867 -0.00138876 0.0017552 -0.0122045 -0.0204422 -0.00564494 -0.0104088 0.0157251 0.0223538 -0.0294041 -0.0371786 0.0183012 0.00754926 0.0388435 0.0479626 0.0670345 0.0262742 0.0104279 0.0069477 -0.0165658 0.0370503 0.041749 -0.0274482 -0.0243332 0.0280374 0.00558013
internal_weight=217.845 71.1951 146.65 5.37353 65.8216 141.466 13.707 4.87416 127.759 126.159 119.375 110.622 76.5092 46.8556 34.1126 33.9775 23.0481 13.4001 9.648 2.93459 6.71341 6.48162 10.9294 5.48 4.27027 45.8711 24.8702 6.78452 29.6536 14.017 11.4167 15.6366 8.1072 3.24734 31.844 4.61041 2.97872 21.8465 11.7694 5.95008 5.44301 19.483 16.7638 5.81933 3.12821 6.91849 5.60922 27.2336 12.425 7.36514 5.33587 2.38451 14.8086 6.46564 2.02927 14.2212 1.59964 6.10122 2.35179 21.001 2.60037 1.30926
internal_count=744709 164117 580592 13283 150834 65066 11374 13277 53692 51594 49141 49015 48745 37192 270 119488 93119 53853 39266 16047 23219 13312 26369 9961 3005 37102 36389 2453 11553 5045 4408 6508 7824 4258 31346 30735 27459 1436 5537 2165 1262 1282 1204 3372 1012 40541 29983 611 276 5492 2631 2589 335 234 2861 1177 2098 19548 8949 713 637 10558
cat_boundaries=0 2 6
cat_threshold=3213333 163840 2097408 16777216 131200 80
is_linear=0
shrinkage=0.05


Tree=111
num_leaves=63
num_cat=5
split_feature=10 6 21 9 17 5 16 17 16 5 5 10 13 11 4 5 3 11 9 6 21 17 9 9 15 16 9 9 13 10 13 13 9 6 5 15 5 16 11 10 11 2 5 11 10 13 16 6 6 6 13 16 9 2 11 9 9 16 10 4 9 11
split_gain=4.47575 3.80333 2.67372 2.18341 1.86974 2.70407 1.60683 2.23348 1.75893 1.43022 3.09859 1.28357 1.302 1.25985 1.22649 1.40475 1.83615 1.20679 1.77367 1.20413 1.8286 1.63622 2.1308 1.52696 1.39101 1.27314 1.33833 1.1957 1.89328 1.21958 1.18186 1.14153 1.12594 1.02993 1.0113 0.992982 0.976725 0.969592 1.88597 1.42405 1.30062 0.9673 0.961051 0.954662 0.935984 0.928452 1.4772 0.984679 2.56011 1.5179 1.41239 1.08917 0.922405 0.852916 0.847482 0.789771 0.749163 0.947906 0.810219 0.744528 0.742484 0.769015
threshold=1.5000000000000002 1.8261259155368554 0 0.99687986760124614 1 1.4547727272727276 45.500000000000007 2 1.5000000000000002 1.7147096227214924 1.9263137483032773 17.500000000000004 76.500000000000014 0.031892655324190861 112.50000000000001 0.75010373443983414 3518.5000000000005 0.032038135454058654 0.6078658841726946 1.2632787942290646 3 4 0.61820420958351996 0.97828052519852193 3332.5000000000005 28.500000000000004 0.39320212042532149 0.51191545601916399 54.500000000000007 7.5000000000000009 95.500000000000014 24.500000000000004 0.99138990087265955 0.94702982202982222 1.2904315605928511 3332.5000000000005 1.3015451980969226 37.000000000000007 0.032569105437188169 4.5000000000000009 0.029620009903444645 1422.5000000000002 1.08668887653118 0.04000000006312298 11.500000000000002 47.500000000000007 4.5000000000000009 0.84723748473748495 0.96555214295686176 1.1163781712473575 35.500000000000007 28.500000000000004 0.56251870137642135 1503.5000000000002 0.012716577372619916 0.97224487946347671 0.95648909779344582 6.5000000000000009 5.5000000000000009 2166.0000000000005 0.45729483282674777 0.012939026289157244
decision_type=2 2 9 10 9 2 2 9 2 2 2 2 2 2 2 2 2 2 10 2 9 9 10 8 2 2 10 10 2 2 2 2 10 2 2 2 2 2 2 2 2 2 2 2 2 2 2 2 2 2 2 2 10 2 2 10 8 2 2 2 10 2
left_child=-1 3 4 6 14 42 8 17 53 11 31 19 52 59 -3 35 37 27 -19 20 33 36 24 -24 25 26 -23 28 -8 -30 45 -11 43 41 -35 -16 56 38 -17 40 -39 -10 -6 -25 -12 46 -22 -48 -49 -50 51 -51 -13 -2 -29 -56 57 -21 -58 -5 61 -59
right_child=1 2 -4 13 5 -7 7 -9 9 10 44 12 -14 -15 15 16 -18 18 -20 21 30 22 23 32 -26 -27 -28 54 29 -31 -32 -33 -34 34 -36 -37 -38 39 -40 -41 -42 -43 -44 -45 -46 -47 47 48 49 50 -52 -53 -54 -55 55 -57 58 60 -60 -61 -62 -63
leaf_value=-0.042105859235768296 -0.013745453772317574 0.055698346474665476 -0.012345186789440724 -0.015468258397403701 -0.005836267685952393 -0.024536318941955647 0.037625084648623366 -0.011238094095852903 -0.018123693175111474 -0.012780933582446884 -0.037030518996365287 -0.00091440319250308015 -0.011437471021820411 -0.023042790710631735 -0.029523703034654677 0.0099031686201464606 0.041580180436481123 0.023331123241559185 -0.02947232387343068 -0.0114165129802275 0.022106869737958692 0.0085089262765539048 -0.035861034147469752 0.041591048302911576 0.033727999388379004 0.01098383852286349 -0.040621242741722324 -0.014878792561887203 0.014672961944321869 -0.033691071963544393 0.022908326665915867 0.043963605981667313 -0.025898093871649125 -0.013194790192399717 0.024321787023203277 0.023720232057758705 -0.012492978530422907 0.015896834127084956 0.049937694453943193 0.017902928417002539 -0.035401159504753449 0.030779935803822218 0.029574522449062599 -0.018696259401214454 0.011335777137549562 -0.030604057361127451 -0.03976656182026507 0.022247956664524199 -0.042920342368024667 -0.038023122528609121 0.024664869141134447 0.014092640281675832 0.029764699804487812 0.032972797249706094 0.039257700349491255 -0.0076911232393443527 0.019082552711500299 0.020198998102320367 -0.024245452409316331 0.028512330037462626 0.031009050149554875 -0.025418446697735554
leaf_weight=5.1318547150326586 0.67293788353254003 2.5800075552288027 4.775066562788651 0.44755223239417041 2.6433141978668555 7.4280873211223479 1.5615751177238077 6.3933496016647977 0.55333213942413362 0.61415102239061425 2.0642232851359954 4.4137845870582151 7.0252061660248719 0.79039519055959395 1.545483752918243 10.093521399036947 10.031790356486452 2.1046387902529196 2.2867270278534306 1.4784385828720594 1.6571789409508664 1.7283182857372592 10.329794691841922 1.1796609138173164 1.6249491768630839 4.3138119428758728 2.7620324341382911 0.35985752460965059 1.425601846422069 2.2684467613626111 0.61779381255837407 3.9076492730082464 0.71208562874289771 6.2922105818256568 1.4045418097889522 0.45173113874807302 3.2824011660241004 1.193268432258263 3.6046159494953818 4.9308395357456902 2.500491248817525 4.2923926895964541 4.0148658457542297 0.26995291488447026 0.92184568848460902 24.68961340867736 3.4198208216184858 3.3555897058736255 4.1455731491942043 1.9190249226066955 1.796829389031245 0.88658466876540831 4.3493787159022759 3.0545855811360525 9.5778073429541983 0.65458848903517797 0.91934289432401906 0.88032912621656467 1.5874235761793896 8.381364970971843 8.3069844696015007 0.82976658049528851
leaf_count=524675 3116 7997 8167 30182 8964 7035 1226 11822 9117 639 6571 129 176 17401 1362 1673 104 776 1700 496 3428 3444 5891 667 33 1997 1283 520 898 76 828 1670 419 2951 505 6 1125 356 661 254 634 83 3120 245 24 28093 22047 3365 4033 1672 780 989 115 40 2706 495 1320 596 70 536 2214 851
internal_value=1.62027e-05 0.00121576 0.0123224 -0.0027463 0.0144244 -0.00317884 -0.00428244 0.00666798 -0.00670259 -0.00783768 0.0121586 -0.00928636 0.00372187 0.019195 0.0203272 0.0219202 0.0244534 0.0121553 -0.00453183 -0.0114592 -0.0162148 -0.00471446 -0.0108026 -0.0284421 0.00151341 -0.00726603 -0.0236057 0.0239885 0.0034933 -0.0158769 -0.0187992 0.0353377 0.00713896 0.00412068 -0.00433914 -0.0135848 0.00608702 0.0153039 0.0231189 0.00177919 -0.0189732 0.0230506 0.01659 0.0273149 -0.0230011 -0.0243197 -0.0141022 -0.0190716 -0.0106358 -0.0242377 -0.00275238 -0.0221787 0.0158015 0.0234152 0.0329791 0.0358369 0.0150423 0.0201493 -0.00744483 0.024936 0.0254216 -0.00314714
internal_weight=219.436 214.305 55.7931 158.511 51.018 14.0863 148.892 26.6326 122.26 118.532 7.50787 111.024 15.7884 9.61931 36.9317 34.3517 32.3545 20.2392 4.39137 95.2358 55.0305 40.2053 22.9206 12.4915 10.4291 8.80416 4.49035 15.8479 5.25562 3.69405 42.488 4.5218 2.1617 12.5425 7.69675 1.99721 17.2847 22.3227 13.6981 8.6246 3.69376 4.84572 6.65818 1.44961 2.98607 41.8702 17.1806 15.5234 12.1036 8.74801 4.60244 2.80561 8.76316 3.72752 10.5923 10.2324 14.0023 11.4955 2.50677 8.82892 10.0171 1.7101
internal_count=744368 219693 40333 179360 32166 19119 131241 20219 111022 107866 8904 98962 420 48119 13047 5050 3682 8397 2476 98542 77891 20651 13979 7222 6757 6724 4727 5921 2200 974 65235 2309 1331 12656 3456 1368 6672 3578 2334 1244 990 9200 12084 912 6595 64407 36314 32886 10839 7474 3441 2661 244 3156 3721 3201 5547 4157 1390 30718 3661 1447
cat_boundaries=0 2 6 10 12 16
cat_threshold=23267443 131328 2097792 17039360 1342324736 80 8704 0 1350566016 80 3293329 131072 536871296 16777216 1082195968 32784
is_linear=0
shrinkage=0.05


Tree=112
num_leaves=63
num_cat=3
split_feature=1 4 21 1 19 16 10 3 15 16 5 13 13 16 1 8 22 16 16 10 16 12 6 12 1 16 6 6 1 6 16 1 13 16 16 5 3 12 13 15 1 9 6 8 1 15 10 8 13 1 8 5 5 8 10 9 12 9 16 15 9 9
split_gain=2.56863 2.22805 1.72001 1.53547 2.17978 1.22627 1.84078 2.47452 1.50539 1.59148 2.81475 1.42853 1.7676 1.73067 1.34559 1.25698 1.55375 1.961 1.92685 1.21697 3.17581 1.84392 2.59617 2.29015 2.0802 1.87784 1.60333 1.38178 1.77125 1.3803 1.14075 1.13528 1.09973 1.01855 2.0949 1.25002 1.24268 1.0475 1.03549 1.05692 0.997587 0.943364 0.932323 0.918427 0.909075 0.847446 0.800688 0.698254 0.69146 0.672576 0.664337 0.877787 0.83863 0.532146 0.5574 0.506741 0.502122 0.420437 0.38539 0.361743 0.370255 0.679436
threshold=10.500000000000002 12.500000000000002 0 780.50000000000011 1 40.500000000000007 3.5000000000000004 4107.5000000000009 1312.5000000000002 18.500000000000004 1.9263137483032773 66.500000000000014 17.500000000000004 8.5000000000000018 902.50000000000011 1.4243514279485505 2 27.500000000000004 6.5000000000000009 15.500000000000002 28.500000000000004 0.080160713258880315 1.0147309207451427 0.045536294381250182 1630.0000000000002 17.500000000000004 1.6669143140168401 0.96555214295686176 1451.5000000000002 2.7379079424494095 22.500000000000004 46.500000000000007 16.500000000000004 47.500000000000007 37.000000000000007 3.3358395989974943 3117.0000000000005 0.15668148135604862 44.500000000000007 1745.5000000000002 1155.0000000000002 0.82360045467462351 0.76863915767183333 1.339709653268448 1451.5000000000002 955.50000000000011 6.5000000000000009 1.3437947707736393 18.500000000000004 2132.5000000000005 1.3182500682500684 1.8004149377593364 1.818720538720539 1.1403660798443249 7.5000000000000009 0.62527533039647587 0.0085671581817798898 0.39320212042532149 22.500000000000004 3332.5000000000005 0.49983860555196907 0.48865711534630457
decision_type=2 2 9 2 9 2 2 2 2 2 2 2 2 2 2 2 9 2 2 2 2 2 2 2 2 2 2 2 2 2 2 2 2 2 2 2 2 2 2 2 2 10 2 2 2 2 2 2 2 2 2 2 2 2 2 10 2 10 2 2 10 10
left_child=-1 -2 5 4 59 8 -7 32 9 11 42 12 46 40 -12 16 -10 18 -18 21 -21 23 -23 26 25 -25 27 -5 43 30 -28 -6 55 34 35 36 38 -35 50 -40 57 -41 58 -29 -34 48 -3 -24 -15 -20 52 -52 53 -33 -55 -8 -54 -14 -11 60 61 -4
right_child=1 2 3 19 31 6 7 -9 15 10 14 -13 13 45 -16 -17 17 -19 49 20 -22 22 47 24 -26 -27 29 28 -30 -31 -32 33 44 37 -36 -37 -38 -39 39 41 -42 -43 -44 -45 -46 -47 -48 -49 -50 -51 51 -53 56 54 -56 -57 -58 -59 -60 -61 -62 -63
leaf_value=-0.038351652107133379 0.06628213234571477 -0.032189162696637297 -0.020202371857843904 -0.00064092470281359429 -0.023257651841763673 -0.02870584502761634 0.021879254754079897 0.0063478390879277563 0.012433063172567267 0.023311411261542767 -0.013722159911042465 -0.032417304993263882 0.0084894352041514441 -0.0108861209771454 0.051009277637759733 0.025757469779661882 0.0095771051661942604 0.019614127522902723 -0.049514398167836891 -0.010609162066656221 0.027654049980274199 0.0081495184940134201 -0.04510620699596337 0.016484688166289153 0.02135696550943739 -0.022415646682656037 0.024334880895908108 -0.018918938653037228 -0.034306092285816263 -0.016116554104340784 -0.0034200246742518274 0.0076517580390581957 -0.023240709394741831 0.053476938994716033 -0.030506023383166121 -0.015761105629053179 -0.014081631775857513 -0.012764949929264963 -0.020458811799881391 -0.014517571830503527 0.019648201710412788 0.038826435957655746 -0.0397491721314496 0.0073980445979871167 0.029228660194385827 -0.013671387689086321 0.0035402744409526333 -0.016284027726697455 0.047275280492916821 -0.0041109106996031078 -0.016643398259239727 0.026856010916803726 0.022758982728510416 0.05630183483102591 -0.0068121586740155357 0.063287746822103474 -0.013123329930577621 -0.032995834254211459 -0.014291900591714021 0.0092539171421395314 -0.039271381507882397 0.024258400523858904
leaf_weight=3.292328488720158 0.2877986561702518 1.7390506624615252 1.9123651997633726 10.070537342893656 0.86428813792099646 1.1985154503413493 2.819761579163699 12.762237386865307 5.6605480651874132 0.46739210932400777 0.81614144109971654 1.3415123465456407 0.35557089772055261 0.19706254357379283 0.87802817311603576 8.3097142147503273 2.1475404552356867 2.1926073393256047 4.1189953420612255 12.278664527199 8.219016235045272 4.5396446301638234 6.4380292000350874 4.2396025146590564 12.587552208249688 6.8072605517372722 6.1927411315846275 6.3158899749760185 13.408927367607246 6.6070363856742906 7.1877162835444324 1.0985755495594398 0.85028074092178918 2.3575466172624142 1.5144631046496204 1.653248453463674 1.4406681337059115 0.32001039685155763 1.6726439034837306 0.62882270330374046 1.3640162749215958 1.3747644841287181 6.6338881890233097 5.3033282761607552 0.49058738930034451 0.27083499545824441 3.2627828742874954 5.3270140968634223 4.6264234112049962 1.1995919272303579 1.1975616255649577 1.6049983179154876 1.1311844666306572 5.4108375155933572 0.15623714528373955 3.2278762169653419 0.91716846544659336 1.4406898501310932 0.37541220942512155 0.18679556518281959 3.4429631613106721 0.27866950172938221
leaf_count=556707 682 6636 17497 143 40000 7469 163 158 65 895 1979 2921 831 129 20 145 99 123 532 195 114 128 402 110 125 295 102 199 118 198 148 3947 2345 2064 5256 536 330 1068 6635 267 14 263 11253 100 3 44 79 116 3552 9 1617 300 242 6923 130 241 1202 2728 2956 60 50113 227
internal_value=-5.38549e-05 0.000711977 0.00031487 -0.00277256 0.00712319 0.0062594 0.0168221 0.0207592 0.00254571 -0.00621701 -0.0214353 0.00410487 0.00981543 0.0230166 0.026307 0.0112548 0.00229176 -0.00821646 -0.0274461 -0.00554837 0.00530604 -0.00792063 -0.0227329 -0.00460603 0.00818194 -0.00735723 -0.0101407 -0.0164323 -0.0225176 0.00116417 0.0102245 0.0118271 0.0419279 0.0191466 0.0137895 0.0188494 0.0229882 0.0442417 0.0271559 0.00296777 -0.00542654 0.0228251 -0.0340806 -0.00727276 0.000241806 0.0386565 -0.0121757 -0.034354 0.0434378 -0.0415451 0.0340231 0.0087796 0.0404022 0.0481529 0.053763 0.0498247 0.00765789 -0.0246846 0.00789543 -0.0113738 -0.0304944 -0.00871761
internal_weight=217.014 213.722 213.434 144.687 29.1638 68.7471 21.3493 20.1507 47.3978 23.7688 9.17086 14.5979 13.2564 8.2546 1.69417 23.629 15.3193 9.65874 7.46613 115.523 20.4977 95.0253 16.3047 78.7206 23.6344 11.0469 55.0862 35.0987 25.0281 19.9875 13.3805 23.343 7.38851 22.4787 19.8012 18.2867 16.6335 2.67756 15.1928 3.67623 3.16028 2.00359 7.47669 11.6192 1.34087 5.09432 5.00183 11.765 4.82349 5.31859 11.5166 2.80256 8.714 6.66565 5.56707 6.04764 2.04835 1.79626 0.842804 5.82079 5.634 2.19103
internal_count=743948 187241 186559 141170 138677 45389 10379 2910 35010 34037 17103 16934 14013 7298 1999 973 828 763 640 2493 309 2184 646 1538 530 405 1008 560 417 448 250 70780 2752 30780 27648 22392 21856 3132 21526 7165 3573 530 15104 299 2348 3725 6715 518 3681 541 14361 1917 12444 11000 7053 404 1444 3559 3851 67897 67837 17724
cat_boundaries=0 2 3 4
cat_threshold=17827861 164096 808841 33280
is_linear=0
shrinkage=0.05


Tree=113
num_leaves=63
num_cat=4
split_feature=0 4 8 12 16 12 19 5 19 5 6 19 12 15 21 16 0 3 2 6 10 10 2 16 16 12 16 10 8 5 0 16 16 1 8 3 0 0 15 15 12 12 2 12 0 11 5 16 1 12 8 0 0 8 1 5 6 11 4 11 15 6
split_gain=2.94252 1.86337 1.36339 1.98413 1.16251 1.9402 2.57608 2.37375 2.3133 1.82483 1.82136 1.62048 1.49234 1.32147 1.31316 1.80969 1.29892 2.46415 3.9065 3.17606 2.81237 1.50928 2.18821 1.94456 1.62842 1.49892 1.36901 2.03843 1.69085 1.65622 1.49821 1.26014 1.18567 1.17072 1.06135 1.21096 1.01631 0.974523 0.971067 1.5097 0.966467 0.953654 0.933892 0.930446 1.77758 0.891506 0.877368 0.853723 1.23454 1.12377 1.14283 0.82726 0.847148 0.805177 0.779103 0.772636 0.767112 1.91802 0.760196 0.750577 1.21539 1.07769
threshold=7.5000000000000009 12.500000000000002 1.8581225507659427 0.050858379379780556 49.500000000000007 0.080160713258880315 0 2.4008547008547012 1 0.72743726861373925 0.76126166749334911 2 0.055639799779182382 868.50000000000011 3 3.5000000000000004 1173.5000000000002 4966.0000000000009 2741.5000000000005 0.94702982202982222 12.500000000000002 9.5000000000000018 1503.5000000000002 10.500000000000002 10.500000000000002 0.039357368758373208 21.500000000000004 5.5000000000000009 1.2291843520090551 2.2862533692722375 252.50000000000003 25.500000000000004 7.5000000000000009 1630.0000000000002 1.2727700333532885 788.50000000000011 460.50000000000006 379.50000000000006 21.500000000000004 1065.5000000000002 0.10010004227533488 0.12500000737557468 4316.5000000000009 0.016914251930777616 666.00000000000011 0.033483050034745887 3.2744588744588747 23.500000000000004 1155.0000000000002 0.054527256148654675 1.0855439065578387 313.50000000000006 602.50000000000011 1.0832807902480035 1333.5000000000002 3.5593869731800769 1.8261259155368554 0.031550275956225754 4301.0000000000009 0.024090357611571276 1745.5000000000002 1.3475866815796269
decision_type=2 2 2 2 2 2 9 2 9 2 2 9 2 2 9 2 2 2 2 2 2 2 2 2 2 2 2 2 2 2 2 2 2 2 2 2 2 2 2 2 2 2 2 2 2 2 2 2 2 2 2 2 2 2 2 2 2 2 2 2 2 2
left_child=-1 -2 4 -4 5 8 9 -8 12 41 47 -6 14 -13 56 -16 17 18 21 -19 33 22 24 -23 37 -25 27 29 30 36 55 -18 -24 -21 35 -11 45 -12 53 54 -37 42 -7 -34 -45 -26 -31 48 -10 50 -49 -32 -53 -17 -40 -28 57 -3 -59 61 -61 -36
right_child=1 2 3 -5 11 6 7 -9 10 34 16 13 -14 -15 15 38 31 19 -20 20 -22 23 32 25 26 -27 28 -29 -30 46 51 -33 43 -35 59 40 -38 -39 39 -41 -42 -43 -44 44 -46 -47 -48 49 -50 -51 -52 52 -54 -55 -56 -57 -58 58 -60 60 -62 -63
leaf_value=-0.038513974751919512 0.061887436490128359 -0.02851568200486464 -0.057497512552984256 0.0073307298468489922 0.018995424862205013 -0.021853594017809157 -0.036178298697921059 0.022950806435718844 -0.020219501831593045 -0.017839858652686252 -0.021461643022817143 -0.034722637323795859 -0.036542185696596466 0.0086308352037736367 0.023999687329675227 -0.00076470514246315495 0.034579089157197221 0.016292550617606441 0.038707364328468587 -0.0066390129567865976 0.010119886583835889 -0.0016684862080226879 0.012625041939633545 0.050014931907982313 0.065601217769959794 0.0050367483589742537 -0.028752516666000011 -0.015664588821166635 -0.026787857587404814 -0.022696624469770461 0.051920361617276901 0.0069629594886449001 0.0048492142000224458 -0.030514088571771122 0.030855620171470352 -0.0028652820243122387 -0.010316432563355502 0.010857833111318708 -0.014270294725265429 -0.026583113545813816 0.047783298946720475 -0.036645626109605277 0.029552571527318175 -0.04273381086385216 -0.0020952408873765329 -0.0085671708361305197 0.021959764884738268 0.020238398493277326 0.029677292130772349 0.014208112024192067 -0.040677725317927883 -0.017984923935621813 0.028143461887610841 -0.039885400330208966 0.038623823541852252 0.012625643858364772 0.035740076519606645 -0.01450068184401513 0.035159000172422433 -0.035170037929939842 0.014740714483962768 -0.012645223745796061
leaf_weight=3.3530253895651176 0.33813418285444541 1.7757990098230036 1.2810148142725659 2.0389665081002022 9.2318045181514172 0.6926942367877047 12.985322733839441 1.2473078601356054 1.4935049187852185 0.50884163563887153 4.2435845331483533 3.444427381299648 3.7710747286341748 2.364191712763386 1.4460619964443235 1.6387224707723342 7.9403729987097931 14.693414733454118 10.903394107357597 9.4964022226340656 10.068740958347915 5.7688689906062773 3.2277323278103749 4.916519224863805 4.3676534584046767 3.0533303576012258 1.3213014291609382 1.3770248758519299 2.1998715374152198 0.77956534988334203 1.7527390645991547 8.864556279499082 3.0497668129464719 12.295724162719123 2.8256602774599742 1.0184033810874096 0.25513058673823241 3.3633204807993025 0.39329942119365968 1.8837676207995171 4.1785926954225943 1.9135572761028923 0.91748265293426812 5.2160461064304382 4.9358526319265366 0.20603265728732356 2.0082454436469561 0.28488939809767533 1.5118265694472937 0.95295247885997003 4.2314709065490206 1.0522692214544807 0.98523686337284733 6.5938119911138529 1.2891088537871835 1.3739988742800049 2.4923813373216035 0.39618462734188176 2.4148318828592892 1.5372764743028713 1.5481019113212822 1.566624785454678
leaf_count=590437 1289 605 208 365 5661 895 36544 3053 3592 16555 6079 4068 8074 111 1043 5798 115 127 126 131 86 117 53 168 4027 329 9402 535 5238 633 158 98 93 101 1626 210 39 68 3281 203 1121 5723 11 594 107 2726 645 578 17 999 2149 203 15 13816 16 461 990 1115 47 1185 40 1007
internal_value=0.00220441 0.0030265 0.00264176 -0.0252026 0.00320394 0.00211842 -0.00916785 -0.0180079 0.00431311 0.00583125 0.00661875 0.0161483 -0.00806919 -0.0074537 -0.00510425 -0.0104898 0.00858641 0.0065362 0.0126525 -0.00226462 -0.0110581 0.00693472 0.00202403 0.0206962 0.0110902 0.0352659 0.019095 0.031748 0.00406767 0.041143 0.0167142 0.0212209 -0.0117651 -0.0208578 0.0175318 0.0320243 0.0564169 -0.00757063 -0.0244578 -0.00178008 0.0389974 -0.0192527 0.00753784 -0.0181975 -0.024935 0.0613225 0.00677706 -0.0142407 0.00602367 -0.0245857 -0.0338629 0.0337947 0.00624247 -0.0330245 0.0255484 -0.00995048 0.00804685 0.00369847 0.0261916 0.0040002 -0.0126488 0.0158722
internal_weight=215.278 211.925 211.587 3.31998 208.267 193.226 30.9399 14.2326 162.286 16.7072 138.191 15.0404 24.095 5.80862 20.324 13.2448 129.717 112.912 66.3575 46.5543 31.8609 55.4541 41.7154 13.7387 25.286 7.96985 17.6791 8.99365 8.68542 7.61663 6.48555 16.8049 16.4294 21.7921 13.1835 5.70584 4.82882 7.60691 11.7987 3.56618 5.197 3.52373 1.61018 13.2017 10.1519 4.57369 2.78781 8.47464 3.00533 5.46931 4.51636 3.79025 2.03751 8.23253 1.68241 2.6953 7.0792 4.58682 2.81102 7.47766 3.08538 4.39229
internal_count=744906 154469 153180 573 152607 142767 67970 39597 74797 28373 39809 9840 34988 4179 26914 24157 32474 32261 31816 445 318 31690 31076 614 30229 497 24082 8605 15477 8070 10239 213 847 232 21744 17886 6792 6147 23114 3500 1331 6629 906 794 701 6753 1278 7335 3609 3726 2727 376 218 19614 3297 9863 2757 1767 1162 3858 1225 2633
cat_boundaries=0 1 2 3 5
cat_threshold=368643 923395 491587 537397252 256
is_linear=0
shrinkage=0.05


Tree=114
num_leaves=63
num_cat=4
split_feature=0 5 17 0 22 8 12 21 2 19 10 9 9 10 9 3 1 16 12 16 5 5 9 11 0 13 10 9 12 9 16 2 11 9 3 12 8 7 3 13 13 11 5 5 16 9 9 12 9 5 12 11 7 9 10 8 13 3 16 10 8 5
split_gain=2.93517 2.55393 2.28482 2.33937 2.0901 4.20598 2.10292 2.04453 2.19392 2.38679 2.99158 2.77837 2.31292 2.17941 2.10241 4.12663 1.94033 1.83085 1.64834 1.82068 1.74735 2.0853 1.6335 1.58914 1.52056 1.8214 1.51294 1.46074 1.4546 1.40599 1.35656 1.34132 1.33523 1.66187 1.28153 1.23486 1.80085 1.20297 1.19047 1.14725 1.1206 1.11893 1.38508 1.1133 1.09449 1.05457 1.80963 1.04894 1.84283 1.68323 1.12785 1.00669 0.988662 0.975177 0.932839 0.921813 0.915267 0.912427 0.852776 0.827504 0.801272 0.798638
threshold=7.5000000000000009 1.7147096227214924 0 385.50000000000006 1 1.3214602892666838 0.22595019077800557 2 4316.5000000000009 3 6.5000000000000009 0.62413727450140433 0.57900856793145661 11.500000000000002 0.58982977806507231 1957.5000000000002 936.50000000000011 12.500000000000002 0.01822012458626027 45.500000000000007 1.0323452484742808 1.1549594808767683 0.59557189542483668 0.016718913144855341 286.50000000000006 14.500000000000002 22.500000000000004 0.53895279869789514 0.039357368758373208 0.88898369359120222 50.500000000000007 2741.5000000000005 0.030491525462518137 0.5192554874431482 6467.0000000000009 0.039357368758373208 1.2245038511272279 1507.5000000000002 4107.5000000000009 11.500000000000002 41.500000000000007 0.022762712401648368 1.0386700646972065 0.9796705567472892 10.500000000000002 0.90918462980318659 0.99177293155728841 0.044460196184112184 0.5192554874431482 0.92315120900345449 0.078411853232571008 0.024164245596953803 1784.0000000000002 0.99976076555023929 13.500000000000002 1.2143416051866758 72.500000000000014 6467.0000000000009 27.500000000000004 11.500000000000002 1.4375188593844299 2.2862533692722375
decision_type=2 2 9 2 9 2 2 9 2 9 2 10 10 2 10 2 2 2 2 2 2 2 8 2 2 2 2 10 2 10 2 2 2 10 2 2 2 2 2 2 2 2 2 2 2 10 10 2 10 2 2 2 2 10 2 2 2 2 2 2 2 2
left_child=-1 4 23 -4 5 30 7 8 9 13 14 12 47 28 15 51 45 26 -13 20 56 -22 -5 53 44 61 37 32 34 54 -2 -8 33 -19 38 40 -37 -9 52 -30 -31 -15 -43 -10 -25 -16 -47 48 49 -12 58 -11 -6 -3 -29 -52 -20 59 -49 -7 -58 -26
right_child=1 2 3 22 6 57 31 17 43 10 11 18 -14 41 16 -17 -18 27 19 -21 21 -23 -24 24 25 -27 -28 29 39 35 -32 -33 -34 -35 -36 36 -38 -39 -40 -41 -42 42 -44 -45 -46 46 -48 50 -50 -51 55 -53 -54 -55 -56 -57 60 -59 -60 -61 -62 -63
leaf_value=-0.038173842526406251 -0.043154663486286743 0.065764178233018541 -0.0391823038365747 0.032125345448694213 -0.010563375704322787 -0.025622328336079515 0.006359937271544245 -0.0019806796270600501 0.029866173620792847 0.04479311649705843 0.0097630785628577358 0.026963294196128335 0.036696403588867943 0.039661383881119908 -0.021445755597313029 -0.040139048364008778 0.040276814494449496 -0.025193622251985792 -0.037612413941540329 0.018367087298843524 0.018554892841201074 -0.018693168087554335 -0.0099876241262483196 -0.0040652325487372642 -0.027940897867572947 0.027849272340662742 -0.033942592441604573 -0.045269500830227793 0.0031633815693656673 -0.01915364155277385 0.017899110862486373 -0.040110172471503731 0.034503737927510346 0.030406479004119375 0.028390176673608852 0.025668387331191273 -0.031485448564611981 0.032172986757584884 -0.030111537863381711 -0.039570480691900542 0.038817641588660863 0.022283450798892449 -0.029824165828118684 0.0068489454089088152 0.044722938880610984 0.03981372847434983 -0.024156955659935003 0.0077994117941154253 0.016960123778731098 -0.03703026688047803 -0.024525322329504055 -0.014422042207411875 0.025354495813409705 -0.0025664563092429055 -0.0092783545000342197 0.018724373148021885 -0.024028166105305226 0.045349071865681129 0.045762811684074194 0.021460075866629184 0.023503145085650438 0.0045387143936770772
leaf_weight=3.2278332218247661 8.6552431059262709 3.0222499455935607 3.416168599224874 2.5906743752584562 4.5423916987583723 0.82530368851348523 2.0128271736157322 4.6564285512463321 13.665661424165593 2.302276944149074 2.4856461638105483 2.1482449389304774 7.0282191799624334 1.8747010081924589 1.752088840789386 2.7164138993466622 13.671268830319603 3.4480171330897091 8.2415666199149253 3.5579914761137834 5.1966162849448656 8.6304165624724174 5.5391953392954756 1.1733545014867584 2.1841692056696029 5.3769619978902483 0.80330459773540575 5.9772449284378144 1.7762438864083359 0.5304024616893902 0.46643535793828128 3.4504800761060324 1.54029990943809 0.97765087535799455 1.437370247498621 1.0538196153515853 4.0167308849399888 4.4884568258421496 3.9686566715026856 7.0539867856314231 1.4523462529350579 1.7175734900802129 1.4109246439875276 9.3483065634500218 6.4315985380681013 2.0411235794981626 0.91549489577209886 3.4693386589469792 4.6259948995120794 4.2568967835813964 1.8276248753613802 0.40267496749538612 1.9352232066157737 0.51594775124294745 3.2656643551817979 1.2446939983165064 0.64579246694120118 1.1831931952619925 2.4617911584682588 0.9154674049696041 0.92995641556171904 4.1024195049867558
leaf_count=590689 6513 1240 16157 68 6671 683 36259 3827 156 3991 161 59 188 145 8866 485 295 3183 570 168 188 364 381 1800 187 281 4 3463 2753 2053 334 57 902 116 13 3072 1164 41 102 10535 281 194 98 121 8917 8939 11179 256 85 204 393 4420 25 740 52 230 249 20 191 63 48 260
internal_value=0.00312368 0.00392364 0.0162065 -0.00545528 0.00148946 -0.0128908 0.00317596 0.00445884 0.00698182 0.00438663 0.0081084 0.00272079 0.0139208 -0.00740233 0.0235961 -0.00334562 0.0313054 -0.00589904 -0.00784909 -0.0114569 -0.016508 -0.00438695 0.00548098 0.0205859 0.0214772 0.00882719 0.0095146 -0.0154357 -0.0172452 -0.0228252 -0.0385727 -0.0246543 0.00512801 -0.00957085 -0.00500959 -0.00488673 -0.0173355 0.0163015 -0.0116841 -0.031527 0.0220875 0.0171022 -0.00274843 0.0211911 0.0375979 0.00276513 0.0189065 0.0047139 -0.00527274 -0.0207469 0.0165904 0.0344646 0.00212297 0.0574301 -0.0347006 -0.0067082 -0.0315959 0.023788 0.0278857 -0.00206601 0.00225747 -0.00903168
internal_weight=216.583 213.355 34.3527 11.546 179.002 12.0456 166.957 161.494 129.283 106.269 80.5521 56.7508 27.4002 25.7171 23.8013 5.42137 18.38 32.2104 29.3506 27.2023 23.6443 13.827 8.12987 22.8067 19.2685 11.6636 9.94819 22.2622 20.7139 16.2962 9.12168 5.46331 5.96597 4.42567 11.8836 7.0533 5.07055 9.14489 10.4463 8.83023 1.98275 5.0032 3.1285 23.014 7.60495 4.70871 2.95662 20.372 11.3685 6.74254 9.00345 2.70495 6.47761 3.5382 9.24291 3.07232 9.81732 2.92396 5.93113 1.74077 1.57575 6.28659
internal_count=745149 154460 30031 16606 124429 7613 116816 80500 62342 62065 41529 3354 1708 20536 38175 8896 29279 18158 1646 1587 1419 552 449 13425 11445 728 3872 14286 20099 10085 6847 36316 4201 3299 6811 6570 4236 3868 6798 13288 2334 437 292 277 10717 28984 20118 1520 450 365 1070 8411 6696 1980 3515 623 867 766 447 746 297 447
cat_boundaries=0 4 5 7 8
cat_threshold=536871552 16777216 1342308480 64 73408514 542115895 131328 168579
is_linear=0
shrinkage=0.05


Tree=115
num_leaves=63
num_cat=4
split_feature=12 0 12 9 21 9 19 13 12 0 0 4 0 17 16 16 9 7 0 2 4 13 13 0 7 12 9 16 22 13 15 7 16 9 16 9 0 16 4 2 7 0 10 16 13 13 16 9 16 13 3 9 16 15 10 13 13 10 12 9 9 12
split_gain=3.62582 2.95643 1.57691 2.3925 2.58512 2.48242 1.75771 1.84269 1.75365 2.0904 1.89728 1.8035 1.64098 2.41039 1.58938 1.5612 1.88653 1.35965 1.31101 1.26126 1.42475 2.75573 1.81425 1.62251 1.47127 1.21685 1.31323 1.1593 1.11848 1.04711 1.04372 1.02962 0.990733 1.41942 1.95805 1.62661 2.10607 1.93683 1.1849 1.07482 0.934167 0.787692 0.774739 0.770018 0.769393 0.768256 0.726864 0.683383 1.20537 1.26298 1.31328 0.95096 0.892209 0.693144 0.673334 0.786071 0.673268 0.672337 0.650471 0.614989 0.60625 0.604792
threshold=0.23095290751466799 1337.0000000000002 0.026680003361569841 0.19623427255006207 0 0.65386992488352202 1 66.500000000000014 0.045536294381250182 373.50000000000006 690.50000000000011 2643.5000000000005 750.50000000000011 2 51.500000000000007 8.5000000000000018 0.76933041052212048 1338.5000000000002 991.00000000000011 4316.5000000000009 8373.5000000000018 75.500000000000014 67.500000000000014 1173.5000000000002 935.50000000000011 0.039357368758373208 0.99976076555023929 2.5000000000000004 3 67.500000000000014 325.50000000000006 663.50000000000011 46.500000000000007 0.64829441391941411 4.5000000000000009 0.78387225195735843 666.00000000000011 11.500000000000002 6213.5000000000009 1968.0000000000002 2226.0000000000005 343.50000000000006 12.500000000000002 1.5000000000000002 85.500000000000014 6.5000000000000009 49.500000000000007 0.53895279869789514 11.500000000000002 2.5000000000000004 1841.5000000000002 0.53336301573167122 5.5000000000000009 4342.0000000000009 10.500000000000002 69.500000000000014 5.5000000000000009 5.5000000000000009 0.031734106841437799 0.58982977806507231 0.26939799331103681 0.042318307653190008
decision_type=2 2 2 10 9 10 9 2 2 2 2 2 2 9 2 2 10 2 2 2 2 2 2 2 2 2 10 2 9 2 2 2 2 10 2 8 2 2 2 2 2 2 2 2 2 2 2 8 2 2 2 10 2 2 2 2 2 2 2 10 10 2
left_child=2 43 12 -4 6 29 19 8 11 -10 -11 31 13 15 27 16 -1 46 -13 20 21 22 23 28 -24 -23 -27 -15 32 40 -31 -8 33 34 42 39 37 -37 45 -35 41 -6 -5 -2 -9 -39 -17 48 51 -50 -51 -29 -49 -54 -21 -56 -30 -34 -7 -36 -58 -61
right_child=1 -3 3 4 5 58 7 44 9 10 -12 18 -14 14 -16 17 -18 -19 -20 54 -22 25 24 -25 -26 26 -28 47 56 30 -32 -33 57 35 59 36 -38 38 -40 -41 -42 -43 -44 -45 -46 -47 -48 52 49 50 -52 -53 53 -55 55 -57 60 -59 -60 61 -62 -63
leaf_value=-0.036399117454908869 0.0048426545212824999 0.034242112587498444 -0.038524683152750677 0.031584562891185053 0.014799962212201227 -0.006518590193622437 -0.02235113614234116 -0.04149785462714628 -0.033878789645786216 0.03146356675048468 -0.0007605136703046308 -0.039706616636864638 0.020560389026192949 0.020478829081040484 0.037560550659020586 0.038152291568467118 0.022758135302236825 -0.00018243719341107408 0.0014107378071802699 0.006367211449289447 -0.0055618704599684002 0.0077077238188059134 -0.022194551137280607 0.039903479787835976 0.039116066810609425 -0.044466278555746301 0.0095212650029941042 -0.039148646552747787 0.015201749872144003 0.018202419093683999 -0.038767020825428593 0.024883859154002874 -0.0044501916478456192 -0.0052231416445179864 -0.03301129119180967 -0.022310525913510459 -0.027631397807196534 -0.011819078478494192 -0.018165777057108232 0.04265327638597869 0.029133301090714082 -0.028872799032176016 -0.016266474411472873 -0.047462468020357779 0.01068056535973747 0.042808711210370769 -0.012244077903617943 0.0062126985679804543 -0.026612060293391165 0.041673411628229323 -0.005783031286422889 0.01892383908370104 -0.033469070440565775 0.0049754996781201273 0.037388948586824573 0.0099880284974715947 0.0013842097382541097 0.035607521683176949 -0.04649272255672738 -0.023583743783360103 -0.038452946008195904 0.011440972683344262
leaf_weight=1.7126918399858397 0.59007463506986724 0.72763554834818922 2.9680096915622007 2.357803180638721 1.1380704095017775 1.6021362611613765 0.78737232922049161 3.5672312469159801 1.7908078872787907 6.8375696656366953 10.83931853436661 5.8011800609292532 20.230068028438836 1.4514642961135056 0.67645236906946493 9.942365632703055 1.7404559514975515 3.448341086106665 2.618096187710762 8.4887013807892817 24.356506228257786 2.4808929995410827 0.46016743349855271 2.6933252334129056 7.5979344597762974 3.4035661127936692 1.1013426425793111 2.0440373782271339 0.35400650103383213 0.47639812904162715 1.5492677995212032 2.6742140705973725 1.0587989510495379 1.2292283045744596 3.9968616886421842 1.6192227028896011 3.1308053965985891 0.30555877280539778 0.51569268212188024 4.574865510003292 2.5011369351923349 1.1248943088539816 0.44275883643786063 5.8037102516982486 0.41641086852769138 4.3861780792030913 0.3163792122018102 1.7231722016367701 1.0368243212592458 2.0782243230059976 2.3654849404993001 0.26487841960852154 9.070598887611137 1.0568152293562896 5.8455226300284249 5.8483777586370707 1.1440142737224048 4.1301354273982724 6.3347236814079224 1.0930812147589679 3.2567593254866551 2.0460278568243666
leaf_count=1640 9332 17 57307 699 6771 1842 16215 6549 53088 336 142 377 174 3162 1093 25653 3276 106 17 68 232 678 2998 30 115 2834 2788 3440 639 569 184 269 6509 2769 3808 4983 85 2322 36 69 34 79 30 385186 1920 15484 1150 4751 1440 9614 168 17 62463 8 111 98 199 419 30834 204 7195 540
internal_value=0.00126317 -0.0315293 0.00251875 -0.000208011 0.000813952 -0.0139014 0.00331989 -0.00528415 -0.00217704 0.00698881 0.0127213 -0.0165726 0.00936402 0.00317632 -0.00724337 0.0129322 -0.00816769 0.027235 -0.0281282 0.00664464 0.004305 0.00882668 0.0132711 0.0082636 0.0335511 -0.0186547 -0.0319356 -0.0135943 0.00484892 4.33763e-05 -0.023781 0.0115382 0.00758725 0.0054048 -0.00885837 0.0143887 0.00137212 0.0165045 0.0302236 0.0332363 0.0125417 -0.00910469 0.02173 -0.0426332 -0.0349949 0.0377995 0.0356486 -0.0169826 -0.00462148 0.00842729 0.0199896 -0.0287809 -0.0241158 -0.0293707 0.0181642 0.0255515 -0.00889469 0.0280354 -0.0400559 -0.0220583 -0.0297582 -0.00350635
internal_weight=217.225 7.12142 210.103 150.945 147.977 14.7266 133.25 35.3322 31.3486 19.4677 17.6769 11.8809 59.1583 38.9282 21.768 17.1602 3.45315 13.7071 8.41928 97.9181 77.7355 53.379 46.3932 38.3351 8.0581 6.9858 4.50491 21.0915 35.6418 6.78977 2.02567 3.46159 30.887 25.6981 9.93653 15.7616 9.95746 6.82665 5.20743 5.80409 4.7641 2.26296 2.80056 6.39378 3.98364 4.69174 10.2587 19.64 7.78945 5.48053 4.44371 2.30892 11.8506 10.1274 20.1826 11.6939 4.75478 5.18893 7.93686 7.13597 4.40077 3.13911
internal_count=745165 394535 350630 232475 175168 40313 134855 78913 70444 53566 478 16878 118155 117981 86156 31825 4916 26909 394 55942 55665 55433 49133 46020 3113 6300 5622 85063 45990 7637 753 16484 37957 31029 5281 25748 22910 22825 17842 2838 6884 6850 729 394518 8469 17806 26803 81901 14679 11222 9782 3457 67222 62471 277 209 8033 6928 32676 4552 7394 744
cat_boundaries=0 2 3 7 8
cat_threshold=537919863 163840 368802 538968064 16777216 268566528 34816 35693057
is_linear=0
shrinkage=0.05


Tree=116
num_leaves=63
num_cat=2
split_feature=12 12 6 21 8 9 10 10 6 1 10 10 15 11 10 9 6 17 7 9 6 9 1 8 11 2 11 8 11 11 12 9 9 7 12 1 2 11 9 4 2 16 8 12 6 6 1 6 16 9 11 16 15 12 8 9 6 10 11 6 8 15
split_gain=2.97868 2.22795 2.274 2.629 2.69175 2.1796 2.13803 2.94743 2.13797 2.09009 2.6205 1.80108 3.14936 1.7901 1.67681 1.60809 1.73631 2.23458 1.83299 1.59631 2.11221 1.59375 1.6692 1.55475 1.46048 1.4587 1.36904 1.21751 1.20883 1.20394 1.14099 1.60995 1.10637 1.09188 1.06992 1.2577 1.80678 1.71026 1.02485 0.995777 0.987142 0.979993 0.956637 0.937365 0.905773 0.894623 1.38606 0.860261 0.848436 0.846925 0.833255 0.821105 0.856545 0.705999 0.699036 0.684641 0.677539 0.66947 0.773647 0.673092 1.10784 0.910914
threshold=0.2500963488548274 0.025607531421540711 2.8053751803751807 0 1.4243514279485505 0.85419703595724006 15.500000000000002 22.500000000000004 1.6576733954451348 1451.5000000000002 3.5000000000000004 5.5000000000000009 2500.5000000000005 0.012525423499755562 13.500000000000002 0.81375929682217729 2.0005154639175262 1 2592.0000000000005 0.76196503918022918 1.0678545493873897 0.56900854897010744 1630.0000000000002 1.1792011104895688 0.024164245596953803 3190.0000000000005 0.032569105437188169 1.1249178712220764 0.016254236979875717 0.023711863982801642 0.021609900607523717 0.62413727450140433 0.48098168738026453 1338.5000000000002 0.151684308236923 1155.0000000000002 2395.5000000000005 0.024279270225919164 0.99033037244818456 1258.5000000000002 2395.5000000000005 11.500000000000002 1.5239134955292162 0.01944874238406941 1.2500816459830177 1.3335401157981805 1333.5000000000002 1.0385132804415318 5.5000000000000009 0.82360045467462351 0.040434615120965883 51.500000000000007 457.50000000000006 0.011701610565146849 1.1852039286249816 0.78387225195735843 1.4168204182041824 4.5000000000000009 0.016177966026589278 0.7895323811387206 1.2344758482482208 2500.5000000000005
decision_type=2 2 2 9 2 8 2 2 2 2 2 2 2 2 2 8 2 9 2 10 2 8 2 2 2 2 2 2 2 2 2 10 10 2 2 2 2 2 10 2 2 2 2 2 2 2 2 2 2 10 2 2 2 2 2 10 2 2 2 2 2 2
left_child=1 5 3 4 9 15 8 25 21 10 -3 38 13 -13 40 16 17 18 30 20 -11 32 28 27 -18 -8 -26 -7 49 -10 31 43 44 -19 35 36 39 -37 -6 -12 -15 -17 -30 47 -5 -2 -47 -1 53 -23 -28 52 -50 -25 -31 -36 -49 58 -41 60 -59 -61
right_child=45 2 -4 6 11 23 7 -9 29 19 34 12 -14 14 -16 41 24 33 -20 -21 -22 22 -24 48 26 -27 50 -29 42 54 -32 -33 -34 -35 55 37 -38 -39 -40 57 -42 -43 -44 -45 -46 46 -48 56 51 -51 -52 -53 -54 -55 -56 -57 -58 59 -60 61 -62 -63
leaf_value=-0.0076718348705372879 -0.043410758123135024 -0.034960474420789651 -0.030506885311429439 -0.030600779826316878 -0.0027727379900211232 -0.017824514424654266 -0.0044975032080382636 -0.024040907519205883 -0.017991230520287473 -0.015431134070377614 -0.022152050681102133 -0.03540547667214685 0.035135563645432667 -0.0036123547980514946 -0.020542382690346507 -0.0044099637864820898 0.039299210786864026 0.0075373214714137375 0.043214276368724061 -0.018961614668069227 0.010030598252175595 -0.02234238014529575 -0.060187042589212585 0.022514097429926425 -0.015018279356303782 0.03795142562947542 0.03165705250543889 0.043368546795802196 -0.041313456940440398 -0.015008117825481499 0.028128023727629514 -0.036992008043599575 0.023413600517028826 -0.031409774264253468 -0.03263541601121716 0.0077467795287898024 -0.019345570331225789 0.039959844636689938 0.075520484032116308 0.01803171024890933 0.040064429500264724 0.055886510560615679 0.016852100703059671 -0.025158582324267958 0.012797686055883238 -0.030341626156156681 0.024808027401158426 0.041953508992154956 -0.032961336606575929 0.016228783461587137 -0.016229395095758319 0.019046531969381202 0.0060377943163096243 -0.018677351951418612 0.031270796213881839 0.011809322753256406 -0.0072671834074004744 0.016357061628610073 -0.027339327909968954 0.027210272112465961 -0.028730423772183357 -0.0095785621768151898
leaf_weight=1.6079111690542029 3.6699693430928155 2.2914664262957549 5.1575466965282422 2.6756393511395866 0.43391585462450422 0.55382357480357214 2.8813896718056622 4.5603999824379571 2.1671980556247936 12.272476223763077 1.077499986031859 2.4204842424264843 8.2568262038475932 1.7910933190978537 2.3761766547886509 0.65368394036431654 7.7354391114117771 1.928223724120018 4.4403074528090647 15.350110478524583 20.084967442235211 1.3941778850858084 4.4845323078625361 1.7662594327653089 3.0813665298815067 4.5516672702506185 3.6585951257907254 1.4382242470182971 4.2610821768867027 0.39884830568917129 2.7572141572054534 1.7223311965644823 1.4827559218110762 6.4844683197006816 1.3138663742342935 9.2044676784862549 4.7330125211592522 7.473893877988302 1.141905681546177 0.76932991715330246 2.5611345525830984 2.7217276601140838 0.26755862473646619 0.65357655377556501 1.1138095447299745 1.3668177481081332 1.2177791664144022 2.0988283455767491 6.293472611159812 2.5108227772093414 0.47430864679745344 0.42394663668073906 1.400500149531126 0.75194736241292037 2.7414251009904547 0.73306733569506821 0.56390305326658552 2.6940945905353177 1.1477423456954055 12.416962800176405 1.1585645600234782 1.419982072773563
leaf_count=1451 294128 115548 19507 12351 1842 66088 188 54 5938 87 8668 302 144 409 43 216 4575 11090 41 163 192 6973 39 1185 1852 74 976 4845 42926 4454 658 590 2509 150 2004 132 98 106 3263 323 28 599 828 247 2909 89180 52 306 17083 5700 1947 203 119 989 2701 1274 480 742 1209 1859 362 72
internal_value=0.00124353 0.00233641 -0.000731617 0.000498708 0.00423719 0.0110526 -0.00970761 0.00458385 -0.020854 0.0010592 0.00851948 0.0212776 0.0145269 -0.00570173 0.0081825 0.0166021 0.0128158 0.00361595 0.011959 -0.00622776 0.000200419 -0.028655 -0.0375484 -0.0066908 0.0254269 0.0229142 0.0075789 0.0260845 -0.0204065 0.00618655 0.00596043 -0.00571134 -0.00435179 -0.0109729 0.011501 0.0133246 0.00592661 0.0236259 0.061255 0.0123349 0.0247733 0.0458704 -0.0354504 0.009627 -0.0178362 -0.0302597 -0.00468515 0.0187139 -0.0145435 0.000710448 0.0240702 -0.0218019 -0.0259845 0.00840147 0.0231877 -0.0180666 0.0323916 0.0152132 -0.00919202 0.0182084 -0.000328056 0.0230438
internal_weight=213.237 206.982 153.772 148.614 113.123 53.2101 35.4913 11.9935 23.4979 94.1415 46.434 18.9815 17.4057 9.14889 6.7284 40.5819 37.2065 22.2568 13.8441 47.7076 32.3574 18.1904 12.9182 12.6282 14.9497 7.43306 7.21427 1.99205 8.43364 5.30747 9.40376 6.64655 5.2722 8.41269 44.1425 42.0956 25.4172 16.6784 1.57582 20.6842 4.35223 3.37541 4.52864 4.92422 3.78945 6.25457 2.5846 4.27064 10.6361 3.905 4.1329 8.11792 7.69397 2.51821 3.14027 2.04693 2.66273 19.6067 1.91707 17.6896 3.85266 13.8369
internal_count=745071 361711 246021 226514 138870 115690 87644 316 87328 132839 132397 6031 926 782 480 25178 24363 15013 3773 442 279 74235 56466 90512 9350 262 4775 70933 56427 13093 3732 3074 17769 11240 16849 13571 13333 238 5105 13235 437 815 43754 2484 15260 383360 89232 2237 19579 12673 2923 17405 17202 2174 7155 3278 786 4567 1532 3035 1104 1931
cat_boundaries=0 2 6
cat_threshold=536871255 163840 2105600 262144 0 32834
is_linear=0
shrinkage=0.05


Tree=117
num_leaves=63
num_cat=3
split_feature=0 21 5 7 16 15 7 20 3 8 16 16 8 8 10 10 15 2 12 10 12 16 9 9 11 7 11 9 16 4 12 11 16 5 11 18 16 12 10 11 12 12 8 6 3 6 6 3 9 9 9 15 11 3 15 11 0 8 8 16 0 0
split_gain=2.61165 1.61515 2.35419 2.88423 2.13932 1.77839 2.73217 2.03313 1.80227 3.06182 1.77766 2.66709 2.33549 2.19665 2.62671 2.06101 1.72432 3.71745 1.45618 1.32426 1.31492 2.02979 2.02431 1.76019 1.61188 1.25055 1.22898 1.21697 1.18494 1.25102 1.10872 1.04486 0.959838 0.920268 0.840259 2.21661 1.60119 1.54619 1.63997 1.35239 1.33655 1.31382 1.27615 1.15649 0.835856 0.783078 0.765882 1.48578 0.839888 0.697225 1.0858 0.583705 0.581687 0.580166 0.692571 0.570946 0.563732 0.552509 0.847497 0.508093 0.671583 0.502174
threshold=10.500000000000002 0 2.4008547008547012 1207.5000000000002 41.500000000000007 4342.0000000000009 2592.0000000000005 1 3518.5000000000005 1.4167412045319023 30.500000000000004 22.500000000000004 1.3214602892666838 1.48392682586231 11.500000000000002 17.500000000000004 868.50000000000011 3190.0000000000005 0.053290935992391826 1.5000000000000002 0.045536294381250182 20.500000000000004 0.80673871270536324 0.98990563530037223 0.023962818609816673 1422.5000000000002 0.012939026289157244 0.51191545601916399 50.500000000000007 5041.5000000000009 0.029728935226302603 0.0097207241818647507 21.500000000000004 0.90144314160827044 0.016177966026589278 2 19.500000000000004 0.0050056277306836936 5.5000000000000009 0.023245085067476069 0.011701610565146849 0.0050056277306836936 1.2856330245408747 1.5267591937765206 1554.5000000000002 1.3846583136336841 1.3846583136336841 2588.5000000000005 0.99138990087265955 0.68434861018293225 0.26939799331103681 2241.5000000000005 0.023578743004084881 1957.5000000000002 1745.5000000000002 0.012716577372619916 645.50000000000011 1.3939895645193661 1.4727960207052735 7.5000000000000009 525.50000000000011 750.50000000000011
decision_type=2 9 2 2 2 2 2 1 2 2 2 2 2 2 2 2 2 2 2 2 2 2 10 8 2 2 2 8 2 2 2 2 2 2 2 9 2 2 2 2 2 2 2 2 2 2 2 2 10 10 10 2 2 2 2 2 2 2 2 2 2 2
left_child=-1 2 3 -2 25 7 -7 8 19 20 11 15 26 14 51 18 17 32 33 -3 21 -10 24 -24 27 -4 55 -22 29 -15 -23 -21 -5 45 40 36 41 52 59 61 -33 -36 43 -38 -43 -9 47 -42 49 50 -48 -14 -37 54 -41 -12 -34 -35 -59 60 -39 -40
right_child=1 5 4 16 -6 6 -8 10 9 -11 12 -13 13 28 -16 -17 -18 -19 -20 31 22 30 23 -25 -26 -27 -28 -29 -30 -31 -32 34 56 57 35 37 42 38 39 53 46 44 -44 -45 -46 -47 48 -49 -50 -51 -52 -53 -54 -55 -56 -57 -58 58 -60 -61 -62 -63
leaf_value=-0.038100712577089552 -0.030896030905145408 -0.028505474661526715 -0.01238454646174175 -0.0031496912337897289 0.06715841301533336 -0.0088226066539106376 0.037141595724785904 -0.011067609111149943 0.00098894159132992807 0.018130544919366925 -0.015221992767277405 -0.056611865021414576 -0.026315078106692615 0.015682726630363821 0.051671946139907721 0.011016028977130754 0.027902765215416778 -0.023642191892227344 -0.043323714289416004 -0.025656377998780885 -0.024236176496156184 -0.013203642509479335 -0.033953867161291132 0.0045380327213765262 0.020454114820842823 0.045595772023151925 -0.040106539619624182 0.0095331312987045336 0.02131000657406136 -0.034836960379773081 -0.038771349119877098 -0.022345854897600118 0.039395205082766893 -0.029952346913763712 -0.010692406703846623 0.032539267937787268 -0.019242139945651396 -0.025377336279532828 -0.031721224125484879 -0.026198074197550849 -0.027758525406409051 0.060120883756802551 -0.019966890767530564 0.034962229775221523 0.012501235354335189 0.037997041238153589 0.036283195744434941 0.026474024888454031 -0.013343019264919573 0.052199333014192856 -0.011573632292275642 0.018225316656104811 -0.003170336204009343 0.024562046691655723 0.019274934221994455 0.031101280499899655 0.011401277385415154 0.01973616549961173 -0.02496796428636407 -0.035682140648703363 0.010894143900171314 0.0084841724373667677
leaf_weight=3.2018000934681359 3.5154849894665849 1.3097739104559867 2.323539643261483 3.2562232610544077 2.415933672103165 5.1972572930999359 6.3687243091408163 0.84137118647095632 12.337114522688355 12.719366344121225 0.39174715634680879 3.7667403373661719 1.3629911679299747 1.0539941970209836 3.6536009564297274 5.4537895993926204 9.9713033075240656 7.1903190794837419 4.6079120294298264 0.99292073671767767 4.0829543918516764 11.741550661921794 5.7165916124795304 4.9487549491568652 11.344802868625264 0.30274304538033892 3.3574271673851399 4.7855787485714254 1.3804108904114398 3.2187916264210799 7.5753507402769165 0.73459974163597408 4.1051454672615346 2.5471073943426745 0.65556761508832995 1.9978821821287085 0.61295994112242658 1.5438937038252354 1.8677092839188838 0.85748405736467226 1.1319759928287552 4.6282465965769006 1.8972407762789769 2.7882419360316817 1.853966450131338 0.81579830863483949 1.4626618121483264 2.151930030038784 0.3440291878669085 4.0523032189157675 1.5835081551267647 0.25166046066806291 1.5776456449957548 4.0452111064441851 0.58781395969708683 0.48971997714625104 4.5694746159715578 1.4951651472129017 0.84453766494607396 5.3603526882034203 1.7307901442982254 0.5810538725927471
leaf_count=615505 16807 21131 1502 142 382 189 128 942 202 190 1292 6594 1584 588 107 134 141 87 10357 3453 121 193 164 89 169 4 9743 135 75 52 160 161 217 3634 93 172 4625 3013 698 676 5932 4378 1783 1822 249 814 766 157 622 779 575 4 396 189 27 113 64 167 281 19109 17 7
internal_value=0.000932265 0.00171874 0.00969866 0.00667085 0.0409862 -0.000642507 0.0174288 -0.00211509 0.001314 -0.00334911 -0.0109322 -0.0232146 -0.00077691 0.0114969 0.0320807 -0.0128537 0.0120862 0.00286139 -0.024473 0.00907324 -0.00793476 -0.01493 -0.000520514 -0.0172355 0.00869572 0.00502968 -0.0285584 -0.00689431 -0.00962411 -0.0217641 -0.0246451 0.0107614 0.0194273 -0.00721611 0.0121337 0.00761742 0.0170638 -0.00462512 -0.0132835 0.00316691 0.0233327 0.0437897 0.00691595 0.0230411 0.0499923 0.0182959 0.0280998 0.00566393 0.0361559 0.0399062 0.0146936 -0.0150576 0.0195337 0.0163105 -0.00738458 0.0133657 0.0273517 -0.0175058 0.000955367 -0.0271674 -0.00814274 -0.0224873
internal_weight=209.553 206.351 37.6502 32.608 5.04222 168.701 11.566 157.135 121.602 75.2521 35.5328 20.3724 15.1603 10.9214 5.26825 16.6057 29.0925 19.1212 11.1519 46.3498 62.5327 31.654 30.8787 10.6653 20.2133 2.62628 4.23889 8.86853 5.6532 4.27279 19.3169 45.04 11.9308 6.54398 44.0471 32.5861 12.4362 20.1498 16.5743 7.93927 11.461 7.13778 5.29844 3.4012 6.48221 1.65717 10.7264 3.28391 7.4425 7.09847 3.04617 1.61465 3.57553 5.49051 1.4453 0.881467 8.67462 4.88681 2.3397 8.63504 3.27468 2.44876
internal_count=743902 128397 19346 17458 1888 109051 317 108734 72253 1423 36481 22923 13558 2410 1695 16329 651 510 16195 70830 1233 555 678 253 425 1506 11148 256 715 640 353 49699 423 5838 46246 37254 12950 24304 23736 1597 8992 4720 8230 6447 4627 1756 8831 6089 2742 2120 1341 1588 568 892 703 1405 281 4082 448 22139 3030 705
cat_boundaries=0 2 3 4
cat_threshold=3670033 131072 20 48
is_linear=0
shrinkage=0.05


Tree=118
num_leaves=63
num_cat=2
split_feature=0 21 4 19 15 9 13 0 11 16 9 15 5 12 9 12 4 0 12 13 8 5 8 8 16 16 7 8 16 12 13 8 8 7 7 11 9 16 11 13 11 12 0 11 13 1 10 5 11 5 10 8 9 15 8 0 9 5 8 2 4 9
split_gain=2.42078 2.21965 3.20208 2.85123 3.01724 2.94232 2.67094 2.63394 2.61732 2.30346 2.13013 2.1026 2.66196 2.59539 2.04792 1.9557 1.64562 1.40164 1.47398 1.45005 2.57411 1.71341 1.4633 1.39362 1.32123 1.81793 2.04179 1.35789 1.23439 2.01346 2.06207 2.40909 1.83732 1.91293 1.78851 1.64413 1.51518 1.99164 1.29808 1.32873 1.2306 1.22276 1.08735 1.05319 1.4134 1.0438 1.04332 1.02038 1.44817 1.20676 1.01413 0.98563 0.910107 0.893424 0.806598 0.771267 0.758954 0.822887 0.747872 0.733127 1.07358 0.729509
threshold=10.500000000000002 0 27.500000000000004 1 1745.5000000000002 0.64294755877034371 74.500000000000014 1337.0000000000002 0.032186440285295256 19.500000000000004 0.98020228012474242 722.50000000000011 1.1283343021378289 0.050858379379780556 0.74520761881430675 0.029728935226302603 5041.5000000000009 149.50000000000003 0.039357368758373208 12.500000000000002 1.1951513370555393 0.57176079734219276 1.2245038511272279 1.3750584658559404 43.500000000000007 33.000000000000007 3376.0000000000005 1.5389676113360327 2.5000000000000004 0.015725122597073374 13.500000000000002 1.444626593806922 1.3624192886201623 3376.0000000000005 2592.0000000000005 0.016718913144855341 0.92319980339149688 18.500000000000004 0.021864407433149147 29.500000000000004 0.039706543111457673 0.15668148135604862 937.50000000000011 0.040434615120965883 65.500000000000014 612.50000000000011 13.500000000000002 1.6000652848049619 0.032569105437188169 1.953843422687733 3.5000000000000004 1.4546536796536798 0.81823556813702669 2500.5000000000005 1.1293239421298817 1061.0000000000002 0.75724789915966395 1.1111665281241343 1.2174300550259634 800.50000000000011 1826.5000000000002 0.46853461224386184
decision_type=2 9 2 9 2 8 2 2 2 2 8 2 2 2 10 2 2 2 2 2 2 2 2 2 2 2 2 2 2 2 2 2 2 2 2 2 8 2 2 2 2 2 2 2 2 2 2 2 2 2 2 2 10 2 2 2 10 2 2 2 2 10
left_child=-1 2 -2 6 11 46 8 10 24 47 17 12 13 16 -7 52 45 -4 43 -20 -21 -22 -23 -8 25 28 -27 41 -3 35 36 32 33 34 38 50 -31 -38 -32 -40 61 42 -26 -19 -45 -5 -6 48 -10 -49 -30 -16 56 -50 -17 -15 57 -11 -41 60 -12 -24
right_child=1 3 7 4 5 14 23 -9 9 15 59 -13 -14 55 51 54 -18 18 19 20 21 22 40 -25 27 26 -28 -29 29 30 31 -33 -34 -35 -36 -37 37 -39 39 58 -42 -43 -44 44 -46 -47 -48 49 53 -51 -52 -53 -54 -55 -56 -57 -58 -59 -60 -61 -62 -63
leaf_value=-0.037758007567995799 0.076338832350079266 0.033996082076087029 -0.029633586986604416 0.011186967493229423 0.00054302925852951637 -0.050726330678461162 -0.048802473859999598 0.043121569968755519 0.029971678358296918 -0.024368301607642348 -0.020470364742934757 -0.040584210738151563 -0.027461897717780875 -0.039880902981025035 -0.019119634592404747 0.010289657545706979 0.02162228900970627 0.022827950606753845 0.027542163845603693 -0.042584294082337638 0.037818673122096885 0.024334898637659922 0.005299219718473339 0.00043537692751960747 0.047463679022910044 -0.03533636484334169 0.021788480194673863 -0.021368597383378273 -0.017946124588267037 0.044301476954875338 -0.019352407112442217 0.037714636108476397 -0.024819459671369726 -0.01928821678327565 0.033467505146023417 -0.034275156436759782 -0.031125749957841564 0.034401169257650091 -0.012557274312818993 -0.010291590289031392 0.017967391731955676 -0.018453091174250546 -0.0056487087558316149 -0.033378195993535913 0.019426296851349278 -0.034362139173905792 0.028628979553363854 0.046286702601090704 -0.030669556409794792 -0.012107837610204461 0.025273281429224245 0.020148262367281247 -0.028258812506426947 0.019778396456578945 -0.04635940214409312 0.013776151337360557 0.032540879752442312 0.018196278453206292 0.03388743725331303 -0.027159679579651919 0.039263524343179111 -0.027843442588115282
leaf_weight=3.0841812119642773 0.7868623432914309 4.2432906591347992 1.3602855936928779 1.6022287639998531 5.4473848964426015 2.2774331044238343 2.5086337953944158 3.8638095412170506 1.1036521127553012 1.4137065615618656 0.68834995325323578 8.2821571616723286 14.496467141636456 2.9584421100757932 2.1164104547642637 0.33852329443652696 9.6911530693068908 19.782130597270228 3.0128168529117856 2.7552941730882621 1.9792797227528343 2.503176673060806 1.7737803552517997 2.404384120436589 5.7690748300637997 3.741675902683709 1.5287932166829703 0.54672116487836309 1.4097712681204932 6.2142929924229948 3.836612599125159 4.0238119748319141 4.9295011641661395 4.7111026085913172 6.1823079780151593 3.7365464384347433 1.437317135223567 1.2120353926889036 2.628288368255653 0.69352309290343317 1.7942242214412534 0.41645981488818495 0.89246654883027066 1.4004253644034172 1.7397498664504381 1.8015720622915976 7.5712130758474814 1.8681044651912091 2.7544546427752725 0.7804939950847255 2.2778768224425221 2.2832025185707607 1.0584079486943663 0.39730168692767609 5.3515903631241599 0.29330550134181965 1.2944141799380302 1.1875367633319909 4.1366080346861054 5.4044168959117087 0.42046456395564746 6.3982467396308493
leaf_count=615589 644 1316 14319 8508 246 54 3130 50 431 425 7581 1703 18505 14314 158 3417 175 763 240 498 67 146 125 320 2289 3866 19 132 421 1710 7444 413 554 33 50 1175 1507 1643 2739 2280 127 2716 10 209 47 217 102 727 6420 1600 127 71 3165 3 7340 3 154 388 841 474 111 450
internal_value=0.000355905 0.00112281 0.00867675 -0.00223804 -0.00986968 0.0043101 0.0034487 0.00791055 0.00610977 -0.0105922 0.00446581 -0.019397 -0.0126119 0.00138129 -0.0208004 -0.0243213 0.0116361 0.00846185 0.0103072 0.000350576 -0.00566269 0.00367882 -0.00414564 -0.0287075 0.0107413 0.00781593 -0.0179341 0.0291494 0.010733 0.00799274 0.0124333 0.00591122 1.87018e-05 0.00636924 0.0139549 -0.014571 0.0324259 6.39237e-05 0.00142138 0.013132 -0.0128657 0.0352138 0.0405395 0.018707 -0.00649699 -0.0152498 0.017754 0.0109737 -0.00465446 0.0304767 0.00844702 0.00121605 -0.00042304 -0.0210781 -0.0419549 -0.0329393 0.0113671 -0.00527954 0.0268669 -0.0203282 0.0100584 -0.0208562
internal_weight=204.598 201.514 55.6633 145.85 58.821 19.6956 87.0293 54.8765 82.1163 17.5482 51.0126 39.1253 30.8432 16.3467 6.67705 10.6442 13.095 44.4994 43.1391 20.2168 17.204 14.4487 12.4694 4.91302 64.5681 56.9434 5.27047 7.62472 51.6729 47.4296 40.0054 31.1418 27.1179 22.1884 17.4773 7.42419 8.86365 2.64935 11.295 7.45842 9.96625 7.078 6.66154 22.9223 3.14018 3.4038 13.0186 6.90401 4.25541 2.6486 3.68765 4.39961 4.95407 3.15176 5.69011 3.25175 3.89566 2.60124 4.83013 6.51323 1.10881 8.17203
internal_count=744301 128712 25851 102861 44056 631 58805 25207 55355 24070 25157 43425 41722 23217 283 14889 8900 16991 2672 1653 1413 915 848 3450 31285 26138 3885 5147 22253 20937 19214 14354 13941 13387 13354 1723 4860 3150 13304 5860 702 5015 2299 1019 256 8725 348 9181 6854 2327 548 229 4132 6423 10757 14317 967 813 3121 8166 7692 575
cat_boundaries=0 2 3
cat_threshold=5310485 131328 625994
is_linear=0
shrinkage=0.05


Tree=119
num_leaves=63
num_cat=2
split_feature=0 17 5 10 8 6 6 1 8 2 3 11 11 8 5 1 2 11 5 8 8 15 11 11 2 5 2 2 10 11 21 10 11 2 5 11 8 13 8 5 8 11 11 8 15 0 10 13 13 13 0 0 8 6 1 15 11 3 11 8 13 11
split_gain=2.39045 1.42205 2.36458 2.11724 1.98433 1.47799 2.29721 1.42479 1.44206 1.46186 1.38677 1.7886 2.24184 1.5367 1.62171 1.51511 1.33184 1.32908 1.24919 1.24334 1.22132 3.9604 1.50858 1.19019 1.10157 2.0048 1.06399 1.10318 0.9485 2.71957 1.12091 1.16153 1.39256 1.11918 1.38232 1.28674 1.73169 1.04077 1.03519 0.97117 1.1309 0.920058 1.02545 0.89004 0.8792 0.860749 0.837182 0.817657 0.783738 1.0912 0.746678 0.639224 0.626678 0.618155 0.602674 0.593842 0.539863 0.538538 0.496655 0.444309 0.431168 0.426682
threshold=10.500000000000002 0 2.3796170074651091 12.500000000000002 1.5389676113360327 0.75012742099898067 0.8675097741961223 2717.5000000000005 1.727819055944056 1968.0000000000002 4107.5000000000009 0.039706543111457673 0.016718913144855341 1.2024666632865186 1.0527428507844665 1155.0000000000002 2741.5000000000005 0.046640057736242725 1.778156350558395 1.4994845360824745 1.2204386959359652 1543.5000000000002 0.031728814356029041 0.032859209103860032 4316.5000000000009 0.86492804903091292 95.500000000000014 640.50000000000011 9.5000000000000018 0.0082212297741371485 1 7.5000000000000009 0.012716577372619916 1968.0000000000002 1.3946161274746502 0.031892655324190861 1.2501231527093599 17.500000000000004 1.1539295845152679 0.96562974630140086 1.2139688815453009 0.032569105437188169 0.023245085067476069 1.1515356542420145 1455.0000000000002 1337.0000000000002 2.5000000000000004 38.500000000000007 25.500000000000004 92.500000000000014 602.50000000000011 539.50000000000011 1.2857771076768441 1.750224416517056 902.50000000000011 1745.5000000000002 0.033483050034745887 3518.5000000000005 0.016087950954144087 1.444626593806922 68.500000000000014 0.01129583369996009
decision_type=2 9 2 2 2 2 2 2 2 2 2 2 2 2 2 2 2 2 2 2 2 2 2 2 2 2 2 2 2 2 9 2 2 2 2 2 2 2 2 2 2 2 2 2 2 2 2 2 2 2 2 2 2 2 2 2 2 2 2 2 2 2
left_child=-1 2 3 5 20 43 41 8 19 55 11 12 15 -12 24 -8 26 -13 -14 23 21 -5 60 28 25 -15 56 -28 30 -30 31 32 -3 34 37 36 -36 46 -37 40 -33 42 -7 -2 -43 -21 -34 -19 -31 50 -50 -38 -41 -35 -49 -10 -4 -48 -39 -45 -22 -32
right_child=1 7 16 4 -6 6 10 -9 9 -11 13 17 18 14 -16 -17 -18 47 -20 45 22 -23 -24 -25 -26 -27 27 -29 29 48 61 39 33 53 35 38 51 58 -40 52 -42 44 -44 59 -46 -47 57 54 49 -51 -52 -53 -54 -55 -56 -57 -58 -59 -60 -61 -62 -63
leaf_value=-0.037414305806444302 0.0073276940854911073 -0.032222752006005072 0.05162972356278455 0.032116543422434564 -0.015641789959592735 -0.0095869666109261661 -0.0012908471406688148 -0.033840515264465243 -0.027830564496322319 0.037054833239439491 -0.022913285033578173 0.043089756716501011 -0.019691473871262494 -0.018027354596949128 -0.016338458300564372 0.038234549679586269 0.072488781014653586 -0.02503977789421661 0.0094271222874371344 -0.038764671505655351 0.041317417479596177 -0.030292937319728531 0.0051793457962205349 -0.033722681209689596 0.020708908602912961 0.016804941407895634 -0.012445525454265492 0.021343170339354733 0.01308694253502036 0.0063818514912332858 0.0053624618648065985 0.029334281674759551 -0.012218697683374802 0.0037276672649254831 -0.036785937594475245 0.051435353906336648 -0.010371944944923803 0.018699641847780137 -0.0074756607299616808 0.0027050273611581546 -0.023999076556816795 -0.027536979412320434 0.038677387408624794 -0.039602884935826727 0.019281364251174129 0.010063355887402892 0.047208268516356455 0.028255050018937734 -0.011997098018351337 0.010371401039299155 -0.045800205952163178 0.0235759125319292 0.043819302050848455 -0.018877438415898368 -0.015508562013176269 0.015540052047567122 -0.0076027937971531664 -0.0080493364685423428 -0.015144917832719554 0.008475554378211252 0.016540298976129277 -0.039126372177514572
leaf_weight=2.9726557116100585 1.2167503559080604 1.595180979211366 1.5756406245127408 4.191135618481896 4.2418451458861446 0.90272455038438959 4.7190732373119371 2.8626884760160456 1.0467131855234573 3.2595530292019248 11.404954245495899 3.7458345707341314 11.742715249215964 8.0062137135973916 11.912699542910557 3.853285896970192 0.52634710283018726 0.95590163489396252 4.4807746190285789 3.0346426595483531 8.3702480222800677 3.9838628141105801 7.1446727298334727 1.9316422940455584 7.072746531743177 6.6435093387844963 3.3044697016521223 4.750359373021638 7.0524648734453903 1.4213809577549898 0.36728757537548462 0.68009526845753443 0.32083501936768044 6.5860724007798108 2.5378248293991401 0.80624121060463927 1.6746505964802056 0.97465398093754663 0.89398058015376591 1.3339227252904491 1.4484997959862083 0.9425554879267114 5.6780988350124062 3.4055097758568995 1.0996877427987781 0.70957824587821949 4.6710186041273118 1.4896519680673916 3.4798196844740215 1.0882854885412587 5.184900004969677 2.1920343464371399 3.5962923472825423 4.2076820806905744 0.40082244301447634 0.47811985323642137 0.17867262822164764 0.19004233758460021 1.4032488484422172 0.18791534093725193 4.6848424263662301 2.96836520010811
leaf_count=616288 5185 6675 1787 147 138 1226 6688 55 593 25 142 2879 12818 193 147 54 8 4640 1677 1409 145 57 164 24623 69 80 1051 121 175 56 2879 196 4944 156 6068 277 1386 2936 380 269 229 1330 925 4687 38 4 2694 1445 802 85 55 80 114 128 25 11 1205 61 10400 340 166 11261
internal_value=0.00100668 0.00175064 0.00459588 0.00289225 0.0135981 -0.00110049 0.000559749 -0.00375505 -0.00254546 0.0214104 -0.00231021 0.00565233 -0.000816959 -0.00786148 -0.00224354 0.0186141 0.0268026 0.0268883 -0.0115688 -0.00469263 0.0183529 0.00171613 0.0246874 -0.00265212 0.00586504 -0.00216678 0.0178717 0.00763786 -0.00102681 -0.0101172 0.00342984 0.00614231 0.00292542 0.00614086 0.0143206 -0.000426428 -0.0111592 0.0283335 0.0291628 0.0245995 -0.00302927 0.0235936 0.0316654 -0.0254999 -0.00427555 -0.0293404 0.0391467 -9.22539e-05 -0.0246339 -0.0293273 -0.0348706 0.00976307 0.0350273 -0.00593783 0.0168209 -0.0134627 0.045027 0.0440432 0.000156404 -0.0357909 0.0342355 -0.0103194
internal_weight=205.784 202.811 132.814 122.478 32.6166 89.8614 85.0512 69.9977 67.135 4.78439 76.4282 31.3881 24.7958 45.0401 33.6352 8.57236 10.3355 6.59221 16.2235 62.3506 28.3748 8.175 20.1998 58.6064 21.7225 14.6497 9.80914 8.05483 56.6748 18.2269 38.4479 35.1123 28.0535 26.4583 15.6645 8.10473 6.40451 7.5598 1.70022 7.05881 2.1286 8.62307 6.58082 4.81018 2.04224 3.74422 5.1819 2.84638 11.1744 9.75301 8.66472 3.86668 4.93022 10.7938 1.89047 1.52483 1.75431 4.86106 2.3779 3.59343 13.0551 3.33565
internal_count=744891 128603 49577 45405 817 44588 34376 79026 78971 629 30857 30226 21237 631 489 6742 4172 8989 14495 78342 679 204 475 76929 342 273 4164 1172 52306 1173 51133 36993 36185 29510 29226 8191 7534 21035 657 808 425 3519 2151 10212 1368 1413 7699 6110 998 942 857 1466 383 284 1470 604 2992 2755 13336 5027 311 14140
cat_boundaries=0 4 6
cat_threshold=2098048 17041408 1350713344 64 657411 33024
is_linear=0
shrinkage=0.05


Tree=120
num_leaves=63
num_cat=2
split_feature=21 17 6 4 9 11 6 13 11 6 15 3 1 9 10 10 1 15 0 12 9 6 13 13 6 8 9 13 15 10 1 10 12 10 0 8 12 6 8 13 3 15 1 9 12 15 13 11 12 0 5 12 5 3 8 12 9 9 6 3 5 13
split_gain=2.34668 2.10351 3.05447 2.12177 1.98126 1.83697 1.82722 3.10811 1.65636 1.79026 2.38997 1.71667 1.58026 2.03494 2.70236 1.59859 1.65412 1.57194 1.69902 1.66457 1.86514 1.5352 1.45253 1.3904 1.36768 1.48309 1.7247 1.3913 1.30279 1.92901 1.99598 1.29988 1.29097 1.15982 1.15423 1.10874 1.0185 0.968746 0.975155 0.944365 1.18855 1.37789 0.921293 1.24332 0.904025 0.892958 2.74877 0.885014 1.14037 0.884237 0.880537 0.848171 0.820973 0.794558 0.75912 0.752469 0.742263 0.866715 0.727982 0.70138 0.676315 0.615999
threshold=0 1 2.9481725515404755 1211.5000000000002 0.98661813863476444 0.0080037833346674869 1.6421228656926601 44.500000000000007 0.0081186441405277174 1.164721209850472 410.50000000000006 2588.5000000000005 238.50000000000003 0.99687986760124614 3.5000000000000004 4.5000000000000009 1630.0000000000002 2849.5000000000005 394.50000000000006 0.025000001765398575 0.76671134941912433 1.4168204182041824 63.500000000000007 75.500000000000014 1.5563087160751568 1.2291843520090551 0.66002832861189809 16.500000000000004 1455.0000000000002 11.500000000000002 1237.0000000000002 13.500000000000002 0.020403517601447155 15.500000000000002 750.50000000000011 1.1539295845152679 0.053290935992391826 2.6156139431267205 1.3283205186190263 66.500000000000014 4966.0000000000009 799.50000000000011 628.50000000000011 0.53336301573167122 0.13502654714336623 1377.0000000000002 13.500000000000002 0.015660012194421143 0.021609900607523717 36.500000000000007 1.1431749563006517 0.029728935226302603 0.90929159141079674 2380.0000000000005 1.3033798526451943 0.033355570668606234 0.63163009564728156 0.46853461224386184 1.1539718999396422 1418.5000000000002 0.55929627530781523 76.500000000000014
decision_type=9 9 2 2 8 2 2 2 2 2 2 2 2 8 2 2 2 2 2 2 10 2 2 2 2 2 8 2 2 2 2 2 2 2 2 2 2 2 2 2 2 2 2 10 2 2 2 2 2 2 2 2 2 2 2 2 8 10 2 2 2 2
left_child=1 2 12 -3 49 56 8 -8 31 10 11 -10 -1 14 -14 16 47 18 42 34 52 50 37 44 25 26 28 -27 29 30 51 -2 -11 58 -20 -6 -23 38 -15 40 41 -29 -7 -44 -9 46 -26 -16 -49 -4 -22 -17 -21 59 -54 -45 57 -5 60 -51 -12 -19
right_child=6 3 4 5 35 17 7 23 9 32 33 -13 13 22 15 24 -18 61 19 20 21 36 -24 -25 45 27 -28 39 -30 -31 -32 -33 -34 -35 -36 -37 -38 -39 -40 -41 -42 -43 43 55 -46 -47 -48 48 -50 53 -52 -53 54 -55 -56 -57 -58 -59 -60 -61 -62 -63
leaf_value=-0.032177931939848019 -0.031026703331995323 -0.03156636486667367 0.071894854348332038 -0.026111688323638273 0.032749280061537815 -0.0038427691713208839 -0.024445928758101268 0.037539088422306792 -0.027268070547417752 0.0076251731789768688 0.0047016524434373439 0.025656676854972582 -0.035814553587125368 0.0034019671499921364 0.041936697918425088 -0.0098784070387700224 0.055807194342792667 0.025780710996635987 -0.0063418694409206368 -0.039910355593351238 0.023902803097389479 0.004397928689855831 -0.013832010184110533 -0.018322552501216723 0.0013445824681380344 -0.0094428193919447023 -0.028284358843293323 -0.016990814320949461 -0.010228361734659314 0.040639548492710273 -0.016453703198668127 0.024653946691405765 -0.042392706190985452 -0.0056548295804491316 0.025814167656158338 -0.016708545747594193 -0.034111563432515667 0.0013134785544273496 0.063110790030547842 0.003968152124811386 0.041178270086552698 0.030608076644587603 -0.012440666584667177 -0.0020688908849087612 -0.015183776672101041 0.0093977109760831831 -0.045252451265797661 0.016170488661932905 -0.025476031424099457 0.023228026579493275 -0.0043818264490160554 0.032359157565552403 -0.0010871105669863399 0.056165781797362237 -0.027084161557436093 0.048757847101238816 -0.046361655553693107 0.016837396871645999 0.011878867478069868 -0.011858450750281916 -0.047751368273545439 0.0041423198874416135
leaf_weight=1.8042737887685678 0.47353673453290257 5.1431190427251741 1.453672709176314 1.4924065901145689 0.61909124334806742 3.0125875845324108 4.3138335294047447 5.9508234626441663 1.1548956717756542 1.160413521115969 0.50182058952395703 5.0393918494601166 3.1263594746978915 0.97762286278975752 0.44025219344075495 1.0575316307586087 2.0826540383131942 6.7875085441555694 4.7911127331390144 4.8815751467409454 5.2789012824978254 2.5821169355622251 0.96101177085256484 0.95229429817572953 8.8877967712160189 3.4499504184896095 3.6353202348409459 2.2382119821086253 8.0709075006088806 3.6582193871490736 5.9076335825957358 3.1598572196207897 9.1774391427620667 5.5067364282913331 4.7706589852459729 2.7964987309010212 3.1463907116467453 1.2595715905026734 2.82153049518638 5.0610848109554345 7.5358045003085863 1.9254086328764968 0.96090760683000542 0.79225145064265268 0.38106879797851423 4.3544990823611434 3.8682514904621703 2.7604723846343404 1.9292755837841467 5.9318049169078204 4.4262176173670014 3.8561149281140388 5.7821542308665794 1.2265197678207185 4.624720570849604 3.0321163607686685 1.8563129123708675 1.2973847319335616 0.26227736586179151 1.1298792283851069 4.4759885366861454 6.4810197828119271
leaf_count=188454 27170 255767 6513 178 7111 6137 34991 4078 149896 3551 1111 208 2320 420 190 87 26 101 160 89 119 97 87 5207 181 104 268 328 136 82 57 73 24912 134 40 4693 145 158 111 195 76 82 127 121 12687 91 338 125 799 1025 150 385 163 15 103 335 163 56 13 25 2074 107
internal_value=0.000561897 0.00328644 0.00785326 -0.00303749 0.030147 -0.000829625 -0.0086691 0.00589657 -0.0168641 -0.0210407 -0.0100347 0.0133705 0.00489034 0.00611533 0.00361768 0.00583596 0.0266194 0.00165582 -0.0026184 -0.00682084 -0.012415 3.77654e-05 0.0318745 0.0246478 0.00309945 0.00752426 -0.000420116 0.0173519 0.00508212 0.0137257 0.00195905 0.012267 -0.0366009 -0.0235149 0.0106268 -0.00235753 -0.0186796 0.0414073 0.0516565 0.0230884 0.0303959 0.00668548 0.0173991 0.0291247 0.0327279 -0.00865161 -0.0150483 0.00759899 -0.00242852 0.040702 0.0117987 0.0231354 -0.0242165 0.0280796 -0.0140015 0.0399823 -0.0281295 -0.00696581 -0.0383697 0.0168395 -0.0425616 0.0162425
internal_weight=208.477 165.967 94.8272 71.1395 13.1575 65.9963 42.5104 11.598 30.9124 27.279 16.9411 6.19429 81.6698 79.8655 73.8457 70.7194 7.21265 61.3502 48.0817 40.2838 30.7221 15.4336 6.01974 7.28419 63.5067 46.3962 26.1857 20.2105 22.5504 14.4795 10.8213 3.63339 10.3379 10.7468 9.56177 3.41559 5.72851 5.05872 3.79915 16.7605 11.6994 4.16362 7.79786 4.78528 6.33189 17.1105 12.756 5.13 4.68975 9.74188 9.70512 4.91365 15.2884 8.2882 10.4069 3.82437 4.6461 2.78979 5.24009 7.06168 4.97781 13.2685
internal_count=744745 478640 214482 264158 19382 8391 266105 56963 209142 181899 153436 150104 195100 6646 5870 3550 1140 7994 7786 1066 866 511 776 21972 2410 1800 1015 785 747 611 529 27243 28463 3332 200 11804 242 689 531 681 486 410 6720 583 16765 610 519 1114 924 7578 269 472 355 1065 266 456 397 234 3198 1050 3185 208
cat_boundaries=0 2 6
cat_threshold=7929879 163840 538968576 17039360 1350762624 32784
is_linear=0
shrinkage=0.05


Tree=121
num_leaves=63
num_cat=2
split_feature=1 17 10 2 13 2 16 6 12 2 10 11 6 11 5 4 15 0 15 12 1 16 13 17 5 10 16 5 11 5 6 13 10 12 16 11 16 6 5 11 16 13 0 15 13 6 11 16 16 16 12 11 2 12 0 11 5 16 4 5 16 13
split_gain=2.92663 1.34988 1.84575 5.67511 2.38198 1.67727 1.64775 1.79926 2.01463 1.63426 1.97429 1.65079 1.45661 1.38257 1.9208 1.37813 1.32452 1.81043 1.7895 2.49644 1.83076 2.33033 1.44506 1.37492 1.1833 1.13225 1.10946 1.07858 1.07199 1.0481 1.04285 1.02004 2.1316 0.993985 0.975661 0.974765 1.92378 0.984952 0.825203 0.802533 0.738219 1.42096 0.875776 0.724602 0.709389 0.656327 0.612386 1.02304 0.579508 0.543727 0.522176 0.725747 0.552441 0.485912 0.448419 0.440768 0.431788 0.380556 0.373167 0.334293 0.332842 0.277689
threshold=26.500000000000004 0 4.5000000000000009 2395.5000000000005 9.5000000000000018 1094.0000000000002 33.000000000000007 1.0910220682383072 0.031734106841437799 851.50000000000011 5.5000000000000009 0.012939026289157244 1.5006251736593501 0.024164245596953803 1.6523618052684983 1587.0000000000002 2500.5000000000005 1061.0000000000002 410.50000000000006 0.039357368758373208 1451.5000000000002 45.500000000000007 74.500000000000014 1 0.99536250582374663 3.5000000000000004 26.500000000000004 1.0134539969834091 0.02342260198213704 1.818720538720539 1.0147309207451427 28.500000000000004 9.5000000000000018 0.036403463649642705 22.500000000000004 0.0081186441405277174 19.500000000000004 1.5563087160751568 0.98663676245256193 0.030261877100124509 39.500000000000007 3.5000000000000004 286.50000000000006 1455.0000000000002 67.500000000000014 1.3005622413847566 0.031728814356029041 12.500000000000002 13.500000000000002 12.500000000000002 0.01822012458626027 0.015660012194421143 1246.0000000000002 0.013151387499121871 406.50000000000006 0.015237447912619688 0.86492804903091292 1.5000000000000002 304.50000000000006 2.5484029484029489 51.500000000000007 3.5000000000000004
decision_type=2 9 2 2 2 2 2 2 2 2 2 2 2 2 2 2 2 2 2 2 2 2 2 9 2 2 2 2 2 2 2 2 2 2 2 2 2 2 2 2 2 2 2 2 2 2 2 2 2 2 2 2 2 2 2 2 2 2 2 2 2 2
left_child=-1 2 3 4 13 -3 7 27 49 15 11 -11 38 25 45 43 18 22 20 44 21 23 -18 39 26 28 -21 -7 48 53 -28 -25 -33 -22 -26 -10 37 -37 -8 -12 41 57 -42 58 -20 -15 47 -13 59 -9 52 55 -6 -16 -43 -52 -17 -31 -4 -2 -50 -27
right_child=1 5 9 -5 50 6 12 8 35 10 16 46 -14 14 29 56 17 -19 19 24 33 -23 -24 31 34 61 30 -29 -30 40 -32 32 -34 -35 -36 36 -38 -39 -40 -41 42 54 -44 -45 -46 -47 -48 -49 60 -51 51 -53 -54 -55 -56 -57 -58 -59 -60 -61 -62 -63
leaf_value=-0.039142039059782148 0.018668004788398942 -0.037909356739110792 0.0096422806432539705 0.055937956393121414 0.020888414900677117 0.032786569782849044 -0.049694607761440801 0.020895794787265123 0.00070561445842569088 0.018583718499011921 -0.040102197372863711 -0.0015545475067772416 0.0048802977679932571 0.012053483362940737 0.049828813081856681 -0.0065381380796246755 0.011253649743810452 0.029703484755213096 0.021139353758593063 -0.025697676833916761 -0.015773891809256323 0.039265952464104734 -0.016316485290086419 0.029253728156409448 -0.011467692639323788 0.014039448320652887 0.021287030137881361 0.00064491150847974103 0.033809458801171581 0.0084274127372875977 -0.013172828368819152 -0.029647119591556234 0.024635879842931398 0.0026491446622656308 -0.045332609530127847 0.010109820732532417 -0.057326357889323803 -0.024830666241680753 -0.0095325859421425373 -0.0022854967588319514 0.031260848464431217 -0.012769747232366331 -0.012277685706616383 0.022075213241961888 -0.0041217251338284359 -0.037487810502741949 0.001376020336971949 -0.041647866586145589 -0.031645273354478178 -0.0022326179213904515 -0.014888178281933652 -0.038971210327989406 -0.019526479905887031 -0.0046917191931744621 0.026423104932202936 0.021508454258468035 0.04869462964762003 -0.035674758339916679 -0.024749539996611069 -0.013770063601927311 0.0083995510008623691 0.0525981048214808
leaf_weight=3.5949411455592317 1.286390053825935 3.015972320828495 0.51619307255714364 5.5014385639224193 0.84551224943697778 4.9182982302390865 3.0265898736342915 4.9650927345501277 4.6341121522818858 1.6575111627716967 2.626040506436766 2.1700437662548193 3.1593375854754413 0.32733482571666117 1.076790620742029 0.15020527913748116 13.433277640819147 7.8098412207327774 4.8235015362733993 4.1208955461333989 10.599177328869702 5.7239800173556423 6.1005747952003722 6.732022231399247 4.5343431347209826 1.6671735137388166 3.4143706142276642 4.7426177815141273 1.1779663780394001 0.18489442288319002 3.4292778946110047 2.2461688107632654 3.0842058123453171 19.226370529620908 5.3622501456084137 3.0225001580147346 2.4469472777591363 3.2872316684461111 2.7290687035892915 2.497121958360367 2.2769232951814051 0.33606640863717974 1.1147856041498014 1.1860619083295203 4.793753882717283 2.4499796924351358 1.4981354540996097 5.9159989863583178 1.3655608530339121 4.1209235424794315 0.88993393691680445 3.2291995786117695 0.57585582623141818 0.30955568787385335 1.5511434031250244 0.49033299084612736 2.6277989260893264 2.2288313770868626 1.511314336999021 0.35597916534970853 0.21257223391648938 2.3349270054000044
leaf_count=630573 439 42115 1803 205 1092 213 238 100 78 52 319 70 168 1135 100 1064 189 148 131 245 80 143 137 273 135 92 112 120 667 33 138 224 69 189 193 129 227 165 100 68 952 571 85 495 172 7241 182 456 1583 127 7056 32683 51 378 40 578 923 1731 5302 70 50 360
internal_value=0.000322958 0.00120748 0.00330144 0.0140904 0.00360364 -0.00573917 -0.00389525 0.00155542 -0.00622747 0.000785348 -0.000559551 -0.0196166 -0.0217195 0.0118294 0.000437701 0.0242946 0.00153669 0.0108756 -0.00162474 -0.0110753 0.00394167 0.0142699 0.00226799 0.00424315 -0.0204864 0.0261504 -0.0080214 0.0185485 0.00610776 0.0118028 0.0045416 0.00999761 0.000691657 -0.00419722 -0.032293 -0.0180264 -0.0269958 -0.00900007 -0.0348815 -0.00951456 0.00248721 -0.010348 0.0174134 0.000171699 0.00934562 -0.0300036 -0.0273547 -0.0322434 -0.00963471 0.0112247 -0.0217785 -0.0286836 0.00321261 0.0407904 0.0174383 0.00164565 0.0447681 -0.0308174 -0.0157008 0.0090867 -0.0250855 0.0425534
internal_weight=207.243 203.648 159.58 31.7891 26.2877 44.0687 41.0527 32.1377 22.4768 127.79 121.799 11.2417 8.915 20.2569 11.8563 5.99157 110.557 27.3437 83.2135 30.4784 52.7351 22.9095 19.5339 17.1856 20.8611 8.40057 10.9645 9.66092 4.39847 9.07899 6.84365 12.0624 5.33037 29.8255 9.89659 13.3908 8.75668 6.30973 5.75566 5.12316 7.69264 4.30094 3.39171 3.21357 9.61726 2.77731 9.58418 8.08604 3.2205 9.08602 6.03083 4.60947 1.42137 1.38635 1.88721 1.38027 2.778 2.41373 2.02751 1.64237 1.57813 4.0021
internal_count=744857 114284 70504 57192 56987 43780 1665 1159 826 13312 3725 760 506 15527 12266 9587 2965 474 2491 1126 1365 1096 326 953 823 3261 495 333 2809 3890 250 566 293 269 328 599 521 294 338 387 3412 2375 1037 7600 303 8376 708 526 2142 227 41460 40317 1143 478 611 7634 1987 1764 7105 509 1633 452
cat_boundaries=0 4 8
cat_threshold=536879744 17041408 1350696960 32848 8192 16777216 276824064 32768
is_linear=0
shrinkage=0.05


Tree=122
num_leaves=63
num_cat=2
split_feature=19 4 12 6 6 16 15 1 13 1 8 11 10 12 12 4 17 8 12 10 0 11 8 16 13 16 8 16 16 12 8 12 16 11 16 8 15 6 16 4 13 16 8 1 13 12 8 16 12 12 6 11 10 13 13 13 12 11 16 6 11 10
split_gain=3.22061 2.92205 2.37351 1.68025 5.11105 1.84549 1.80592 1.97524 1.62298 1.47688 1.46203 1.45372 2.18892 3.05767 2.3035 1.70199 1.5459 1.94135 1.67062 1.59593 1.53801 1.63891 2.11574 1.82537 1.37233 1.32055 1.6177 1.21696 1.20898 1.07269 1.94645 1.3537 1.06651 1.42362 1.02663 1.00507 1.1431 1.21597 1.3117 0.969187 0.927189 1.69665 0.86245 0.816195 0.944559 0.816145 0.806269 1.13685 0.789142 1.14279 0.747485 0.739677 0.731739 0.725564 0.722778 0.823291 0.704042 0.68373 0.677714 0.880509 0.673477 0.643
threshold=0 1928.5000000000002 0.0050056277306836936 1.0534471170003363 1.2751132930513598 14.500000000000002 3332.5000000000005 1047.5000000000002 56.500000000000007 1865.5000000000002 1.4077206925915415 0.031550275956225754 10.500000000000002 0.151684308236923 0.14848921936597273 1587.0000000000002 1 1.4375188593844299 0.086511057402937977 6.5000000000000009 790.00000000000011 0.032428340662519144 1.3939895645193661 30.500000000000004 74.500000000000014 4.5000000000000009 1.1665510864539994 19.500000000000004 15.500000000000002 0.028608894579665926 1.3214602892666838 0.09116799422498241 16.500000000000004 0.03109322092495859 48.500000000000007 1.1781099218013422 1377.0000000000002 0.8675097741961223 3.5000000000000004 3122.5000000000005 4.5000000000000009 14.500000000000002 1.5719738276990187 967.50000000000011 73.500000000000014 0.016914251930777616 1.269013793541826 15.500000000000002 0.069943534608871996 0.096574780205374813 0.68193928629097378 0.023711863982801642 2.5000000000000004 4.5000000000000009 15.500000000000002 36.500000000000007 0.080160713258880315 0.047830508244023101 50.500000000000007 1.7144334465947706 0.033483050034745887 21.500000000000004
decision_type=9 2 2 2 2 2 2 2 2 2 2 2 2 2 2 2 9 2 2 2 2 2 2 2 2 2 2 2 2 2 2 2 2 2 2 2 2 2 2 2 2 2 2 2 2 2 2 2 2 2 2 2 2 2 2 2 2 2 2 2 2 2
left_child=2 40 27 9 5 8 7 46 -5 10 29 12 14 24 16 -16 17 18 19 28 21 25 23 56 48 -13 -27 -1 -4 30 -3 50 -9 -34 -15 58 37 -37 -39 53 41 52 -12 44 -7 -24 51 -48 -14 -50 -31 -6 -2 -25 -17 -56 -23 -47 59 -18 -29 -33
right_child=1 3 11 4 6 43 -8 32 -10 -11 42 20 13 34 15 54 35 -19 -20 -21 -22 22 45 39 -26 26 -28 60 -30 31 -32 61 33 -35 -36 36 -38 38 -40 -41 -42 -43 -44 -45 -46 57 47 -49 49 -51 -52 -53 -54 -55 55 -57 -58 -59 -60 -61 -62 -63
leaf_value=-0.011080059176814547 -0.019143218249155804 -0.034486473198350333 -0.014460679351206762 0.01534583214181943 0.042598635760135659 -0.02620536073559572 0.027507717771428349 0.0029996693583327189 -0.025056220657692141 0.027802002124827981 -0.033966340727853699 0.021317922352799671 0.045499359296963568 -0.038353063028887108 -0.020185451892214417 -0.0099522354695809039 -0.013983880698088919 -0.033308528460718294 -0.019161259424359221 0.0064723956324649048 -0.017771704491323353 -0.036260031162097112 -0.010634143879191574 0.016777286183538475 -0.00042055528012285067 0.017284786158052633 -0.03617909192870826 0.04997864423174378 0.050597166499690205 -0.0089453342125376881 0.022965393542850248 -0.024695136778655532 -0.024898780371055931 0.0040025310380815632 0.010460062963685962 0.012300067945328182 0.0007234489101489882 0.0067041911523068312 -0.040678728442466318 0.03200701395424848 -0.037950257190341875 -0.029800750616282463 0.0061960070650947489 -0.04564119280816531 0.025229338967473969 0.060566976414872679 0.018386345586955056 -0.028128185160525163 -0.0028088451928703628 0.034889108827087061 0.022154339582710708 0.00158980923943834 0.022263451061385612 -0.02655307717456928 0.05902775321062196 -0.0018086685857497441 0.0073600339006568887 -0.0078271689726612161 -0.023027009115341949 0.029744281573307857 -0.0058261143001990534 0.018338677063301907
leaf_weight=0.76986121083223125 0.61592293132343767 2.8386955706551005 0.3810782611369613 3.3235143325691769 2.7761099216077119 1.0266529835107565 4.7472579797031349 12.133054675541645 5.1139646463761892 5.0328943426720789 3.226453999104705 1.3167891051678058 7.769140073211025 1.7835039531655632 0.67560292774692143 0.23299638737194106 1.0528285219352289 1.2010627686076976 1.8296215554946673 6.3459211101812798 12.635856558033991 2.1256745708290041 0.21869915494266878 0.91930129553202267 3.365878506308035 1.2415031060652379 4.399613600273824 3.9462611705660038 4.4792893369317426 1.7023702720289318 1.525636372665758 2.4717868293728311 12.205288567294703 5.9248988136496328 1.1919212162647452 1.1244309461312685 4.5515636444752081 1.4218816928446347 8.4778105239763573 3.2959698655722605 7.9518044763651687 4.5140284054464246 1.5596432991951585 10.117799677693254 0.61448643903531763 2.2192184083005491 2.2648880435408505 1.1981058570072489 3.4175900127083878 3.4463565862524774 12.366620862269881 1.664319499488556 2.8582841234642729 1.0356537833956734 2.6188022508767976 0.58834120625897401 0.89960403998293248 0.17417565419555092 0.56957453226004862 2.2394978333222753 0.38824823429581545 0.35781860109636898
leaf_count=6226 8715 485 1083 139 266 495 63 139 124 51 255 332 170 225 95236 137 12703 575 2154 257 138 11213 206 972 180 2775 1263 4427 2992 724 62 1314 281 88 33 2250 181 256 6042 165 517463 20307 159 161 87 1321 109 295 96 107 781 357 397 13276 697 624 14948 832 724 2718 3732 13
internal_value=-0.00131334 -0.00676335 0.00521486 -0.00388876 -0.00853135 -0.0286205 0.00135957 -0.00251209 -0.00920213 0.00550988 0.000334243 0.00365534 0.00820407 0.0207536 0.000883379 0.0321836 -0.00376001 0.00702452 0.0178536 0.0249716 -0.00509596 0.00434576 0.0159082 0.00175644 0.028416 -0.0134734 -0.0235818 0.0359593 0.0438992 0.00614198 -0.0138658 0.0117953 -0.00837033 -0.0157384 -0.0210866 -0.0101077 -0.0204614 -0.0285408 -0.0338825 0.0185011 -0.02651 -0.0121667 -0.0220697 -0.0407406 -0.00468614 0.0478471 0.0183405 -0.000403175 0.0346516 0.0181488 0.0180473 0.0303456 0.0122848 -0.00739511 0.0446981 0.0500903 -0.024683 0.0547499 0.00648047 0.0157607 0.044825 -0.0158856
internal_weight=204.483 110.132 94.3511 94.1923 63.1103 20.1964 42.9139 38.1667 8.43748 31.0819 26.049 89.2468 58.7647 20.9744 37.7903 4.11574 33.6746 14.237 13.0359 11.2063 30.4821 17.8462 10.8883 8.2762 17.999 6.95791 5.64112 5.10437 4.86037 21.2629 4.36433 16.8986 30.2632 18.1302 2.97543 19.4376 15.5757 11.0241 9.89969 5.25092 15.94 7.98824 4.7861 11.7589 1.64114 2.61209 7.90342 3.46299 14.6331 6.86395 14.069 4.44043 3.47421 1.95496 3.44014 3.20714 3.02528 2.39339 3.8619 3.29233 4.33451 2.82961
internal_count=744596 553330 191266 6448 2604 1006 1598 1535 263 3844 3793 176881 129440 811 128629 96694 31935 7061 6486 4332 47441 47303 42933 40574 553 4370 4038 14385 4075 3379 547 2832 508 369 258 24874 8729 8548 6298 14413 546882 29419 414 743 582 2359 1027 404 373 203 1505 623 9112 14248 1458 1321 26161 2153 16145 15421 8159 1327
cat_boundaries=0 1 5
cat_threshold=370816 0 16777216 8519680 64
is_linear=0
shrinkage=0.05


Tree=123
num_leaves=63
num_cat=2
split_feature=0 4 22 11 9 3 16 12 11 10 6 21 9 11 1 15 16 16 13 9 2 11 11 13 11 11 9 12 12 1 10 4 9 13 9 2 15 2 5 15 5 1 5 13 1 0 5 10 5 6 11 16 16 9 0 5 10 2 10 3 9 6
split_gain=2.12282 1.99829 1.6 1.30427 1.26857 2.39222 1.75782 1.2046 2.90502 2.24492 2.00771 1.80611 1.82421 1.64222 1.96449 1.62924 1.61943 2.09381 2.42402 2.37416 2.06598 1.75604 2.58745 2.11357 1.48774 1.44983 1.34857 1.82935 1.28547 3.14962 1.23882 1.18824 1.17338 1.42896 1.99674 1.17297 1.15722 1.12723 1.08256 1.0456 0.994402 1.09384 1.46478 0.978766 1.95212 1.85877 0.957552 2.04416 0.931863 0.919299 0.911481 0.908782 0.902143 0.882234 1.25496 0.880946 0.852189 0.850819 0.842721 0.8278 1.00102 0.801033
threshold=10.500000000000002 12.500000000000002 0 0.023962818609816673 0.30780095610604091 4107.5000000000009 48.500000000000007 0.026680003361569841 0.032569105437188169 9.5000000000000018 2.7005674653215643 1 0.98903503498689516 0.032428340662519144 1451.5000000000002 562.50000000000011 27.500000000000004 9.5000000000000018 11.500000000000002 0.70005512679162074 4316.5000000000009 0.031892655324190861 0.030805084600367332 63.500000000000007 0.043354991934233873 0.016718913144855341 0.49983860555196907 0.032752393707455314 0.064492346086301902 2132.5000000000005 12.500000000000002 3791.5000000000005 0.5192554874431482 18.500000000000004 0.71191046425939586 2741.5000000000005 847.50000000000011 1968.0000000000002 0.68282008859475918 4342.0000000000009 0.87557114825934124 1047.5000000000002 1.5194938440492478 29.500000000000004 1333.5000000000002 406.50000000000006 0.92315120900345449 13.500000000000002 0.67700320512820522 0.99120874874410703 0.024164245596953803 45.500000000000007 30.500000000000004 0.27636084919303527 721.50000000000011 1.4005558111389498 13.500000000000002 3190.0000000000005 3.5000000000000004 4966.0000000000009 0.78720302710749968 1.2860424414788889
decision_type=2 2 9 2 10 2 2 2 2 2 2 9 10 2 2 2 2 2 2 10 2 2 2 2 2 2 10 2 2 2 2 2 10 2 10 2 2 2 2 2 2 2 2 2 2 2 2 2 2 2 2 2 2 10 2 2 2 2 2 2 10 2
left_child=-1 -2 4 39 5 6 -3 13 10 15 11 26 16 25 31 35 17 19 -19 40 21 22 23 32 -17 46 -9 -28 29 -20 48 52 50 57 51 -10 -21 -11 -5 53 -13 42 -42 44 45 -27 47 -6 -14 -30 -18 56 -15 54 -4 -51 -35 -34 -48 60 -40 -45
right_child=1 2 3 38 7 -7 -8 8 9 37 -12 12 30 14 -16 24 20 18 28 36 -22 -23 -24 -25 -26 43 27 -29 49 -31 -32 -33 33 34 -36 -37 -38 -39 59 -41 41 -43 -44 61 -46 -47 58 -49 -50 55 -52 -53 -54 -55 -56 -57 -58 -59 -60 -61 -62 -63
leaf_value=-0.03607908876174324 0.064395115165918768 -0.011477132876323504 -0.033207084617512435 0.033027555038741573 -0.028613082328477493 -0.04379930660926095 0.034606608286767281 0.018927633314556963 -0.037324929056522217 0.0010825999652553182 -0.023452030243623918 -0.0032154258261988798 -0.0015184015232630175 -0.0039976792550434443 0.051786516890331327 -0.0092426307080865928 -0.03132155313698267 0.035212971787889187 -0.019380121555426268 -0.039062760541615532 0.032258216017556185 -0.020905112620151094 0.04274901188653242 0.033056051731546181 0.040405268213384388 -0.026256640670228953 0.013879637989101504 -0.040741729256821187 0.0060056221782626507 0.021734243343754574 -0.0086332416437203165 -0.025178241167119243 0.036402966273723851 -0.032317547625598748 -0.039431124320951111 0.0024891999407162663 0.0087850469023104411 -0.049530341302790014 0.014868159923614489 0.0060499174555690878 -0.02105393658903728 0.035884384696511819 0.036989910940511621 -0.012207292581227136 -0.041212881508188789 0.02296607273604416 -0.0098598269483044596 0.034758664323689799 0.038579075969935872 -0.049327173391983586 0.0088782342183442147 0.0200663890713524 0.030343138057438164 -0.045617520133678223 0.024032911187974241 0.0023165680041603936 0.013297434474077587 -0.006180130619776813 0.022421193822529065 -0.026205884910503848 -0.025365785160407786 0.025399488292547925
leaf_weight=2.5916532046967395 0.3060796149129591 5.4069460662185502 0.8040314934596634 0.9517763327648926 2.6576027615979032 2.9491139246019884 2.0701374452405616 1.0998023114648274 2.7009898845599327 1.3304844064914494 4.7882729653306333 2.9737472449796796 1.6134367264598939 2.6994689786047257 4.0218946998065803 2.2459331191485035 4.0712464107327966 1.8953404801009153 13.564741736192451 1.9335006444107414 10.035257378622189 3.9987372365872025 4.3469208094097658 3.9202420983524453 2.2580588818955221 2.2948848983928638 1.4685698522052915 5.3548640327726389 1.0153050178932961 5.8994858455844215 1.7135008687373545 1.0665521947121304 3.0953258557510699 1.2855845695394221 2.2364876750434632 3.4658949751465116 1.6883491499334011 4.370908133831108 4.3580426294893169 1.5566765176190527 2.0035961364819737 8.6421310630394128 0.7033225182717614 1.5645801926521006 3.2533834777132142 3.6055534841070767 1.7373878635535245 0.9803273467987309 8.8066667203665912 3.6806472352686797 1.4414052224701661 4.2002904954529185 4.1802844920539428 4.5841842150416596 1.0547873526811598 0.89714967868167139 1.0936361009662503 1.28305983915925 15.15673833016035 2.7363616426009685 1.1873925415688971 2.5897040079144062
leaf_count=615823 290 14786 1477 1411 883 87 1647 492 27728 415 3212 1230 2620 5777 31 341 1779 986 2896 4260 127 876 800 1621 364 3889 128 3125 2963 78 48 88 2604 964 5035 47 227 71 2276 27 1292 81 201 333 47 142 1295 9 9313 2060 495 694 3274 5124 7 1379 17 21 534 33 4102 194
internal_value=0.00204808 0.0027162 0.00230312 -0.00917592 0.00372176 -0.0122748 0.00385907 0.00496522 0.00241877 -0.0166288 0.00535819 0.00686716 0.0084321 0.0118292 0.0270223 -0.00217472 0.00654149 -5.9336e-05 -0.00875562 0.0127751 0.0135977 0.00673185 0.0114297 0.00385827 0.0184669 0.00583454 -0.00977111 -0.0287144 -0.0133051 -0.00646549 0.0267206 0.0101008 -0.0036273 0.00462722 -0.00705907 -0.0177236 -0.0196833 -0.0393202 -0.000906131 -0.0277558 0.0217319 0.0279997 -6.25248e-05 -0.00672103 -0.0153672 0.00279096 0.0139068 -0.00772365 0.0327811 -0.0325166 -0.0210612 0.00769529 0.0180712 -0.0356389 -0.00368128 -0.0406053 -0.0136199 0.0250953 0.0187359 -0.00794408 0.00369407 0.0116156
internal_weight=203.488 200.897 200.591 17.2333 183.357 10.4262 7.47708 172.931 127.123 16.3723 110.751 105.962 98.0391 45.8084 11.9682 10.6709 85.9055 44.8973 26.9527 17.9446 41.0082 30.9729 26.9742 22.6273 4.50399 33.8402 7.92324 6.82343 25.0573 19.4642 12.1336 7.94631 18.707 13.1944 8.816 6.16688 3.62185 5.70139 9.23357 7.99968 14.3228 11.349 2.70692 13.3081 9.15382 5.90044 20.5321 3.63793 10.4201 5.5931 5.51265 6.57951 6.87975 6.443 1.85882 4.5778 2.37922 4.37839 16.8941 8.2818 5.54544 4.15428
internal_count=744176 128353 128063 14457 113606 16520 16433 97086 80590 28966 51624 48412 44667 16496 9170 28480 32686 17653 10362 7291 15033 14906 14030 13230 705 7326 3745 3253 9376 2974 11981 9139 11609 9335 6710 27775 4487 486 7822 6635 2804 1574 1493 4605 4078 4031 2721 892 11933 6402 2274 1675 9051 6608 1484 3439 981 2625 1829 6411 6378 527
cat_boundaries=0 1 3
cat_threshold=33589139 4401408 1280
is_linear=0
shrinkage=0.05


Tree=124
num_leaves=63
num_cat=3
split_feature=1 13 21 17 9 7 9 7 9 15 22 9 9 7 6 13 11 11 8 6 13 11 9 11 13 0 6 5 9 11 11 5 6 6 11 9 0 7 1 6 8 6 13 9 9 0 13 9 9 13 6 8 1 4 6 6 13 13 6 9 13 4
split_gain=2.21725 1.63805 1.85847 1.66817 2.74034 1.7628 1.65706 1.64732 1.72046 4.10582 1.45978 1.94446 3.50717 1.42926 1.56462 1.63114 1.32869 1.82689 1.19008 1.16122 3.00028 1.53501 1.07877 0.98659 0.942941 2.05293 0.940906 0.912089 2.0334 1.39618 2.29636 1.64871 1.19179 1.16628 1.13292 2.00868 1.48401 1.06493 1.06317 0.974228 0.858214 0.835652 0.798994 0.914832 0.703796 0.654819 0.618341 0.611592 0.833724 1.25988 0.900429 0.921957 0.829561 1.04174 0.798505 0.6716 0.58936 1.06503 1.12367 1.01737 0.58745 0.542806
threshold=133.50000000000003 66.500000000000014 0 1 0.70005512679162074 2592.0000000000005 0.57900856793145661 1945.5000000000002 0.57900856793145661 3332.5000000000005 2 0.80673871270536324 0.75724789915966395 3376.0000000000005 1.6342132743252822 3.5000000000000004 0.0081186441405277174 0.016033897791914217 1.1403660798443249 1.1251048071548353 43.500000000000007 0.010387283631103165 0.48865711534630457 0.040434615120965883 3.5000000000000004 27.500000000000004 1.8993794666871591 2.4008547008547012 0.92319980339149688 0.024279270225919164 0.030805084600367332 1.060304208961832 2.7379079424494095 2.4440765268579843 0.031728814356029041 0.68966213019398304 117.50000000000001 2592.0000000000005 1630.0000000000002 0.90921967550862737 1.3846868744638263 0.7895323811387206 45.500000000000007 0.73345498783454999 0.6800243309002435 525.50000000000011 99.500000000000014 0.57156514613493592 0.44455046649703139 14.500000000000002 0.93758852691218142 1.1556003584229393 1451.5000000000002 5041.5000000000009 0.78268847924866669 0.95925722567340677 78.500000000000014 95.500000000000014 0.87507094211123737 0.99976076555023929 5.5000000000000009 6213.5000000000009
decision_type=2 2 9 9 10 2 10 2 10 2 9 10 10 2 2 2 2 2 2 2 2 2 10 2 2 2 2 2 10 2 2 2 2 2 2 10 2 2 2 2 2 2 2 10 10 2 2 8 10 2 2 2 2 2 2 2 2 2 2 10 2 2
left_child=24 2 3 4 5 16 13 22 -9 -10 18 12 44 14 23 -16 -2 -18 -8 20 -4 -21 -3 47 25 -1 -19 29 -29 32 31 38 -20 34 -32 -36 -37 -38 39 -31 42 46 -23 -44 -12 -28 -24 48 50 55 51 61 53 -52 -51 -50 -43 58 -58 -60 -34 -5
right_child=1 7 19 6 -6 -7 10 8 9 -11 11 -13 -14 -15 15 -17 17 26 27 21 -22 40 41 -25 -26 -27 45 28 -30 30 33 -33 60 -35 35 36 37 -39 -40 -41 -42 56 43 -45 -46 -47 -48 -49 49 54 52 -53 -54 -55 -56 -57 57 -59 59 -61 -62 -63
leaf_value=0.02372940304606394 -0.0366879417815901 -0.02141674897763577 0.031278443454475169 -0.015532103568480804 -0.030492854728650411 0.02528527281816495 -0.019618385243518877 0.00099545993516066697 -0.050181193820293103 0.0017663543925595161 0.0022263656730566535 -0.039285883696026438 0.043735083947734378 -0.028054693296667339 0.017764134302850686 -0.031502826783966813 0.030704635649525493 -0.031326826791606387 0.028330628386435786 0.025228852987336875 -0.025213655004723258 -0.042131316228087932 -0.030161269467117214 -0.026644533729710415 -0.039511451628888958 -0.034212686239632056 -0.013170625933210634 0.057224452940620112 0.0005421030975897227 -0.019082446944804789 0.030067576963351269 -0.025295735443422541 0.010911054428116353 0.038234982302200043 0.021924257353611129 0.033240315533993224 -0.033688981520872553 0.0056738333309435448 -0.013402924087840077 0.031613592881232423 -0.0057487095026983789 0.021410870690296818 0.0093750272071107844 -0.032374207706881063 -0.029709855736567183 0.028135047847030688 0.017133454854799068 -0.013952834744490342 0.015684731109794851 -0.00041902342709966827 0.015497021761910972 -0.03300827558851286 0.031794831849756296 -0.026725573076483496 0.040720966643601919 -0.027151014278274661 0.024191508684806684 0.033420361613980813 -0.035134580488894729 0.014600322262654326 -0.028894779284072955 0.027003959523157359
leaf_weight=2.1531171563788112 1.931098674280294 2.4544204358926462 4.0079756247291725 0.43582039908871395 7.3820893803140271 5.4496306530199936 1.3880785730457308 9.2686704460938945 7.2161971833556873 6.9603320111054927 2.6672771014682422 2.6403627662998579 2.5929639148753267 3.1584041642490766 1.6801950735625713 4.3633952396503446 2.5411516948979624 2.5044344460106913 21.065136214982889 1.0629227002946198 3.4561550000344141 5.4355876763825091 1.2167033170517232 0.80373944529492192 3.7659005558659828 1.9945660493249304 1.0958983087170961 3.2803008383416445 2.540688526577469 0.485378425956695 4.5707879128694975 5.8644741471157431 1.1833343050893734 4.6925139024606315 6.2629406448886566 0.53454793564105774 4.4932238942137701 2.1283109181094915 2.5488362890027929 3.5039645271608606 5.6880146774738014 8.0550628787204896 2.3160723385021815 1.285926814392951 3.2900647023943748 0.88058329373598088 0.24960365732658818 1.2315168413661002 0.83317528251518325 1.4028257979462067 2.766727449285554 1.7110790283641106 2.47972286240838 1.3877816516323944 5.7928325985549236 0.95234510335012601 0.835414754017619 0.79515035246822652 2.6897474916304422 0.78893500704634778 0.72824732734943598 0.83298337505948439
leaf_count=22336 137 1365 967 467 2792 58 1521 97 88 121 244 1120 169 23 108 1150 566 1067 3130 252 620 2821 618 283 685965 3498 302 177 716 217 246 652 370 1104 377 1441 1437 28 34 742 196 1280 165 252 267 9 15 54 68 194 1136 166 22 35 505 148 104 70 949 295 110 32
internal_value=0.000155426 0.00128146 0.00367512 0.00586725 -0.00536211 0.00518073 0.00845573 -0.00752928 -0.0158729 -0.0262404 0.0131002 -0.00473933 0.00396281 -0.000744565 0.00338605 -0.0172285 -0.00836749 0.00302328 0.0146836 -0.00747893 0.00523216 -0.0178967 0.00416494 0.00994227 -0.0242257 -0.00536757 -0.0154129 0.0179829 0.0361908 0.0155757 0.00889346 -0.00799579 0.0249827 0.0180761 0.0110813 0.00297744 -0.0142596 -0.0219525 0.00881872 0.0228571 -0.0224159 0.00955212 -0.0312881 -0.00932569 -0.0171463 0.00850199 -0.0184278 0.0126335 0.0150165 0.0251823 0.00404215 -0.0156516 0.0137794 -0.00105573 0.033628 -0.00870763 0.0137496 0.000143606 -0.0111246 -0.0231137 -0.0089693 0.0119872
internal_weight=199.775 191.862 151.332 128.079 21.7849 14.4028 106.294 40.5302 23.4452 14.1765 76.4614 11.1907 8.55031 29.8325 26.6741 6.04359 8.95317 7.02207 65.2708 23.2527 7.46413 15.7885 17.085 20.6305 7.91358 4.14768 4.48092 63.8827 5.82099 58.0617 35.085 12.4027 22.9767 22.6823 17.9898 13.419 7.15608 6.62153 6.53818 3.98934 14.7256 14.6306 9.03759 3.602 5.95734 1.97648 1.46631 19.8268 18.5953 8.98118 9.61411 2.97988 6.63423 4.15451 7.19566 1.78552 13.1643 5.10925 4.3141 3.47868 1.91158 1.2688
internal_count=745498 33699 28697 23424 4931 2139 18493 5002 306 209 14102 1800 680 4391 4368 1258 2081 1944 12302 5273 1587 3686 4696 3110 711799 25834 1378 10781 893 9888 6278 1645 3610 4633 3529 3283 2906 1465 993 959 3434 3331 3238 417 511 311 633 2827 2773 915 1858 665 1193 1171 699 216 2698 1418 1348 1244 480 499
cat_boundaries=0 2 6 7
cat_threshold=4720695 131328 768 0 606208 2050 100696707
is_linear=0
shrinkage=0.05


Tree=125
num_leaves=63
num_cat=3
split_feature=20 1 5 2 6 8 7 17 5 16 12 15 6 10 17 5 12 2 15 12 6 10 10 16 9 12 5 8 16 8 6 16 3 9 4 16 5 7 8 5 9 16 5 5 16 16 6 12 8 5 10 9 12 1 16 1 5 10 9 9 12 12
split_gain=2.16919 1.73193 1.68719 2.20925 1.46101 1.7576 1.40674 1.38709 1.28728 2.50936 2.41831 1.99783 2.30186 1.73016 1.46751 2.21618 1.73608 1.62053 1.5658 1.59032 2.22411 2.02411 1.25768 1.2033 1.09328 1.02454 0.979037 1.55008 0.970365 0.967984 0.948576 1.56758 1.11591 1.10161 1.60866 0.924836 0.866919 0.845431 0.822469 1.05306 0.889145 0.788319 0.754819 0.747575 0.668589 0.675074 0.653747 0.647331 0.616193 1.41792 0.596731 0.594053 0.95072 0.588625 0.588414 0.583252 0.581645 0.72985 0.579213 1.20819 0.555756 0.549203
threshold=0 581.50000000000011 1.6257059803216629 3190.0000000000005 1.3279846617083153 1.4077206925915415 1507.5000000000002 1 1.1936328322918428 10.500000000000002 0.22595019077800557 2849.5000000000005 2.2904315605928516 6.5000000000000009 2 0.84853898520714077 0.10496776995564779 4316.5000000000009 1.0000000180025095e-35 0.042318307653190008 1.2413930924226138 12.500000000000002 5.5000000000000009 25.500000000000004 0.98903503498689516 0.033355570668606234 1.1202409638554218 1.4546536796536798 17.500000000000004 1.2653510084385664 1.3475866815796269 43.500000000000007 2810.0000000000005 0.69447496947496956 6213.5000000000009 7.5000000000000009 1.0667096635493929 2226.0000000000005 1.4727960207052735 1.4697366125937557 0.8985904308119913 23.500000000000004 1.0667096635493929 0.84853898520714077 21.500000000000004 17.500000000000004 0.83341806473479085 0.038322349237967297 1.3249548736462096 1.8004149377593364 9.5000000000000018 0.81823556813702669 0.0050056277306836936 1237.0000000000002 10.500000000000002 1047.5000000000002 1.2416046878521525 3.5000000000000004 0.78387225195735843 0.6078658841726946 0.093805102889685257 0.045536294381250182
decision_type=1 2 2 2 2 2 2 9 2 2 2 2 2 2 9 2 2 2 2 2 2 2 2 2 10 2 2 2 2 2 2 2 2 10 2 2 2 2 2 2 8 2 2 2 2 2 2 2 2 2 2 10 2 2 2 2 2 2 10 10 2 2
left_child=2 -2 8 7 5 6 41 44 10 13 14 12 38 -10 17 16 46 18 26 43 21 37 35 -7 42 -6 30 -28 -26 -27 32 33 -1 34 54 -9 -12 55 39 -11 -40 -3 -17 47 45 48 -16 -20 49 -4 -44 -46 -53 -18 -32 -21 -14 -58 59 -34 -22 -35
right_child=1 4 3 -5 25 23 -8 22 9 11 36 -13 56 -15 15 24 53 -19 19 20 60 -23 -24 -25 28 29 27 -29 -30 -31 31 -33 58 61 -36 -37 -38 -39 40 -41 -42 -43 50 -45 51 -47 -48 -49 -50 -51 -52 52 -54 -55 -56 -57 57 -59 -60 -61 -62 -63
leaf_value=-0.024027322273469969 -0.035517893082864932 0.041487130947958771 0.03341159204719827 0.062769940219500872 0.0040738891130187469 -0.028855805837229066 0.00024738596205516983 0.0078638140683670432 -0.016791646588138847 -0.039892909933113507 -0.040926582096031019 0.016649990181805692 -0.013900084868123667 0.03238455733134931 -0.0015295470367528746 0.0068082353980827657 -0.017843187312223806 0.023437974116271937 0.01499779866324037 -0.024380858904385367 0.03301305720229937 0.013759343968996616 0.0092093778030119446 0.0014169816810865373 0.041872536283841549 0.0043308794302814625 0.036148459972382578 -0.02415143544584664 -0.015826353698667361 -0.032077631435209246 -0.0017140654177544704 -0.038887333225680859 0.021275984002751588 -0.024903593884780195 -0.025630397211051939 -0.033539400064283277 0.014227685122845833 -0.043407349465065442 0.026541811552751617 -0.0052817960135515818 -0.021032411718403105 0.0012288561345622914 -0.032329215900540907 -0.032010687280425686 0.038731266881207121 -0.017818248001967636 -0.047998162997253763 -0.022182413275481237 0.027308151843192588 -0.022029838846343894 0.007473474711331328 0.02922379871290072 -0.013207993854972301 0.024821546695154042 0.034661394425467763 0.012690756318616459 -0.014523519562401423 0.03443917303600106 0.030327742947115755 -0.011183451799854641 -0.0045830218447646771 0.0062135354740145421
leaf_weight=0.88790645909944643 4.9217472612378961 3.3329274025600233 0.83353845755300726 1.1793216129299242 3.4692491736823277 5.5033737159028515 11.454087390236962 1.3520999943361909 1.9111840308139587 11.305602424520666 2.982091506716642 3.1825186781279617 0.6759764716946387 4.4547954295185264 0.95675388281188389 5.521836924626994 0.41134903584202209 13.98383393906988 1.8138278472981739 0.84366582497977871 4.6399620963522912 4.2650674557389721 4.0639448357060246 6.4484526117194036 1.8225772314203816 1.9645149725765794 5.591831248412972 0.55219158216505082 0.39429548210682686 9.0041521062485099 1.2994839488123924 1.5329094984085703 6.6607524134924443 2.5460581590034508 1.0085109099745748 4.4980804529072884 0.3478380109252156 2.8253083098679781 0.796482130753701 3.0848176296124157 1.1674129846469441 1.7773747548126264 1.9872807901656417 5.0227361033969373 5.9839372884184723 1.0904043064613231 4.4626014884240703 1.0053829103653695 3.2424982508046014 2.1148439636356215 0.91116171001431201 1.7009456732530455 1.7466942814137381 1.1909377392621534 4.1823440843918434 1.5433681952999903 0.40224345726051103 1.9338521806512288 5.292964914960975 3.7882205008245364 0.91930317516062121 1.8165843735794167
leaf_count=27872 351403 133 810 27 151 151 173 5664 8333 17474 167157 129 436 196 22509 6847 12087 165 3925 8554 1072 96 280 139 1849 173 1697 44 3076 379 426 1980 216 4383 9 30048 4931 23 157 6268 596 190 2925 901 4418 2062 16542 279 1096 6693 44 1349 7388 17 967 22 3023 125 194 143 1234 2964
internal_value=-0.000143035 -0.0083403 0.0028783 0.0139527 -0.00638653 0.000309962 0.0106041 0.00959676 0.000493867 -0.00854429 0.00336461 -0.0162797 -0.0222429 0.0173456 0.00507391 -0.00620255 -0.0294189 0.00768306 0.00485572 -0.00519101 0.00443488 -0.0101433 -0.00570285 -0.0136742 0.00500386 -0.0187761 0.0113559 0.028107 0.0298805 -0.0257398 0.00699071 -0.00336921 0.0144602 0.00450505 0.0165823 -0.0242192 -0.03321 -0.0287684 -0.0294097 -0.0332987 0.000707167 0.0299778 -0.0040223 -0.0220624 0.0138708 0.00860366 -0.0413107 -0.00059777 0.0150881 -0.00186357 -0.0211093 0.0300195 0.00959016 0.0112207 0.0271044 -0.00374159 0.0143013 0.0241821 0.0179366 0.00955904 0.0270451 -0.0132041
internal_weight=197.608 47.8759 149.732 27.8063 42.9541 28.5162 16.5644 26.627 121.926 28.9149 93.0109 22.5489 19.3664 6.36598 89.681 17.6588 7.02164 72.0222 58.0384 22.8786 15.0367 9.47741 9.91413 11.9518 10.6372 14.4379 35.1598 6.14402 2.21687 10.9687 29.0157 12.3859 16.6298 10.853 6.49034 5.85018 3.32993 5.21234 16.3543 14.3904 1.9639 5.1103 8.42028 7.84195 16.7129 7.28128 5.41936 2.81921 6.19088 2.94838 2.89844 9.43158 3.44764 1.60229 5.48183 2.38703 3.01207 2.3361 15.7419 10.449 5.55927 4.36264
internal_count=744614 352892 391722 59835 1489 786 496 59808 331887 36737 295150 28208 28079 8529 123062 65896 51155 57166 57001 16106 11001 8695 35992 290 14741 703 40895 1741 4925 552 39154 10729 28425 8749 1402 35712 172088 8599 24495 23742 753 323 9816 5105 23816 10661 39051 4204 8599 7503 2969 13155 8737 12104 1393 8576 3584 3148 553 359 2306 7347
cat_boundaries=0 1 4 8
cat_threshold=20 538968704 17039360 1342390400 538976512 17039360 1350566016 82
is_linear=0
shrinkage=0.05


Tree=126
num_leaves=63
num_cat=4
split_feature=22 12 21 1 5 4 15 16 11 16 17 9 12 9 16 12 16 16 0 13 16 16 11 15 13 16 16 16 17 13 13 11 12 2 12 9 15 12 12 16 16 5 12 5 15 16 11 7 12 2 1 16 12 1 5 11 15 1 11 11 9 13
split_gain=2.70212 2.22233 1.82592 1.93382 1.30224 1.43987 1.21056 2.83093 2.50885 2.10481 1.87589 1.76348 1.67304 1.94128 1.77494 1.46691 1.40013 1.54371 3.75268 1.94499 1.30206 2.35373 1.38098 1.81879 1.2712 1.19024 1.09728 2.49475 1.83386 3.15312 1.72598 1.96284 1.95441 1.59492 1.36776 1.25618 1.20103 1.1265 1.38425 1.05204 1.80306 1.6703 1.05818 1.00884 0.986862 0.961879 0.959483 1.03087 0.885589 0.868229 0.842496 0.83899 0.833613 1.04315 0.810341 0.790277 0.781352 0.790282 0.776888 1.38315 0.768553 0.751241
threshold=0 0.026680003361569841 1 1630.0000000000002 2.3472988927534391 2643.5000000000005 2500.5000000000005 17.500000000000004 0.030805084600367332 42.500000000000007 2 0.43755998080614206 0.11771698468763643 0.5192554874431482 15.500000000000002 0.034244899543090908 4.5000000000000009 41.500000000000007 827.50000000000011 31.500000000000004 25.500000000000004 45.500000000000007 0.023829978727422506 1023.5000000000001 49.500000000000007 33.000000000000007 27.500000000000004 21.500000000000004 3 65.500000000000014 58.500000000000007 0.023062686394956528 0.2500963488548274 4316.5000000000009 0.10820247281256935 0.35913542069320969 1745.5000000000002 0.043377477378121261 0.064492346086301902 11.500000000000002 14.500000000000002 1.1283343021378289 0.0085671581817798898 0.86967844202898559 1640.5000000000002 30.500000000000004 0.0081186441405277174 1784.0000000000002 0.034244899543090908 3190.0000000000005 1006.5000000000001 2.5000000000000004 0.041295148686813006 1155.0000000000002 1.7147096227214924 0.031892655324190861 1153.5000000000002 1451.5000000000002 0.0080037833346674869 0.022864407006030287 0.85735481136074621 64.500000000000014
decision_type=9 2 9 2 2 2 2 2 2 2 9 8 2 10 2 2 2 2 2 2 2 2 2 2 2 2 2 2 9 2 2 2 2 2 2 10 2 2 2 2 2 2 2 2 2 2 2 2 2 2 2 2 2 2 2 2 2 2 2 2 10 2
left_child=4 2 43 25 6 -6 8 -8 10 24 12 -11 20 -14 -15 49 -12 -18 19 -19 22 54 -1 51 -10 39 27 28 29 34 31 52 35 48 58 -32 -30 -29 55 60 -41 42 -42 -2 -26 -33 -38 -48 -31 -13 -50 -24 -28 -54 -22 -39 -37 -58 -3 -60 -4 -61
right_child=1 26 3 -5 5 -7 7 -9 9 11 16 15 13 14 -16 -17 17 18 -20 -21 21 -23 23 -25 44 -27 30 37 36 33 32 45 -34 -35 -36 56 46 38 -40 40 41 -43 -44 -45 -46 -47 47 -49 50 -51 -52 -53 53 -55 -56 -57 57 -59 59 61 -62 -63
leaf_value=0.027415106713855077 -0.011866220148331942 0.053717044540774889 -0.033067491175398943 0.015018376204951054 0.01288385371260937 0.066543857152643909 -0.0029773183318216757 0.0394453615082992 0.033835416414398044 0.031810497871138127 0.010787746470978982 -0.018807923383500274 -0.0240232081858965 -0.011024096962680719 0.059908527669279232 -0.029717120666271198 -0.039872921050565252 0.038127248571039975 -0.041265164775492989 -0.019717562660511827 -0.040894195457117727 0.019815378886958435 0.017138497870714451 0.031183456999294125 -0.029534454703028602 -0.035836257645527274 0.02370198711870013 -0.048625199499581329 -0.028851437895158202 0.011835547441244525 -0.022994165433018396 0.015549385643857626 -0.033612582696112343 0.018372570374914413 -0.020777520104534482 -0.0036560417685254348 0.027255689985108252 0.022980528070854905 -0.035250122882555489 0.032871788171349677 0.037677624383253068 -0.036685392303706266 -0.0096064212615105758 0.027514178042339105 0.025230095341070742 -0.025714128382276685 -0.034575025776372073 0.0076292557624133769 -0.00020427056457677733 0.030943024132995618 -0.043762449953003935 -0.033592294586410762 -0.030441277428797521 0.0099084129497824906 0.012644191453891335 -0.021521372818053962 0.044725809655580921 0.0099061281577877153 -0.011685387446112607 0.029691417367038259 0.0067598844729904826 -0.017960021301700831
leaf_weight=4.9905794534231571 1.2775723268161971 1.2861156550932289 3.3732952721375176 6.7937301620841017 6.0349194502027776 0.87197341546561791 7.6948997619585935 6.7744726911378166 10.938517613468777 1.6491719737707597 2.7218525067939963 0.56020662443461411 0.60984686658502951 0.78841784593691988 2.8231819097350126 4.4650406968453353 7.5058744821103565 3.2209741024421401 3.5674598296754993 1.4568739260221262 3.936372851344685 2.3138842430853401 0.3679134985882232 1.1485788684590259 1.0532029383059569 3.9853372551717703 3.5274918335439924 5.4297446044404278 14.147765692888699 0.71434665158653654 0.7041100872993401 0.92452805378434177 1.0053699131497058 1.6609928351826964 1.0958056398239922 1.6089078234735987 1.1403695192484509 2.1101335656408087 2.3018481585199879 2.5739265627346395 1.0530189398527912 2.3257666752542718 2.0772188739395006 13.005008526389245 0.43718233557183328 11.745589772516949 1.6661574604249834 2.5395754398778081 1.4216684114965117 1.409485414624214 4.2234553115486051 2.9838236934353972 1.4950127396061814 3.5800220710880239 0.35658657341423339 0.56200455642374425 4.2708683650066632 3.3973823965061456 2.5250169730384178 8.1770679490559779 1.2663105454491868 0.25810392741186738
leaf_count=2913 14925 112 6080 62 18269 18 202 373 30166 1451 10043 2747 12947 4261 7910 8830 74115 8716 28 18156 1913 721 59 19 13044 19547 3187 5214 147026 236 4194 8038 35821 34 25568 6210 85 2229 41283 5420 10320 7347 5401 9198 30 58732 384 22 17551 8 63 1439 67920 71 120 2219 219 41 1492 11247 8113 62
internal_value=0.000423062 -0.00419081 0.00543943 -0.00428564 0.00698169 0.0272174 0.00568223 0.0181507 0.00238961 0.0161134 -0.00508988 -0.00362413 0.00550628 0.0326829 0.0453911 -0.0157629 -0.0127232 -0.0247828 -0.00821892 0.0198122 0.000105307 -0.0156504 0.0115196 -0.00788712 0.0282648 -0.0149921 -0.00905014 -0.0135287 -0.00754558 0.00395657 -0.00174087 -0.00992592 0.0136132 -0.0177271 0.0200773 0.0209978 -0.0145562 -0.034303 -0.0131461 -0.00629339 0.00479141 -0.0114955 0.0115712 0.0141722 -0.00978964 -0.0217859 -0.00107797 -0.0125205 -0.028371 0.0152246 -0.0344743 -0.025365 0.00799164 -0.00503217 -0.0348984 0.010309 0.0262491 0.0322216 0.0250256 0.017449 -0.0229261 0.0264844
internal_weight=201.932 121.251 37.7312 23.4486 80.6813 6.90689 73.7744 14.4694 59.305 20.5128 38.7922 8.0839 20.3192 4.22145 3.6116 6.43473 18.473 15.7512 8.24531 4.67785 16.0977 6.60684 9.4909 4.50032 12.4289 16.6549 83.5195 51.2602 40.8564 21.3626 32.2593 21.2726 10.9866 8.02046 13.3421 9.98127 19.4939 10.4037 4.97399 12.6695 8.02993 5.456 3.13024 14.2826 1.49039 12.6701 5.3461 4.20573 6.35947 1.96969 5.64512 3.35174 8.60253 5.07503 4.29296 2.67214 9.27716 7.66825 12.2463 10.9602 4.63961 8.43517
internal_count=744171 525673 86413 62290 218498 18287 200211 575 199636 56276 143360 13036 32302 25118 12171 11585 111058 101015 26900 26872 7184 2754 4430 1517 43240 62228 439260 254827 203882 56365 184433 137948 46485 17884 38481 10664 147517 50945 45731 42681 28488 23068 15721 24123 13074 66770 491 406 17850 2755 17614 1498 71178 67991 2033 4448 6470 260 12913 12801 14193 11309
cat_boundaries=0 1 3 7 11
cat_threshold=2131537 5965857 256 640 262144 131200 2 536870912 0 1073807360 32832
is_linear=0
shrinkage=0.05


Tree=127
num_leaves=63
num_cat=3
split_feature=12 5 22 15 5 6 11 11 6 10 5 12 3 15 21 11 11 12 19 6 0 16 11 11 9 9 1 16 6 10 1 16 9 16 16 9 12 6 5 12 5 11 6 7 15 16 11 10 5 6 12 15 16 1 7 6 0 12 11 16 3 10
split_gain=1.9618 2.46728 2.30892 1.95413 1.90422 1.7111 2.16633 1.8724 1.56633 2.13956 1.51432 1.47248 1.37076 1.3441 1.22196 1.28032 2.1682 1.362 1.20044 1.88831 1.42523 1.34709 1.24921 1.42033 1.29741 1.22627 1.18129 1.17158 1.20344 1.16743 2.1195 2.90873 1.07101 1.35033 1.45556 1.06046 1.02528 1.01844 1.0107 1.05521 1.71092 1.19442 0.988704 0.960607 0.954886 0.947344 0.915175 1.53334 1.44803 0.871476 0.861032 0.82863 0.780897 0.770925 0.766112 0.759602 0.738869 0.710684 0.699233 0.697239 0.694527 0.641047
threshold=0.027749316851897802 0.92315120900345449 0 2500.5000000000005 1.0527428507844665 1.0465522612452764 0.0080037833346674869 0.012364406720735134 1.0910220682383072 13.500000000000002 0.67700320512820522 0.22057177240029649 3117.0000000000005 2241.5000000000005 1 0.032569105437188169 0.024279270225919164 0.01822012458626027 2 2.0359116749131494 645.50000000000011 30.500000000000004 0.032038135454058654 0.031338982439289502 0.64829441391941411 0.72734476300244932 1333.5000000000002 15.500000000000002 2.9095454545454547 4.5000000000000009 902.50000000000011 26.500000000000004 0.87954961206080873 24.500000000000004 11.500000000000002 0.69447496947496956 0.0068743857170204268 0.81833183318331848 0.41240487961260064 0.045536294381250182 0.86492804903091292 0.024090357611571276 1.1721582890022801 326.50000000000006 4342.0000000000009 18.500000000000004 0.03109322092495859 6.5000000000000009 0.7132156533109183 1.0715467002677588 0.035319885133315694 3332.5000000000005 3.5000000000000004 1091.5000000000002 2226.0000000000005 2.9095454545454547 991.00000000000011 0.09116799422498241 0.04162711929529906 5.5000000000000009 2380.0000000000005 20.500000000000004
decision_type=2 2 9 2 2 2 2 2 2 2 2 2 2 2 9 2 2 2 9 2 2 2 2 2 8 10 2 2 2 2 2 2 10 2 2 10 2 2 2 2 2 2 2 2 2 2 2 2 2 2 2 2 2 2 2 2 2 2 2 2 2 2
left_child=1 8 3 4 11 29 26 -8 44 36 -5 38 27 14 15 16 32 56 19 20 57 45 23 24 49 -26 -7 50 -29 -4 37 -32 33 34 59 -19 -10 43 -2 40 54 -42 -27 -31 -1 55 47 -41 -49 -23 -6 -44 -45 -48 -40 -20 -18 -9 -17 -3 -61 -24
right_child=2 13 5 10 12 6 7 18 9 -11 -12 -13 -14 -15 -16 58 17 35 21 -21 -22 22 61 -25 25 42 -28 28 -30 30 31 -33 -34 -35 -36 -37 -38 -39 39 46 41 -43 51 52 -46 -47 53 48 -50 -51 -52 -53 -54 -55 -56 -57 -58 -59 -60 60 -62 -63
leaf_value=-0.040842248090815429 -0.024319906951235159 0.032842488744223262 -0.030785371801910561 -0.011048701764663342 0.016910295559015086 -0.017097552638250645 -0.049771534728356034 0.025860541888541273 0.018736098018574905 0.044587099901672589 0.029669642911332245 -0.029321309584786188 -0.019414919275673466 0.039869028764919712 -0.0078939187691534889 0.0356022052630963 -0.027438532182620681 0.032078740255320523 -0.02145549731476868 0.036576297426723435 -0.018734627046917526 0.0093832123967698741 -0.041248614087528335 0.031941616414717343 0.027931194397876599 0.024788615515157562 0.030594674000867746 0.029999356863989232 -0.02206906720897972 0.034322510625394723 -0.020640757217120678 0.015606104451396517 -0.0074566183691424787 0.0024456686777497138 0.055110176717726757 -0.010632607426321923 -0.020639758657759133 0.037040550054706502 0.0058515571670288372 -0.02785803119085159 -0.014527822517228168 0.033285261905924034 -0.032757155675812617 0.011934562295217074 0.011156661549126354 -0.043139022339981348 -0.0064633605014417679 0.044258839142697307 -0.0011161028527784506 -0.038903026938048639 -0.029222246286427046 0.017771262985358065 -0.03035881569425667 0.045720025176266173 -0.035975310877329802 0.014804272459699683 0.010656638044421041 -0.017171665042650105 -0.0046625286606713431 -0.019268481375329077 0.014443098468467992 0.011698326747883018
leaf_weight=3.6219907575566577 0.75513051222492933 2.4925230587096028 1.5938551557180769 2.2865521888734284 0.72892562115430637 1.1118353910878784 3.0061168932643332 3.015797922838376 1.4038386978809283 1.2963188446447018 10.568574639258939 1.2137661435119742 13.082469795510404 3.4791162599478858 4.644269423828745 7.5274184980928549 5.6454726462802665 2.0283233432171528 13.903654800621098 2.6604391423468305 6.1223258741665632 0.80589809460366035 2.0893179951615362 1.874692886800857 2.518413897081019 0.5561830323033522 3.266913938568905 4.0284588441209053 0.64202326930831066 0.53711607182640664 11.297437794695727 9.1131347799218911 2.7906361726300011 5.3840923364095934 3.8283862301132103 2.0771553252225203 5.0204128095444958 4.7792628804445485 1.3354428979803317 1.1204363570734566 1.203099793199726 3.3049515964182774 2.5208700400648927 1.2380598403751721 0.63798687114740449 6.4787387890337405 0.54999089869761508 2.469595710794465 3.4678348349327734 2.6934877080777824 2.0660803582295557 0.36328811943531025 1.4223545288214152 4.5363818380137673 2.0099738617282128 0.90332300862792259 1.0083884764462707 0.49938404975137007 0.98811442560872809 1.4041790316775857 3.2302367509691976 0.24326243996620167
leaf_count=51389 21007 333 283394 158 661 15277 16850 7513 12981 13 431 94130 203 63 19411 5056 3614 434 29138 10122 90 102 13910 648 570 1253 30 26784 3523 4098 209 153 3754 1762 720 923 10202 2940 3112 7332 456 994 8442 86 11 27012 5968 269 528 4279 13602 2 1123 38 32 6056 8 11527 9592 560 27 2
internal_value=0.000598463 0.00820853 -0.00261794 0.00496377 0.000517544 -0.00730569 -0.0133493 -0.0163323 -0.0113503 0.00265635 0.0221523 0.0105231 -0.0101707 0.0133776 0.0103801 0.0117545 0.00927194 -0.00820733 -0.0132173 0.00337176 -0.00520144 -0.0155878 -0.00695948 0.000877527 -0.00774516 0.00657342 0.0175575 0.00640855 0.0202121 0.00142475 0.00421928 -0.00448385 0.0190222 0.0237137 0.0330873 0.0126191 -0.0106706 0.0245071 0.0140942 0.0166339 0.00188247 0.0202041 -0.0118303 0.00141229 -0.0324142 -0.0275609 0.0253045 0.0111075 0.0214162 -0.0281689 -0.0159054 -0.0234559 -0.0127935 0.0399426 -0.0217744 -0.0184468 -0.0210272 0.017298 0.030931 0.0159317 0.0026219 -0.0338734
internal_weight=198.494 58.5089 139.985 55.3697 42.5146 84.6152 54.6339 50.2552 11.9805 7.72057 12.8551 21.9666 20.548 46.5283 43.0492 38.4049 29.8894 10.7593 47.2491 12.2979 9.63751 34.9511 13.6654 11.3328 9.45814 5.95876 4.37875 7.46549 4.67048 29.9812 28.3874 20.4106 19.1301 16.3394 10.9553 4.10548 6.42425 7.97679 20.7528 19.9977 7.85347 4.50805 3.44034 3.19753 4.25998 21.2857 12.1442 7.05787 5.93743 3.49939 2.79501 2.88416 2.66041 5.08637 3.34542 14.807 6.65386 3.51518 8.51553 7.12694 4.63442 2.33258
internal_count=744907 120853 624054 179228 178639 444826 152823 137516 74596 23196 589 133866 44773 46257 46194 26783 12135 4979 120666 29252 19130 91414 29208 15296 14648 10267 15307 44570 30307 292003 8609 362 7156 3402 1640 1357 23183 8247 39736 18729 4594 1450 9697 5307 51400 62206 14135 8129 797 4381 14263 8444 1209 6006 3144 35194 3622 19040 14648 920 587 13912
cat_boundaries=0 1 3 4
cat_threshold=6325761 3868691 131328 1139201
is_linear=0
shrinkage=0.05


Tree=128
num_leaves=63
num_cat=2
split_feature=0 1 6 17 5 10 13 10 10 16 5 16 19 10 6 11 11 10 13 13 4 0 13 6 6 13 10 9 11 4 2 11 6 5 11 5 16 5 11 5 13 10 2 5 9 2 6 11 10 10 16 13 3 10 5 5 11 0 5 0 6 5
split_gain=1.67979 2.25099 1.75384 2.01315 1.92705 1.26345 1.32798 1.65123 1.30766 1.12058 1.31625 1.14942 1.12142 1.93495 1.72758 1.99944 1.30928 1.87916 1.26951 1.47547 1.23345 1.17948 1.01527 0.996444 0.906109 0.896412 0.902617 0.941603 0.87104 0.856099 1.68181 0.853472 2.31465 2.32464 2.17377 1.49914 1.7294 1.26993 1.18932 1.27842 1.1112 0.97889 0.939183 1.48493 2.70804 1.11675 0.902232 0.990059 0.838972 0.837777 1.06002 0.803898 0.801919 0.785917 0.765914 1.13122 0.765828 0.733939 0.729747 0.726698 0.836493 0.726491
threshold=2123.5000000000005 2717.5000000000005 0.67614292311244528 0 1.5194938440492478 3.5000000000000004 90.500000000000014 23.500000000000004 20.500000000000004 7.5000000000000009 1.0435436417129782 14.500000000000002 1 14.500000000000002 1.1539718999396422 0.031728814356029041 0.016033897791914217 9.5000000000000018 54.500000000000007 33.500000000000007 8373.5000000000018 645.50000000000011 10.500000000000002 0.93758852691218142 2.6156139431267205 67.500000000000014 16.500000000000004 0.57900856793145661 0.031550275956225754 3122.5000000000005 328.50000000000006 0.023829978727422506 0.95245629897528639 1.3326935380678184 0.03001427743463592 0.9063854910426008 2.5000000000000004 1.3848076923076926 0.039390087150529315 0.72743726861373925 26.500000000000004 31.500000000000004 433.50000000000006 1.4005558111389498 0.65386992488352202 4316.5000000000009 0.98133743542114138 0.012939026289157244 7.5000000000000009 6.5000000000000009 5.5000000000000009 92.500000000000014 3518.5000000000005 10.500000000000002 0.96562974630140086 0.86967844202898559 0.03109322092495859 11.500000000000002 1.3326935380678184 620.50000000000011 1.2855578727841503 1.8676399026763992
decision_type=2 2 2 9 2 2 2 2 2 2 2 2 9 2 2 2 2 2 2 2 2 2 2 2 2 2 2 8 2 2 2 2 2 2 2 2 2 2 2 2 2 2 2 2 10 2 2 2 2 2 2 2 2 2 2 2 2 2 2 2 2 2
left_child=1 2 4 25 -1 24 7 9 51 10 -7 23 13 22 15 16 17 20 19 -16 -14 -20 28 -11 -5 31 27 48 -13 30 -25 37 33 38 35 40 -37 46 39 -33 -34 -39 -36 44 -44 -46 -4 -48 -27 -12 53 -8 -24 -51 55 -17 -54 -26 -29 60 -49 -18
right_child=-2 -3 3 5 -6 6 8 -9 -10 11 49 12 14 -15 18 54 61 -19 21 -21 -22 -23 52 29 57 26 -28 58 -30 -31 -32 32 34 -35 42 36 -38 41 -40 -41 -42 -43 43 -45 45 -47 47 59 -50 50 -52 -53 56 -55 -56 -57 -58 -59 -60 -61 -62 -63
leaf_value=-0.034841466911605702 0.032767027381719938 -0.022833624242171703 -0.018710334004645668 -0.035058754427951234 0.024735213388048707 -0.031815821756658917 -0.025670390939798549 0.036914915499813516 -0.049514644304275254 -0.024987079280922558 -0.024895134524371112 -0.0043667652894005772 -0.010220186980120609 0.042015163255247276 -0.011756619637714467 -0.020222841720885579 0.028716327911489856 -0.02653268932930964 -0.025593701774175623 -0.044510970277554851 0.03626855538868138 0.013337945737229254 -0.025856559788562345 0.036928917883285096 0.023901708873131707 -0.01475943632236012 -0.033891185546545625 -0.024577554046616653 0.031038060758770893 0.02095966291068108 -0.017403668390649687 -0.0085617537804734464 -0.021459437054146092 -0.027293170842948286 -0.023519357538984802 0.02066292348013464 -0.040023436931587671 0.043697274327879856 -0.0062172177649550721 0.055908413681975737 0.033075290371637034 -0.01649076381625059 0.031247777224339836 0.035832806537013026 -0.034016515799674817 0.018367667146443511 -0.0072338585078658441 0.02485666193656828 0.027006272155796554 0.028932420068560335 -0.014519648228732801 0.017362409539276116 -0.011868233825609089 -0.0039196125595960677 -0.035771346355446196 0.031696879495457943 0.010730418595650933 -0.011572011319320265 0.013033894376026554 0.039549560619918191 -0.01442108969160515 -0.01624621934021513
leaf_weight=5.312375206226533 2.7994037108728653 9.9457257695976278 1.4240307307723039 3.48717373536783 0.95904261664077228 4.6394241578216251 0.79688148733475772 2.0567189807698005 1.6780216054321497 0.79980536960897808 2.1522148041897244 2.4073680621550073 1.8541671302227793 2.6790093440231422 12.207239629646443 1.6340979081357994 7.9153729520601228 3.3525912359978065 1.7767098171450459 4.5126031148613484 2.3998628574190661 5.5230122516077245 2.398549813209228 0.9862708174196112 0.74511865267936706 0.91526717208443642 0.98996924278617449 2.7590124358412154 3.6959377077869249 13.967675253945343 4.0553115059519769 0.6087407656032181 0.70199262830760911 0.81154495112718894 0.83143467163404139 0.7799779015142575 5.5592125929420035 5.5257048266225857 0.94029744615522748 4.6570870079472115 1.2977621091458784 0.24197448162885837 3.0172702213239955 4.307153477690008 3.4018600571398565 0.63030078634619702 2.8353682749168438 1.7600239029457045 3.5450295419318536 3.516200248511721 3.6930528659941046 1.7409242249318593 5.498922886894432 2.6935459367005024 2.5790527070523694 0.743797028536619 7.8758667160800542 9.4023293369618823 1.1978288295249511 3.1832694438053295 1.7495905682530972 0.3628173285358115
leaf_count=328530 74 149 5324 218334 30763 2425 396 38 30 1110 1245 167 1976 49 3277 676 2232 180 2541 1191 24 66 3218 1895 52599 5440 45 7730 217 242 879 1592 1614 1402 14318 198 3513 7442 1900 1390 1612 2 262 224 637 5 5237 3065 282 187 138 838 134 86 630 151 133 14066 3241 42 6990 138
internal_value=-0.000163444 -0.000798636 0.000497004 0.00146428 -0.0235821 -0.00213797 -0.00049963 0.000684402 -0.0251425 -0.000357783 -0.0118598 0.00190186 -0.00117185 0.0060661 -0.00533825 0.00396052 0.0125869 -0.00248041 -0.0153762 -0.0226099 0.0179173 0.00192022 0.00267128 0.0122118 -0.0161247 0.00861018 -0.00352715 0.00326373 0.0184243 0.0149474 -0.00242157 0.0131127 0.00727168 0.0300585 -0.00155301 -0.0199452 -0.0307585 0.0217819 0.0403049 0.0482786 0.0131595 0.0391086 0.011589 0.0158547 0.00071305 -0.0238051 0.0101487 0.0158293 0.0173024 -0.00233083 0.00440675 0.000413363 -0.00415921 0.0161153 -0.0211557 0.000593263 0.00125992 -0.00705673 -0.0128592 0.02527 0.00642026 0.0252071
internal_weight=198.516 195.716 185.771 179.499 6.27142 125.828 112.193 107.977 4.21583 105.92 16.6944 89.226 69.417 24.5557 44.8613 20.8418 15.8848 7.60662 24.0196 16.7198 4.25403 7.29972 21.8766 19.8091 13.6346 53.6717 9.40711 8.41714 6.10331 19.0093 5.04158 44.2646 27.5446 7.01767 20.527 8.33895 6.33919 16.72 6.20613 5.26583 1.99975 5.76768 12.188 11.3566 7.04943 4.03216 10.9523 9.52825 4.4603 12.055 9.9028 2.53781 15.7733 6.20975 4.95695 2.37789 13.3748 10.1474 3.95684 6.69288 3.50961 8.27819
internal_count=744531 744457 744308 385015 359293 311508 26509 25245 1264 25207 4081 21126 17000 3918 13082 6007 4550 2180 7075 4468 2000 2607 3869 4126 284999 73507 16738 16693 384 3016 2774 56769 28667 6284 22383 6937 3711 28102 4882 2982 3226 7444 15446 1128 904 642 20658 15334 5722 1656 411 1234 3485 273 1457 827 267 66665 10971 10097 10055 2370
cat_boundaries=0 3 4
cat_threshold=2106240 17041408 8519808 163976
is_linear=0
shrinkage=0.05


Tree=129
num_leaves=63
num_cat=2
split_feature=10 8 13 13 15 13 8 7 17 8 9 8 13 21 12 12 8 2 12 9 9 0 1 9 9 0 10 0 1 4 5 8 5 0 8 12 10 13 4 1 13 2 5 12 5 0 9 9 8 7 9 12 10 1 8 12 5 5 12 8 8 10
split_gain=1.67404 1.46597 2.57012 2.44925 2.43792 2.04864 2.56855 1.81248 1.88276 1.68321 1.5479 1.37559 1.23402 1.4395 2.64327 2.02441 1.75748 1.42545 1.23438 1.21985 1.80591 1.06722 1.04594 1.02665 1.29717 1.65175 1.12098 1.0561 1.02413 1.50372 1.02028 1.09496 0.994035 1.06594 0.984895 0.976164 1.26633 0.961124 1.28701 0.920683 0.913363 0.888127 0.814338 0.80654 1.72156 0.803822 0.798565 0.784067 0.967471 1.06225 0.772894 1.0262 1.12452 1.05048 0.878405 0.829554 0.863535 0.764403 0.749306 0.82977 1.39675 1.42715
threshold=1.5000000000000002 1.4243514279485505 67.500000000000014 82.500000000000014 2241.5000000000005 59.500000000000007 1.1754676426164752 3376.0000000000005 0 1.294134032443061 0.88898369359120222 1.4994845360824745 10.500000000000002 1 0.044460196184112184 0.13190443947647104 1.1449544744356448 2173.5000000000005 0.028608894579665926 0.39320212042532149 0.79549678945589741 690.50000000000011 178.50000000000003 0.99106477538854598 0.66677996827554964 53.500000000000007 6.5000000000000009 1061.0000000000002 1047.5000000000002 2166.0000000000005 1.2177279102384293 1.3335933437337495 1.1431749563006517 645.50000000000011 1.1818984902023775 0.01822012458626027 16.500000000000004 16.500000000000004 2448.5000000000005 430.50000000000006 46.500000000000007 2741.5000000000005 0.85723765285809084 0.039357368758373208 1.0795160490285725 666.00000000000011 0.46283103739471804 0.97734651636189473 1.4375188593844299 1784.0000000000002 0.39320212042532149 0.069943534608871996 16.500000000000004 2132.5000000000005 1.1781099218013422 0.13502654714336623 2.0016920473773268 0.93085062480397507 0.026680003361569841 1.2040272107900558 1.2472466826771464 15.500000000000002
decision_type=2 2 2 2 2 2 2 2 9 2 10 2 2 9 2 2 2 2 2 10 8 2 2 10 10 2 2 2 2 2 2 2 2 2 2 2 2 2 2 2 2 2 2 2 2 2 10 10 2 2 8 2 2 2 2 2 2 2 2 2 2 2
left_child=-1 2 5 58 -5 7 -7 8 12 -6 11 21 23 16 32 17 -14 46 -18 -8 -21 35 -17 24 25 -2 -27 45 29 -10 -22 -32 33 39 -34 -3 -37 38 -12 -15 -30 47 -31 57 -45 -26 -16 -39 -49 -50 -20 52 54 55 -52 -53 -57 -13 -4 -60 -61 -62
right_child=1 10 3 4 9 6 19 -9 28 -11 37 43 13 14 15 22 18 -19 50 20 30 -23 -24 -25 27 26 -28 -29 40 42 31 -33 34 -35 -36 36 -38 41 -40 -41 -42 -43 -44 44 -46 -47 -48 48 49 -51 51 53 -54 -55 -56 56 -58 -59 59 60 61 -63
leaf_value=-0.029599671126758209 0.039580723938608564 0.016357973870498817 0.0035919398291373301 -0.026529511681318774 0.048025859734026448 -0.024406702890406612 -0.008890897803849095 -0.016191771224099719 -0.023834694473267599 -0.0054140401832962898 0.016027411209622405 -0.043439863656091884 -0.016449694769361714 0.013555077922135767 0.016244630041935926 0.018606995504825266 0.038788507140136708 0.025577520424700496 0.034591159568776647 0.040536065104005231 -0.023584401335990195 0.023588088937211257 -0.038418015921341142 -0.011052158799388125 0.015429451426041138 -0.012207027111240693 0.02015266561749823 -0.0042162057571314866 -0.04238375516490233 -0.018043869232049547 -0.020671261222307696 0.035787855657947225 0.0070661816194521419 0.00533248091726235 -0.043585784411887735 -0.032898832916084524 0.022928675448183465 0.025425922321403883 -0.031474864221343261 -0.035069374023889918 -0.0049391397088031355 0.035536040034539432 0.027339498072360802 0.02093799468812442 -0.02512782141118123 0.047435950134434683 -0.021287575723882832 0.026218097495182231 -0.031035689044028592 0.022906111789694105 0.015700394290803128 0.03953927181711582 0.025347968175443259 -0.019095593831886096 -0.028758711087515043 -0.024986571632335742 0.026420627778704627 -0.0050891778834557403 -0.00039703462495031599 -0.056352036620454848 -0.032842861435390357 0.0040057417099296317
leaf_weight=3.6194769457977136 1.8039446804421064 2.3796511517302879 1.8014762061507159 2.4030293934492866 2.6216982614819244 2.3621528620801682 1.9032986636498197 15.836035607670054 3.3638420125128032 2.1750424969031883 2.9193257104891499 1.9356877983188931 3.4610219180658595 0.67006351129998432 1.3871280843457032 0.4054932461067432 4.6710893704341769 8.8733236591506266 1.4586778604748332 9.3626679358992497 1.5656341341618838 6.6698506515822373 2.224928098798955 3.0612361748187586 5.0616246110439516 8.3362411807611334 2.7688190918379396 1.9003130981000129 4.3444570215415297 0.55686326167415279 0.51967607166966479 1.5084108423236555 0.83983074219781784 5.1853504702448845 5.026825423517721 2.6836560804656533 0.60256718283198996 2.7035884418480673 1.2434592716308541 3.4341471774532693 2.7643926721939351 7.9976446577347815 2.8756691730172861 3.5593290829242505 2.6536393320275238 4.9565510525135323 2.7227467137008716 0.73564286967098302 2.4227199845386171 0.43545055389404286 0.73455031892285649 2.7874335225913001 0.83617902826154011 0.80690870515536506 4.0329531829390817 0.88561331434584623 0.45287465802425686 2.8805041646314749 2.3015403754739081 3.7905645363807698 6.1620909384721454 3.8382082366351824
leaf_count=524989 3462 78 791 12476 202 12668 771 137 60953 74 2462 246 13963 5565 2369 27483 929 123 841 1161 2866 113 1851 7481 4312 1421 33 19 238 1074 900 184 1261 45 1008 956 26 1453 30 416 70 111 706 1575 859 56 10354 401 5146 2 476 1356 12 11 1781 4087 327 306 14952 1426 3884 81
internal_value=0.000147773 0.000856572 -0.00145231 -0.015735 0.00810567 0.00149952 0.0170146 -0.00109539 0.00162908 0.0270403 0.00902348 0.000334041 0.00472106 0.000615645 -0.0056319 0.0068812 0.0085839 0.0151657 0.0192783 0.0247229 0.029944 0.0113798 -0.0269234 0.013567 0.016913 0.00524597 -0.0031405 0.0281654 -0.0108915 -0.00335333 -0.000468448 0.0192719 -0.0216366 -0.00970709 -0.0363617 -0.00437437 -0.0197011 0.0194406 -0.00151002 -0.0260305 -0.0302276 0.0252413 0.0175672 -0.0119393 0.000506756 0.0341329 -0.00792001 0.00908906 -0.00606046 -0.0190105 0.00928059 0.00308191 -0.0107462 0.0179542 -0.0203742 0.0275118 -0.00373282 -0.0253215 -0.0252489 -0.0284987 -0.0328447 -0.0196216
internal_weight=196.285 192.665 150.843 25.0937 7.19977 125.749 17.2218 108.527 92.6911 4.79674 41.8227 23.3649 78.7859 50.8971 30.7698 15.6136 20.1273 12.9832 16.6663 14.8597 12.9564 12.3357 2.63042 27.8887 24.8275 12.909 11.1051 11.9185 13.9052 6.79637 3.59372 2.02809 15.1562 9.28956 5.86666 5.66587 3.28622 18.4578 4.16278 4.10421 7.10885 14.295 3.43253 11.0292 6.21297 10.0182 4.10987 6.2974 3.59381 2.85817 11.9952 10.5365 5.60368 4.93283 4.7675 4.12592 1.33849 4.81619 17.8939 16.0924 13.7909 10.0003
internal_count=745409 220420 206656 33886 12752 172770 18550 154220 154083 276 13764 4159 91042 74258 50475 42180 23783 12846 9820 5882 5111 1173 29334 16784 9303 4916 1454 4387 63041 62733 3950 1084 8295 6026 2269 1060 982 9605 2492 5981 308 7113 1780 2986 2434 4368 12723 7002 5549 5148 8891 8050 2269 5781 2257 5770 4414 552 21134 20343 5391 3965
cat_boundaries=0 4 6
cat_threshold=538976768 17039360 276840448 82 655473 163840
is_linear=0
shrinkage=0.05


Tree=130
num_leaves=63
num_cat=1
split_feature=7 15 8 16 6 12 1 21 1 10 4 9 1 5 15 5 9 0 12 10 2 5 6 15 10 5 5 4 5 5 16 9 5 12 9 8 9 0 8 8 6 6 9 9 15 12 6 0 9 6 5 12 2 16 16 16 0 12 12 9 5 2
split_gain=2.96643 1.31134 1.8683 1.70898 2.35292 1.64654 2.57011 1.19221 1.73212 1.25335 1.90289 1.72015 1.48828 1.33266 1.37604 1.17765 1.14201 1.13112 1.3768 1.10098 1.27857 1.03768 0.975195 0.898159 1.41504 1.45155 1.15158 1.58814 1.08386 1.01795 1.02835 0.882895 1.48363 1.16213 0.85954 1.31037 1.11838 0.897356 0.768843 0.74732 0.746381 0.934543 0.703356 0.699043 0.688034 0.624837 0.664036 0.645048 0.595991 0.591257 0.588538 0.507404 0.490701 0.746813 0.46584 0.461115 0.44988 0.439923 0.43486 0.412056 1.22441 0.404443
threshold=64.500000000000014 1745.5000000000002 1.2204386959359652 9.5000000000000018 1.2500816459830177 0.3097551086222613 1333.5000000000002 0 1451.5000000000002 3.5000000000000004 5041.5000000000009 0.74520761881430675 581.50000000000011 1.0752344086021506 1203.5000000000002 0.9481633506261522 0.5263592148688554 827.50000000000011 0.040184133973233678 11.500000000000002 4316.5000000000009 0.34817046922083517 1.4168204182041824 1.0000000180025095e-35 16.500000000000004 3.5593869731800769 0.90929159141079674 2166.0000000000005 1.2121810404140121 0.53354769560557347 10.500000000000002 0.63163009564728156 1.3670176931532108 0.042318307653190008 0.071611721611721621 1.2189447789214736 0.80673871270536324 268.50000000000006 1.4243514279485505 1.2667306461932184 2.9978292329956591 0.90921967550862737 0.97828052519852193 0.99138990087265955 1640.5000000000002 0.19911813251668944 0.75012742099898067 279.50000000000006 0.64829441391941411 1.5006251736593501 3.6291005291005294 0.028608894579665926 476.50000000000006 20.500000000000004 45.500000000000007 51.500000000000007 510.50000000000006 0.064492346086301902 0.054527256148654675 0.64294755877034371 1.2308989492800626 111.50000000000001
decision_type=2 2 2 2 2 2 2 9 2 2 2 8 2 2 2 2 10 2 2 2 2 2 2 2 2 2 2 2 2 2 2 10 2 2 10 2 10 2 2 2 2 2 10 10 2 2 2 2 10 2 2 2 2 2 2 2 2 2 2 10 2 2
left_child=-1 5 3 -3 58 7 -7 8 23 -9 11 12 50 14 17 19 -17 18 -12 20 42 -13 -6 26 25 44 29 34 51 -2 -31 -18 33 -33 -28 37 -37 43 -35 -10 41 -23 -4 54 -25 46 -32 -48 -21 -41 -11 -29 55 -54 61 -38 -39 -53 -5 60 -14 -36
right_child=1 2 15 4 22 6 -8 9 39 10 13 21 59 -15 -16 16 31 -19 -20 48 -22 40 -24 24 -26 -27 27 28 -30 30 45 32 -34 38 35 36 52 56 -40 49 -42 -43 -44 -45 -46 -47 47 -49 -50 -51 -52 57 53 -55 -56 -57 -58 -59 -60 -61 -62 -63
leaf_value=-0.035780006862508568 -0.013779709591761741 0.021703761242960185 -0.026156671763904772 -0.0059619739832783049 0.029379836912092235 -0.02235497497903945 0.062125183700344311 -0.034680317713492691 0.0031244305056500206 -0.030642597731813964 0.01015953436528438 0.026584420969088876 -0.0081294864858716571 -0.02748324738921111 -0.028528878304284095 -0.016715244407384394 0.025384137966318471 0.024088545249341557 -0.023568933291323757 0.040916688980390643 0.028481116336959458 0.0091980757834082688 -0.014794196857373619 -0.038010382491434937 0.024465742292717287 0.027571587947722184 -0.017660909441584563 -0.010658290118508603 -0.026555520059744788 -0.010159193845444933 -0.0029588456006032003 -0.025319224648558066 0.019239395617927785 -0.010596117372819916 -0.0052919265885460025 -0.023427627831673639 -0.018266605224188923 -0.018306885383132489 0.020102837945703597 -0.020289116378868367 0.010772716753785695 -0.036460881283065225 0.0085123657653545844 -0.0094748945053773834 0.010767735038195473 -0.011598281118262688 3.9747373978424669e-05 0.045339476871155124 0.014710643982339315 -0.0033388394654602972 0.014738008173585044 0.021571974216152114 0.029205148013324335 -0.012108321637145078 -0.0063204225642117381 0.01855631736000108 0.016354821530075069 -0.00690716270341569 -0.049907678272685149 0.032472102503890724 0.026537341555428647 0.055265590671790613
leaf_weight=4.5438592913728817 0.98583685333051008 2.0924426496399047 2.3012356174645019 0.99015167087327416 1.5952652955147644 0.79057591985292619 1.3952082859650543 3.2765023928063775 12.501541584146251 1.519712387144639 5.5901043326593989 0.47987311994233905 3.8620549247680156 10.8396792720996 3.7495635526047399 4.0928946023695998 5.4305841987188641 3.34931756556034 4.6926537378694775 5.8544953216915001 2.2111710077151656 0.98284514583019689 1.5460644550644245 3.5859212050213496 1.4522756409805877 0.4765860374773182 1.0155838117011651 3.008377455722437 3.9183310795187936 1.0430443919299239 0.81597132834621877 4.4015141319323465 7.5582658265529963 3.0883507541348081 0.1171858980223982 1.7189343448803791 1.3372978934435193 0.55942013342382768 3.1887854823289672 9.8556006193684897 0.99846755660655606 4.2654337523331378 1.9503749178261385 0.23331697585717837 0.40974015451956791 0.27108149794207825 0.87433207203639529 6.9228056579486292 5.7306785221881 10.681414313999992 0.31464075617259357 3.0550908716977574 3.9480756666980596 0.8022485936007796 0.14407446876157326 0.38839216763199136 1.3928235025305182 1.4502767172061792 3.3207533492613948 4.1187591398993382 4.8439399341295939 3.74472396479905
leaf_count=649826 4816 112 235 52 80 20657 44 19182 138 5210 142 160 200 187 87 130 81 39 313 82 22 1557 206 10388 61 22 738 179 447 1987 2158 72 164 116 1414 805 2998 299 97 102 101 2895 67 2050 45 694 5759 299 136 134 4 242 437 344 1148 47 46 205 415 149 152 3500
internal_value=0.000268993 0.00132985 0.00771528 -0.0115513 -0.0223518 -0.00139021 0.0341437 -0.0022464 0.00190652 -0.00720979 -0.00617061 0.0049614 0.0143008 -0.0144874 -0.0053286 0.0118907 0.00510721 0.00256637 -0.00595753 0.0215088 0.00404984 -0.0146084 0.00931621 0.00860251 -0.00843731 -0.0216403 0.0114257 0.00544866 -0.00826728 0.0244316 0.02914 0.00940567 0.00357539 -0.00820954 0.0155126 0.01885 0.00457402 0.0344818 0.0056184 -0.00637713 -0.0210046 -0.0278067 -0.0116602 0.0453097 -0.0318542 0.0343149 0.0368161 0.0408417 0.0301526 -0.0120376 -0.0204051 0.00326876 0.014146 0.0213357 0.0497558 -0.00621166 0.00358577 0.0128151 -0.0428371 0.0203818 0.0119057 0.0527175
internal_weight=191.677 187.133 55.353 9.54468 7.45223 131.78 2.18578 129.594 76.7103 52.8835 49.607 21.3857 14.6591 28.2213 17.3816 45.8084 27.7604 13.6321 10.2828 18.048 6.46278 6.72662 3.14133 43.6717 5.92452 4.47225 37.7472 26.8342 11.4321 10.9131 9.92723 23.6675 18.2369 10.6787 15.4021 14.3865 8.19495 6.19154 6.27714 33.0386 6.24675 5.24828 4.25161 4.2393 3.99566 8.88419 8.61311 7.79714 11.5852 20.537 1.83435 7.51375 6.47601 4.75032 4.00598 1.72569 1.95224 4.50537 4.31091 12.8248 8.70599 3.86191
internal_count=744474 94648 2067 865 753 92581 20701 71880 41502 30378 11196 10428 5715 768 581 1202 660 494 455 542 324 4713 286 41128 10516 10455 30612 14899 1073 15713 10897 530 449 285 13826 13088 4631 8457 213 374 4553 4452 302 8112 10433 8910 8216 6058 218 236 5214 626 3826 781 6062 3045 345 447 467 501 352 4914
cat_boundaries=0 2
cat_threshold=16779282 131328
is_linear=0
shrinkage=0.05


Tree=131
num_leaves=63
num_cat=4
split_feature=12 21 5 12 6 16 2 10 5 4 21 1 12 1 6 6 17 12 16 8 12 17 16 5 10 7 9 1 16 16 5 8 8 8 8 12 7 10 13 13 12 16 9 1 2 13 12 6 10 10 5 2 10 9 13 9 9 4 1 8 16 10
split_gain=2.03794 2.38703 1.71404 1.73308 1.84159 1.73924 1.70125 1.58644 1.77651 2.03592 1.68052 1.46101 1.34027 1.83019 1.56552 1.87585 1.29889 1.15241 1.11541 1.08703 1.07971 1.22336 2.14327 1.48747 1.0534 1.03208 1.07487 1.31225 1.05761 0.960596 0.949057 1.03524 1.96021 0.915402 1.32965 0.904028 1.10655 1.03082 0.900379 2.01839 0.882297 0.866498 0.831858 0.776369 0.757664 0.754013 1.00035 0.733149 0.691062 1.75788 0.889139 0.795357 0.688223 0.673111 0.672732 0.651575 1.30696 0.648623 0.645056 0.618533 0.675622 0.650921
threshold=0.066717995674846056 0 0.85547774464587745 0.043377477378121261 2.6284084202242775 15.500000000000002 2173.5000000000005 5.5000000000000009 2.4008547008547012 5041.5000000000009 1 936.50000000000011 0.025607531421540711 284.50000000000006 1.0385132804415318 0.7895323811387206 2 0.03742350405782769 42.500000000000007 1.2608814057023778 0.041295148686813006 3 44.500000000000007 0.9481633506261522 10.500000000000002 2592.0000000000005 0.82360045467462351 1630.0000000000002 16.500000000000004 2.5000000000000004 0.89667735434325835 1.1690446145078566 1.0687154062065531 1.4286197237515699 1.4727960207052735 0.038322349237967297 1945.5000000000002 12.500000000000002 22.500000000000004 17.500000000000004 0.034244899543090908 20.500000000000004 0.56900854897010744 1630.0000000000002 4316.5000000000009 56.500000000000007 0.021609900607523717 1.164721209850472 14.500000000000002 22.500000000000004 0.64005689900426754 2741.5000000000005 11.500000000000002 0.51191545601916399 92.500000000000014 0.61820420958351996 0.75024366471734905 4301.0000000000009 1237.0000000000002 1.6007662835249044 37.000000000000007 12.500000000000002
decision_type=2 9 2 2 2 2 2 2 2 2 9 2 2 2 2 2 9 2 2 2 2 9 2 2 2 2 8 2 2 2 2 2 2 2 2 2 2 2 2 2 2 2 10 2 2 2 2 2 2 2 2 2 2 10 2 8 10 2 2 2 2 2
left_child=1 12 18 5 6 16 19 8 -2 -10 11 -9 13 -1 15 -14 24 29 33 -5 21 30 23 -23 -4 26 43 28 -28 -18 -7 32 -32 38 -35 36 -20 -37 39 40 -3 -33 -36 -16 -40 46 -24 -13 50 51 -12 -50 -31 -43 -25 -15 -57 -52 -19 60 -17 -62
right_child=7 2 3 4 -6 20 -8 10 9 -11 48 47 14 55 25 59 17 58 35 -21 -22 22 45 54 -26 -27 27 -29 -30 52 31 41 -34 34 42 37 -38 -39 44 -41 -42 53 -44 -45 -46 -47 -48 -49 49 -51 57 -53 -54 -55 -56 56 -58 -59 -60 -61 61 -63
leaf_value=-0.023592131435671394 -0.040715369182346313 -0.040998157644516205 0.023619461367146044 -0.029212102115329142 -0.028731434101099629 -0.027732200452686456 0.027379926978155486 0.027637104438771792 -0.0236083660927912 0.061075158839913303 0.0031965001727394687 -0.010958907096015259 -0.018153962557430889 0.045573022991963023 -0.035170810396603441 0.043517913866066654 0.0081352479967680934 -0.015261203789605091 -0.019231054288699406 0.0095109483851202135 -0.034473839675913581 0.010212055786343236 -0.012510549764730214 -0.036306612240691545 -0.0027055550028868541 0.013797007932675121 0.030323847388258003 -0.03341468607782918 -0.014433873135521889 -0.039588347113468911 0.027201364548456321 -0.021023981951062597 -0.034061427083827568 0.02541193069600477 0.017215745469897299 -0.026599837299004933 0.0347239572011745 0.022160099752594389 -0.04435011058235163 0.026796274012014194 0.0022386943420759885 -0.00410348854768945 -0.030242925564753345 0.00825913943666216 -0.009309698580542999 -0.017404452187466137 0.036570412852441378 0.0079264003663115264 -0.011896139781195495 -0.035536248465831637 -0.004923904062779233 0.029922147786241096 0.011189809712901131 0.025116330638402386 0.01030454989791766 -0.013569892478995977 0.031302829564032526 -0.040375126984258963 0.025642432666197226 -0.012128403251674807 -0.013925531537423763 0.026332816165400105
leaf_weight=0.86880273389124241 5.6878420525324591 2.3458283015504611 13.384986372364439 1.6683980551458777 1.4687587522764705 0.90897056778340157 13.324602311040506 4.760087001691093 0.77156976441165148 0.26517021842300892 1.7046430340681116 8.8192752750910604 1.6563483650768391 5.3884613974732902 3.8245472906153255 5.2509055555256055 1.2900210117431941 0.72655664177432333 0.59663841369115234 4.7083728140660241 2.9913907396164623 1.7784507197072823 0.94997779379991687 11.164864825041828 4.9052913150062514 5.017413130553904 2.8688099660371345 0.78794832155108441 1.2750230607257433 4.2525271404651903 1.2244674705905247 0.62713716587290846 2.3419890524683069 1.9391437633039448 0.53962498092118982 2.3076816127531861 2.3155482145957649 0.72798575718297787 5.5427454415737412 1.8548708319560772 1.6701455853506102 2.1103910553065353 2.334093613007326 0.88852754421532143 2.8608476053923368 0.87299392138220344 2.1206943630220394 9.796794390811554 1.111354136732188 1.7334903086539268 1.8964185985839757 2.1026238766498864 0.32923494039278001 9.5359263495847681 0.41277655786984802 1.7928820113338595 3.6297832511681918 7.0966480638708163 1.5443763630464671 0.27919712488596804 1.1581122916991264 0.95674111888911273
leaf_count=28176 480887 19090 6859 13933 3208 278 170 3811 34823 2 1179 127 8525 170 4184 2069 1118 1421 13186 3059 1352 1647 3031 18467 73 54 2770 10 4564 9640 3037 302 1502 269 145 6200 19 23 35645 6105 10421 219 2707 8 25 534 2110 161 251 68 3663 45 15 1824 235 96 231 248 15 43 878 15
internal_value=-0.000790212 0.0021176 -0.00188652 0.00137843 0.0134243 -0.00278512 0.0178031 -0.0098752 -0.030662 0.0174036 -0.00561635 0.00399007 0.0115239 0.0279243 0.0073481 0.0223042 0.00686211 -0.00708052 -0.0132788 -0.00320702 -0.00966911 -0.00656844 -0.0120708 -0.0277745 0.0110545 -0.00295789 -0.0121514 0.00417009 0.0164235 -0.0253843 0.00401411 0.00975819 -0.0116774 -0.0189397 6.23384e-05 0.00499902 0.0215797 -0.0123131 -0.0249312 -0.00796048 -0.0261555 0.0163975 -0.0191875 -0.0269707 -0.0346798 0.0115565 0.022043 -0.001123 -0.0135836 -0.00494627 -0.028426 0.0160704 -0.0345885 0.0199157 -0.0339576 0.0337112 0.0166638 -0.0341402 0.011891 0.0321558 0.0350835 0.00689395
internal_weight=191.068 145.322 109.678 84.6432 21.1701 63.473 19.7014 45.7459 6.72458 1.03674 39.0213 23.3762 35.6435 11.6799 23.9636 9.3013 26.433 8.14272 25.0352 6.37677 37.04 34.0486 17.2998 13.3561 18.2903 14.6623 9.64486 4.93178 4.14383 5.87178 16.7489 15.8399 3.56646 19.0873 4.81286 5.94785 2.91219 3.03567 14.2744 5.87084 4.01597 12.2735 2.87372 4.71307 8.40359 3.94367 3.07067 18.6161 15.6452 4.94747 10.6977 3.21398 4.58176 11.6463 11.5776 10.8111 5.42267 8.99307 2.27093 7.64496 7.36576 2.11485
internal_count=744942 219677 167884 74049 20370 53679 17162 525265 515712 34825 9553 4099 51793 28673 23120 11530 19141 12209 93835 16992 34538 33186 26024 20349 6932 11590 11536 7344 7334 10773 7162 6884 4539 74407 3121 19428 13205 6223 71286 35616 29511 2345 2852 4192 35670 5675 5141 288 5454 364 5090 296 9655 2043 18702 497 327 3911 1436 3005 2962 893
cat_boundaries=0 2 3 7 11
cat_threshold=24774996 131328 1048579 536871424 17039360 196608 32786 2097152 16777216 1342390272 2
is_linear=0
shrinkage=0.05


Tree=132
num_leaves=63
num_cat=2
split_feature=10 21 10 10 5 12 12 12 10 19 12 9 6 12 6 5 5 4 7 8 12 5 11 6 11 8 9 9 9 9 10 0 6 8 7 4 5 9 6 0 0 9 6 0 6 6 11 15 11 9 6 11 5 15 0 9 12 11 6 8 8 4
split_gain=2.47953 0.917397 1.81961 1.74299 2.10541 2.25446 1.91118 1.62002 1.39285 2.39266 1.31383 1.16088 1.41805 1.12024 1.07798 1.05147 1.03679 0.995578 2.38148 0.991683 1.22279 0.954239 0.982638 1.52153 1.06505 0.940771 1.25422 1.41022 0.885736 1.18693 0.880156 0.873191 0.827289 0.809282 0.797675 0.784358 0.779635 0.811478 0.772426 1.63993 0.925198 0.76744 1.44688 2.01735 1.74843 1.71229 1.40129 1.29733 1.28873 1.13849 1.97203 2.15484 1.80456 1.09047 1.07993 1.06845 1.35187 0.768141 0.763658 0.773909 1.05373 0.751055
threshold=1.5000000000000002 0 3.5000000000000004 12.500000000000002 0.9796705567472892 0.043377477378121261 0.080160713258880315 0.3097551086222613 4.5000000000000009 1 0.042318307653190008 0.34492053164792275 2.2904315605928516 0.052088141175246634 1.142879429462893 0.70598618970977645 1.1765543824367357 2643.5000000000005 1089.5000000000002 1.2433030375508254 0.48381713569957147 1.3326935380678184 0.024559322201336425 1.3989427817270228 0.029620009903444645 1.1529631255487272 0.5192554874431482 0.5263592148688554 0.55324549087374464 0.81823556813702669 15.500000000000002 666.00000000000011 2.5001530924678508 1.444626593806922 52.500000000000007 1731.5000000000002 2.0528058556988502 0.59557189542483668 1.0465522612452764 470.50000000000006 525.50000000000011 0.57900856793145661 0.96555214295686176 602.50000000000011 1.5006251736593501 0.88254107613194543 0.015844067137760043 1377.0000000000002 0.024164245596953803 0.74520761881430675 1.7369237679147445 0.023245085067476069 1.1936328322918428 1881.5000000000002 827.50000000000011 0.76933041052212048 0.039357368758373208 0.023962818609816673 1.0715467002677588 1.2632043890645344 1.2088017346638038 2448.5000000000005
decision_type=2 9 2 2 2 2 2 2 2 9 2 10 2 2 2 2 2 2 2 2 2 2 2 2 2 2 10 10 8 10 2 2 2 2 2 2 2 10 2 2 2 10 2 2 2 2 2 2 2 10 2 2 2 2 2 10 2 2 2 2 2 2
left_child=-1 2 -2 8 13 -6 -7 10 9 14 21 -12 16 -5 -3 -15 38 18 28 -9 -21 22 -4 33 -25 35 58 -28 34 -30 -8 -17 -31 -24 -16 -10 37 -18 39 -13 -40 53 43 45 48 -43 -46 49 54 52 -51 -52 -48 -29 55 -44 -57 -58 59 60 -27 -14
right_child=1 3 7 4 5 6 30 19 25 -11 11 12 61 15 17 31 36 -19 -20 20 -22 -23 23 24 -26 26 27 41 29 32 -32 -33 -34 -35 -36 -37 -38 -39 40 -41 -42 42 44 -45 46 -47 47 -49 -50 50 51 -53 -54 -55 -56 56 57 -59 -60 -61 -62 -63
leaf_value=-0.037474976511777988 -0.025595049026221645 -0.021649568082435663 -0.00062056749283394893 0.033867329320030379 -0.026202707742844736 0.024498441703992232 -0.027823779998620009 -0.011095897650295028 -0.022895934007456865 -0.012073037272342513 -0.032916619350896438 0.027773758381731468 0.0044057186239399521 -0.014639133146886691 -0.012167038936932269 -0.0056440659453203396 0.0072793061177245828 0.038298594700362787 -0.028950739845894642 0.073034300114645623 -0.01098368523926418 0.028605122577660937 0.042252349161269957 0.018543400743500162 -0.027634087472018155 -0.02316206200588403 0.034879392922217999 -0.040399743608850562 -0.024969543370480528 -0.018213075081740311 0.0078246211882619481 0.03314015540435563 0.026139750309166494 -0.0057071645029308296 0.043109476293139867 0.01584502152034092 0.015537830617192825 -0.02900785635097421 -0.0056037677660788774 -0.017534666609813839 0.029884106847977234 -0.036465350140129853 -0.02127802739746476 0.028561874398274928 -0.029973748797738634 0.019331568647573572 0.034611114325172714 0.021919946171531035 -0.034111867494859276 0.019188507918687162 0.010769262625984479 -0.043366298124003971 -0.019621592366802339 0.013528742242112195 -0.02826721713605428 0.035961244932829095 -0.028622337001044103 0.018997150716196447 -0.036840020119127452 -0.025473521797025996 0.027049440458338112 -0.041428382788231112
leaf_weight=2.963525673702633 2.8414382814778483 0.75884989980545725 12.069449697976557 8.2473678146297953 5.6049792428821119 7.3993802080967708 2.7755999610158142 0.27346750517017326 0.68425765092797419 5.8653660562479244 1.4304173656707941 2.3079782165161822 1.1163700844078897 2.7687632488450609 0.31661020931642347 1.8993593840259562 1.8714557523446718 5.3944600476261249 1.9709058469488798 1.1610334781246363 0.24832478212988451 8.5999271270088666 4.4310469889312554 1.4863204571624922 1.5659820013511305 0.75525509872772856 1.0642886736034132 2.5172208492260775 1.2035031825994345 0.56529141959026663 2.5602250131241817 2.924589226488024 4.1523584594590375 0.78807035558747873 3.8525624229268942 6.042865279500802 1.7479487503701419 3.3351963189343223 1.9821713489802713 4.040519206377212 7.5114244939177297 2.2709967905261679 1.6105527570655356 5.5524509208044037 2.4415594716131208 1.5448817749884254 2.8587452048916502 6.0827559405943239 8.4828823175694179 2.513727669400394 2.2304009641368339 4.6332174715955716 1.7149903340878152 0.72174708839156654 2.5696697378298268 2.6141240750785073 1.1993437796631949 0.5169685259088509 5.0658572770232695 1.9348941943705993 1.7670738252541012 1.5083268718299221
leaf_count=524495 34226 45953 1005 164 134 187 112 1654 5120 77208 1204 2325 219 161 5037 229 303 294 200 496 273 566 707 41 214 521 67 481 3359 15323 122 42 4981 45 2494 958 206 886 1425 55 92 2950 392 60 530 590 172 119 1411 322 218 450 106 19 27 154 936 29 1221 383 300 21
internal_value=0.00168128 0.00249367 0.00696913 -0.000186025 0.00930121 -0.00230043 0.00936118 0.010181 -0.00373673 0.00644016 0.00819385 0.00015754 0.00319396 0.0220729 0.0124984 0.00681111 0.00752124 0.0218476 0.0121209 0.0484519 0.0598161 0.0153958 0.00873233 0.0209748 -0.0061209 -0.00730963 -0.00922916 -0.00597567 0.0220304 0.00739069 -0.0121837 0.0195224 0.0185693 0.0352574 0.03737 0.00945134 -0.00781377 -0.0168936 0.0143175 0.000475085 0.0226467 -0.00745206 -0.00555258 0.011291 -0.00973077 -0.0145522 -0.00041317 0.00444318 -0.0213463 -0.00413325 -0.0136913 -0.026642 0.0144038 -0.0280261 -0.00637347 0.00580446 0.017979 -0.0125657 -0.0250911 -0.00743411 0.00970735 -0.0260965
internal_weight=190.931 187.968 60.3169 127.651 34.1803 18.3402 12.7352 57.4754 93.4706 24.0799 55.7926 26.8518 25.4214 15.8401 18.2145 7.59271 22.7967 17.4557 12.0612 1.68283 1.40936 28.9408 20.3409 8.27142 3.0523 69.3907 62.6636 53.1405 10.0903 5.92115 5.33582 4.82395 4.71765 5.21912 4.16917 6.72712 6.9546 5.20665 15.8421 6.3485 9.4936 52.0762 48.8373 9.36833 39.4689 3.81588 22.4754 20.0338 16.9935 13.9511 9.37735 6.86362 4.57374 3.23897 8.51066 5.94099 4.33044 1.71631 9.52308 4.45722 2.52233 2.6247
internal_count=743994 219499 45963 173536 1151 555 421 11737 172385 154849 9314 6736 5532 596 77641 432 5292 31688 31394 2423 769 2578 2012 1007 255 17536 11458 9033 31194 23663 234 271 20304 752 7531 6078 1395 1189 3897 2380 1517 8966 8466 3600 4866 3540 1917 1387 2949 1268 990 668 278 500 1538 1511 1119 965 2425 1204 821 240
cat_boundaries=0 2 3
cat_threshold=1050645 164096 67690
is_linear=0
shrinkage=0.05


Tree=133
num_leaves=63
num_cat=3
split_feature=17 21 19 1 2 12 0 0 8 11 12 12 11 9 5 13 13 11 1 1 8 9 12 8 0 5 7 11 13 3 7 12 13 12 11 8 0 11 5 7 3 5 5 3 13 10 1 13 2 5 12 5 5 10 1 11 11 10 11 7 5 11
split_gain=1.89756 1.57273 1.82998 1.97225 1.87912 1.80247 1.30002 1.44751 1.23266 1.28697 1.37528 1.33282 1.8951 1.96529 1.42291 1.14565 1.71228 1.08873 1.04958 1.10817 1.03071 2.0282 1.80447 1.68416 1.566 1.64198 1.25097 1.00579 1.32988 0.972514 1.67816 1.1816 1.03716 1.01605 0.880165 0.819115 0.78422 1.10111 1.35747 0.815896 0.784198 0.724324 0.706462 1.18831 1.18393 0.695148 0.807553 0.682435 1.13032 0.713278 0.647367 0.64583 0.614885 0.602603 0.601389 0.595807 0.57619 0.575329 1.02825 0.75214 0.557424 0.55221
threshold=0 1 2 1865.5000000000002 1193.5000000000002 0.046616209398076432 750.50000000000011 721.50000000000011 1.2000986193293888 0.015844067137760043 0.16198096227171097 0.2500963488548274 0.031550275956225754 0.58982977806507231 0.93085062480397507 12.500000000000002 8.5000000000000018 0.016177966026589278 2132.5000000000005 1333.5000000000002 1.312549840510367 0.96555678582727 0.041295148686813006 1.1852039286249816 690.50000000000011 1.0256801051238089 1507.5000000000002 0.033483050034745887 47.500000000000007 113.50000000000001 52.500000000000007 0.034244899543090908 8.5000000000000018 0.14848921936597273 0.040434615120965883 1.4286197237515699 827.50000000000011 0.016254236979875717 0.9796705567472892 1784.0000000000002 3117.0000000000005 0.75010373443983414 0.65133897110641314 2810.0000000000005 8.5000000000000018 11.500000000000002 1091.5000000000002 24.500000000000004 2395.5000000000005 0.92315120900345449 0.035319885133315694 2.45247311827957 1.0006418485237487 14.500000000000002 936.50000000000011 0.012939026289157244 0.031892655324190861 8.5000000000000018 0.015844067137760043 2226.0000000000005 1.3015451980969226 0.027440678514540198
decision_type=9 9 9 2 2 2 2 2 2 2 2 2 2 10 2 2 2 2 2 2 2 10 2 2 2 2 2 2 2 2 2 2 2 2 2 2 2 2 2 2 2 2 2 2 2 2 2 2 2 2 2 2 2 2 2 2 2 2 2 2 2 2
left_child=6 5 4 27 -3 20 7 29 15 10 35 12 13 -11 -14 16 -7 -8 19 42 23 24 -23 34 25 -22 40 28 36 30 -1 32 -31 57 47 -10 37 38 39 -4 51 -39 -6 44 -44 50 53 49 -49 56 52 -25 -30 -47 -46 -34 -2 58 59 60 -33 -35
right_child=1 2 3 -5 18 8 17 -9 9 11 -12 -13 14 -15 -16 -17 -18 -19 -20 -21 21 22 -24 26 -26 -27 -28 -29 45 31 -32 33 55 61 -36 -37 -38 41 -40 -41 -42 -43 43 -45 54 46 -48 48 -50 -51 -52 -53 -54 -55 -56 -57 -58 -59 -60 -61 -62 -63
leaf_value=-0.019156032854381659 -0.022807039671551291 -0.040167716596777515 0.034585070654592549 -0.013816095205274371 0.02199824780178062 -0.025750167117404577 0.031919549626436963 -0.035732480546666848 -0.043030173944235264 -0.018041516524149273 0.019258623086519051 -0.029694509585389786 -0.03889472139938549 0.041956462751715565 0.013429397511796707 -0.041749224568803693 0.033349595036755122 0.0080057239462852561 0.0099249765393386417 -0.025554686482137618 -0.024750513665361119 -0.03896470633630994 0.022437227939434569 -0.026271110226088343 0.041501679006132386 0.02353349811684334 -0.025558121975619286 -0.018431103951202874 -0.020914505862813629 0.0030265116531560544 0.051620194010103343 0.034495322881468622 0.011118472580441692 -0.031213269410339473 -0.01789375431070854 0.00037248283972082373 -0.0064858520366495656 0.0021452743043098143 -0.023528427623560721 -0.012281731641434149 0.031642926636830819 0.032837128394648751 -0.025894122114551221 -0.024300577079454017 -0.002359012787045645 0.031186037862418012 -0.0064188442769202315 0.020971220442317928 -0.031050649876960303 0.033634648626572401 -0.031298738104528351 0.015166197274080135 0.019146281575248253 -0.0031730919439589321 0.033235340402573386 -0.038805149495816045 0.015993324713121215 0.024134975351697945 -0.021958687303634237 -0.0090447498459416738 -0.011639896109405086 0.013632270697673136
leaf_weight=0.61503846788605843 0.65335323117415089 6.580859102904923 1.8208792887351202 15.987081416518775 1.3116030814626416 1.8649142744047851 9.019527313452274 1.2473041686462227 2.5358112818798899 1.1189765972158019 1.2063431336398478 0.87902876875318803 1.3678270385837552 5.4842314908603385 2.077481217656441 2.9449533839544983 1.142076059104056 10.806552520618423 4.2395378305809563 11.52194868843071 1.8356546185507356 1.6991448082474101 1.2789150369023898 1.0521065332402471 7.7975464025512338 3.7498780637690743 5.3789586765924469 2.7562783040193599 0.64113239643984243 4.1918505304363434 1.5794069644673525 2.5162553014597493 0.26425030173004449 1.2071528800845488 0.97876887201437135 1.5450235891880764 2.6499176388315382 2.478555191816894 2.2377449449306823 0.76964222530659743 1.1935601016521102 10.618462342393967 0.98634734347797159 4.7000953717397351 1.6971849328165265 2.5287252575535586 6.4820200491230935 1.3180178455256739 0.9103715585079043 6.0388156880267161 2.2317349999887028 0.85529799725600231 1.3334282558441826 1.7333929347660157 2.1720372521631361 2.533548646426425 1.2718558233086694 6.7643703695030126 1.7889114220834015 1.5470326384529469 0.29142579184281192 0.3287645130524196
leaf_count=86747 4290 303367 12767 200 343 3531 109 13 705 249 2696 4943 1943 1907 1828 83198 3387 131 51 183 428 2596 201 3679 111 362 90 74217 2816 1655 1351 1091 42 6738 10117 341 40 22883 4461 18 56 14250 162 479 283 120 71 5942 9 3895 59453 494 1072 153 87 2399 1246 361 5828 13 252 1062
internal_value=0.000901942 -0.00201013 -0.00598057 0.000361237 -0.0138553 0.00396155 0.00875198 0.00282735 -0.00640917 0.00107782 -0.0172903 0.0106696 0.0165686 0.0307536 -0.0114204 -0.0240269 -0.000582645 0.0198952 -0.0111489 -0.0153931 0.0114161 0.0203138 -0.0135842 0.00338304 0.028277 0.00631647 -0.0125947 0.00657485 0.00896644 0.00623113 0.0319967 0.00228446 -0.0134362 0.0102693 0.0155499 -0.0297586 0.0169154 0.0205348 -6.05684e-05 0.0211184 0.0106408 0.027593 -0.00337382 -0.00861047 0.00813351 -0.0023478 0.0045425 0.0200732 -0.0033164 0.0262577 -0.0174397 -0.00886471 0.00348051 0.0192648 0.0203443 -0.0324039 -0.000469561 0.0150544 0.00307746 0.0155424 0.0279074 -0.0200237
internal_weight=190.359 145.658 87.4786 54.269 33.2096 58.1789 44.7014 24.8753 22.1667 16.2147 5.28718 10.9275 10.0485 6.60321 3.44531 5.95194 3.00699 19.8261 26.6288 22.3892 36.0122 16.3611 2.97806 19.6511 13.3831 5.58553 8.47992 38.2819 35.5256 23.628 2.19445 21.4336 6.98965 14.4439 11.1712 4.08083 20.5752 17.9253 4.82827 2.59052 3.10096 13.097 10.8673 9.55566 4.85557 14.9504 10.7441 10.1924 2.22839 7.96402 4.2063 1.9074 1.97456 4.26212 3.86922 2.7978 1.92521 12.908 6.14363 4.35471 2.80768 1.53592
internal_count=743512 635720 497476 192521 304955 138244 107792 107552 104728 14612 3742 10870 5927 2156 3771 90116 6918 240 1588 1537 33516 3698 2797 29818 901 790 4319 192321 118104 107539 88098 19441 4096 15345 25499 1046 54419 54379 17246 12785 4229 37133 1354 1011 532 63685 344 15382 5951 9431 63341 4173 3888 273 370 2441 5536 7545 7184 1356 1343 7800
cat_boundaries=0 4 6 7
cat_threshold=2097664 16777216 1082130560 16 543164437 164096 398027
is_linear=0
shrinkage=0.05


Tree=134
num_leaves=63
num_cat=2
split_feature=17 12 10 16 3 16 9 9 12 8 7 9 8 8 12 0 11 12 16 11 6 16 21 6 9 16 16 11 0 10 2 6 12 12 12 0 0 11 10 8 9 12 9 8 16 6 8 6 0 16 16 12 11 11 8 12 10 0 9 12 12 6
split_gain=1.31096 2.14432 2.223 1.27026 1.46031 2.47102 2.02781 2.14823 1.63302 1.43881 1.66243 1.38613 1.34461 1.28355 1.22849 1.48182 1.4074 1.18808 2.01028 1.91823 1.70735 1.38359 1.0546 1.32038 1.43424 1.42816 1.36549 1.14433 0.99971 0.933743 0.927758 0.922179 1.09451 1.63228 1.15495 0.81104 0.750568 0.719513 0.71535 1.38744 1.18573 0.853623 0.778619 0.712813 1.60754 0.685185 0.650836 0.647094 0.753532 0.79916 0.720839 0.647068 0.704635 0.61808 0.611338 0.603552 0.595589 0.581351 0.566791 0.56529 0.560571 0.548863
threshold=0 0.086511057402937977 18.500000000000004 2.5000000000000004 2380.0000000000005 51.500000000000007 0.51191545601916399 0.64829441391941411 0.052088141175246634 1.2416990020188716 1945.5000000000002 0.26939799331103681 1.0896706355342511 1.3158630499828325 0.053290935992391826 36.500000000000007 0.04000000006312298 0.20790077657975989 47.500000000000007 0.042022450434926313 1.0312973963599597 50.500000000000007 1 0.85729115175481974 0.46283103739471804 46.500000000000007 43.500000000000007 0.047830508244023101 572.50000000000011 1.5000000000000002 2741.5000000000005 0.80775494863442765 0.021609900607523717 0.041295148686813006 0.015725122597073374 245.50000000000003 937.50000000000011 0.016177966026589278 10.500000000000002 1.339709653268448 0.66677996827554964 0.071456409160766857 0.42514367816091958 1.2826319709524254 28.500000000000004 0.80775494863442765 1.1168933751872141 0.9001573976915006 258.50000000000006 11.500000000000002 8.5000000000000018 0.26684458489896123 0.018485875877862181 0.032186440285295256 1.3283205186190263 0.032752393707455314 7.5000000000000009 877.00000000000011 0.24008281573498966 0.035319885133315694 0.2500963488548274 1.5424814758230847
decision_type=9 2 2 2 2 2 8 10 2 2 2 8 2 2 2 2 2 2 2 2 2 2 9 2 10 2 2 2 2 2 2 2 2 2 2 2 2 2 2 2 10 2 8 2 2 2 2 2 2 2 2 2 2 2 2 2 2 2 10 2 2 2
left_child=1 2 14 35 5 11 8 43 55 -9 13 12 -5 -11 15 29 38 19 51 20 56 -20 23 25 26 27 -25 -17 47 -1 -28 59 34 -34 57 -2 -30 -15 39 40 42 -42 45 44 -8 -16 -44 -26 49 -49 -50 52 -19 -35 -21 -6 -3 -33 -47 -24 -23 -52
right_child=3 17 -4 4 6 -7 7 9 -10 10 -12 -13 -14 37 16 22 -18 18 21 54 -22 60 31 24 28 -27 30 -29 36 -31 -32 32 33 53 -36 -37 -38 -39 -40 -41 41 -43 46 -45 -46 58 -48 48 50 -51 61 -53 -54 -55 -56 -57 -58 -59 -60 -61 -62 -63
leaf_value=-0.013277453911309842 -0.016545461264406137 -0.024056793346878602 0.038550790646792343 -0.02671359507413168 -0.016547345411127037 0.035129387265838689 -0.022701763815742425 0.026089540408503809 -0.045618646775392555 -0.025402757084463979 -0.017160038522989095 -0.032653881814447235 0.027928560852465881 0.022645737308824524 -0.01755829839924964 -0.0346181380236881 -0.021496651767978145 0.026381188537581118 0.058943762108524561 -0.012941520953029194 -0.03663519192992274 0.016744816174369442 0.028712990316360779 -0.02848194718145193 -0.013173915973780134 0.02034472329101954 -0.014501531122140074 0.0167110871638145 -0.0016411533494897238 0.04688426460334387 0.03472225844256125 -0.028801944044186997 -0.042206784200802226 0.016546402857780383 0.023407339475089686 0.031091314729571141 0.015262924981978674 -0.0030077401295153681 0.032324959076154992 -0.019136797886997476 0.044351153042412689 0.0006655037315347963 0.014161046961089416 0.025834400377334879 0.027264099130698639 -0.012683594974941212 -0.029414336998168041 0.01992221829607161 0.0012652350023355196 -0.024579599835370738 0.045278886246370678 -0.033410179155773372 -0.019916965369765789 -0.021537593371279036 0.03481325968319126 0.0070795749875909551 0.0063732307752836642 0.015277287226588557 0.033887509286109493 -0.015020335864652576 -0.022398819734498001 0.012317810284412201
leaf_weight=0.36103916778756628 0.48076165083398281 1.2126474760223143 4.3779445235204539 0.99745018437351562 5.5901538171819976 1.0037156497162421 2.364794263678049 2.4684387463039448 3.2249464485394119 1.6993772666628526 18.12411792027342 11.507148836586339 1.6220167194881012 6.2488127846590924 0.45372671288783406 4.5512546338486564 1.4944344232444553 0.7354986776583694 1.2074123878769569 0.33889947204283899 8.0674107668003199 1.0852412801425542 1.0866342001272631 3.9526464138680231 0.60485040138337254 1.4193918509408829 0.96577265865971673 0.71282639149376326 15.878080422466157 1.7501673498554735 1.1432960778474806 1.8602197757281822 5.4235423860382053 1.9380916761856499 2.0639401749540411 2.771263753875246 9.9966532886028272 4.0487955377402614 6.4723666206732551 2.2049428537713984 3.5829239195786613 1.5199046309953699 0.55079847734509746 8.96886218820873 2.0887509438089182 0.27441577333229394 1.6684951607489891 1.105998208387063 1.8553110280481613 0.94145394648739955 5.0938436253491091 1.5406836145248233 0.60295364381977379 0.68677297752674338 1.3706494971158916 3.8302644468494691 4.9429730198805828 0.31151135591790069 1.9887569367876947 0.38429476748569857 0.62979063235161459 2.8226986086792749
leaf_count=46509 18708 16155 84 63859 169 9281 124 328 229 323 307 334650 9720 233 943 900 9418 2344 10584 10879 8174 581 242 866 133 182 231 290 194 16569 7 746 1220 332 343 85 97 216 214 1127 4585 2670 2160 156 128 975 596 1057 81 3195 218 141810 9573 428 1174 102 353 4 597 264 7129 296
internal_value=0.000329812 0.00360601 0.00727385 -0.00437191 -0.00638682 -0.0197236 -0.00267374 0.00229903 -0.0196103 -0.0046825 -0.00796157 -0.0256856 0.00548978 0.00618587 0.00528251 0.00192775 0.0157743 -0.00988989 0.00845372 -0.0166742 -0.0228299 0.0327665 0.000304653 0.00371318 0.00759933 -0.0148799 -0.0134737 -0.0261093 0.0111926 0.0356352 0.0147676 -0.00849667 -0.0187786 -0.0286052 0.00179063 0.021814 0.00521462 0.0131859 0.0196897 0.011074 0.0188419 0.0335803 0.000515701 0.0183995 0.00143489 0.0160328 -0.0175601 0.0223266 0.0250293 -0.00189142 0.0303218 -0.0183098 0.00592638 0.00338932 0.024064 -0.00718333 -0.00214562 -0.019656 0.0260842 0.0158325 -0.000585041 0.0362259
internal_weight=190.273 113.233 91.499 77.0397 73.7876 15.1303 58.6573 46.0119 12.6454 32.5895 30.1211 14.1266 2.61947 11.997 87.1211 66.9103 20.2108 21.7342 5.80158 15.9326 14.223 2.92244 64.7991 51.0441 44.3606 6.68347 6.06172 5.26408 38.2989 2.11121 2.10907 13.755 12.2841 8.04841 4.23567 3.25203 25.8747 10.2976 18.7163 12.244 10.039 5.10283 4.93619 13.4224 4.45355 2.7169 2.21929 12.4242 11.8193 2.04745 9.77185 2.87914 1.33845 2.62486 1.70955 9.42042 6.15562 2.17173 2.26317 1.47093 1.71503 7.91654
internal_count=745147 306529 97773 438618 419825 417510 2315 1815 500 1407 1079 408229 73579 772 97689 74404 23285 208756 172021 36735 24682 18294 11326 7747 6375 1372 1104 1190 5271 63078 238 3579 3073 1980 1093 18793 291 449 13867 13653 12526 7255 5271 408 252 2515 2756 4980 4847 4252 595 153727 11917 760 12053 271 16508 750 1572 506 7710 514
cat_boundaries=0 4 6
cat_threshold=538968320 17041408 276824192 80 5898310 131072
is_linear=0
shrinkage=0.05


end of trees

feature_importances:
week_of_year=734
avg_price_w4=721
discount=708
repeat_rate_w4=707
online_share_w4=645
weeks_since_launch=614
trend_1_4=603
trend_4_12=540
units_w1=535
n_active_articles_w4=533
units_w2=368
units_w4=272
ly_units_h=271
buyers_w4=247
units_w12=225
units_w8=181
product_type_name=139
colour_group_name=106
garment_group_name=60
graphical_appearance_name=38
index_group_name=20
is_new=8
product_group_name=2

parameters:
[boosting: gbdt]
[objective: binary]
[metric: average_precision]
[tree_learner: serial]
[device_type: cpu]
[data_sample_strategy: bagging]
[data: ]
[valid: ]
[num_iterations: 135]
[learning_rate: 0.05]
[num_leaves: 63]
[num_threads: 0]
[seed: 42]
[deterministic: 1]
[force_col_wise: 0]
[force_row_wise: 1]
[histogram_pool_size: -1]
[max_depth: -1]
[min_data_in_leaf: 100]
[min_sum_hessian_in_leaf: 0.001]
[bagging_fraction: 0.8]
[pos_bagging_fraction: 1]
[neg_bagging_fraction: 1]
[bagging_freq: 1]
[bagging_seed: 400]
[bagging_by_query: 0]
[feature_fraction: 0.8]
[feature_fraction_bynode: 1]
[feature_fraction_seed: 30056]
[extra_trees: 0]
[extra_seed: 12879]
[early_stopping_round: 0]
[early_stopping_min_delta: 0]
[first_metric_only: 0]
[max_delta_step: 0]
[lambda_l1: 0]
[lambda_l2: 1]
[linear_lambda: 0]
[min_gain_to_split: 0]
[drop_rate: 0.1]
[max_drop: 50]
[skip_drop: 0.5]
[xgboost_dart_mode: 0]
[uniform_drop: 0]
[drop_seed: 17869]
[top_rate: 0.2]
[other_rate: 0.1]
[min_data_per_group: 100]
[max_cat_threshold: 32]
[cat_l2: 10]
[cat_smooth: 20]
[max_cat_to_onehot: 4]
[top_k: 20]
[monotone_constraints: ]
[monotone_constraints_method: basic]
[monotone_penalty: 0]
[feature_contri: ]
[forcedsplits_filename: ]
[refit_decay_rate: 0.9]
[cegb_tradeoff: 1]
[cegb_penalty_split: 0]
[cegb_penalty_feature_lazy: ]
[cegb_penalty_feature_coupled: ]
[path_smooth: 0]
[interaction_constraints: ]
[verbosity: -1]
[saved_feature_importance_type: 0]
[use_quantized_grad: 0]
[num_grad_quant_bins: 4]
[quant_train_renew_leaf: 0]
[stochastic_rounding: 1]
[linear_tree: 0]
[max_bin: 255]
[max_bin_by_feature: ]
[min_data_in_bin: 3]
[bin_construct_sample_cnt: 200000]
[data_random_seed: 175]
[is_enable_sparse: 1]
[enable_bundle: 1]
[use_missing: 1]
[zero_as_missing: 0]
[feature_pre_filter: 1]
[pre_partition: 0]
[two_round: 0]
[header: 0]
[label_column: ]
[weight_column: ]
[group_column: ]
[ignore_column: ]
[categorical_feature: 17,18,19,20,21,22]
[forcedbins_filename: ]
[precise_float_parser: 0]
[parser_config_file: ]
[objective_seed: 16083]
[num_class: 1]
[is_unbalance: 0]
[scale_pos_weight: 1]
[sigmoid: 1]
[boost_from_average: 1]
[reg_sqrt: 0]
[alpha: 0.9]
[fair_c: 1]
[poisson_max_delta_step: 0.7]
[tweedie_variance_power: 1.5]
[lambdarank_truncation_level: 30]
[lambdarank_norm: 1]
[label_gain: ]
[lambdarank_position_bias_regularization: 0]
[eval_at: ]
[multi_error_top_k: 1]
[auc_mu_weights: ]
[num_machines: 1]
[local_listen_port: 12400]
[time_out: 120]
[machine_list_filename: ]
[machines: ]
[gpu_platform_id: -1]
[gpu_device_id: -1]
[gpu_device_id_list: ]
[gpu_use_dp: 0]
[num_gpu: 1]

end of parameters

pandas_categorical:[["Accessories set", "Alice band", "Backpack", "Bag", "Ballerinas", "Beanie", "Belt", "Bikini top", "Blazer", "Blouse", "Bodysuit", "Bootie", "Boots", "Bra", "Bra extender", "Bracelet", "Braces", "Bucket hat", "Bumbag", "Cap", "Cap/peaked", "Cardigan", "Chem. cosmetics", "Clothing mist", "Coat", "Costumes", "Cross-body bag", "Cushion", "Dog Wear", "Dress", "Dungarees", "Earring", "Earrings", "Eyeglasses", "Felt hat", "Fine cosmetics", "Flat shoe", "Flat shoes", "Flip flop", "Garment Set", "Giftbox", "Gloves", "Hair clip", "Hair string", "Hair ties", "Hair/alice band", "Hat/beanie", "Hat/brim", "Heeled sandals", "Heels", "Hoodie", "Jacket", "Jumpsuit/Playsuit", "Keychain", "Kids Underwear top", "Leg warmers", "Leggings/Tights", "Long John", "Marker pen", "Mobile case", "Moccasins", "Necklace", "Night gown", "Nipple covers", "Other accessories", "Other shoe", "Outdoor Waistcoat", "Outdoor overall", "Outdoor trousers", "Polo shirt", "Pumps", "Pyjama bottom", "Pyjama jumpsuit/playsuit", "Pyjama set", "Ring", "Robe", "Sandals", "Sarong", "Scarf", "Sewing kit", "Shirt", "Shorts", "Side table", "Skirt", "Sleeping sack", "Slippers", "Sneakers", "Socks", "Soft Toys", "Stain remover spray", "Straw hat", "Sunglasses", "Sweater", "Swimsuit", "Swimwear bottom", "Swimwear set", "Swimwear top", "T-shirt", "Tailored Waistcoat", "Tie", "Top", "Towel", "Trousers", "Umbrella", "Underdress", "Underwear Tights", "Underwear body", "Underwear bottom", "Underwear corset", "Underwear set", "Unknown", "Vest top", "Wallet", "Washing bag", "Watch", "Waterbottle", "Wedge", "Weekend/Gym bag", "Wood balls", "Zipper head"], ["Accessories", "Bags", "Cosmetic", "Furniture", "Garment Full body", "Garment Lower body", "Garment Upper body", "Garment and Shoe care", "Interior textile", "Items", "Nightwear", "Shoes", "Socks & Tights", "Stationery", "Swimwear", "Underwear", "Underwear/nightwear", "Unknown"], ["Accessories", "Blouses", "Dressed", "Dresses Ladies", "Dresses/Skirts girls", "Jersey Basic", "Jersey Fancy", "Knitwear", "Outdoor", "Shirts", "Shoes", "Shorts", "Skirts", "Socks and Tights", "Special Offers", "Swimwear", "Trousers", "Trousers Denim", "Under-, Nightwear", "Unknown", "Woven/Jersey/Knitted mix Baby"], ["Baby/Children", "Divided", "Ladieswear", "Menswear", "Sport"], ["Beige", "Black", "Blue", "Bronze/Copper", "Dark Beige", "Dark Blue", "Dark Green", "Dark Grey", "Dark Orange", "Dark Pink", "Dark Purple", "Dark Red", "Dark Turquoise", "Dark Yellow", "Gold", "Green", "Greenish Khaki", "Grey", "Greyish Beige", "Light Beige", "Light Blue", "Light Green", "Light Grey", "Light Orange", "Light Pink", "Light Purple", "Light Red", "Light Turquoise", "Light Yellow", "Off White", "Orange", "Other", "Other Blue", "Other Green", "Other Orange", "Other Pink", "Other Purple", "Other Red", "Other Turquoise", "Other Yellow", "Pink", "Purple", "Red", "Silver", "Transparent", "Turquoise", "Unknown", "White", "Yellow", "Yellowish Brown"], ["All over pattern", "Application/3D", "Argyle", "Chambray", "Check", "Colour blocking", "Contrast", "Denim", "Dot", "Embroidery", "Front print", "Glittering/Metallic", "Hologram", "Jacquard", "Lace", "Melange", "Mesh", "Metallic", "Mixed solid/pattern", "Neps", "Other pattern", "Other structure", "Placement print", "Sequin", "Slub", "Solid", "Stripe", "Transparent", "Treatment", "Unknown"]]
